patient,slice,method,seed,ssim,psnr,lpips,prediction_path
1BA012,0002,CT-only,42,0.972254,33.499885,0.183750,preds.pt#0
1BA012,0003,CT-only,42,0.966262,30.020539,0.194270,preds.pt#1
1BA012,0004,CT-only,42,0.958627,27.757306,0.174831,preds.pt#2
1BA012,0005,CT-only,42,0.955372,26.812069,0.132487,preds.pt#3
1BA012,0006,CT-only,42,0.950407,25.858654,0.126997,preds.pt#4
1BA012,0007,CT-only,42,0.947072,25.070637,0.137591,preds.pt#5
1BA012,0008,CT-only,42,0.942431,23.933632,0.155578,preds.pt#6
1BA012,0009,CT-only,42,0.935353,22.979301,0.108384,preds.pt#7
1BA012,0010,CT-only,42,0.929642,22.537717,0.099334,preds.pt#8
1BA012,0011,CT-only,42,0.925446,21.742087,0.114293,preds.pt#9
1BA012,0012,CT-only,42,0.925791,21.905319,0.118050,preds.pt#10
1BA012,0013,CT-only,42,0.926382,22.326118,0.122651,preds.pt#11
1BA012,0014,CT-only,42,0.926036,22.533889,0.127132,preds.pt#12
1BA012,0015,CT-only,42,0.923717,22.409893,0.133762,preds.pt#13
1BA012,0016,CT-only,42,0.919083,22.142348,0.134756,preds.pt#14
1BA012,0017,CT-only,42,0.913647,21.613657,0.126906,preds.pt#15
1BA012,0018,CT-only,42,0.908833,21.177026,0.127940,preds.pt#16
1BA012,0019,CT-only,42,0.906012,20.935639,0.127827,preds.pt#17
1BA012,0020,CT-only,42,0.902575,20.720509,0.137208,preds.pt#18
1BA012,0021,CT-only,42,0.901444,20.712314,0.135696,preds.pt#19
1BA012,0022,CT-only,42,0.898848,20.615814,0.126728,preds.pt#20
1BA012,0023,CT-only,42,0.897835,20.734457,0.116350,preds.pt#21
1BA012,0024,CT-only,42,0.893699,20.529550,0.123103,preds.pt#22
1BA012,0025,CT-only,42,0.895547,20.684362,0.135973,preds.pt#23
1BA012,0026,CT-only,42,0.894167,20.707142,0.128579,preds.pt#24
1BA012,0027,CT-only,42,0.892862,20.687516,0.144325,preds.pt#25
1BA012,0028,CT-only,42,0.892699,20.973847,0.141259,preds.pt#26
1BA012,0029,CT-only,42,0.889149,20.808432,0.147382,preds.pt#27
1BA012,0030,CT-only,42,0.888454,20.984675,0.155705,preds.pt#28
1BA012,0031,CT-only,42,0.885696,20.836107,0.162109,preds.pt#29
1BA012,0032,CT-only,42,0.883299,20.823785,0.148163,preds.pt#30
1BA012,0033,CT-only,42,0.880404,20.975447,0.168304,preds.pt#31
1BA012,0034,CT-only,42,0.877715,20.996139,0.176664,preds.pt#32
1BA012,0035,CT-only,42,0.873074,20.733165,0.155615,preds.pt#33
1BA012,0036,CT-only,42,0.866147,20.399772,0.144430,preds.pt#34
1BA012,0037,CT-only,42,0.865042,20.347031,0.158862,preds.pt#35
1BA012,0038,CT-only,42,0.862741,20.098777,0.147926,preds.pt#36
1BA012,0039,CT-only,42,0.860015,20.171504,0.144096,preds.pt#37
1BA012,0040,CT-only,42,0.852911,20.023748,0.140349,preds.pt#38
1BA012,0041,CT-only,42,0.851781,20.011710,0.134656,preds.pt#39
1BA012,0042,CT-only,42,0.851150,19.896383,0.134026,preds.pt#40
1BA012,0043,CT-only,42,0.843597,19.772878,0.140857,preds.pt#41
1BA012,0044,CT-only,42,0.844168,19.746009,0.165290,preds.pt#42
1BA012,0045,CT-only,42,0.837634,19.686411,0.158114,preds.pt#43
1BA012,0046,CT-only,42,0.836256,19.544484,0.157697,preds.pt#44
1BA012,0047,CT-only,42,0.823536,19.287506,0.155692,preds.pt#45
1BA012,0048,CT-only,42,0.828734,19.309787,0.159414,preds.pt#46
1BA012,0049,CT-only,42,0.827728,19.613176,0.146545,preds.pt#47
1BA012,0050,CT-only,42,0.840166,19.830600,0.138465,preds.pt#48
1BA012,0051,CT-only,42,0.841170,19.812597,0.152425,preds.pt#49
1BA012,0052,CT-only,42,0.845638,20.064951,0.145765,preds.pt#50
1BA012,0053,CT-only,42,0.838824,19.781460,0.141082,preds.pt#51
1BA012,0054,CT-only,42,0.846762,20.139215,0.142073,preds.pt#52
1BA012,0055,CT-only,42,0.840118,20.034226,0.158796,preds.pt#53
1BA012,0056,CT-only,42,0.844376,20.183395,0.147357,preds.pt#54
1BA012,0057,CT-only,42,0.837155,20.167981,0.150037,preds.pt#55
1BA012,0058,CT-only,42,0.833062,20.071167,0.150779,preds.pt#56
1BA012,0059,CT-only,42,0.828222,20.003528,0.169394,preds.pt#57
1BA012,0060,CT-only,42,0.825255,19.901290,0.177946,preds.pt#58
1BA012,0061,CT-only,42,0.813932,19.336139,0.183892,preds.pt#59
1BA012,0062,CT-only,42,0.812912,18.914913,0.185507,preds.pt#60
1BA012,0063,CT-only,42,0.806133,18.798981,0.189202,preds.pt#61
1BA012,0064,CT-only,42,0.810971,18.942576,0.177065,preds.pt#62
1BA012,0065,CT-only,42,0.815441,19.325704,0.178269,preds.pt#63
1BA012,0066,CT-only,42,0.818504,19.136810,0.167658,preds.pt#64
1BA012,0067,CT-only,42,0.807615,18.969847,0.177846,preds.pt#65
1BA012,0068,CT-only,42,0.823381,19.015040,0.172915,preds.pt#66
1BA012,0069,CT-only,42,0.814152,19.152942,0.187098,preds.pt#67
1BA012,0070,CT-only,42,0.820936,19.183646,0.158382,preds.pt#68
1BA012,0071,CT-only,42,0.818703,19.502272,0.173596,preds.pt#69
1BA012,0072,CT-only,42,0.822269,19.584912,0.187174,preds.pt#70
1BA012,0073,CT-only,42,0.812480,19.699982,0.178555,preds.pt#71
1BA012,0074,CT-only,42,0.825989,20.215714,0.141262,preds.pt#72
1BA012,0075,CT-only,42,0.819052,20.447556,0.144807,preds.pt#73
1BA012,0076,CT-only,42,0.818702,20.222325,0.153054,preds.pt#74
1BA012,0077,CT-only,42,0.808252,20.070485,0.157357,preds.pt#75
1BA012,0078,CT-only,42,0.812147,19.681772,0.156622,preds.pt#76
1BA012,0079,CT-only,42,0.796295,19.422137,0.152384,preds.pt#77
1BA012,0080,CT-only,42,0.800877,19.107461,0.152091,preds.pt#78
1BA012,0081,CT-only,42,0.796896,19.290637,0.150616,preds.pt#79
1BA012,0082,CT-only,42,0.790242,18.767135,0.143630,preds.pt#80
1BA012,0083,CT-only,42,0.781174,18.863203,0.170487,preds.pt#81
1BA012,0084,CT-only,42,0.775078,18.382548,0.161505,preds.pt#82
1BA012,0085,CT-only,42,0.775227,18.542774,0.170863,preds.pt#83
1BA012,0086,CT-only,42,0.780130,18.429144,0.167990,preds.pt#84
1BA012,0087,CT-only,42,0.785671,18.796034,0.163488,preds.pt#85
1BA012,0088,CT-only,42,0.793688,18.759709,0.153574,preds.pt#86
1BA012,0089,CT-only,42,0.795193,18.940436,0.171359,preds.pt#87
1BA012,0090,CT-only,42,0.800692,18.603690,0.154408,preds.pt#88
1BA012,0091,CT-only,42,0.798339,18.760372,0.155824,preds.pt#89
1BA012,0092,CT-only,42,0.807676,18.832046,0.147770,preds.pt#90
1BA012,0093,CT-only,42,0.820245,19.277247,0.147383,preds.pt#91
1BA012,0094,CT-only,42,0.830549,19.357580,0.142776,preds.pt#92
1BA012,0095,CT-only,42,0.827001,19.554395,0.151138,preds.pt#93
1BA012,0096,CT-only,42,0.832590,19.488385,0.126100,preds.pt#94
1BA012,0097,CT-only,42,0.835833,19.930194,0.106958,preds.pt#95
1BA012,0098,CT-only,42,0.844443,19.871878,0.123818,preds.pt#96
1BA012,0099,CT-only,42,0.847997,20.251962,0.120704,preds.pt#97
1BA012,0100,CT-only,42,0.855567,20.020292,0.111219,preds.pt#98
1BA012,0101,CT-only,42,0.849962,19.981449,0.111420,preds.pt#99
1BA012,0102,CT-only,42,0.854337,19.529478,0.121368,preds.pt#100
1BA012,0103,CT-only,42,0.839145,19.252814,0.119120,preds.pt#101
1BA012,0104,CT-only,42,0.848776,19.274103,0.112161,preds.pt#102
1BA012,0105,CT-only,42,0.828269,19.027082,0.121596,preds.pt#103
1BA012,0106,CT-only,42,0.845379,19.221147,0.130714,preds.pt#104
1BA012,0107,CT-only,42,0.833920,19.170671,0.131884,preds.pt#105
1BA012,0108,CT-only,42,0.844817,19.317095,0.109200,preds.pt#106
1BA012,0109,CT-only,42,0.840335,19.606022,0.109707,preds.pt#107
1BA012,0110,CT-only,42,0.851546,19.752421,0.112331,preds.pt#108
1BA012,0111,CT-only,42,0.846575,20.114473,0.101069,preds.pt#109
1BA012,0112,CT-only,42,0.853608,20.133027,0.101540,preds.pt#110
1BA012,0113,CT-only,42,0.863694,20.821387,0.095821,preds.pt#111
1BA012,0114,CT-only,42,0.870730,20.638467,0.082754,preds.pt#112
1BA012,0115,CT-only,42,0.865643,20.832543,0.092827,preds.pt#113
1BA012,0116,CT-only,42,0.853392,20.004999,0.099887,preds.pt#114
1BA012,0117,CT-only,42,0.849446,19.985950,0.102557,preds.pt#115
1BA012,0118,CT-only,42,0.854617,19.543474,0.102565,preds.pt#116
1BA012,0119,CT-only,42,0.854738,20.039351,0.095739,preds.pt#117
1BA012,0120,CT-only,42,0.856041,19.710284,0.099371,preds.pt#118
1BA012,0121,CT-only,42,0.858703,19.965650,0.092682,preds.pt#119
1BA012,0122,CT-only,42,0.860495,19.535933,0.097027,preds.pt#120
1BA012,0123,CT-only,42,0.852941,19.510449,0.111729,preds.pt#121
1BA012,0124,CT-only,42,0.858177,19.342133,0.118612,preds.pt#122
1BA012,0125,CT-only,42,0.857429,19.445469,0.121087,preds.pt#123
1BA012,0126,CT-only,42,0.863074,19.374257,0.108818,preds.pt#124
1BA012,0127,CT-only,42,0.865773,19.689245,0.096282,preds.pt#125
1BA012,0128,CT-only,42,0.872771,19.759950,0.098106,preds.pt#126
1BA012,0129,CT-only,42,0.867427,19.927246,0.098619,preds.pt#127
1BA012,0130,CT-only,42,0.870411,20.022373,0.095448,preds.pt#128
1BA012,0131,CT-only,42,0.869127,20.227437,0.083111,preds.pt#129
1BA012,0132,CT-only,42,0.877224,20.440988,0.080158,preds.pt#130
1BA012,0133,CT-only,42,0.871188,20.621888,0.095168,preds.pt#131
1BA012,0134,CT-only,42,0.867510,20.506222,0.092665,preds.pt#132
1BA012,0135,CT-only,42,0.867075,20.876770,0.091691,preds.pt#133
1BA012,0136,CT-only,42,0.866409,20.706855,0.085907,preds.pt#134
1BA012,0137,CT-only,42,0.871490,21.087162,0.088539,preds.pt#135
1BA012,0138,CT-only,42,0.863957,20.646000,0.090907,preds.pt#136
1BA012,0139,CT-only,42,0.859999,20.844537,0.094153,preds.pt#137
1BA012,0140,CT-only,42,0.855035,20.376097,0.096975,preds.pt#138
1BA012,0141,CT-only,42,0.843879,20.199772,0.095935,preds.pt#139
1BA012,0142,CT-only,42,0.842885,20.258377,0.094081,preds.pt#140
1BA012,0143,CT-only,42,0.840220,20.242297,0.098570,preds.pt#141
1BA012,0144,CT-only,42,0.844542,19.996293,0.099033,preds.pt#142
1BA012,0145,CT-only,42,0.850697,20.539548,0.111568,preds.pt#143
1BA012,0146,CT-only,42,0.847311,20.178215,0.100111,preds.pt#144
1BA012,0147,CT-only,42,0.845519,20.216133,0.101890,preds.pt#145
1BA012,0148,CT-only,42,0.852291,20.136156,0.096621,preds.pt#146
1BA012,0149,CT-only,42,0.850731,20.245417,0.099129,preds.pt#147
1BA012,0150,CT-only,42,0.843642,19.899603,0.103098,preds.pt#148
1BA012,0151,CT-only,42,0.848340,19.990852,0.107610,preds.pt#149
1BA012,0152,CT-only,42,0.851468,19.688482,0.101073,preds.pt#150
1BA012,0153,CT-only,42,0.850379,19.760070,0.097328,preds.pt#151
1BA012,0154,CT-only,42,0.852186,19.306226,0.097737,preds.pt#152
1BA012,0155,CT-only,42,0.849950,19.245380,0.086874,preds.pt#153
1BA012,0156,CT-only,42,0.851250,18.989547,0.080805,preds.pt#154
1BA012,0157,CT-only,42,0.850935,19.274166,0.087680,preds.pt#155
1BA012,0158,CT-only,42,0.857453,19.315629,0.093749,preds.pt#156
1BA012,0159,CT-only,42,0.850288,19.445049,0.099656,preds.pt#157
1BA012,0160,CT-only,42,0.859116,19.477885,0.080909,preds.pt#158
1BA012,0161,CT-only,42,0.858180,19.711329,0.081531,preds.pt#159
1BA012,0162,CT-only,42,0.868756,19.806653,0.081207,preds.pt#160
1BA012,0163,CT-only,42,0.870587,19.948831,0.082692,preds.pt#161
1BA012,0164,CT-only,42,0.876595,19.976690,0.073424,preds.pt#162
1BA012,0165,CT-only,42,0.871782,19.852153,0.073925,preds.pt#163
1BA012,0166,CT-only,42,0.878871,19.859659,0.076018,preds.pt#164
1BA012,0167,CT-only,42,0.864781,19.728001,0.079401,preds.pt#165
1BA012,0168,CT-only,42,0.877337,20.008193,0.081409,preds.pt#166
1BA012,0169,CT-only,42,0.870776,20.214067,0.085184,preds.pt#167
1BA012,0170,CT-only,42,0.884413,20.375645,0.076745,preds.pt#168
1BA012,0171,CT-only,42,0.872760,20.251798,0.087363,preds.pt#169
1BA012,0172,CT-only,42,0.887112,20.515407,0.091230,preds.pt#170
1BA012,0173,CT-only,42,0.877353,20.315361,0.098788,preds.pt#171
1BA012,0174,CT-only,42,0.887354,20.445165,0.084740,preds.pt#172
1BA012,0175,CT-only,42,0.876962,20.225661,0.094396,preds.pt#173
1BA012,0176,CT-only,42,0.882639,20.093707,0.098940,preds.pt#174
1BA012,0177,CT-only,42,0.877769,20.058284,0.101446,preds.pt#175
1BA012,0178,CT-only,42,0.879291,20.012931,0.084563,preds.pt#176
1BA012,0179,CT-only,42,0.878324,20.227049,0.086753,preds.pt#177
1BA012,0180,CT-only,42,0.870546,19.756695,0.093903,preds.pt#178
1BA012,0181,CT-only,42,0.871748,20.112698,0.114161,preds.pt#179
1BA012,0182,CT-only,42,0.864899,19.730626,0.094712,preds.pt#180
1BA012,0183,CT-only,42,0.874407,20.917373,0.126104,preds.pt#181
1BA012,0184,CT-only,42,0.879657,20.473328,0.120879,preds.pt#182
1BA012,0185,CT-only,42,0.898418,22.708255,0.171708,preds.pt#183
1BA012,0186,CT-only,42,0.897040,21.679052,0.128029,preds.pt#184
1BA012,0187,CT-only,42,0.896913,22.413490,0.148147,preds.pt#185
1BA012,0188,CT-only,42,0.901649,21.275546,0.120021,preds.pt#186
1BA012,0189,CT-only,42,0.895304,21.695139,0.155153,preds.pt#187
1BA012,0190,CT-only,42,0.911774,22.025592,0.141177,preds.pt#188
1BA012,0191,CT-only,42,0.887601,24.814439,0.123095,preds.pt#189
1BA012,0192,CT-only,42,0.906831,25.234588,0.109169,preds.pt#190
1BA012,0194,CT-only,42,0.925925,27.633250,0.079348,preds.pt#191
1BA091,0001,CT-only,42,0.978740,47.686698,0.022416,preds.pt#192
1BA091,0002,CT-only,42,0.971529,39.738792,0.094028,preds.pt#193
1BA091,0003,CT-only,42,0.969565,35.265318,0.110014,preds.pt#194
1BA091,0004,CT-only,42,0.948119,32.784196,0.122716,preds.pt#195
1BA091,0005,CT-only,42,0.957998,31.131751,0.113620,preds.pt#196
1BA091,0006,CT-only,42,0.956437,28.960676,0.121446,preds.pt#197
1BA091,0007,CT-only,42,0.953396,27.870201,0.123629,preds.pt#198
1BA091,0008,CT-only,42,0.948772,26.740997,0.154533,preds.pt#199
1BA091,0009,CT-only,42,0.945359,25.672169,0.148342,preds.pt#200
1BA091,0010,CT-only,42,0.935494,24.459681,0.162346,preds.pt#201
1BA091,0011,CT-only,42,0.932099,24.192670,0.153324,preds.pt#202
1BA091,0012,CT-only,42,0.932396,24.197575,0.139126,preds.pt#203
1BA091,0013,CT-only,42,0.933910,24.256062,0.140776,preds.pt#204
1BA091,0014,CT-only,42,0.931260,24.191797,0.127581,preds.pt#205
1BA091,0015,CT-only,42,0.930062,24.188864,0.135701,preds.pt#206
1BA091,0016,CT-only,42,0.928629,24.043715,0.145148,preds.pt#207
1BA091,0017,CT-only,42,0.928001,23.562897,0.132910,preds.pt#208
1BA091,0018,CT-only,42,0.930701,23.673444,0.133341,preds.pt#209
1BA091,0019,CT-only,42,0.923676,23.624153,0.143646,preds.pt#210
1BA091,0020,CT-only,42,0.921069,23.419234,0.132798,preds.pt#211
1BA091,0021,CT-only,42,0.914557,22.714882,0.141428,preds.pt#212
1BA091,0022,CT-only,42,0.913822,22.367254,0.129841,preds.pt#213
1BA091,0023,CT-only,42,0.907581,21.651535,0.127853,preds.pt#214
1BA091,0024,CT-only,42,0.903116,21.135922,0.135004,preds.pt#215
1BA091,0025,CT-only,42,0.899946,20.867457,0.127307,preds.pt#216
1BA091,0026,CT-only,42,0.899094,20.769146,0.113903,preds.pt#217
1BA091,0027,CT-only,42,0.899385,20.851208,0.119433,preds.pt#218
1BA091,0028,CT-only,42,0.896155,21.037876,0.130366,preds.pt#219
1BA091,0029,CT-only,42,0.894522,21.066577,0.128223,preds.pt#220
1BA091,0030,CT-only,42,0.886752,20.895351,0.136248,preds.pt#221
1BA091,0031,CT-only,42,0.881367,20.686116,0.148246,preds.pt#222
1BA091,0032,CT-only,42,0.873912,20.410525,0.147293,preds.pt#223
1BA091,0033,CT-only,42,0.874111,20.568910,0.141915,preds.pt#224
1BA091,0034,CT-only,42,0.871125,20.525730,0.136789,preds.pt#225
1BA091,0035,CT-only,42,0.865028,20.412776,0.144655,preds.pt#226
1BA091,0036,CT-only,42,0.860276,20.215137,0.143508,preds.pt#227
1BA091,0037,CT-only,42,0.856976,19.941164,0.137955,preds.pt#228
1BA091,0038,CT-only,42,0.837561,19.223522,0.138407,preds.pt#229
1BA091,0039,CT-only,42,0.831743,19.031874,0.133765,preds.pt#230
1BA091,0040,CT-only,42,0.834773,19.044440,0.135053,preds.pt#231
1BA091,0041,CT-only,42,0.828526,19.206942,0.151712,preds.pt#232
1BA091,0042,CT-only,42,0.823263,19.235519,0.162217,preds.pt#233
1BA091,0043,CT-only,42,0.817434,18.896499,0.177022,preds.pt#234
1BA091,0044,CT-only,42,0.808200,18.988815,0.180152,preds.pt#235
1BA091,0045,CT-only,42,0.804956,19.082605,0.191516,preds.pt#236
1BA091,0046,CT-only,42,0.800790,19.036912,0.196848,preds.pt#237
1BA091,0047,CT-only,42,0.804987,19.272564,0.197586,preds.pt#238
1BA091,0048,CT-only,42,0.817279,19.378820,0.187213,preds.pt#239
1BA091,0049,CT-only,42,0.818331,19.493705,0.184586,preds.pt#240
1BA091,0050,CT-only,42,0.801099,19.553473,0.185698,preds.pt#241
1BA091,0051,CT-only,42,0.794032,19.459996,0.188602,preds.pt#242
1BA091,0052,CT-only,42,0.783337,19.298543,0.215133,preds.pt#243
1BA091,0053,CT-only,42,0.773333,19.256617,0.221677,preds.pt#244
1BA091,0054,CT-only,42,0.753914,18.797292,0.228143,preds.pt#245
1BA091,0055,CT-only,42,0.726258,18.332469,0.244047,preds.pt#246
1BA091,0056,CT-only,42,0.724971,18.190520,0.225368,preds.pt#247
1BA091,0057,CT-only,42,0.712507,17.800222,0.208698,preds.pt#248
1BA091,0058,CT-only,42,0.752386,18.490432,0.167564,preds.pt#249
1BA091,0059,CT-only,42,0.767333,18.799372,0.165508,preds.pt#250
1BA091,0060,CT-only,42,0.778142,18.780723,0.160257,preds.pt#251
1BA091,0061,CT-only,42,0.779999,18.583049,0.163187,preds.pt#252
1BA091,0062,CT-only,42,0.776506,18.414462,0.171873,preds.pt#253
1BA091,0063,CT-only,42,0.771802,18.206087,0.174590,preds.pt#254
1BA091,0064,CT-only,42,0.764801,17.969609,0.191058,preds.pt#255
1BA091,0065,CT-only,42,0.772116,18.131132,0.196927,preds.pt#256
1BA091,0066,CT-only,42,0.772873,18.328206,0.196241,preds.pt#257
1BA091,0067,CT-only,42,0.777619,18.469749,0.201286,preds.pt#258
1BA091,0068,CT-only,42,0.774967,18.573914,0.195792,preds.pt#259
1BA091,0069,CT-only,42,0.778629,18.650920,0.192039,preds.pt#260
1BA091,0070,CT-only,42,0.782558,18.852040,0.185254,preds.pt#261
1BA091,0071,CT-only,42,0.790028,19.037264,0.183463,preds.pt#262
1BA091,0072,CT-only,42,0.786044,18.994469,0.198355,preds.pt#263
1BA091,0073,CT-only,42,0.773797,18.372323,0.192171,preds.pt#264
1BA091,0074,CT-only,42,0.780366,18.675850,0.172308,preds.pt#265
1BA091,0075,CT-only,42,0.782522,18.574946,0.164758,preds.pt#266
1BA091,0076,CT-only,42,0.788457,18.624506,0.163261,preds.pt#267
1BA091,0077,CT-only,42,0.791616,18.836891,0.172440,preds.pt#268
1BA091,0078,CT-only,42,0.800572,18.976604,0.170540,preds.pt#269
1BA091,0079,CT-only,42,0.789093,18.523592,0.169429,preds.pt#270
1BA091,0080,CT-only,42,0.788723,18.505221,0.160898,preds.pt#271
1BA091,0081,CT-only,42,0.791206,18.588834,0.176773,preds.pt#272
1BA091,0082,CT-only,42,0.791648,18.749096,0.166162,preds.pt#273
1BA091,0083,CT-only,42,0.789347,18.879167,0.166685,preds.pt#274
1BA091,0084,CT-only,42,0.784902,18.773914,0.168880,preds.pt#275
1BA091,0085,CT-only,42,0.780311,18.774167,0.172162,preds.pt#276
1BA091,0086,CT-only,42,0.776515,18.787304,0.176948,preds.pt#277
1BA091,0087,CT-only,42,0.778029,18.974380,0.175925,preds.pt#278
1BA091,0088,CT-only,42,0.792722,19.204002,0.164441,preds.pt#279
1BA091,0089,CT-only,42,0.797172,19.157585,0.142332,preds.pt#280
1BA091,0090,CT-only,42,0.789981,18.972716,0.142041,preds.pt#281
1BA091,0091,CT-only,42,0.796852,19.480661,0.137062,preds.pt#282
1BA091,0092,CT-only,42,0.809630,19.656305,0.136761,preds.pt#283
1BA091,0093,CT-only,42,0.803295,19.470213,0.142474,preds.pt#284
1BA091,0094,CT-only,42,0.801401,19.582978,0.129535,preds.pt#285
1BA091,0095,CT-only,42,0.802966,19.557468,0.132085,preds.pt#286
1BA091,0096,CT-only,42,0.808472,19.801976,0.119760,preds.pt#287
1BA091,0097,CT-only,42,0.810416,19.762158,0.111987,preds.pt#288
1BA091,0098,CT-only,42,0.815626,19.842383,0.122586,preds.pt#289
1BA091,0099,CT-only,42,0.814871,19.567382,0.120901,preds.pt#290
1BA091,0100,CT-only,42,0.808004,19.378226,0.122767,preds.pt#291
1BA091,0101,CT-only,42,0.794517,19.062047,0.129510,preds.pt#292
1BA091,0102,CT-only,42,0.800170,19.275323,0.128661,preds.pt#293
1BA091,0103,CT-only,42,0.804433,19.184482,0.136600,preds.pt#294
1BA091,0104,CT-only,42,0.819972,19.540270,0.138709,preds.pt#295
1BA091,0105,CT-only,42,0.821938,19.453662,0.136414,preds.pt#296
1BA091,0106,CT-only,42,0.827436,19.477378,0.143935,preds.pt#297
1BA091,0107,CT-only,42,0.826629,19.203972,0.155330,preds.pt#298
1BA091,0108,CT-only,42,0.836357,19.558986,0.165599,preds.pt#299
1BA091,0109,CT-only,42,0.842245,19.742463,0.140071,preds.pt#300
1BA091,0110,CT-only,42,0.849223,20.180183,0.134116,preds.pt#301
1BA091,0111,CT-only,42,0.851415,20.362489,0.126735,preds.pt#302
1BA091,0112,CT-only,42,0.863003,20.487856,0.111271,preds.pt#303
1BA091,0113,CT-only,42,0.854477,20.287673,0.118543,preds.pt#304
1BA091,0114,CT-only,42,0.855258,20.182966,0.117682,preds.pt#305
1BA091,0115,CT-only,42,0.860054,20.130525,0.115138,preds.pt#306
1BA091,0116,CT-only,42,0.852586,19.817357,0.114921,preds.pt#307
1BA091,0117,CT-only,42,0.848409,19.813537,0.107003,preds.pt#308
1BA091,0118,CT-only,42,0.853965,20.156082,0.113161,preds.pt#309
1BA091,0119,CT-only,42,0.857101,20.225155,0.113922,preds.pt#310
1BA091,0120,CT-only,42,0.856982,20.641931,0.096389,preds.pt#311
1BA091,0121,CT-only,42,0.861328,20.766793,0.095929,preds.pt#312
1BA091,0122,CT-only,42,0.866867,20.936822,0.095993,preds.pt#313
1BA091,0123,CT-only,42,0.867444,20.946092,0.097091,preds.pt#314
1BA091,0124,CT-only,42,0.867323,20.693194,0.085188,preds.pt#315
1BA091,0125,CT-only,42,0.857934,20.605555,0.084176,preds.pt#316
1BA091,0126,CT-only,42,0.857258,20.418027,0.086785,preds.pt#317
1BA091,0127,CT-only,42,0.854134,20.266700,0.098634,preds.pt#318
1BA091,0128,CT-only,42,0.860933,20.503986,0.081433,preds.pt#319
1BA091,0129,CT-only,42,0.864317,20.504332,0.076789,preds.pt#320
1BA091,0130,CT-only,42,0.866900,20.638625,0.078837,preds.pt#321
1BA091,0131,CT-only,42,0.867122,20.465612,0.078532,preds.pt#322
1BA091,0132,CT-only,42,0.877742,20.878627,0.075892,preds.pt#323
1BA091,0133,CT-only,42,0.883592,20.883080,0.066350,preds.pt#324
1BA091,0134,CT-only,42,0.883203,20.806959,0.065876,preds.pt#325
1BA091,0135,CT-only,42,0.884159,20.880581,0.069567,preds.pt#326
1BA091,0136,CT-only,42,0.886591,21.088490,0.066081,preds.pt#327
1BA091,0137,CT-only,42,0.884975,21.089608,0.068105,preds.pt#328
1BA091,0138,CT-only,42,0.886665,21.322906,0.063078,preds.pt#329
1BA091,0139,CT-only,42,0.885380,21.325662,0.074904,preds.pt#330
1BA091,0140,CT-only,42,0.886498,21.466210,0.073777,preds.pt#331
1BA091,0141,CT-only,42,0.883462,21.595393,0.077816,preds.pt#332
1BA091,0142,CT-only,42,0.880029,21.733138,0.083086,preds.pt#333
1BA091,0143,CT-only,42,0.883255,21.982383,0.082515,preds.pt#334
1BA091,0144,CT-only,42,0.883340,22.075101,0.088067,preds.pt#335
1BA091,0145,CT-only,42,0.888149,22.620125,0.076561,preds.pt#336
1BA091,0146,CT-only,42,0.886791,22.774345,0.079014,preds.pt#337
1BA091,0147,CT-only,42,0.882822,22.622598,0.077087,preds.pt#338
1BA091,0148,CT-only,42,0.889943,22.651936,0.074995,preds.pt#339
1BA091,0149,CT-only,42,0.894468,22.827407,0.064920,preds.pt#340
1BA091,0150,CT-only,42,0.896853,22.739080,0.070550,preds.pt#341
1BA091,0151,CT-only,42,0.892474,22.724031,0.070203,preds.pt#342
1BA091,0152,CT-only,42,0.889099,22.586920,0.059998,preds.pt#343
1BA091,0153,CT-only,42,0.882858,22.689923,0.058792,preds.pt#344
1BA091,0154,CT-only,42,0.892317,23.303100,0.055605,preds.pt#345
1BA091,0155,CT-only,42,0.888004,22.993210,0.062574,preds.pt#346
1BA091,0156,CT-only,42,0.889398,23.055108,0.056903,preds.pt#347
1BA091,0157,CT-only,42,0.882969,23.171801,0.054796,preds.pt#348
1BA091,0158,CT-only,42,0.890975,23.227252,0.063177,preds.pt#349
1BA091,0159,CT-only,42,0.889243,22.991632,0.068524,preds.pt#350
1BA091,0160,CT-only,42,0.890826,23.062962,0.063514,preds.pt#351
1BA091,0161,CT-only,42,0.891076,22.962319,0.055086,preds.pt#352
1BA091,0162,CT-only,42,0.893668,23.261068,0.044492,preds.pt#353
1BA091,0163,CT-only,42,0.893645,23.277233,0.042796,preds.pt#354
1BA091,0164,CT-only,42,0.898831,23.443740,0.048486,preds.pt#355
1BA091,0165,CT-only,42,0.907910,23.676959,0.045303,preds.pt#356
1BA091,0166,CT-only,42,0.913291,23.761928,0.047263,preds.pt#357
1BA091,0167,CT-only,42,0.905287,23.474431,0.040029,preds.pt#358
1BA091,0168,CT-only,42,0.900189,23.092480,0.042878,preds.pt#359
1BA091,0169,CT-only,42,0.907605,23.425405,0.042060,preds.pt#360
1BA091,0170,CT-only,42,0.895181,22.840403,0.046191,preds.pt#361
1BA091,0171,CT-only,42,0.890177,22.637475,0.040585,preds.pt#362
1BA091,0172,CT-only,42,0.891915,22.547069,0.039222,preds.pt#363
1BA091,0173,CT-only,42,0.878548,22.077676,0.034198,preds.pt#364
1BA091,0174,CT-only,42,0.889535,22.386321,0.032836,preds.pt#365
1BA091,0175,CT-only,42,0.893145,22.387826,0.041171,preds.pt#366
1BA091,0176,CT-only,42,0.915800,23.200384,0.032567,preds.pt#367
1BA091,0177,CT-only,42,0.917383,23.439654,0.037866,preds.pt#368
1BA091,0178,CT-only,42,0.915190,23.428852,0.036137,preds.pt#369
1BA091,0179,CT-only,42,0.904347,22.732592,0.037394,preds.pt#370
1BA091,0180,CT-only,42,0.905005,22.938577,0.034849,preds.pt#371
1BA091,0181,CT-only,42,0.917363,23.315083,0.033875,preds.pt#372
1BA091,0182,CT-only,42,0.922703,23.546432,0.036124,preds.pt#373
1BA091,0183,CT-only,42,0.924134,23.540734,0.037255,preds.pt#374
1BA091,0184,CT-only,42,0.919675,23.273176,0.036549,preds.pt#375
1BA091,0185,CT-only,42,0.927924,23.634095,0.029847,preds.pt#376
1BA091,0186,CT-only,42,0.927891,23.754815,0.035483,preds.pt#377
1BA091,0187,CT-only,42,0.927563,23.411622,0.033227,preds.pt#378
1BA091,0188,CT-only,42,0.928078,23.217433,0.039006,preds.pt#379
1BA091,0189,CT-only,42,0.923580,22.974945,0.051608,preds.pt#380
1BA091,0190,CT-only,42,0.920862,22.858608,0.059003,preds.pt#381
1BA091,0191,CT-only,42,0.917719,22.910662,0.051279,preds.pt#382
1BA091,0192,CT-only,42,0.918996,22.944819,0.058038,preds.pt#383
1BA091,0193,CT-only,42,0.912346,22.592290,0.053766,preds.pt#384
1BA091,0194,CT-only,42,0.904003,22.245446,0.075529,preds.pt#385
1BA091,0195,CT-only,42,0.901204,22.289895,0.073927,preds.pt#386
1BA091,0196,CT-only,42,0.900974,22.278084,0.079994,preds.pt#387
1BA091,0197,CT-only,42,0.906518,22.407959,0.116043,preds.pt#388
1BA091,0198,CT-only,42,0.909248,22.717082,0.131879,preds.pt#389
1BA091,0199,CT-only,42,0.912520,23.091772,0.126823,preds.pt#390
1BA091,0200,CT-only,42,0.914123,24.304824,0.098911,preds.pt#391
1BA091,0201,CT-only,42,0.922162,25.628318,0.088932,preds.pt#392
1BA091,0202,CT-only,42,0.923941,25.731547,0.082923,preds.pt#393
1BA091,0203,CT-only,42,0.929648,26.483658,0.075005,preds.pt#394
1BA091,0204,CT-only,42,0.939454,26.987415,0.091408,preds.pt#395
1BA091,0205,CT-only,42,0.934248,27.427682,0.145247,preds.pt#396
1BA091,0206,CT-only,42,0.932390,27.934135,0.126980,preds.pt#397
1BA091,0207,CT-only,42,0.930465,28.956031,0.105172,preds.pt#398
1BA100,0000,CT-only,42,0.952387,29.357664,0.200747,preds.pt#399
1BA100,0001,CT-only,42,0.965156,31.122908,0.101211,preds.pt#400
1BA100,0002,CT-only,42,0.947590,25.309695,0.121144,preds.pt#401
1BA100,0003,CT-only,42,0.938060,23.421855,0.139440,preds.pt#402
1BA100,0004,CT-only,42,0.937651,22.943634,0.144529,preds.pt#403
1BA100,0005,CT-only,42,0.932247,22.633947,0.144918,preds.pt#404
1BA100,0006,CT-only,42,0.932499,22.892539,0.145972,preds.pt#405
1BA100,0007,CT-only,42,0.930367,22.924301,0.150712,preds.pt#406
1BA100,0008,CT-only,42,0.929414,23.421237,0.146668,preds.pt#407
1BA100,0009,CT-only,42,0.928261,23.045715,0.131595,preds.pt#408
1BA100,0010,CT-only,42,0.929428,23.424217,0.117526,preds.pt#409
1BA100,0011,CT-only,42,0.925773,23.429899,0.106702,preds.pt#410
1BA100,0012,CT-only,42,0.924629,23.405267,0.105892,preds.pt#411
1BA100,0013,CT-only,42,0.921870,23.152692,0.106364,preds.pt#412
1BA100,0014,CT-only,42,0.918841,22.831707,0.114991,preds.pt#413
1BA100,0015,CT-only,42,0.915082,22.102062,0.128538,preds.pt#414
1BA100,0016,CT-only,42,0.910290,21.514960,0.130778,preds.pt#415
1BA100,0017,CT-only,42,0.907089,21.215483,0.165082,preds.pt#416
1BA100,0018,CT-only,42,0.903746,20.951284,0.178833,preds.pt#417
1BA100,0019,CT-only,42,0.902190,20.858610,0.181339,preds.pt#418
1BA100,0020,CT-only,42,0.902669,20.886946,0.191631,preds.pt#419
1BA100,0021,CT-only,42,0.897331,20.793416,0.186057,preds.pt#420
1BA100,0022,CT-only,42,0.894992,20.703816,0.177236,preds.pt#421
1BA100,0023,CT-only,42,0.894950,20.733344,0.170266,preds.pt#422
1BA100,0024,CT-only,42,0.897171,21.251175,0.155187,preds.pt#423
1BA100,0025,CT-only,42,0.897747,21.497853,0.149911,preds.pt#424
1BA100,0026,CT-only,42,0.892522,21.728765,0.153433,preds.pt#425
1BA100,0027,CT-only,42,0.899281,21.963670,0.150981,preds.pt#426
1BA100,0028,CT-only,42,0.892732,21.613516,0.132123,preds.pt#427
1BA100,0029,CT-only,42,0.888612,21.645474,0.136841,preds.pt#428
1BA100,0030,CT-only,42,0.886965,21.525900,0.140702,preds.pt#429
1BA100,0031,CT-only,42,0.877883,21.041345,0.147401,preds.pt#430
1BA100,0032,CT-only,42,0.872190,20.911145,0.159060,preds.pt#431
1BA100,0033,CT-only,42,0.871772,20.942719,0.169702,preds.pt#432
1BA100,0034,CT-only,42,0.867981,20.512756,0.166016,preds.pt#433
1BA100,0035,CT-only,42,0.858726,20.099627,0.173968,preds.pt#434
1BA100,0036,CT-only,42,0.847452,20.158808,0.173182,preds.pt#435
1BA100,0037,CT-only,42,0.847712,19.866990,0.161553,preds.pt#436
1BA100,0038,CT-only,42,0.854442,19.992865,0.152753,preds.pt#437
1BA100,0039,CT-only,42,0.857341,20.309970,0.142392,preds.pt#438
1BA100,0040,CT-only,42,0.849647,20.121177,0.142362,preds.pt#439
1BA100,0041,CT-only,42,0.853967,20.460755,0.142610,preds.pt#440
1BA100,0042,CT-only,42,0.850667,20.097623,0.146094,preds.pt#441
1BA100,0043,CT-only,42,0.846422,19.535805,0.154136,preds.pt#442
1BA100,0044,CT-only,42,0.840048,19.368253,0.154118,preds.pt#443
1BA100,0045,CT-only,42,0.843276,19.735157,0.151454,preds.pt#444
1BA100,0046,CT-only,42,0.832221,19.539785,0.148311,preds.pt#445
1BA100,0047,CT-only,42,0.816562,18.833402,0.158684,preds.pt#446
1BA100,0048,CT-only,42,0.804160,18.471164,0.171175,preds.pt#447
1BA100,0049,CT-only,42,0.812644,18.939145,0.170865,preds.pt#448
1BA100,0050,CT-only,42,0.814198,19.011583,0.157546,preds.pt#449
1BA100,0051,CT-only,42,0.804629,18.690719,0.180493,preds.pt#450
1BA100,0052,CT-only,42,0.764432,17.430613,0.207724,preds.pt#451
1BA100,0053,CT-only,42,0.793659,18.488629,0.193266,preds.pt#452
1BA100,0054,CT-only,42,0.782210,18.022376,0.211275,preds.pt#453
1BA100,0055,CT-only,42,0.785600,17.858542,0.194208,preds.pt#454
1BA100,0056,CT-only,42,0.779479,17.611504,0.166259,preds.pt#455
1BA100,0057,CT-only,42,0.777972,17.486583,0.162097,preds.pt#456
1BA100,0058,CT-only,42,0.779335,17.629072,0.160724,preds.pt#457
1BA100,0059,CT-only,42,0.778807,17.427123,0.155455,preds.pt#458
1BA100,0060,CT-only,42,0.770117,17.073202,0.171952,preds.pt#459
1BA100,0061,CT-only,42,0.766776,17.086753,0.176831,preds.pt#460
1BA100,0062,CT-only,42,0.766859,17.130543,0.169813,preds.pt#461
1BA100,0063,CT-only,42,0.761710,17.025186,0.180535,preds.pt#462
1BA100,0064,CT-only,42,0.749649,17.072236,0.204247,preds.pt#463
1BA100,0065,CT-only,42,0.750115,17.103335,0.187235,preds.pt#464
1BA100,0066,CT-only,42,0.751110,17.189013,0.188357,preds.pt#465
1BA100,0067,CT-only,42,0.754197,17.323512,0.187723,preds.pt#466
1BA100,0068,CT-only,42,0.752618,17.249858,0.189804,preds.pt#467
1BA100,0069,CT-only,42,0.752687,17.228624,0.200011,preds.pt#468
1BA100,0070,CT-only,42,0.758778,17.344043,0.183972,preds.pt#469
1BA100,0071,CT-only,42,0.741332,17.123486,0.178849,preds.pt#470
1BA100,0072,CT-only,42,0.738250,16.837520,0.185899,preds.pt#471
1BA100,0073,CT-only,42,0.731457,16.856400,0.185346,preds.pt#472
1BA100,0074,CT-only,42,0.740858,16.998382,0.183789,preds.pt#473
1BA100,0075,CT-only,42,0.755167,17.408095,0.170302,preds.pt#474
1BA100,0076,CT-only,42,0.746997,16.839634,0.160526,preds.pt#475
1BA100,0077,CT-only,42,0.754056,16.843197,0.149028,preds.pt#476
1BA100,0078,CT-only,42,0.752408,16.669251,0.155050,preds.pt#477
1BA100,0079,CT-only,42,0.782759,17.977903,0.121548,preds.pt#478
1BA100,0080,CT-only,42,0.797915,18.189192,0.126146,preds.pt#479
1BA100,0081,CT-only,42,0.805131,18.414040,0.127874,preds.pt#480
1BA100,0082,CT-only,42,0.809174,18.617619,0.123537,preds.pt#481
1BA100,0083,CT-only,42,0.816537,18.662679,0.120957,preds.pt#482
1BA100,0084,CT-only,42,0.820530,18.990089,0.124013,preds.pt#483
1BA100,0085,CT-only,42,0.824422,19.023128,0.118617,preds.pt#484
1BA100,0086,CT-only,42,0.828212,19.096605,0.116528,preds.pt#485
1BA100,0087,CT-only,42,0.827457,19.036955,0.120027,preds.pt#486
1BA100,0088,CT-only,42,0.835749,19.203020,0.131954,preds.pt#487
1BA100,0089,CT-only,42,0.845396,19.376685,0.107666,preds.pt#488
1BA100,0090,CT-only,42,0.850983,19.376044,0.099017,preds.pt#489
1BA100,0091,CT-only,42,0.842479,19.095150,0.104761,preds.pt#490
1BA100,0092,CT-only,42,0.834217,18.879844,0.101730,preds.pt#491
1BA100,0093,CT-only,42,0.839865,19.112559,0.098106,preds.pt#492
1BA100,0094,CT-only,42,0.847728,19.157018,0.084957,preds.pt#493
1BA100,0095,CT-only,42,0.845770,19.134809,0.093571,preds.pt#494
1BA100,0096,CT-only,42,0.839796,19.110641,0.091363,preds.pt#495
1BA100,0097,CT-only,42,0.847091,19.359107,0.093104,preds.pt#496
1BA100,0098,CT-only,42,0.848084,19.225909,0.098668,preds.pt#497
1BA100,0099,CT-only,42,0.851297,19.361990,0.088243,preds.pt#498
1BA100,0100,CT-only,42,0.853746,19.413933,0.096873,preds.pt#499
1BA100,0101,CT-only,42,0.844537,19.209750,0.101785,preds.pt#500
1BA100,0102,CT-only,42,0.848869,19.419484,0.095566,preds.pt#501
1BA100,0103,CT-only,42,0.851566,19.564304,0.096221,preds.pt#502
1BA100,0104,CT-only,42,0.856950,19.713030,0.089970,preds.pt#503
1BA100,0105,CT-only,42,0.862472,19.854217,0.084372,preds.pt#504
1BA100,0106,CT-only,42,0.867115,19.920336,0.079244,preds.pt#505
1BA100,0107,CT-only,42,0.872904,19.994158,0.075337,preds.pt#506
1BA100,0108,CT-only,42,0.869285,19.843570,0.080921,preds.pt#507
1BA100,0109,CT-only,42,0.866638,19.684248,0.086426,preds.pt#508
1BA100,0110,CT-only,42,0.871146,19.827322,0.087743,preds.pt#509
1BA100,0111,CT-only,42,0.870194,19.925778,0.091627,preds.pt#510
1BA100,0112,CT-only,42,0.873288,19.923481,0.086521,preds.pt#511
1BA100,0113,CT-only,42,0.869282,19.768395,0.094001,preds.pt#512
1BA100,0114,CT-only,42,0.874181,19.946696,0.068821,preds.pt#513
1BA100,0115,CT-only,42,0.874120,19.879356,0.068891,preds.pt#514
1BA100,0116,CT-only,42,0.870796,19.887273,0.070493,preds.pt#515
1BA100,0117,CT-only,42,0.865408,19.797637,0.079485,preds.pt#516
1BA100,0118,CT-only,42,0.862735,19.834671,0.075466,preds.pt#517
1BA100,0119,CT-only,42,0.862064,19.861389,0.064883,preds.pt#518
1BA100,0120,CT-only,42,0.863964,19.861393,0.066816,preds.pt#519
1BA100,0121,CT-only,42,0.854620,19.720300,0.073219,preds.pt#520
1BA100,0122,CT-only,42,0.862247,19.875379,0.071814,preds.pt#521
1BA100,0123,CT-only,42,0.858328,19.632635,0.079908,preds.pt#522
1BA100,0124,CT-only,42,0.853805,19.380108,0.076623,preds.pt#523
1BA100,0125,CT-only,42,0.849012,19.061566,0.068053,preds.pt#524
1BA100,0126,CT-only,42,0.846264,19.070275,0.069774,preds.pt#525
1BA100,0127,CT-only,42,0.849602,18.899856,0.064956,preds.pt#526
1BA100,0128,CT-only,42,0.851762,19.011633,0.064717,preds.pt#527
1BA100,0129,CT-only,42,0.851682,19.119758,0.063353,preds.pt#528
1BA100,0130,CT-only,42,0.847632,19.190061,0.076452,preds.pt#529
1BA100,0131,CT-only,42,0.847040,19.067111,0.086998,preds.pt#530
1BA100,0132,CT-only,42,0.846631,19.034370,0.091400,preds.pt#531
1BA100,0133,CT-only,42,0.845582,18.857209,0.106895,preds.pt#532
1BA100,0134,CT-only,42,0.841194,18.558830,0.103677,preds.pt#533
1BA100,0135,CT-only,42,0.834112,18.357865,0.101923,preds.pt#534
1BA100,0136,CT-only,42,0.836300,18.319481,0.097686,preds.pt#535
1BA100,0137,CT-only,42,0.843108,18.344991,0.104890,preds.pt#536
1BA100,0138,CT-only,42,0.846021,18.567976,0.101652,preds.pt#537
1BA100,0139,CT-only,42,0.846210,18.510757,0.102764,preds.pt#538
1BA100,0140,CT-only,42,0.856286,18.610918,0.098701,preds.pt#539
1BA100,0141,CT-only,42,0.854653,18.509077,0.105996,preds.pt#540
1BA100,0142,CT-only,42,0.854367,18.402052,0.116373,preds.pt#541
1BA100,0143,CT-only,42,0.855355,18.384499,0.109937,preds.pt#542
1BA100,0144,CT-only,42,0.857428,18.457501,0.097913,preds.pt#543
1BA100,0145,CT-only,42,0.860523,18.569377,0.083895,preds.pt#544
1BA100,0146,CT-only,42,0.864401,18.687146,0.079163,preds.pt#545
1BA100,0147,CT-only,42,0.860242,18.369056,0.079876,preds.pt#546
1BA100,0148,CT-only,42,0.855319,18.311423,0.080570,preds.pt#547
1BA100,0149,CT-only,42,0.853784,18.369151,0.083839,preds.pt#548
1BA100,0150,CT-only,42,0.861350,18.694179,0.090661,preds.pt#549
1BA100,0151,CT-only,42,0.864209,18.704903,0.089395,preds.pt#550
1BA100,0152,CT-only,42,0.872125,19.155989,0.084263,preds.pt#551
1BA100,0153,CT-only,42,0.876650,19.185809,0.078128,preds.pt#552
1BA100,0154,CT-only,42,0.875836,19.203832,0.077029,preds.pt#553
1BA100,0155,CT-only,42,0.877243,19.198363,0.081939,preds.pt#554
1BA100,0156,CT-only,42,0.877083,19.221403,0.076400,preds.pt#555
1BA100,0157,CT-only,42,0.879212,19.353258,0.066188,preds.pt#556
1BA100,0158,CT-only,42,0.881572,19.542025,0.074207,preds.pt#557
1BA100,0159,CT-only,42,0.885185,19.826194,0.082857,preds.pt#558
1BA100,0160,CT-only,42,0.893664,20.202875,0.088514,preds.pt#559
1BA100,0161,CT-only,42,0.895480,20.327366,0.079805,preds.pt#560
1BA100,0162,CT-only,42,0.898288,20.434214,0.074269,preds.pt#561
1BA100,0163,CT-only,42,0.902579,20.568635,0.072124,preds.pt#562
1BA100,0164,CT-only,42,0.900776,20.555545,0.077858,preds.pt#563
1BA100,0165,CT-only,42,0.900324,20.778758,0.071782,preds.pt#564
1BA100,0166,CT-only,42,0.904693,21.331297,0.089522,preds.pt#565
1BA100,0167,CT-only,42,0.897686,21.104375,0.083000,preds.pt#566
1BA100,0168,CT-only,42,0.889070,20.662554,0.082798,preds.pt#567
1BA100,0169,CT-only,42,0.879307,20.166024,0.097742,preds.pt#568
1BA100,0170,CT-only,42,0.868636,19.195727,0.098592,preds.pt#569
1BA100,0171,CT-only,42,0.865105,19.097611,0.110282,preds.pt#570
1BA100,0172,CT-only,42,0.880156,19.296557,0.120507,preds.pt#571
1BA100,0173,CT-only,42,0.890157,19.965243,0.105625,preds.pt#572
1BA100,0174,CT-only,42,0.896973,20.564778,0.102664,preds.pt#573
1BA100,0175,CT-only,42,0.906054,21.298158,0.103582,preds.pt#574
1BA100,0176,CT-only,42,0.914124,21.294562,0.079510,preds.pt#575
1BA100,0177,CT-only,42,0.918061,21.125263,0.084665,preds.pt#576
1BA100,0178,CT-only,42,0.921161,21.724773,0.090313,preds.pt#577
1BA100,0179,CT-only,42,0.927849,22.372403,0.086861,preds.pt#578
1BA100,0180,CT-only,42,0.932536,23.485155,0.073423,preds.pt#579
1BA100,0181,CT-only,42,0.938172,24.282051,0.078562,preds.pt#580
1BA100,0182,CT-only,42,0.940266,24.626673,0.066200,preds.pt#581
1BA100,0183,CT-only,42,0.937134,24.553354,0.115766,preds.pt#582
1BA100,0184,CT-only,42,0.928876,25.142472,0.097402,preds.pt#583
1BA100,0185,CT-only,42,0.940129,28.209848,0.103619,preds.pt#584
1BA100,0186,CT-only,42,0.943951,29.682042,0.086022,preds.pt#585
1BA100,0187,CT-only,42,0.952662,31.468026,0.067260,preds.pt#586
1BA116,0000,CT-only,42,0.977630,44.218977,0.082327,preds.pt#587
1BA116,0001,CT-only,42,0.978298,38.522173,0.131336,preds.pt#588
1BA116,0002,CT-only,42,0.976452,35.711409,0.152185,preds.pt#589
1BA116,0003,CT-only,42,0.972451,32.886635,0.199575,preds.pt#590
1BA116,0004,CT-only,42,0.968813,31.302698,0.194330,preds.pt#591
1BA116,0005,CT-only,42,0.963239,29.926573,0.203089,preds.pt#592
1BA116,0006,CT-only,42,0.959995,28.646854,0.214558,preds.pt#593
1BA116,0007,CT-only,42,0.956511,27.245164,0.201134,preds.pt#594
1BA116,0008,CT-only,42,0.954604,26.344088,0.188832,preds.pt#595
1BA116,0009,CT-only,42,0.950803,25.329656,0.200306,preds.pt#596
1BA116,0010,CT-only,42,0.951757,25.232195,0.172539,preds.pt#597
1BA116,0011,CT-only,42,0.950520,25.172615,0.176082,preds.pt#598
1BA116,0012,CT-only,42,0.947325,24.254900,0.190205,preds.pt#599
1BA116,0013,CT-only,42,0.945973,23.809005,0.201439,preds.pt#600
1BA116,0014,CT-only,42,0.943316,23.342115,0.187038,preds.pt#601
1BA116,0015,CT-only,42,0.939767,22.719794,0.173069,preds.pt#602
1BA116,0016,CT-only,42,0.937444,22.991785,0.179382,preds.pt#603
1BA116,0017,CT-only,42,0.931179,22.933011,0.178736,preds.pt#604
1BA116,0018,CT-only,42,0.922069,22.276235,0.190489,preds.pt#605
1BA116,0019,CT-only,42,0.918958,22.187912,0.195486,preds.pt#606
1BA116,0020,CT-only,42,0.914316,22.194739,0.184847,preds.pt#607
1BA116,0021,CT-only,42,0.911473,22.229304,0.180207,preds.pt#608
1BA116,0022,CT-only,42,0.913966,22.452315,0.162899,preds.pt#609
1BA116,0023,CT-only,42,0.903540,21.938116,0.173211,preds.pt#610
1BA116,0024,CT-only,42,0.903329,22.023789,0.179577,preds.pt#611
1BA116,0025,CT-only,42,0.902184,21.882960,0.176406,preds.pt#612
1BA116,0026,CT-only,42,0.901609,21.678940,0.190584,preds.pt#613
1BA116,0027,CT-only,42,0.897017,21.337445,0.183498,preds.pt#614
1BA116,0028,CT-only,42,0.888945,20.826889,0.193766,preds.pt#615
1BA116,0029,CT-only,42,0.889978,20.874511,0.169124,preds.pt#616
1BA116,0030,CT-only,42,0.885459,20.679209,0.173578,preds.pt#617
1BA116,0031,CT-only,42,0.881954,20.289090,0.158731,preds.pt#618
1BA116,0032,CT-only,42,0.880246,20.380115,0.166847,preds.pt#619
1BA116,0033,CT-only,42,0.878348,20.450589,0.171096,preds.pt#620
1BA116,0034,CT-only,42,0.874878,20.712137,0.155958,preds.pt#621
1BA116,0035,CT-only,42,0.872167,20.973360,0.148627,preds.pt#622
1BA116,0036,CT-only,42,0.867701,20.582173,0.145951,preds.pt#623
1BA116,0037,CT-only,42,0.864853,20.211582,0.155638,preds.pt#624
1BA116,0038,CT-only,42,0.860956,20.031796,0.154054,preds.pt#625
1BA116,0039,CT-only,42,0.859724,20.526472,0.176522,preds.pt#626
1BA116,0040,CT-only,42,0.851935,20.487000,0.170101,preds.pt#627
1BA116,0041,CT-only,42,0.839833,20.036372,0.190796,preds.pt#628
1BA116,0042,CT-only,42,0.835152,19.824945,0.199052,preds.pt#629
1BA116,0043,CT-only,42,0.838843,19.592290,0.206538,preds.pt#630
1BA116,0044,CT-only,42,0.835754,19.262675,0.213006,preds.pt#631
1BA116,0045,CT-only,42,0.832523,19.367021,0.196422,preds.pt#632
1BA116,0046,CT-only,42,0.829318,19.364087,0.179419,preds.pt#633
1BA116,0047,CT-only,42,0.822866,19.422508,0.187479,preds.pt#634
1BA116,0048,CT-only,42,0.816960,19.407936,0.188120,preds.pt#635
1BA116,0049,CT-only,42,0.808246,19.194840,0.168442,preds.pt#636
1BA116,0050,CT-only,42,0.804418,18.993394,0.163943,preds.pt#637
1BA116,0051,CT-only,42,0.796608,18.861432,0.168856,preds.pt#638
1BA116,0052,CT-only,42,0.787842,18.784042,0.180128,preds.pt#639
1BA116,0053,CT-only,42,0.768432,18.526796,0.173848,preds.pt#640
1BA116,0054,CT-only,42,0.766198,18.368223,0.164916,preds.pt#641
1BA116,0055,CT-only,42,0.755426,17.808486,0.161224,preds.pt#642
1BA116,0056,CT-only,42,0.758514,17.258240,0.160506,preds.pt#643
1BA116,0057,CT-only,42,0.760495,17.635603,0.157650,preds.pt#644
1BA116,0058,CT-only,42,0.761331,17.495467,0.177652,preds.pt#645
1BA116,0059,CT-only,42,0.762376,17.576072,0.181888,preds.pt#646
1BA116,0060,CT-only,42,0.763595,17.334470,0.179970,preds.pt#647
1BA116,0061,CT-only,42,0.765867,17.482144,0.186168,preds.pt#648
1BA116,0062,CT-only,42,0.753476,17.175702,0.192374,preds.pt#649
1BA116,0063,CT-only,42,0.734161,16.819595,0.183979,preds.pt#650
1BA116,0064,CT-only,42,0.727130,16.679285,0.188677,preds.pt#651
1BA116,0065,CT-only,42,0.733109,16.931133,0.190054,preds.pt#652
1BA116,0066,CT-only,42,0.733920,17.015689,0.183402,preds.pt#653
1BA116,0067,CT-only,42,0.743132,17.304692,0.185169,preds.pt#654
1BA116,0068,CT-only,42,0.745059,17.315653,0.180211,preds.pt#655
1BA116,0069,CT-only,42,0.749671,17.487714,0.185585,preds.pt#656
1BA116,0070,CT-only,42,0.747356,17.608981,0.197966,preds.pt#657
1BA116,0071,CT-only,42,0.749699,17.623312,0.188864,preds.pt#658
1BA116,0072,CT-only,42,0.753942,17.595666,0.184462,preds.pt#659
1BA116,0073,CT-only,42,0.756219,17.712952,0.174655,preds.pt#660
1BA116,0074,CT-only,42,0.759756,17.890107,0.173170,preds.pt#661
1BA116,0075,CT-only,42,0.760002,17.896595,0.185370,preds.pt#662
1BA116,0076,CT-only,42,0.759093,17.708419,0.185429,preds.pt#663
1BA116,0077,CT-only,42,0.763795,17.712754,0.164594,preds.pt#664
1BA116,0078,CT-only,42,0.771366,17.985425,0.158290,preds.pt#665
1BA116,0079,CT-only,42,0.774121,18.310858,0.173816,preds.pt#666
1BA116,0080,CT-only,42,0.769106,18.217488,0.169730,preds.pt#667
1BA116,0081,CT-only,42,0.770176,18.136219,0.168382,preds.pt#668
1BA116,0082,CT-only,42,0.776939,18.366194,0.156408,preds.pt#669
1BA116,0083,CT-only,42,0.788286,18.626991,0.146681,preds.pt#670
1BA116,0084,CT-only,42,0.788259,18.505246,0.153495,preds.pt#671
1BA116,0085,CT-only,42,0.789754,18.832749,0.147349,preds.pt#672
1BA116,0086,CT-only,42,0.788509,18.879008,0.144294,preds.pt#673
1BA116,0087,CT-only,42,0.786972,19.154013,0.144753,preds.pt#674
1BA116,0088,CT-only,42,0.796754,19.407771,0.147594,preds.pt#675
1BA116,0089,CT-only,42,0.788172,19.268257,0.159712,preds.pt#676
1BA116,0090,CT-only,42,0.783729,19.117415,0.161762,preds.pt#677
1BA116,0091,CT-only,42,0.778380,19.006816,0.157551,preds.pt#678
1BA116,0092,CT-only,42,0.779741,18.987698,0.175443,preds.pt#679
1BA116,0093,CT-only,42,0.793192,19.060380,0.170646,preds.pt#680
1BA116,0094,CT-only,42,0.790737,18.816060,0.168726,preds.pt#681
1BA116,0095,CT-only,42,0.784092,18.419576,0.160378,preds.pt#682
1BA116,0096,CT-only,42,0.795570,18.508388,0.154982,preds.pt#683
1BA116,0097,CT-only,42,0.791236,18.353196,0.155651,preds.pt#684
1BA116,0098,CT-only,42,0.782559,17.931840,0.135459,preds.pt#685
1BA116,0099,CT-only,42,0.778414,17.705372,0.121867,preds.pt#686
1BA116,0100,CT-only,42,0.778537,17.905013,0.116823,preds.pt#687
1BA116,0101,CT-only,42,0.775691,18.040871,0.120756,preds.pt#688
1BA116,0102,CT-only,42,0.778222,18.158364,0.115905,preds.pt#689
1BA116,0103,CT-only,42,0.774011,17.846430,0.115420,preds.pt#690
1BA116,0104,CT-only,42,0.760404,17.626248,0.118476,preds.pt#691
1BA116,0105,CT-only,42,0.759238,17.514869,0.124860,preds.pt#692
1BA116,0106,CT-only,42,0.753369,17.471532,0.124599,preds.pt#693
1BA116,0107,CT-only,42,0.753812,17.318852,0.117746,preds.pt#694
1BA116,0108,CT-only,42,0.753405,17.380949,0.116780,preds.pt#695
1BA116,0109,CT-only,42,0.762899,17.594282,0.116096,preds.pt#696
1BA116,0110,CT-only,42,0.762972,17.604560,0.115337,preds.pt#697
1BA116,0111,CT-only,42,0.781277,17.994087,0.101396,preds.pt#698
1BA116,0112,CT-only,42,0.783630,18.077604,0.098204,preds.pt#699
1BA116,0113,CT-only,42,0.782154,18.025483,0.112349,preds.pt#700
1BA116,0114,CT-only,42,0.784694,18.281554,0.121906,preds.pt#701
1BA116,0115,CT-only,42,0.781453,18.241713,0.123730,preds.pt#702
1BA116,0116,CT-only,42,0.785272,18.088826,0.112452,preds.pt#703
1BA116,0117,CT-only,42,0.787510,18.289330,0.114028,preds.pt#704
1BA116,0118,CT-only,42,0.787643,18.325251,0.117949,preds.pt#705
1BA116,0119,CT-only,42,0.787275,18.232292,0.113536,preds.pt#706
1BA116,0120,CT-only,42,0.794979,18.483452,0.104958,preds.pt#707
1BA116,0121,CT-only,42,0.796584,18.340955,0.108915,preds.pt#708
1BA116,0122,CT-only,42,0.805297,18.526585,0.107068,preds.pt#709
1BA116,0123,CT-only,42,0.807823,18.478059,0.101890,preds.pt#710
1BA116,0124,CT-only,42,0.808995,18.495266,0.113571,preds.pt#711
1BA116,0125,CT-only,42,0.808734,18.640834,0.118838,preds.pt#712
1BA116,0126,CT-only,42,0.802008,18.463870,0.127963,preds.pt#713
1BA116,0127,CT-only,42,0.806786,18.595895,0.117211,preds.pt#714
1BA116,0128,CT-only,42,0.809325,18.538100,0.102894,preds.pt#715
1BA116,0129,CT-only,42,0.806197,18.658321,0.120955,preds.pt#716
1BA116,0130,CT-only,42,0.808938,18.627303,0.124181,preds.pt#717
1BA116,0131,CT-only,42,0.814842,18.814057,0.130676,preds.pt#718
1BA116,0132,CT-only,42,0.813720,18.595742,0.135898,preds.pt#719
1BA116,0133,CT-only,42,0.822660,18.877590,0.131964,preds.pt#720
1BA116,0134,CT-only,42,0.816027,18.748560,0.126019,preds.pt#721
1BA116,0135,CT-only,42,0.820457,18.803700,0.123727,preds.pt#722
1BA116,0136,CT-only,42,0.823102,18.868151,0.125146,preds.pt#723
1BA116,0137,CT-only,42,0.825071,18.958166,0.120326,preds.pt#724
1BA116,0138,CT-only,42,0.829503,19.159794,0.115809,preds.pt#725
1BA116,0139,CT-only,42,0.819851,18.830395,0.121304,preds.pt#726
1BA116,0140,CT-only,42,0.812110,18.564612,0.113703,preds.pt#727
1BA116,0141,CT-only,42,0.808864,18.363606,0.114663,preds.pt#728
1BA116,0142,CT-only,42,0.811618,18.611399,0.114614,preds.pt#729
1BA116,0143,CT-only,42,0.808883,18.611079,0.117550,preds.pt#730
1BA116,0144,CT-only,42,0.807918,18.538570,0.116296,preds.pt#731
1BA116,0145,CT-only,42,0.810713,18.605545,0.116119,preds.pt#732
1BA116,0146,CT-only,42,0.807886,18.352735,0.122312,preds.pt#733
1BA116,0147,CT-only,42,0.816255,18.635384,0.127707,preds.pt#734
1BA116,0148,CT-only,42,0.808358,18.397928,0.130708,preds.pt#735
1BA116,0149,CT-only,42,0.801005,18.303171,0.127671,preds.pt#736
1BA116,0150,CT-only,42,0.805328,18.356573,0.116861,preds.pt#737
1BA116,0151,CT-only,42,0.804136,18.542306,0.111607,preds.pt#738
1BA116,0152,CT-only,42,0.807331,18.800923,0.115124,preds.pt#739
1BA116,0153,CT-only,42,0.813119,18.915729,0.125528,preds.pt#740
1BA116,0154,CT-only,42,0.819147,18.990051,0.125855,preds.pt#741
1BA116,0155,CT-only,42,0.820915,19.009078,0.109287,preds.pt#742
1BA116,0156,CT-only,42,0.830953,19.289743,0.107259,preds.pt#743
1BA116,0157,CT-only,42,0.837862,19.355089,0.102906,preds.pt#744
1BA116,0158,CT-only,42,0.846329,19.457048,0.106046,preds.pt#745
1BA116,0159,CT-only,42,0.847561,19.453447,0.099311,preds.pt#746
1BA116,0160,CT-only,42,0.851909,19.462966,0.104561,preds.pt#747
1BA116,0161,CT-only,42,0.852353,19.344953,0.099869,preds.pt#748
1BA116,0162,CT-only,42,0.847391,19.194288,0.094529,preds.pt#749
1BA116,0163,CT-only,42,0.846550,19.169682,0.103553,preds.pt#750
1BA116,0164,CT-only,42,0.849426,19.158639,0.114709,preds.pt#751
1BA116,0165,CT-only,42,0.848467,19.104505,0.120722,preds.pt#752
1BA116,0166,CT-only,42,0.850621,19.095281,0.112507,preds.pt#753
1BA116,0167,CT-only,42,0.845062,18.850219,0.123444,preds.pt#754
1BA116,0168,CT-only,42,0.842921,18.777395,0.139237,preds.pt#755
1BA116,0169,CT-only,42,0.838128,18.604131,0.141041,preds.pt#756
1BA116,0170,CT-only,42,0.841947,18.781551,0.122956,preds.pt#757
1BA116,0171,CT-only,42,0.847305,18.956884,0.120702,preds.pt#758
1BA116,0172,CT-only,42,0.848188,18.816052,0.116822,preds.pt#759
1BA116,0173,CT-only,42,0.849597,18.802776,0.107746,preds.pt#760
1BA116,0174,CT-only,42,0.859976,19.052151,0.112906,preds.pt#761
1BA116,0175,CT-only,42,0.857830,18.968189,0.109366,preds.pt#762
1BA116,0176,CT-only,42,0.869114,19.455138,0.109386,preds.pt#763
1BA116,0177,CT-only,42,0.867858,19.393082,0.097283,preds.pt#764
1BA116,0178,CT-only,42,0.866589,19.316187,0.111666,preds.pt#765
1BA116,0179,CT-only,42,0.864996,19.269238,0.109468,preds.pt#766
1BA116,0180,CT-only,42,0.865356,19.103115,0.097398,preds.pt#767
1BA116,0181,CT-only,42,0.865225,19.220421,0.109393,preds.pt#768
1BA116,0182,CT-only,42,0.875547,19.556082,0.097498,preds.pt#769
1BA116,0183,CT-only,42,0.872497,19.549842,0.104096,preds.pt#770
1BA116,0184,CT-only,42,0.875178,19.843975,0.100822,preds.pt#771
1BA116,0185,CT-only,42,0.880855,20.295053,0.109172,preds.pt#772
1BA116,0186,CT-only,42,0.885394,20.584925,0.119607,preds.pt#773
1BA116,0187,CT-only,42,0.888780,20.983179,0.130436,preds.pt#774
1BA116,0188,CT-only,42,0.900443,21.539017,0.109072,preds.pt#775
1BA116,0189,CT-only,42,0.914593,22.740089,0.109236,preds.pt#776
1BA116,0190,CT-only,42,0.924462,23.999458,0.105017,preds.pt#777
1BA116,0191,CT-only,42,0.935570,25.999984,0.096706,preds.pt#778
1BA116,0192,CT-only,42,0.935138,26.802679,0.085495,preds.pt#779
1BA116,0193,CT-only,42,0.936899,27.198931,0.089864,preds.pt#780
1BA116,0194,CT-only,42,0.946542,27.939278,0.100421,preds.pt#781
1BA116,0195,CT-only,42,0.949002,27.935362,0.102292,preds.pt#782
1BA116,0196,CT-only,42,0.958914,29.963032,0.108076,preds.pt#783
1BA184,0000,CT-only,42,0.921974,23.022140,0.133021,preds.pt#784
1BA184,0001,CT-only,42,0.921494,23.705926,0.115686,preds.pt#785
1BA184,0002,CT-only,42,0.925949,25.057137,0.075275,preds.pt#786
1BA184,0003,CT-only,42,0.927979,26.290294,0.081882,preds.pt#787
1BA184,0004,CT-only,42,0.922266,24.854980,0.120417,preds.pt#788
1BA184,0005,CT-only,42,0.920197,23.372489,0.142947,preds.pt#789
1BA184,0006,CT-only,42,0.914080,22.021689,0.155049,preds.pt#790
1BA184,0007,CT-only,42,0.912879,22.520964,0.138026,preds.pt#791
1BA184,0008,CT-only,42,0.917864,23.086906,0.138084,preds.pt#792
1BA184,0009,CT-only,42,0.919333,22.093719,0.174230,preds.pt#793
1BA184,0010,CT-only,42,0.914002,20.290622,0.200989,preds.pt#794
1BA184,0011,CT-only,42,0.906204,19.350034,0.221175,preds.pt#795
1BA184,0012,CT-only,42,0.902288,19.013542,0.212793,preds.pt#796
1BA184,0013,CT-only,42,0.900159,18.811391,0.195932,preds.pt#797
1BA184,0014,CT-only,42,0.901441,19.149976,0.194321,preds.pt#798
1BA184,0015,CT-only,42,0.904664,20.369449,0.179610,preds.pt#799
1BA184,0016,CT-only,42,0.912957,21.655337,0.162945,preds.pt#800
1BA184,0017,CT-only,42,0.921135,22.710709,0.117486,preds.pt#801
1BA184,0018,CT-only,42,0.919670,22.519167,0.113201,preds.pt#802
1BA184,0019,CT-only,42,0.917439,22.312431,0.101468,preds.pt#803
1BA184,0020,CT-only,42,0.913315,22.349537,0.100342,preds.pt#804
1BA184,0021,CT-only,42,0.911582,22.484444,0.098144,preds.pt#805
1BA184,0022,CT-only,42,0.908481,22.254190,0.100105,preds.pt#806
1BA184,0023,CT-only,42,0.905263,22.315005,0.107792,preds.pt#807
1BA184,0024,CT-only,42,0.901079,22.183218,0.127873,preds.pt#808
1BA184,0025,CT-only,42,0.895035,21.701506,0.133625,preds.pt#809
1BA184,0026,CT-only,42,0.891365,21.253346,0.135152,preds.pt#810
1BA184,0027,CT-only,42,0.884927,20.531309,0.137613,preds.pt#811
1BA184,0028,CT-only,42,0.880525,19.981187,0.139137,preds.pt#812
1BA184,0029,CT-only,42,0.880180,19.672535,0.136474,preds.pt#813
1BA184,0030,CT-only,42,0.873135,19.334546,0.142310,preds.pt#814
1BA184,0031,CT-only,42,0.867516,19.019326,0.145738,preds.pt#815
1BA184,0032,CT-only,42,0.867395,19.051587,0.135970,preds.pt#816
1BA184,0033,CT-only,42,0.874608,19.915407,0.133927,preds.pt#817
1BA184,0034,CT-only,42,0.875956,19.875873,0.126787,preds.pt#818
1BA184,0035,CT-only,42,0.880890,20.394977,0.133903,preds.pt#819
1BA184,0036,CT-only,42,0.882116,20.880445,0.125754,preds.pt#820
1BA184,0037,CT-only,42,0.877955,21.175698,0.109706,preds.pt#821
1BA184,0038,CT-only,42,0.876723,21.565977,0.108997,preds.pt#822
1BA184,0039,CT-only,42,0.877268,21.556342,0.109161,preds.pt#823
1BA184,0040,CT-only,42,0.871164,21.042691,0.116534,preds.pt#824
1BA184,0041,CT-only,42,0.863275,20.112602,0.135061,preds.pt#825
1BA184,0042,CT-only,42,0.850752,19.237610,0.147174,preds.pt#826
1BA184,0043,CT-only,42,0.841631,18.589423,0.158597,preds.pt#827
1BA184,0044,CT-only,42,0.833624,17.978267,0.167157,preds.pt#828
1BA184,0045,CT-only,42,0.822579,17.467522,0.153055,preds.pt#829
1BA184,0046,CT-only,42,0.816452,17.257095,0.169666,preds.pt#830
1BA184,0047,CT-only,42,0.813000,17.307208,0.167207,preds.pt#831
1BA184,0048,CT-only,42,0.809182,17.118060,0.169574,preds.pt#832
1BA184,0049,CT-only,42,0.803917,17.471214,0.187803,preds.pt#833
1BA184,0050,CT-only,42,0.795044,17.221363,0.195269,preds.pt#834
1BA184,0051,CT-only,42,0.796171,17.908033,0.192975,preds.pt#835
1BA184,0052,CT-only,42,0.794564,18.291639,0.198106,preds.pt#836
1BA184,0053,CT-only,42,0.788944,17.443492,0.204627,preds.pt#837
1BA184,0054,CT-only,42,0.821464,19.177347,0.193313,preds.pt#838
1BA184,0055,CT-only,42,0.810166,18.910029,0.155745,preds.pt#839
1BA184,0056,CT-only,42,0.817746,19.069447,0.165461,preds.pt#840
1BA184,0057,CT-only,42,0.826521,19.259397,0.179155,preds.pt#841
1BA184,0058,CT-only,42,0.820377,18.969381,0.167226,preds.pt#842
1BA184,0059,CT-only,42,0.832943,19.580030,0.164930,preds.pt#843
1BA184,0060,CT-only,42,0.833584,19.653153,0.154211,preds.pt#844
1BA184,0061,CT-only,42,0.830628,19.513925,0.158607,preds.pt#845
1BA184,0062,CT-only,42,0.822094,19.455807,0.157975,preds.pt#846
1BA184,0063,CT-only,42,0.833453,20.046653,0.152722,preds.pt#847
1BA184,0064,CT-only,42,0.839298,20.290095,0.173995,preds.pt#848
1BA184,0065,CT-only,42,0.827956,20.122927,0.183491,preds.pt#849
1BA184,0066,CT-only,42,0.824478,20.132267,0.183875,preds.pt#850
1BA184,0067,CT-only,42,0.820664,20.069335,0.175787,preds.pt#851
1BA184,0068,CT-only,42,0.819686,20.107639,0.148288,preds.pt#852
1BA184,0069,CT-only,42,0.817621,19.776532,0.147970,preds.pt#853
1BA184,0070,CT-only,42,0.826034,20.099280,0.153949,preds.pt#854
1BA184,0071,CT-only,42,0.824858,20.055543,0.149280,preds.pt#855
1BA184,0072,CT-only,42,0.826592,20.044777,0.144964,preds.pt#856
1BA184,0073,CT-only,42,0.824754,20.172006,0.151158,preds.pt#857
1BA184,0074,CT-only,42,0.825377,20.078555,0.147898,preds.pt#858
1BA184,0075,CT-only,42,0.814124,19.716167,0.141052,preds.pt#859
1BA184,0076,CT-only,42,0.799095,19.087524,0.125959,preds.pt#860
1BA184,0077,CT-only,42,0.795809,18.950291,0.139191,preds.pt#861
1BA184,0078,CT-only,42,0.801685,19.286671,0.134794,preds.pt#862
1BA184,0079,CT-only,42,0.796079,19.196909,0.156700,preds.pt#863
1BA184,0080,CT-only,42,0.789865,19.063860,0.164036,preds.pt#864
1BA184,0081,CT-only,42,0.789850,18.805546,0.157775,preds.pt#865
1BA184,0082,CT-only,42,0.769788,18.519388,0.159293,preds.pt#866
1BA184,0083,CT-only,42,0.769345,18.710670,0.152539,preds.pt#867
1BA184,0084,CT-only,42,0.776125,18.904081,0.155695,preds.pt#868
1BA184,0085,CT-only,42,0.779976,19.091565,0.169412,preds.pt#869
1BA184,0086,CT-only,42,0.761184,18.665989,0.161304,preds.pt#870
1BA184,0087,CT-only,42,0.748376,18.568903,0.158781,preds.pt#871
1BA184,0088,CT-only,42,0.749150,18.637734,0.169519,preds.pt#872
1BA184,0089,CT-only,42,0.759835,18.650631,0.162058,preds.pt#873
1BA184,0090,CT-only,42,0.760275,18.480258,0.170910,preds.pt#874
1BA184,0091,CT-only,42,0.736949,18.052934,0.165068,preds.pt#875
1BA184,0092,CT-only,42,0.743030,18.062697,0.148300,preds.pt#876
1BA184,0093,CT-only,42,0.725175,17.817299,0.138953,preds.pt#877
1BA184,0094,CT-only,42,0.731727,17.964502,0.128759,preds.pt#878
1BA184,0095,CT-only,42,0.732313,17.809885,0.133831,preds.pt#879
1BA184,0096,CT-only,42,0.740230,17.871451,0.130710,preds.pt#880
1BA184,0097,CT-only,42,0.744496,17.848898,0.142078,preds.pt#881
1BA184,0098,CT-only,42,0.734906,17.447298,0.155112,preds.pt#882
1BA184,0099,CT-only,42,0.745857,17.478143,0.153615,preds.pt#883
1BA184,0100,CT-only,42,0.770378,17.808712,0.156489,preds.pt#884
1BA184,0101,CT-only,42,0.765675,18.133231,0.152552,preds.pt#885
1BA184,0102,CT-only,42,0.775072,18.471866,0.141901,preds.pt#886
1BA184,0103,CT-only,42,0.777750,18.662515,0.133998,preds.pt#887
1BA184,0104,CT-only,42,0.799918,19.173747,0.126555,preds.pt#888
1BA184,0105,CT-only,42,0.795599,18.714384,0.122845,preds.pt#889
1BA184,0106,CT-only,42,0.795958,18.801454,0.121898,preds.pt#890
1BA184,0107,CT-only,42,0.802894,18.884703,0.131442,preds.pt#891
1BA184,0108,CT-only,42,0.801950,18.813993,0.140515,preds.pt#892
1BA184,0109,CT-only,42,0.786253,18.348083,0.152928,preds.pt#893
1BA184,0110,CT-only,42,0.790201,18.329064,0.137737,preds.pt#894
1BA184,0111,CT-only,42,0.798216,18.724221,0.132799,preds.pt#895
1BA184,0112,CT-only,42,0.803936,18.926561,0.144694,preds.pt#896
1BA184,0113,CT-only,42,0.808738,18.853402,0.139935,preds.pt#897
1BA184,0114,CT-only,42,0.816715,19.004476,0.153203,preds.pt#898
1BA184,0115,CT-only,42,0.816514,18.764628,0.146996,preds.pt#899
1BA184,0116,CT-only,42,0.813465,18.601461,0.142260,preds.pt#900
1BA184,0117,CT-only,42,0.809030,18.057528,0.136266,preds.pt#901
1BA184,0118,CT-only,42,0.818404,18.520394,0.128344,preds.pt#902
1BA184,0119,CT-only,42,0.818713,18.593507,0.113437,preds.pt#903
1BA184,0120,CT-only,42,0.818031,18.547554,0.120937,preds.pt#904
1BA184,0121,CT-only,42,0.828662,18.882739,0.114045,preds.pt#905
1BA184,0122,CT-only,42,0.831095,19.094131,0.105042,preds.pt#906
1BA184,0123,CT-only,42,0.832903,19.170998,0.096300,preds.pt#907
1BA184,0124,CT-only,42,0.830297,19.246844,0.084638,preds.pt#908
1BA184,0125,CT-only,42,0.832844,19.343868,0.096290,preds.pt#909
1BA184,0126,CT-only,42,0.837425,19.346488,0.091650,preds.pt#910
1BA184,0127,CT-only,42,0.839773,19.234967,0.087415,preds.pt#911
1BA184,0128,CT-only,42,0.840095,18.949841,0.096231,preds.pt#912
1BA184,0129,CT-only,42,0.846268,19.200180,0.072949,preds.pt#913
1BA184,0130,CT-only,42,0.843174,19.215557,0.080521,preds.pt#914
1BA184,0131,CT-only,42,0.857855,19.609022,0.075793,preds.pt#915
1BA184,0132,CT-only,42,0.855653,19.542873,0.076819,preds.pt#916
1BA184,0133,CT-only,42,0.856082,19.647223,0.088417,preds.pt#917
1BA184,0134,CT-only,42,0.847240,19.496056,0.092664,preds.pt#918
1BA184,0135,CT-only,42,0.846168,19.545470,0.091043,preds.pt#919
1BA184,0136,CT-only,42,0.850143,19.501229,0.077729,preds.pt#920
1BA184,0137,CT-only,42,0.857738,19.873391,0.081392,preds.pt#921
1BA184,0138,CT-only,42,0.852021,19.720243,0.074108,preds.pt#922
1BA184,0139,CT-only,42,0.858888,19.955420,0.079551,preds.pt#923
1BA184,0140,CT-only,42,0.853362,19.881253,0.069699,preds.pt#924
1BA184,0141,CT-only,42,0.861886,19.737153,0.061216,preds.pt#925
1BA184,0142,CT-only,42,0.868368,20.156864,0.065154,preds.pt#926
1BA184,0143,CT-only,42,0.863621,19.786095,0.068169,preds.pt#927
1BA184,0144,CT-only,42,0.865713,20.015655,0.072337,preds.pt#928
1BA184,0145,CT-only,42,0.856405,19.893259,0.065745,preds.pt#929
1BA184,0146,CT-only,42,0.854544,20.287145,0.068365,preds.pt#930
1BA184,0147,CT-only,42,0.862705,20.504877,0.064435,preds.pt#931
1BA184,0148,CT-only,42,0.870361,20.729206,0.060647,preds.pt#932
1BA184,0149,CT-only,42,0.877301,21.120061,0.055458,preds.pt#933
1BA184,0150,CT-only,42,0.877697,20.832790,0.054847,preds.pt#934
1BA184,0151,CT-only,42,0.877430,20.869117,0.059485,preds.pt#935
1BA184,0152,CT-only,42,0.875305,20.603752,0.061393,preds.pt#936
1BA184,0153,CT-only,42,0.879482,20.543073,0.062229,preds.pt#937
1BA184,0154,CT-only,42,0.893312,20.985212,0.060403,preds.pt#938
1BA184,0155,CT-only,42,0.892955,20.701670,0.047226,preds.pt#939
1BA184,0156,CT-only,42,0.890242,20.547413,0.052218,preds.pt#940
1BA184,0157,CT-only,42,0.896343,21.004049,0.057125,preds.pt#941
1BA184,0158,CT-only,42,0.902005,21.383267,0.055986,preds.pt#942
1BA184,0159,CT-only,42,0.896450,20.885213,0.064418,preds.pt#943
1BA184,0160,CT-only,42,0.896187,20.876267,0.058508,preds.pt#944
1BA184,0161,CT-only,42,0.892770,20.372127,0.055887,preds.pt#945
1BA184,0162,CT-only,42,0.888077,20.403392,0.053783,preds.pt#946
1BA184,0163,CT-only,42,0.904869,21.317659,0.046348,preds.pt#947
1BA184,0164,CT-only,42,0.907378,21.284809,0.046690,preds.pt#948
1BA184,0165,CT-only,42,0.903291,21.117269,0.045295,preds.pt#949
1BA184,0166,CT-only,42,0.912807,21.599558,0.044239,preds.pt#950
1BA184,0167,CT-only,42,0.909152,21.417046,0.045580,preds.pt#951
1BA184,0168,CT-only,42,0.911841,21.763768,0.049759,preds.pt#952
1BA184,0169,CT-only,42,0.915683,21.402414,0.050442,preds.pt#953
1BA184,0170,CT-only,42,0.922934,22.004936,0.049479,preds.pt#954
1BA184,0171,CT-only,42,0.924779,22.093728,0.048894,preds.pt#955
1BA184,0172,CT-only,42,0.921981,21.959205,0.048665,preds.pt#956
1BA184,0173,CT-only,42,0.918017,21.393189,0.046381,preds.pt#957
1BA184,0174,CT-only,42,0.922843,21.790795,0.039230,preds.pt#958
1BA184,0175,CT-only,42,0.925529,22.352281,0.040043,preds.pt#959
1BA184,0176,CT-only,42,0.916817,22.036030,0.033801,preds.pt#960
1BA184,0177,CT-only,42,0.914775,22.034828,0.040939,preds.pt#961
1BA184,0178,CT-only,42,0.911281,21.697203,0.053068,preds.pt#962
1BA184,0179,CT-only,42,0.917211,22.316247,0.051721,preds.pt#963
1BA184,0180,CT-only,42,0.909211,21.914299,0.057107,preds.pt#964
1BA184,0181,CT-only,42,0.903512,21.323630,0.055216,preds.pt#965
1BA184,0182,CT-only,42,0.898673,20.952837,0.059747,preds.pt#966
1BA184,0183,CT-only,42,0.894388,20.906905,0.060070,preds.pt#967
1BA184,0184,CT-only,42,0.892769,20.720785,0.063607,preds.pt#968
1BA184,0185,CT-only,42,0.897940,21.693677,0.064442,preds.pt#969
1BA184,0186,CT-only,42,0.890295,21.435725,0.066352,preds.pt#970
1BA184,0187,CT-only,42,0.899164,23.209567,0.058285,preds.pt#971
1BA184,0188,CT-only,42,0.901770,23.033703,0.069452,preds.pt#972
1BA184,0189,CT-only,42,0.899564,21.726082,0.089909,preds.pt#973
1BA184,0190,CT-only,42,0.900188,21.458977,0.102300,preds.pt#974
1BA184,0191,CT-only,42,0.893179,20.231829,0.114393,preds.pt#975
1BA184,0192,CT-only,42,0.894712,19.750508,0.108652,preds.pt#976
1BA184,0193,CT-only,42,0.886601,19.093427,0.095856,preds.pt#977
1BA184,0194,CT-only,42,0.884671,18.462407,0.088571,preds.pt#978
1BA184,0195,CT-only,42,0.890786,18.632757,0.096302,preds.pt#979
1BA184,0196,CT-only,42,0.902510,19.185489,0.121791,preds.pt#980
1BA184,0197,CT-only,42,0.887435,17.427363,0.186513,preds.pt#981
1BA222,0001,CT-only,42,0.969614,33.584811,0.226192,preds.pt#982
1BA222,0002,CT-only,42,0.956083,29.690782,0.176539,preds.pt#983
1BA222,0003,CT-only,42,0.948215,27.594257,0.123276,preds.pt#984
1BA222,0004,CT-only,42,0.944937,26.230691,0.219063,preds.pt#985
1BA222,0005,CT-only,42,0.939822,25.085133,0.228199,preds.pt#986
1BA222,0006,CT-only,42,0.937872,24.215760,0.216714,preds.pt#987
1BA222,0007,CT-only,42,0.923385,23.574888,0.174090,preds.pt#988
1BA222,0008,CT-only,42,0.929132,23.959618,0.175024,preds.pt#989
1BA222,0009,CT-only,42,0.930882,23.912206,0.138052,preds.pt#990
1BA222,0010,CT-only,42,0.946400,25.112704,0.113792,preds.pt#991
1BA222,0011,CT-only,42,0.941602,24.811284,0.112368,preds.pt#992
1BA222,0012,CT-only,42,0.946646,25.949824,0.088145,preds.pt#993
1BA222,0013,CT-only,42,0.944026,26.573754,0.123145,preds.pt#994
1BA222,0014,CT-only,42,0.944428,27.156583,0.141482,preds.pt#995
1BA222,0015,CT-only,42,0.937151,26.436104,0.150898,preds.pt#996
1BA222,0016,CT-only,42,0.928456,24.731144,0.133576,preds.pt#997
1BA222,0017,CT-only,42,0.924965,23.803762,0.120678,preds.pt#998
1BA222,0018,CT-only,42,0.921099,23.130149,0.122643,preds.pt#999
1BA222,0019,CT-only,42,0.920947,22.884460,0.125814,preds.pt#1000
1BA222,0020,CT-only,42,0.917919,22.584675,0.107897,preds.pt#1001
1BA222,0021,CT-only,42,0.918527,22.700307,0.137843,preds.pt#1002
1BA222,0022,CT-only,42,0.918630,22.775004,0.114913,preds.pt#1003
1BA222,0023,CT-only,42,0.909448,22.210667,0.094615,preds.pt#1004
1BA222,0024,CT-only,42,0.907346,21.941435,0.119967,preds.pt#1005
1BA222,0025,CT-only,42,0.904416,21.997407,0.102230,preds.pt#1006
1BA222,0026,CT-only,42,0.900818,21.814181,0.102032,preds.pt#1007
1BA222,0027,CT-only,42,0.898005,21.715498,0.113366,preds.pt#1008
1BA222,0028,CT-only,42,0.894665,21.609590,0.134750,preds.pt#1009
1BA222,0029,CT-only,42,0.896524,21.712595,0.138938,preds.pt#1010
1BA222,0030,CT-only,42,0.891097,21.354827,0.138366,preds.pt#1011
1BA222,0031,CT-only,42,0.894994,21.681768,0.109644,preds.pt#1012
1BA222,0032,CT-only,42,0.891978,21.576599,0.125808,preds.pt#1013
1BA222,0033,CT-only,42,0.892660,21.742329,0.127526,preds.pt#1014
1BA222,0034,CT-only,42,0.891780,21.962155,0.135691,preds.pt#1015
1BA222,0035,CT-only,42,0.892168,22.161606,0.127804,preds.pt#1016
1BA222,0036,CT-only,42,0.891577,22.256312,0.122336,preds.pt#1017
1BA222,0037,CT-only,42,0.889576,22.256394,0.119249,preds.pt#1018
1BA222,0038,CT-only,42,0.886785,22.138079,0.122240,preds.pt#1019
1BA222,0039,CT-only,42,0.881989,22.104277,0.132975,preds.pt#1020
1BA222,0040,CT-only,42,0.882133,22.488124,0.131683,preds.pt#1021
1BA222,0041,CT-only,42,0.886027,22.756610,0.137184,preds.pt#1022
1BA222,0042,CT-only,42,0.881337,22.747062,0.155608,preds.pt#1023
1BA222,0043,CT-only,42,0.876412,22.317448,0.147349,preds.pt#1024
1BA222,0044,CT-only,42,0.872832,22.084687,0.157401,preds.pt#1025
1BA222,0045,CT-only,42,0.868205,21.761379,0.162432,preds.pt#1026
1BA222,0046,CT-only,42,0.860167,21.240020,0.173248,preds.pt#1027
1BA222,0047,CT-only,42,0.852235,20.528569,0.167147,preds.pt#1028
1BA222,0048,CT-only,42,0.849008,20.435303,0.172592,preds.pt#1029
1BA222,0049,CT-only,42,0.849105,20.749593,0.147653,preds.pt#1030
1BA222,0050,CT-only,42,0.841643,20.504935,0.144363,preds.pt#1031
1BA222,0051,CT-only,42,0.835991,20.383307,0.155879,preds.pt#1032
1BA222,0052,CT-only,42,0.842358,20.451144,0.168019,preds.pt#1033
1BA222,0053,CT-only,42,0.837579,20.118305,0.173475,preds.pt#1034
1BA222,0054,CT-only,42,0.827805,19.395897,0.149568,preds.pt#1035
1BA222,0055,CT-only,42,0.835709,19.311069,0.158040,preds.pt#1036
1BA222,0056,CT-only,42,0.836545,19.188981,0.167517,preds.pt#1037
1BA222,0057,CT-only,42,0.837711,19.225642,0.171816,preds.pt#1038
1BA222,0058,CT-only,42,0.837222,19.526104,0.168673,preds.pt#1039
1BA222,0059,CT-only,42,0.836042,19.688096,0.149795,preds.pt#1040
1BA222,0060,CT-only,42,0.833159,19.762187,0.158523,preds.pt#1041
1BA222,0061,CT-only,42,0.835136,20.005511,0.169408,preds.pt#1042
1BA222,0062,CT-only,42,0.835553,19.952714,0.189144,preds.pt#1043
1BA222,0063,CT-only,42,0.836631,20.242768,0.181664,preds.pt#1044
1BA222,0064,CT-only,42,0.834432,20.431823,0.176534,preds.pt#1045
1BA222,0065,CT-only,42,0.844136,20.778371,0.152392,preds.pt#1046
1BA222,0066,CT-only,42,0.841276,20.608524,0.127163,preds.pt#1047
1BA222,0067,CT-only,42,0.843780,20.666630,0.133413,preds.pt#1048
1BA222,0068,CT-only,42,0.840968,20.593580,0.127213,preds.pt#1049
1BA222,0069,CT-only,42,0.843922,20.419064,0.140287,preds.pt#1050
1BA222,0070,CT-only,42,0.836714,20.230754,0.147116,preds.pt#1051
1BA222,0071,CT-only,42,0.831691,20.057738,0.141743,preds.pt#1052
1BA222,0072,CT-only,42,0.821250,19.663268,0.145757,preds.pt#1053
1BA222,0073,CT-only,42,0.820944,20.035161,0.159596,preds.pt#1054
1BA222,0074,CT-only,42,0.818887,19.977026,0.157730,preds.pt#1055
1BA222,0075,CT-only,42,0.811285,20.167464,0.157865,preds.pt#1056
1BA222,0076,CT-only,42,0.818353,20.415505,0.137507,preds.pt#1057
1BA222,0077,CT-only,42,0.816791,20.172742,0.122586,preds.pt#1058
1BA222,0078,CT-only,42,0.813254,20.052321,0.129517,preds.pt#1059
1BA222,0079,CT-only,42,0.809883,19.822966,0.148063,preds.pt#1060
1BA222,0080,CT-only,42,0.807457,19.710761,0.136104,preds.pt#1061
1BA222,0081,CT-only,42,0.798533,19.543560,0.126422,preds.pt#1062
1BA222,0082,CT-only,42,0.794789,19.464883,0.133606,preds.pt#1063
1BA222,0083,CT-only,42,0.790949,19.503094,0.152903,preds.pt#1064
1BA222,0084,CT-only,42,0.795150,19.868874,0.139261,preds.pt#1065
1BA222,0085,CT-only,42,0.800355,20.142437,0.133537,preds.pt#1066
1BA222,0086,CT-only,42,0.796506,20.084146,0.132482,preds.pt#1067
1BA222,0087,CT-only,42,0.805160,20.184877,0.137421,preds.pt#1068
1BA222,0088,CT-only,42,0.798820,20.017305,0.133675,preds.pt#1069
1BA222,0089,CT-only,42,0.797957,20.005906,0.144145,preds.pt#1070
1BA222,0090,CT-only,42,0.786409,19.710453,0.139137,preds.pt#1071
1BA222,0091,CT-only,42,0.776567,19.065799,0.151990,preds.pt#1072
1BA222,0092,CT-only,42,0.791427,19.576025,0.132186,preds.pt#1073
1BA222,0093,CT-only,42,0.792467,19.904467,0.114812,preds.pt#1074
1BA222,0094,CT-only,42,0.801546,20.181043,0.112395,preds.pt#1075
1BA222,0095,CT-only,42,0.794027,19.754358,0.127922,preds.pt#1076
1BA222,0096,CT-only,42,0.777710,19.245089,0.121288,preds.pt#1077
1BA222,0097,CT-only,42,0.793761,19.564461,0.124641,preds.pt#1078
1BA222,0098,CT-only,42,0.803721,19.638713,0.142390,preds.pt#1079
1BA222,0099,CT-only,42,0.798008,19.329465,0.133120,preds.pt#1080
1BA222,0100,CT-only,42,0.802973,19.566810,0.134552,preds.pt#1081
1BA222,0101,CT-only,42,0.809779,19.833503,0.142767,preds.pt#1082
1BA222,0102,CT-only,42,0.815436,20.257183,0.136350,preds.pt#1083
1BA222,0103,CT-only,42,0.812436,19.784190,0.145751,preds.pt#1084
1BA222,0104,CT-only,42,0.818472,20.098035,0.135383,preds.pt#1085
1BA222,0105,CT-only,42,0.811091,19.644651,0.132189,preds.pt#1086
1BA222,0106,CT-only,42,0.808859,19.251265,0.143373,preds.pt#1087
1BA222,0107,CT-only,42,0.806371,19.139016,0.137372,preds.pt#1088
1BA222,0108,CT-only,42,0.820467,19.326461,0.130722,preds.pt#1089
1BA222,0109,CT-only,42,0.829161,19.479138,0.119623,preds.pt#1090
1BA222,0110,CT-only,42,0.827512,19.938663,0.110392,preds.pt#1091
1BA222,0111,CT-only,42,0.820681,19.745916,0.113505,preds.pt#1092
1BA222,0112,CT-only,42,0.835634,20.290533,0.109377,preds.pt#1093
1BA222,0113,CT-only,42,0.840074,20.093908,0.105680,preds.pt#1094
1BA222,0114,CT-only,42,0.838457,20.174524,0.090727,preds.pt#1095
1BA222,0115,CT-only,42,0.838374,20.059975,0.100030,preds.pt#1096
1BA222,0116,CT-only,42,0.845366,20.563138,0.106001,preds.pt#1097
1BA222,0117,CT-only,42,0.840450,20.166359,0.105770,preds.pt#1098
1BA222,0118,CT-only,42,0.849467,20.305248,0.104995,preds.pt#1099
1BA222,0119,CT-only,42,0.854325,20.425797,0.098294,preds.pt#1100
1BA222,0120,CT-only,42,0.853186,20.391576,0.097418,preds.pt#1101
1BA222,0121,CT-only,42,0.860983,20.833245,0.081752,preds.pt#1102
1BA222,0122,CT-only,42,0.860133,20.361214,0.086519,preds.pt#1103
1BA222,0123,CT-only,42,0.857636,20.299635,0.084776,preds.pt#1104
1BA222,0124,CT-only,42,0.862424,20.538356,0.082935,preds.pt#1105
1BA222,0125,CT-only,42,0.855030,20.461286,0.083464,preds.pt#1106
1BA222,0126,CT-only,42,0.859765,20.801047,0.077970,preds.pt#1107
1BA222,0127,CT-only,42,0.857927,20.801462,0.075904,preds.pt#1108
1BA222,0128,CT-only,42,0.845096,20.077316,0.075066,preds.pt#1109
1BA222,0129,CT-only,42,0.849395,20.278608,0.072260,preds.pt#1110
1BA222,0130,CT-only,42,0.853373,20.149004,0.077689,preds.pt#1111
1BA222,0131,CT-only,42,0.857182,20.458313,0.074707,preds.pt#1112
1BA222,0132,CT-only,42,0.861982,20.444963,0.073849,preds.pt#1113
1BA222,0133,CT-only,42,0.871742,20.955598,0.067180,preds.pt#1114
1BA222,0134,CT-only,42,0.864743,20.522114,0.062088,preds.pt#1115
1BA222,0135,CT-only,42,0.870154,20.899772,0.051669,preds.pt#1116
1BA222,0136,CT-only,42,0.866867,20.716346,0.061532,preds.pt#1117
1BA222,0137,CT-only,42,0.867588,20.814294,0.054873,preds.pt#1118
1BA222,0138,CT-only,42,0.865583,21.051131,0.073289,preds.pt#1119
1BA222,0139,CT-only,42,0.873940,21.037079,0.071582,preds.pt#1120
1BA222,0140,CT-only,42,0.878342,21.226774,0.071548,preds.pt#1121
1BA222,0141,CT-only,42,0.883078,21.301735,0.069152,preds.pt#1122
1BA222,0142,CT-only,42,0.885246,22.039565,0.059991,preds.pt#1123
1BA222,0143,CT-only,42,0.873287,21.891347,0.065319,preds.pt#1124
1BA222,0144,CT-only,42,0.870366,22.214633,0.075660,preds.pt#1125
1BA222,0145,CT-only,42,0.860846,22.411296,0.063501,preds.pt#1126
1BA222,0146,CT-only,42,0.867787,22.724756,0.055538,preds.pt#1127
1BA222,0147,CT-only,42,0.873508,22.659775,0.045420,preds.pt#1128
1BA222,0148,CT-only,42,0.891814,23.299784,0.041436,preds.pt#1129
1BA222,0149,CT-only,42,0.889593,22.746945,0.048554,preds.pt#1130
1BA222,0150,CT-only,42,0.888589,22.555407,0.047368,preds.pt#1131
1BA222,0151,CT-only,42,0.891683,22.804031,0.045114,preds.pt#1132
1BA222,0152,CT-only,42,0.895975,22.951369,0.046566,preds.pt#1133
1BA222,0153,CT-only,42,0.889932,22.572005,0.045425,preds.pt#1134
1BA222,0154,CT-only,42,0.892360,22.704047,0.041670,preds.pt#1135
1BA222,0155,CT-only,42,0.888695,22.238713,0.048432,preds.pt#1136
1BA222,0156,CT-only,42,0.894583,22.683689,0.046381,preds.pt#1137
1BA222,0157,CT-only,42,0.890989,22.718163,0.046448,preds.pt#1138
1BA222,0158,CT-only,42,0.905019,22.870448,0.048496,preds.pt#1139
1BA222,0159,CT-only,42,0.910182,22.808407,0.048745,preds.pt#1140
1BA222,0160,CT-only,42,0.912351,22.932431,0.048255,preds.pt#1141
1BA222,0161,CT-only,42,0.912938,22.840500,0.053975,preds.pt#1142
1BA222,0162,CT-only,42,0.912365,22.646091,0.054073,preds.pt#1143
1BA222,0163,CT-only,42,0.922382,23.152749,0.045427,preds.pt#1144
1BA222,0164,CT-only,42,0.922741,23.251114,0.040320,preds.pt#1145
1BA222,0165,CT-only,42,0.925267,23.301832,0.039565,preds.pt#1146
1BA222,0166,CT-only,42,0.923361,23.139065,0.040933,preds.pt#1147
1BA222,0167,CT-only,42,0.919542,22.847183,0.041648,preds.pt#1148
1BA222,0168,CT-only,42,0.917550,22.557118,0.044788,preds.pt#1149
1BA222,0169,CT-only,42,0.914115,22.229726,0.042580,preds.pt#1150
1BA222,0170,CT-only,42,0.914701,22.246564,0.038815,preds.pt#1151
1BA222,0171,CT-only,42,0.915628,22.238927,0.043033,preds.pt#1152
1BA222,0172,CT-only,42,0.912194,22.110991,0.039140,preds.pt#1153
1BA222,0173,CT-only,42,0.911892,22.226744,0.040175,preds.pt#1154
1BA222,0174,CT-only,42,0.915002,22.109493,0.034118,preds.pt#1155
1BA222,0175,CT-only,42,0.918604,22.157562,0.038783,preds.pt#1156
1BA222,0176,CT-only,42,0.916039,22.252662,0.049364,preds.pt#1157
1BA222,0177,CT-only,42,0.914686,22.163517,0.042350,preds.pt#1158
1BA222,0178,CT-only,42,0.915564,22.170459,0.043424,preds.pt#1159
1BA222,0179,CT-only,42,0.912737,22.316626,0.045633,preds.pt#1160
1BA222,0180,CT-only,42,0.912049,22.210629,0.043167,preds.pt#1161
1BA222,0181,CT-only,42,0.917676,22.754419,0.043726,preds.pt#1162
1BA222,0182,CT-only,42,0.913322,23.041812,0.044583,preds.pt#1163
1BA222,0183,CT-only,42,0.913079,22.857025,0.039809,preds.pt#1164
1BA222,0184,CT-only,42,0.913846,23.015388,0.040509,preds.pt#1165
1BA222,0185,CT-only,42,0.914607,22.938002,0.044489,preds.pt#1166
1BA222,0186,CT-only,42,0.919506,23.378639,0.042471,preds.pt#1167
1BA222,0187,CT-only,42,0.928218,23.915664,0.037966,preds.pt#1168
1BA222,0188,CT-only,42,0.931881,24.078635,0.039352,preds.pt#1169
1BA222,0189,CT-only,42,0.931718,24.695463,0.040586,preds.pt#1170
1BA222,0190,CT-only,42,0.932255,25.400358,0.034789,preds.pt#1171
1BA222,0191,CT-only,42,0.932426,25.903551,0.032010,preds.pt#1172
1BA222,0192,CT-only,42,0.930559,26.546160,0.038143,preds.pt#1173
1BA222,0193,CT-only,42,0.929790,26.379321,0.056703,preds.pt#1174
1BA222,0194,CT-only,42,0.934588,26.820759,0.062398,preds.pt#1175
1BA222,0195,CT-only,42,0.940438,26.856170,0.060671,preds.pt#1176
1BA222,0196,CT-only,42,0.941332,26.596711,0.057444,preds.pt#1177
1BA222,0197,CT-only,42,0.945653,26.723581,0.058064,preds.pt#1178
1BA222,0198,CT-only,42,0.949216,26.609333,0.052243,preds.pt#1179
1BA222,0199,CT-only,42,0.941964,25.393640,0.119286,preds.pt#1180
1BA222,0200,CT-only,42,0.933291,26.958892,0.132780,preds.pt#1181
1BA222,0201,CT-only,42,0.938721,28.313342,0.144848,preds.pt#1182
1BA222,0202,CT-only,42,0.941304,30.153425,0.126025,preds.pt#1183
1BA222,0203,CT-only,42,0.951928,31.494998,0.078581,preds.pt#1184
1BA256,0000,CT-only,42,0.956797,35.319201,0.217579,preds.pt#1185
1BA256,0001,CT-only,42,0.951257,31.620925,0.252537,preds.pt#1186
1BA256,0002,CT-only,42,0.950773,29.193424,0.265588,preds.pt#1187
1BA256,0003,CT-only,42,0.948112,27.426095,0.279050,preds.pt#1188
1BA256,0004,CT-only,42,0.947109,26.236292,0.224211,preds.pt#1189
1BA256,0005,CT-only,42,0.946167,25.039649,0.207662,preds.pt#1190
1BA256,0006,CT-only,42,0.943663,24.428218,0.192793,preds.pt#1191
1BA256,0007,CT-only,42,0.943962,24.444443,0.168041,preds.pt#1192
1BA256,0008,CT-only,42,0.942877,24.331211,0.177355,preds.pt#1193
1BA256,0009,CT-only,42,0.941081,24.116500,0.186655,preds.pt#1194
1BA256,0010,CT-only,42,0.941814,24.136900,0.142655,preds.pt#1195
1BA256,0011,CT-only,42,0.939332,23.819046,0.113746,preds.pt#1196
1BA256,0012,CT-only,42,0.940493,23.706162,0.106496,preds.pt#1197
1BA256,0013,CT-only,42,0.939420,23.632895,0.101615,preds.pt#1198
1BA256,0014,CT-only,42,0.936917,23.482623,0.109553,preds.pt#1199
1BA256,0015,CT-only,42,0.937476,23.376702,0.098491,preds.pt#1200
1BA256,0016,CT-only,42,0.938949,23.701701,0.100702,preds.pt#1201
1BA256,0017,CT-only,42,0.938155,23.740934,0.101001,preds.pt#1202
1BA256,0018,CT-only,42,0.937182,23.916110,0.094228,preds.pt#1203
1BA256,0019,CT-only,42,0.938646,23.733349,0.098514,preds.pt#1204
1BA256,0020,CT-only,42,0.937639,23.681571,0.102606,preds.pt#1205
1BA256,0021,CT-only,42,0.936245,23.662312,0.106704,preds.pt#1206
1BA256,0022,CT-only,42,0.933042,23.728787,0.118061,preds.pt#1207
1BA256,0023,CT-only,42,0.929250,23.545025,0.108143,preds.pt#1208
1BA256,0024,CT-only,42,0.924933,23.430514,0.104540,preds.pt#1209
1BA256,0025,CT-only,42,0.925190,23.424273,0.114819,preds.pt#1210
1BA256,0026,CT-only,42,0.924190,23.461087,0.144498,preds.pt#1211
1BA256,0027,CT-only,42,0.922588,23.482123,0.150481,preds.pt#1212
1BA256,0028,CT-only,42,0.917292,22.993665,0.150421,preds.pt#1213
1BA256,0029,CT-only,42,0.913618,22.916507,0.142833,preds.pt#1214
1BA256,0030,CT-only,42,0.911266,22.752944,0.140529,preds.pt#1215
1BA256,0031,CT-only,42,0.913136,22.877650,0.120194,preds.pt#1216
1BA256,0032,CT-only,42,0.908913,22.769966,0.110970,preds.pt#1217
1BA256,0033,CT-only,42,0.903463,22.576417,0.108053,preds.pt#1218
1BA256,0034,CT-only,42,0.901228,22.389581,0.108706,preds.pt#1219
1BA256,0035,CT-only,42,0.897395,22.186141,0.119972,preds.pt#1220
1BA256,0036,CT-only,42,0.895288,22.260023,0.112718,preds.pt#1221
1BA256,0037,CT-only,42,0.896211,22.529206,0.107938,preds.pt#1222
1BA256,0038,CT-only,42,0.900189,22.983247,0.111553,preds.pt#1223
1BA256,0039,CT-only,42,0.899554,23.069816,0.126750,preds.pt#1224
1BA256,0040,CT-only,42,0.897133,22.807761,0.121104,preds.pt#1225
1BA256,0041,CT-only,42,0.886672,22.463799,0.131812,preds.pt#1226
1BA256,0042,CT-only,42,0.869211,21.396503,0.164319,preds.pt#1227
1BA256,0043,CT-only,42,0.864781,21.073375,0.166384,preds.pt#1228
1BA256,0044,CT-only,42,0.857099,20.833845,0.161131,preds.pt#1229
1BA256,0045,CT-only,42,0.852485,20.288099,0.167602,preds.pt#1230
1BA256,0046,CT-only,42,0.832297,19.151446,0.167637,preds.pt#1231
1BA256,0047,CT-only,42,0.814456,18.172812,0.188489,preds.pt#1232
1BA256,0048,CT-only,42,0.792488,17.113119,0.211512,preds.pt#1233
1BA256,0049,CT-only,42,0.794679,18.062431,0.221593,preds.pt#1234
1BA256,0050,CT-only,42,0.801917,18.360640,0.193010,preds.pt#1235
1BA256,0051,CT-only,42,0.796917,17.824160,0.185941,preds.pt#1236
1BA256,0052,CT-only,42,0.804456,17.630949,0.208022,preds.pt#1237
1BA256,0053,CT-only,42,0.814137,18.558021,0.162535,preds.pt#1238
1BA256,0054,CT-only,42,0.825445,18.889464,0.149121,preds.pt#1239
1BA256,0055,CT-only,42,0.839476,19.614804,0.146723,preds.pt#1240
1BA256,0056,CT-only,42,0.859217,20.558955,0.154129,preds.pt#1241
1BA256,0057,CT-only,42,0.858519,20.501116,0.166618,preds.pt#1242
1BA256,0058,CT-only,42,0.860904,20.657916,0.156151,preds.pt#1243
1BA256,0059,CT-only,42,0.853028,20.090682,0.143231,preds.pt#1244
1BA256,0060,CT-only,42,0.850781,20.124851,0.131141,preds.pt#1245
1BA256,0061,CT-only,42,0.843763,20.050789,0.146892,preds.pt#1246
1BA256,0062,CT-only,42,0.835809,20.089914,0.147994,preds.pt#1247
1BA256,0063,CT-only,42,0.837728,20.453174,0.127210,preds.pt#1248
1BA256,0064,CT-only,42,0.834977,20.494937,0.140909,preds.pt#1249
1BA256,0065,CT-only,42,0.837952,20.806700,0.152016,preds.pt#1250
1BA256,0066,CT-only,42,0.836346,20.882591,0.144441,preds.pt#1251
1BA256,0067,CT-only,42,0.837965,20.819032,0.145498,preds.pt#1252
1BA256,0068,CT-only,42,0.838561,20.877697,0.139767,preds.pt#1253
1BA256,0069,CT-only,42,0.837704,20.726567,0.132981,preds.pt#1254
1BA256,0070,CT-only,42,0.833117,20.410823,0.123151,preds.pt#1255
1BA256,0071,CT-only,42,0.827206,20.240063,0.123141,preds.pt#1256
1BA256,0072,CT-only,42,0.825815,20.219172,0.132843,preds.pt#1257
1BA256,0073,CT-only,42,0.827689,20.163851,0.138428,preds.pt#1258
1BA256,0074,CT-only,42,0.826566,20.145914,0.145571,preds.pt#1259
1BA256,0075,CT-only,42,0.821164,20.024513,0.141087,preds.pt#1260
1BA256,0076,CT-only,42,0.807977,19.487962,0.131261,preds.pt#1261
1BA256,0077,CT-only,42,0.810816,19.513430,0.132569,preds.pt#1262
1BA256,0078,CT-only,42,0.803286,19.431377,0.146754,preds.pt#1263
1BA256,0079,CT-only,42,0.802749,19.479276,0.137115,preds.pt#1264
1BA256,0080,CT-only,42,0.801664,19.408393,0.134936,preds.pt#1265
1BA256,0081,CT-only,42,0.808144,19.448378,0.138689,preds.pt#1266
1BA256,0082,CT-only,42,0.802880,19.257214,0.135471,preds.pt#1267
1BA256,0083,CT-only,42,0.793507,19.317777,0.134152,preds.pt#1268
1BA256,0084,CT-only,42,0.788730,19.030727,0.133435,preds.pt#1269
1BA256,0085,CT-only,42,0.789078,18.906166,0.125034,preds.pt#1270
1BA256,0086,CT-only,42,0.788971,19.154400,0.124093,preds.pt#1271
1BA256,0087,CT-only,42,0.784414,19.056702,0.131455,preds.pt#1272
1BA256,0088,CT-only,42,0.774930,18.955011,0.123315,preds.pt#1273
1BA256,0089,CT-only,42,0.781447,19.344788,0.117862,preds.pt#1274
1BA256,0090,CT-only,42,0.774561,19.162121,0.122200,preds.pt#1275
1BA256,0091,CT-only,42,0.780510,19.173672,0.132720,preds.pt#1276
1BA256,0092,CT-only,42,0.789247,19.359448,0.117829,preds.pt#1277
1BA256,0093,CT-only,42,0.789231,19.622960,0.122343,preds.pt#1278
1BA256,0094,CT-only,42,0.789022,19.667202,0.126768,preds.pt#1279
1BA256,0095,CT-only,42,0.793191,19.570190,0.123657,preds.pt#1280
1BA256,0096,CT-only,42,0.789148,19.567613,0.126416,preds.pt#1281
1BA256,0097,CT-only,42,0.790570,19.705141,0.121021,preds.pt#1282
1BA256,0098,CT-only,42,0.782340,19.595860,0.114008,preds.pt#1283
1BA256,0099,CT-only,42,0.801427,19.803278,0.111964,preds.pt#1284
1BA256,0100,CT-only,42,0.810413,20.076515,0.102957,preds.pt#1285
1BA256,0101,CT-only,42,0.820163,20.274664,0.104295,preds.pt#1286
1BA256,0102,CT-only,42,0.833125,20.454659,0.108706,preds.pt#1287
1BA256,0103,CT-only,42,0.832424,20.537122,0.088279,preds.pt#1288
1BA256,0104,CT-only,42,0.838821,20.550816,0.092448,preds.pt#1289
1BA256,0105,CT-only,42,0.846507,20.438116,0.099043,preds.pt#1290
1BA256,0106,CT-only,42,0.851606,20.858526,0.097388,preds.pt#1291
1BA256,0107,CT-only,42,0.847278,20.651803,0.095766,preds.pt#1292
1BA256,0108,CT-only,42,0.838463,20.616409,0.107103,preds.pt#1293
1BA256,0109,CT-only,42,0.849974,20.694454,0.100534,preds.pt#1294
1BA256,0110,CT-only,42,0.838506,20.575112,0.090893,preds.pt#1295
1BA256,0111,CT-only,42,0.834181,20.432071,0.092972,preds.pt#1296
1BA256,0112,CT-only,42,0.836631,20.213866,0.096854,preds.pt#1297
1BA256,0113,CT-only,42,0.843151,20.404315,0.093608,preds.pt#1298
1BA256,0114,CT-only,42,0.838971,20.178256,0.096993,preds.pt#1299
1BA256,0115,CT-only,42,0.836295,20.258031,0.090155,preds.pt#1300
1BA256,0116,CT-only,42,0.848133,20.519510,0.101204,preds.pt#1301
1BA256,0117,CT-only,42,0.844495,20.518059,0.101457,preds.pt#1302
1BA256,0118,CT-only,42,0.849169,20.849581,0.103783,preds.pt#1303
1BA256,0119,CT-only,42,0.859768,21.242420,0.102734,preds.pt#1304
1BA256,0120,CT-only,42,0.858539,21.231404,0.095143,preds.pt#1305
1BA256,0121,CT-only,42,0.851883,20.851645,0.102614,preds.pt#1306
1BA256,0122,CT-only,42,0.850742,20.672279,0.098673,preds.pt#1307
1BA256,0123,CT-only,42,0.855425,20.934850,0.096588,preds.pt#1308
1BA256,0124,CT-only,42,0.857294,21.135452,0.080548,preds.pt#1309
1BA256,0125,CT-only,42,0.854842,20.856745,0.078136,preds.pt#1310
1BA256,0126,CT-only,42,0.847890,20.786411,0.078866,preds.pt#1311
1BA256,0127,CT-only,42,0.853973,20.913739,0.080176,preds.pt#1312
1BA256,0128,CT-only,42,0.852523,20.905937,0.084538,preds.pt#1313
1BA256,0129,CT-only,42,0.849422,20.663687,0.090847,preds.pt#1314
1BA256,0130,CT-only,42,0.857203,20.516041,0.079353,preds.pt#1315
1BA256,0131,CT-only,42,0.866401,21.285480,0.074698,preds.pt#1316
1BA256,0132,CT-only,42,0.863974,21.252636,0.076303,preds.pt#1317
1BA256,0133,CT-only,42,0.863012,21.229081,0.077476,preds.pt#1318
1BA256,0134,CT-only,42,0.865931,21.172025,0.067981,preds.pt#1319
1BA256,0135,CT-only,42,0.868456,21.191417,0.064522,preds.pt#1320
1BA256,0136,CT-only,42,0.870497,21.055416,0.066349,preds.pt#1321
1BA256,0137,CT-only,42,0.874212,21.504287,0.063127,preds.pt#1322
1BA256,0138,CT-only,42,0.869331,21.394640,0.066552,preds.pt#1323
1BA256,0139,CT-only,42,0.866812,21.264162,0.064443,preds.pt#1324
1BA256,0140,CT-only,42,0.866759,21.133438,0.069473,preds.pt#1325
1BA256,0141,CT-only,42,0.856431,21.071056,0.071424,preds.pt#1326
1BA256,0142,CT-only,42,0.857848,21.279199,0.076475,preds.pt#1327
1BA256,0143,CT-only,42,0.862303,21.536130,0.068228,preds.pt#1328
1BA256,0144,CT-only,42,0.864830,21.378586,0.068104,preds.pt#1329
1BA256,0145,CT-only,42,0.858646,21.285297,0.063112,preds.pt#1330
1BA256,0146,CT-only,42,0.865029,21.619965,0.065636,preds.pt#1331
1BA256,0147,CT-only,42,0.864511,21.766507,0.068510,preds.pt#1332
1BA256,0148,CT-only,42,0.860906,21.469495,0.069322,preds.pt#1333
1BA256,0149,CT-only,42,0.863968,21.430638,0.055429,preds.pt#1334
1BA256,0150,CT-only,42,0.860798,21.364900,0.053573,preds.pt#1335
1BA256,0151,CT-only,42,0.863047,22.031466,0.051849,preds.pt#1336
1BA256,0152,CT-only,42,0.853259,21.730986,0.070832,preds.pt#1337
1BA256,0153,CT-only,42,0.859072,22.057850,0.064354,preds.pt#1338
1BA256,0154,CT-only,42,0.853248,21.829597,0.064727,preds.pt#1339
1BA256,0155,CT-only,42,0.860264,22.153449,0.059182,preds.pt#1340
1BA256,0156,CT-only,42,0.864789,22.267467,0.058367,preds.pt#1341
1BA256,0157,CT-only,42,0.872339,22.687717,0.059269,preds.pt#1342
1BA256,0158,CT-only,42,0.864438,22.232645,0.067082,preds.pt#1343
1BA256,0159,CT-only,42,0.865155,21.888124,0.063369,preds.pt#1344
1BA256,0160,CT-only,42,0.870253,22.005156,0.069333,preds.pt#1345
1BA256,0161,CT-only,42,0.876161,22.331665,0.069064,preds.pt#1346
1BA256,0162,CT-only,42,0.875977,22.385475,0.058918,preds.pt#1347
1BA256,0163,CT-only,42,0.882343,22.570460,0.062824,preds.pt#1348
1BA256,0164,CT-only,42,0.880260,22.749539,0.055628,preds.pt#1349
1BA256,0165,CT-only,42,0.888621,23.143119,0.052952,preds.pt#1350
1BA256,0166,CT-only,42,0.895756,23.160758,0.057747,preds.pt#1351
1BA256,0167,CT-only,42,0.895782,22.854784,0.050829,preds.pt#1352
1BA256,0168,CT-only,42,0.894918,22.696981,0.050899,preds.pt#1353
1BA256,0169,CT-only,42,0.894839,22.766543,0.046701,preds.pt#1354
1BA256,0170,CT-only,42,0.900095,22.905623,0.039378,preds.pt#1355
1BA256,0171,CT-only,42,0.910925,23.347087,0.038883,preds.pt#1356
1BA256,0172,CT-only,42,0.903344,22.934738,0.048929,preds.pt#1357
1BA256,0173,CT-only,42,0.914621,23.016078,0.052215,preds.pt#1358
1BA256,0174,CT-only,42,0.907023,22.691283,0.047671,preds.pt#1359
1BA256,0175,CT-only,42,0.901738,22.687028,0.043056,preds.pt#1360
1BA256,0176,CT-only,42,0.912818,23.130065,0.048841,preds.pt#1361
1BA256,0177,CT-only,42,0.917780,23.440309,0.052496,preds.pt#1362
1BA256,0178,CT-only,42,0.920552,23.361701,0.047046,preds.pt#1363
1BA256,0179,CT-only,42,0.924303,23.680871,0.050505,preds.pt#1364
1BA256,0180,CT-only,42,0.928991,23.847076,0.041963,preds.pt#1365
1BA256,0181,CT-only,42,0.934627,23.894765,0.044872,preds.pt#1366
1BA256,0182,CT-only,42,0.932849,23.432275,0.045023,preds.pt#1367
1BA256,0183,CT-only,42,0.936238,23.328085,0.051071,preds.pt#1368
1BA256,0184,CT-only,42,0.939516,23.665462,0.045278,preds.pt#1369
1BA256,0185,CT-only,42,0.937614,23.670529,0.043081,preds.pt#1370
1BA256,0186,CT-only,42,0.935303,23.587786,0.042560,preds.pt#1371
1BA256,0187,CT-only,42,0.931264,23.377006,0.047098,preds.pt#1372
1BA256,0188,CT-only,42,0.932545,23.275389,0.047323,preds.pt#1373
1BA256,0189,CT-only,42,0.931656,23.446406,0.035113,preds.pt#1374
1BA256,0190,CT-only,42,0.926638,23.382149,0.044928,preds.pt#1375
1BA256,0191,CT-only,42,0.924076,23.218108,0.044796,preds.pt#1376
1BA256,0192,CT-only,42,0.922677,23.468295,0.031244,preds.pt#1377
1BA256,0193,CT-only,42,0.919824,23.351038,0.051080,preds.pt#1378
1BA256,0194,CT-only,42,0.926105,24.097663,0.056328,preds.pt#1379
1BA256,0195,CT-only,42,0.929390,24.465566,0.063398,preds.pt#1380
1BA256,0196,CT-only,42,0.932787,24.686275,0.062281,preds.pt#1381
1BA256,0197,CT-only,42,0.936245,24.435497,0.068821,preds.pt#1382
1BA256,0198,CT-only,42,0.944751,24.908268,0.055356,preds.pt#1383
1BA256,0199,CT-only,42,0.942710,24.359699,0.065631,preds.pt#1384
1BA256,0200,CT-only,42,0.943204,24.295345,0.088301,preds.pt#1385
1BA256,0201,CT-only,42,0.947928,28.270369,0.101853,preds.pt#1386
1BA256,0202,CT-only,42,0.940786,29.930732,0.054460,preds.pt#1387
1BA256,0203,CT-only,42,0.932928,28.451398,0.092444,preds.pt#1388
1BA328,0001,CT-only,42,0.979508,36.778122,0.101619,preds.pt#1389
1BA328,0002,CT-only,42,0.978191,35.179947,0.108909,preds.pt#1390
1BA328,0003,CT-only,42,0.977519,34.674066,0.090970,preds.pt#1391
1BA328,0004,CT-only,42,0.968771,32.210327,0.082377,preds.pt#1392
1BA328,0005,CT-only,42,0.959201,30.085753,0.107657,preds.pt#1393
1BA328,0006,CT-only,42,0.954111,28.504616,0.102340,preds.pt#1394
1BA328,0007,CT-only,42,0.947092,27.064566,0.090947,preds.pt#1395
1BA328,0008,CT-only,42,0.938289,25.729065,0.102015,preds.pt#1396
1BA328,0009,CT-only,42,0.938947,25.367844,0.098227,preds.pt#1397
1BA328,0010,CT-only,42,0.930029,24.010532,0.116022,preds.pt#1398
1BA328,0011,CT-only,42,0.924721,22.954076,0.132015,preds.pt#1399
1BA328,0012,CT-only,42,0.924019,22.671302,0.124114,preds.pt#1400
1BA328,0013,CT-only,42,0.919957,22.362262,0.127528,preds.pt#1401
1BA328,0014,CT-only,42,0.922999,22.332192,0.111455,preds.pt#1402
1BA328,0015,CT-only,42,0.919228,21.865293,0.112539,preds.pt#1403
1BA328,0016,CT-only,42,0.914451,21.594589,0.114556,preds.pt#1404
1BA328,0017,CT-only,42,0.909579,21.101490,0.093507,preds.pt#1405
1BA328,0018,CT-only,42,0.912171,20.853502,0.110036,preds.pt#1406
1BA328,0019,CT-only,42,0.908861,19.495271,0.140031,preds.pt#1407
1BA328,0020,CT-only,42,0.896312,18.473805,0.157101,preds.pt#1408
1BA328,0021,CT-only,42,0.885890,17.487269,0.177608,preds.pt#1409
1BA328,0022,CT-only,42,0.880571,17.330175,0.182009,preds.pt#1410
1BA328,0023,CT-only,42,0.878233,17.392597,0.177757,preds.pt#1411
1BA328,0024,CT-only,42,0.869968,16.627445,0.192439,preds.pt#1412
1BA328,0025,CT-only,42,0.863406,16.440781,0.186165,preds.pt#1413
1BA328,0026,CT-only,42,0.859435,16.419902,0.182315,preds.pt#1414
1BA328,0027,CT-only,42,0.855752,16.035154,0.184127,preds.pt#1415
1BA328,0028,CT-only,42,0.851165,16.689823,0.152421,preds.pt#1416
1BA328,0029,CT-only,42,0.840808,15.739464,0.168481,preds.pt#1417
1BA328,0030,CT-only,42,0.840875,15.984495,0.169402,preds.pt#1418
1BA328,0031,CT-only,42,0.851881,17.941004,0.155986,preds.pt#1419
1BA328,0032,CT-only,42,0.839454,16.834017,0.160291,preds.pt#1420
1BA328,0033,CT-only,42,0.843760,17.438678,0.155277,preds.pt#1421
1BA328,0034,CT-only,42,0.830479,16.137810,0.150014,preds.pt#1422
1BA328,0035,CT-only,42,0.822411,16.089850,0.161487,preds.pt#1423
1BA328,0036,CT-only,42,0.828387,17.340643,0.154617,preds.pt#1424
1BA328,0037,CT-only,42,0.799624,15.513018,0.199476,preds.pt#1425
1BA328,0038,CT-only,42,0.802762,16.557206,0.198041,preds.pt#1426
1BA328,0039,CT-only,42,0.786774,15.192071,0.206153,preds.pt#1427
1BA328,0040,CT-only,42,0.790364,15.414228,0.199003,preds.pt#1428
1BA328,0041,CT-only,42,0.788756,15.308515,0.207099,preds.pt#1429
1BA328,0042,CT-only,42,0.776906,14.749958,0.215545,preds.pt#1430
1BA328,0043,CT-only,42,0.793514,16.054121,0.216584,preds.pt#1431
1BA328,0044,CT-only,42,0.771482,14.773601,0.228029,preds.pt#1432
1BA328,0045,CT-only,42,0.780937,15.706046,0.229823,preds.pt#1433
1BA328,0046,CT-only,42,0.775808,15.851407,0.208039,preds.pt#1434
1BA328,0047,CT-only,42,0.755478,14.999004,0.229890,preds.pt#1435
1BA328,0048,CT-only,42,0.751010,15.180613,0.232875,preds.pt#1436
1BA328,0049,CT-only,42,0.752459,15.377655,0.221949,preds.pt#1437
1BA328,0050,CT-only,42,0.749361,15.442286,0.206710,preds.pt#1438
1BA328,0051,CT-only,42,0.753407,15.415809,0.194299,preds.pt#1439
1BA328,0052,CT-only,42,0.745724,15.161168,0.184572,preds.pt#1440
1BA328,0053,CT-only,42,0.747022,15.002026,0.195323,preds.pt#1441
1BA328,0054,CT-only,42,0.774166,15.785306,0.187539,preds.pt#1442
1BA328,0055,CT-only,42,0.783910,16.812027,0.169658,preds.pt#1443
1BA328,0056,CT-only,42,0.791384,17.326309,0.150029,preds.pt#1444
1BA328,0057,CT-only,42,0.797351,17.804539,0.155435,preds.pt#1445
1BA328,0058,CT-only,42,0.802165,18.250525,0.130751,preds.pt#1446
1BA328,0059,CT-only,42,0.799776,18.447121,0.137454,preds.pt#1447
1BA328,0060,CT-only,42,0.796204,18.514962,0.143689,preds.pt#1448
1BA328,0061,CT-only,42,0.795371,18.498156,0.150982,preds.pt#1449
1BA328,0062,CT-only,42,0.785549,18.438624,0.148056,preds.pt#1450
1BA328,0063,CT-only,42,0.788186,18.697790,0.130761,preds.pt#1451
1BA328,0064,CT-only,42,0.786720,18.733291,0.145953,preds.pt#1452
1BA328,0065,CT-only,42,0.800632,18.868887,0.154952,preds.pt#1453
1BA328,0066,CT-only,42,0.792699,18.476560,0.165739,preds.pt#1454
1BA328,0067,CT-only,42,0.791991,18.656752,0.164117,preds.pt#1455
1BA328,0068,CT-only,42,0.783399,18.488052,0.142496,preds.pt#1456
1BA328,0069,CT-only,42,0.773148,18.369674,0.146231,preds.pt#1457
1BA328,0070,CT-only,42,0.782208,18.345373,0.145974,preds.pt#1458
1BA328,0071,CT-only,42,0.788249,18.678224,0.142641,preds.pt#1459
1BA328,0072,CT-only,42,0.782772,18.592773,0.156188,preds.pt#1460
1BA328,0073,CT-only,42,0.783376,18.841667,0.159218,preds.pt#1461
1BA328,0074,CT-only,42,0.795336,19.267143,0.166019,preds.pt#1462
1BA328,0075,CT-only,42,0.801622,19.331169,0.160795,preds.pt#1463
1BA328,0076,CT-only,42,0.795170,19.260867,0.154357,preds.pt#1464
1BA328,0077,CT-only,42,0.786572,19.010623,0.156261,preds.pt#1465
1BA328,0078,CT-only,42,0.791164,18.900829,0.141390,preds.pt#1466
1BA328,0079,CT-only,42,0.791821,19.158110,0.153450,preds.pt#1467
1BA328,0080,CT-only,42,0.778355,18.800707,0.162411,preds.pt#1468
1BA328,0081,CT-only,42,0.774539,18.484491,0.169343,preds.pt#1469
1BA328,0082,CT-only,42,0.785445,18.932267,0.170408,preds.pt#1470
1BA328,0083,CT-only,42,0.790805,19.298367,0.152739,preds.pt#1471
1BA328,0084,CT-only,42,0.797245,19.681841,0.159620,preds.pt#1472
1BA328,0085,CT-only,42,0.798134,19.756202,0.160151,preds.pt#1473
1BA328,0086,CT-only,42,0.793045,19.564668,0.159924,preds.pt#1474
1BA328,0087,CT-only,42,0.788134,19.385009,0.161849,preds.pt#1475
1BA328,0088,CT-only,42,0.780951,19.186397,0.145564,preds.pt#1476
1BA328,0089,CT-only,42,0.787758,19.265645,0.135890,preds.pt#1477
1BA328,0090,CT-only,42,0.795931,19.513060,0.141358,preds.pt#1478
1BA328,0091,CT-only,42,0.796655,19.525018,0.134412,preds.pt#1479
1BA328,0092,CT-only,42,0.797491,19.621472,0.134034,preds.pt#1480
1BA328,0093,CT-only,42,0.797799,19.532942,0.135123,preds.pt#1481
1BA328,0094,CT-only,42,0.799026,19.399712,0.141072,preds.pt#1482
1BA328,0095,CT-only,42,0.797917,19.314212,0.134710,preds.pt#1483
1BA328,0096,CT-only,42,0.805328,19.293123,0.135809,preds.pt#1484
1BA328,0097,CT-only,42,0.816472,19.514212,0.101362,preds.pt#1485
1BA328,0098,CT-only,42,0.818138,19.684728,0.110295,preds.pt#1486
1BA328,0099,CT-only,42,0.821810,19.591686,0.098777,preds.pt#1487
1BA328,0100,CT-only,42,0.812590,19.151117,0.106387,preds.pt#1488
1BA328,0101,CT-only,42,0.803733,18.891262,0.106349,preds.pt#1489
1BA328,0102,CT-only,42,0.814085,19.121748,0.097000,preds.pt#1490
1BA328,0103,CT-only,42,0.824613,19.479077,0.093260,preds.pt#1491
1BA328,0104,CT-only,42,0.831394,19.674815,0.090379,preds.pt#1492
1BA328,0105,CT-only,42,0.818731,19.425915,0.090713,preds.pt#1493
1BA328,0106,CT-only,42,0.820067,19.610447,0.082013,preds.pt#1494
1BA328,0107,CT-only,42,0.831991,19.912783,0.079453,preds.pt#1495
1BA328,0108,CT-only,42,0.825659,19.720293,0.092616,preds.pt#1496
1BA328,0109,CT-only,42,0.826849,19.683597,0.092204,preds.pt#1497
1BA328,0110,CT-only,42,0.822888,19.163819,0.096950,preds.pt#1498
1BA328,0111,CT-only,42,0.835639,19.908886,0.087093,preds.pt#1499
1BA328,0112,CT-only,42,0.842789,20.154875,0.090508,preds.pt#1500
1BA328,0113,CT-only,42,0.830945,19.950851,0.095228,preds.pt#1501
1BA328,0114,CT-only,42,0.834428,20.054672,0.091751,preds.pt#1502
1BA328,0115,CT-only,42,0.836900,20.112301,0.086849,preds.pt#1503
1BA328,0116,CT-only,42,0.842251,20.176694,0.084304,preds.pt#1504
1BA328,0117,CT-only,42,0.833499,19.847720,0.076932,preds.pt#1505
1BA328,0118,CT-only,42,0.838491,20.074758,0.077583,preds.pt#1506
1BA328,0119,CT-only,42,0.835000,19.926256,0.076500,preds.pt#1507
1BA328,0120,CT-only,42,0.840536,20.013174,0.074002,preds.pt#1508
1BA328,0121,CT-only,42,0.843801,20.041401,0.076840,preds.pt#1509
1BA328,0122,CT-only,42,0.848642,20.201374,0.068732,preds.pt#1510
1BA328,0123,CT-only,42,0.848017,20.190656,0.066840,preds.pt#1511
1BA328,0124,CT-only,42,0.852752,20.604149,0.060028,preds.pt#1512
1BA328,0125,CT-only,42,0.858141,20.780140,0.062418,preds.pt#1513
1BA328,0126,CT-only,42,0.866392,20.946273,0.063505,preds.pt#1514
1BA328,0127,CT-only,42,0.870034,21.209898,0.060514,preds.pt#1515
1BA328,0128,CT-only,42,0.875289,21.404700,0.067884,preds.pt#1516
1BA328,0129,CT-only,42,0.874897,21.451084,0.067723,preds.pt#1517
1BA328,0130,CT-only,42,0.871699,21.409884,0.064967,preds.pt#1518
1BA328,0131,CT-only,42,0.874398,21.490317,0.070741,preds.pt#1519
1BA328,0132,CT-only,42,0.885438,21.940656,0.068655,preds.pt#1520
1BA328,0133,CT-only,42,0.882263,21.995031,0.074423,preds.pt#1521
1BA328,0134,CT-only,42,0.880915,21.752580,0.077745,preds.pt#1522
1BA328,0135,CT-only,42,0.881338,22.009700,0.082204,preds.pt#1523
1BA328,0136,CT-only,42,0.880297,21.980617,0.073595,preds.pt#1524
1BA328,0137,CT-only,42,0.884750,21.898393,0.068886,preds.pt#1525
1BA328,0138,CT-only,42,0.883387,21.739078,0.069494,preds.pt#1526
1BA328,0139,CT-only,42,0.894176,22.189686,0.060094,preds.pt#1527
1BA328,0140,CT-only,42,0.883277,21.607062,0.055804,preds.pt#1528
1BA328,0141,CT-only,42,0.884440,21.600108,0.063698,preds.pt#1529
1BA328,0142,CT-only,42,0.883836,21.460204,0.063597,preds.pt#1530
1BA328,0143,CT-only,42,0.882054,21.244807,0.062167,preds.pt#1531
1BA328,0144,CT-only,42,0.872622,21.127914,0.064597,preds.pt#1532
1BA328,0145,CT-only,42,0.872925,21.273905,0.065976,preds.pt#1533
1BA328,0146,CT-only,42,0.884528,21.503787,0.067134,preds.pt#1534
1BA328,0147,CT-only,42,0.882670,21.466832,0.071721,preds.pt#1535
1BA328,0148,CT-only,42,0.885955,21.386583,0.072306,preds.pt#1536
1BA328,0149,CT-only,42,0.887313,21.519294,0.059398,preds.pt#1537
1BA328,0150,CT-only,42,0.881967,21.068403,0.052706,preds.pt#1538
1BA328,0151,CT-only,42,0.886997,21.110999,0.060148,preds.pt#1539
1BA328,0152,CT-only,42,0.882413,20.796297,0.063244,preds.pt#1540
1BA328,0153,CT-only,42,0.886597,20.653170,0.063457,preds.pt#1541
1BA328,0154,CT-only,42,0.889856,20.708818,0.061101,preds.pt#1542
1BA328,0155,CT-only,42,0.895698,20.848112,0.053544,preds.pt#1543
1BA328,0156,CT-only,42,0.904498,21.280146,0.057336,preds.pt#1544
1BA328,0157,CT-only,42,0.902676,21.260753,0.047505,preds.pt#1545
1BA328,0158,CT-only,42,0.904493,21.451024,0.052600,preds.pt#1546
1BA328,0159,CT-only,42,0.910552,21.575476,0.052600,preds.pt#1547
1BA328,0160,CT-only,42,0.913440,21.849962,0.047821,preds.pt#1548
1BA328,0161,CT-only,42,0.914846,21.707735,0.041537,preds.pt#1549
1BA328,0162,CT-only,42,0.917273,21.704160,0.048334,preds.pt#1550
1BA328,0163,CT-only,42,0.918963,21.596467,0.042342,preds.pt#1551
1BA328,0164,CT-only,42,0.920093,21.724933,0.047627,preds.pt#1552
1BA328,0165,CT-only,42,0.923357,21.872351,0.047324,preds.pt#1553
1BA328,0166,CT-only,42,0.922511,22.015642,0.039758,preds.pt#1554
1BA328,0167,CT-only,42,0.925010,22.241092,0.039974,preds.pt#1555
1BA328,0168,CT-only,42,0.926284,22.523296,0.038911,preds.pt#1556
1BA328,0169,CT-only,42,0.925237,22.605858,0.035402,preds.pt#1557
1BA328,0170,CT-only,42,0.927175,22.754336,0.034680,preds.pt#1558
1BA328,0171,CT-only,42,0.930426,22.857116,0.036125,preds.pt#1559
1BA328,0172,CT-only,42,0.932578,22.924063,0.032052,preds.pt#1560
1BA328,0173,CT-only,42,0.932964,22.902915,0.030789,preds.pt#1561
1BA328,0174,CT-only,42,0.936238,23.106943,0.029288,preds.pt#1562
1BA328,0175,CT-only,42,0.937662,23.519968,0.027696,preds.pt#1563
1BA328,0176,CT-only,42,0.935585,23.272612,0.035621,preds.pt#1564
1BA328,0177,CT-only,42,0.936153,23.525152,0.033766,preds.pt#1565
1BA328,0178,CT-only,42,0.937418,23.763491,0.033067,preds.pt#1566
1BA328,0179,CT-only,42,0.939887,23.921500,0.035119,preds.pt#1567
1BA328,0180,CT-only,42,0.937014,23.705403,0.037105,preds.pt#1568
1BA328,0181,CT-only,42,0.935640,23.948423,0.039249,preds.pt#1569
1BA328,0182,CT-only,42,0.936315,24.265557,0.053623,preds.pt#1570
1BA328,0183,CT-only,42,0.932643,24.281231,0.050921,preds.pt#1571
1BA328,0184,CT-only,42,0.925860,24.137165,0.050685,preds.pt#1572
1BA328,0185,CT-only,42,0.914709,24.031372,0.046273,preds.pt#1573
1BA328,0186,CT-only,42,0.905184,23.732303,0.059408,preds.pt#1574
1BA328,0187,CT-only,42,0.905357,24.224752,0.083416,preds.pt#1575
1BA328,0188,CT-only,42,0.909039,25.087578,0.070503,preds.pt#1576
1BA328,0189,CT-only,42,0.908983,25.546496,0.115787,preds.pt#1577
1BA328,0190,CT-only,42,0.916797,26.027300,0.092413,preds.pt#1578
1BA328,0191,CT-only,42,0.922008,26.429091,0.067679,preds.pt#1579
1BA328,0192,CT-only,42,0.929472,28.204261,0.066712,preds.pt#1580
1BA328,0193,CT-only,42,0.936572,29.556302,0.049058,preds.pt#1581
1BA328,0194,CT-only,42,0.939064,30.189861,0.047468,preds.pt#1582
1BA328,0195,CT-only,42,0.943827,29.997415,0.045273,preds.pt#1583
1BA328,0196,CT-only,42,0.943073,29.594923,0.083677,preds.pt#1584
1BA328,0197,CT-only,42,0.944529,28.107699,0.128537,preds.pt#1585
1BA328,0198,CT-only,42,0.939390,30.944143,0.040110,preds.pt#1586
1BB002,0000,CT-only,42,0.564347,10.703558,0.567765,preds.pt#1587
1BB002,0001,CT-only,42,0.579729,10.831175,0.513101,preds.pt#1588
1BB002,0002,CT-only,42,0.590141,11.218466,0.454684,preds.pt#1589
1BB002,0003,CT-only,42,0.605759,11.884189,0.413766,preds.pt#1590
1BB002,0004,CT-only,42,0.613217,12.622354,0.376486,preds.pt#1591
1BB002,0005,CT-only,42,0.627340,13.400024,0.350984,preds.pt#1592
1BB002,0006,CT-only,42,0.631178,14.088097,0.290827,preds.pt#1593
1BB002,0007,CT-only,42,0.667339,15.582252,0.251810,preds.pt#1594
1BB002,0008,CT-only,42,0.703590,17.633274,0.203322,preds.pt#1595
1BB002,0009,CT-only,42,0.719284,17.596234,0.177565,preds.pt#1596
1BB002,0010,CT-only,42,0.711938,17.194557,0.178103,preds.pt#1597
1BB002,0011,CT-only,42,0.714490,17.429460,0.180868,preds.pt#1598
1BB002,0012,CT-only,42,0.716671,17.452693,0.196120,preds.pt#1599
1BB002,0013,CT-only,42,0.718297,17.628195,0.208332,preds.pt#1600
1BB002,0014,CT-only,42,0.716603,17.661653,0.216366,preds.pt#1601
1BB002,0015,CT-only,42,0.716486,17.595539,0.210578,preds.pt#1602
1BB002,0016,CT-only,42,0.715567,17.574006,0.206112,preds.pt#1603
1BB002,0017,CT-only,42,0.715313,17.501604,0.211802,preds.pt#1604
1BB002,0018,CT-only,42,0.714271,17.387205,0.215009,preds.pt#1605
1BB002,0019,CT-only,42,0.715134,17.312205,0.212554,preds.pt#1606
1BB002,0020,CT-only,42,0.717647,17.392353,0.202987,preds.pt#1607
1BB002,0021,CT-only,42,0.720989,17.279965,0.209587,preds.pt#1608
1BB002,0022,CT-only,42,0.727049,17.720142,0.199144,preds.pt#1609
1BB002,0023,CT-only,42,0.725464,17.731630,0.182474,preds.pt#1610
1BB002,0024,CT-only,42,0.733342,17.780047,0.175705,preds.pt#1611
1BB002,0025,CT-only,42,0.732145,17.813974,0.171191,preds.pt#1612
1BB002,0026,CT-only,42,0.732020,17.877698,0.171927,preds.pt#1613
1BB002,0027,CT-only,42,0.734760,17.685094,0.167275,preds.pt#1614
1BB002,0028,CT-only,42,0.747416,17.810609,0.178041,preds.pt#1615
1BB002,0029,CT-only,42,0.755197,18.258780,0.155096,preds.pt#1616
1BB002,0030,CT-only,42,0.754052,18.069458,0.149479,preds.pt#1617
1BB002,0031,CT-only,42,0.764859,18.225028,0.139756,preds.pt#1618
1BB002,0032,CT-only,42,0.770863,18.350979,0.138388,preds.pt#1619
1BB002,0033,CT-only,42,0.768972,18.259594,0.134130,preds.pt#1620
1BB002,0034,CT-only,42,0.770490,18.387268,0.137502,preds.pt#1621
1BB002,0035,CT-only,42,0.758786,18.072662,0.155193,preds.pt#1622
1BB002,0036,CT-only,42,0.765689,18.472145,0.140712,preds.pt#1623
1BB002,0037,CT-only,42,0.756434,18.140630,0.144320,preds.pt#1624
1BB002,0038,CT-only,42,0.759103,17.780207,0.144722,preds.pt#1625
1BB002,0039,CT-only,42,0.765061,17.778084,0.149025,preds.pt#1626
1BB002,0040,CT-only,42,0.756384,17.627368,0.157987,preds.pt#1627
1BB002,0041,CT-only,42,0.759301,17.592132,0.153972,preds.pt#1628
1BB002,0042,CT-only,42,0.758686,17.664487,0.141850,preds.pt#1629
1BB002,0043,CT-only,42,0.755070,17.735797,0.165914,preds.pt#1630
1BB002,0044,CT-only,42,0.772069,18.246969,0.161820,preds.pt#1631
1BB002,0045,CT-only,42,0.766268,18.081472,0.173495,preds.pt#1632
1BB002,0046,CT-only,42,0.778313,18.508084,0.179219,preds.pt#1633
1BB002,0047,CT-only,42,0.774250,18.438252,0.170818,preds.pt#1634
1BB002,0048,CT-only,42,0.777756,18.493772,0.156053,preds.pt#1635
1BB002,0049,CT-only,42,0.771972,18.545549,0.152625,preds.pt#1636
1BB002,0050,CT-only,42,0.767180,18.442244,0.147152,preds.pt#1637
1BB002,0051,CT-only,42,0.767709,18.293012,0.143041,preds.pt#1638
1BB002,0052,CT-only,42,0.776675,18.530312,0.136198,preds.pt#1639
1BB002,0053,CT-only,42,0.773817,18.555359,0.144648,preds.pt#1640
1BB002,0054,CT-only,42,0.767525,18.310971,0.135271,preds.pt#1641
1BB002,0055,CT-only,42,0.758173,18.022970,0.135492,preds.pt#1642
1BB002,0056,CT-only,42,0.744523,17.688065,0.151584,preds.pt#1643
1BB002,0057,CT-only,42,0.744248,17.944310,0.153916,preds.pt#1644
1BB002,0058,CT-only,42,0.753533,18.075931,0.155607,preds.pt#1645
1BB002,0059,CT-only,42,0.747926,18.059960,0.161905,preds.pt#1646
1BB002,0060,CT-only,42,0.743927,18.059345,0.157091,preds.pt#1647
1BB002,0061,CT-only,42,0.737792,17.940826,0.153458,preds.pt#1648
1BB002,0062,CT-only,42,0.734676,17.841474,0.162894,preds.pt#1649
1BB002,0063,CT-only,42,0.732875,17.758957,0.165212,preds.pt#1650
1BB002,0064,CT-only,42,0.745217,18.077174,0.168343,preds.pt#1651
1BB002,0065,CT-only,42,0.745843,17.892514,0.166355,preds.pt#1652
1BB002,0066,CT-only,42,0.739925,17.651393,0.153971,preds.pt#1653
1BB002,0067,CT-only,42,0.743467,17.707748,0.151654,preds.pt#1654
1BB002,0068,CT-only,42,0.746477,17.899352,0.149895,preds.pt#1655
1BB002,0069,CT-only,42,0.743179,17.799219,0.145852,preds.pt#1656
1BB002,0070,CT-only,42,0.738772,17.563163,0.148138,preds.pt#1657
1BB002,0071,CT-only,42,0.715601,17.346526,0.148055,preds.pt#1658
1BB002,0072,CT-only,42,0.726312,17.820677,0.150055,preds.pt#1659
1BB002,0073,CT-only,42,0.726216,17.878043,0.145196,preds.pt#1660
1BB002,0074,CT-only,42,0.691814,17.317387,0.147977,preds.pt#1661
1BB002,0075,CT-only,42,0.697215,17.374261,0.127747,preds.pt#1662
1BB002,0076,CT-only,42,0.699507,17.503745,0.117640,preds.pt#1663
1BB002,0077,CT-only,42,0.709913,17.726111,0.118896,preds.pt#1664
1BB002,0078,CT-only,42,0.704022,17.834585,0.117019,preds.pt#1665
1BB002,0079,CT-only,42,0.697747,17.740383,0.118671,preds.pt#1666
1BB002,0080,CT-only,42,0.707983,17.834146,0.122056,preds.pt#1667
1BB002,0081,CT-only,42,0.712110,18.018941,0.112846,preds.pt#1668
1BB002,0082,CT-only,42,0.716767,18.117773,0.110517,preds.pt#1669
1BB002,0083,CT-only,42,0.717057,17.961619,0.104665,preds.pt#1670
1BB002,0084,CT-only,42,0.715023,17.906819,0.104360,preds.pt#1671
1BB002,0085,CT-only,42,0.725654,17.992807,0.098894,preds.pt#1672
1BB002,0086,CT-only,42,0.738082,18.307049,0.090383,preds.pt#1673
1BB002,0087,CT-only,42,0.744034,18.355069,0.097781,preds.pt#1674
1BB002,0088,CT-only,42,0.746367,18.401462,0.102437,preds.pt#1675
1BB002,0089,CT-only,42,0.754346,18.490804,0.110086,preds.pt#1676
1BB002,0090,CT-only,42,0.751540,18.451735,0.116867,preds.pt#1677
1BB002,0091,CT-only,42,0.748464,18.562092,0.106989,preds.pt#1678
1BB002,0092,CT-only,42,0.759765,18.854483,0.102700,preds.pt#1679
1BB002,0093,CT-only,42,0.765459,19.024774,0.097445,preds.pt#1680
1BB002,0094,CT-only,42,0.761660,19.002022,0.103482,preds.pt#1681
1BB002,0095,CT-only,42,0.761479,19.100455,0.102487,preds.pt#1682
1BB002,0096,CT-only,42,0.775626,19.289928,0.090030,preds.pt#1683
1BB002,0097,CT-only,42,0.775151,19.228896,0.098831,preds.pt#1684
1BB002,0098,CT-only,42,0.772424,18.888143,0.096615,preds.pt#1685
1BB002,0099,CT-only,42,0.787725,19.251961,0.094739,preds.pt#1686
1BB002,0100,CT-only,42,0.796559,19.693942,0.082243,preds.pt#1687
1BB002,0101,CT-only,42,0.796476,19.900686,0.085003,preds.pt#1688
1BB002,0102,CT-only,42,0.795635,19.837598,0.092283,preds.pt#1689
1BB002,0103,CT-only,42,0.801272,20.156303,0.088619,preds.pt#1690
1BB002,0104,CT-only,42,0.814031,20.201684,0.074341,preds.pt#1691
1BB002,0105,CT-only,42,0.813557,20.382388,0.072177,preds.pt#1692
1BB002,0106,CT-only,42,0.801844,20.329870,0.077626,preds.pt#1693
1BB002,0107,CT-only,42,0.804544,20.418391,0.071291,preds.pt#1694
1BB002,0108,CT-only,42,0.803308,20.259958,0.067627,preds.pt#1695
1BB002,0109,CT-only,42,0.802970,20.203232,0.072704,preds.pt#1696
1BB002,0110,CT-only,42,0.803543,20.193882,0.082663,preds.pt#1697
1BB002,0111,CT-only,42,0.796165,20.100931,0.086933,preds.pt#1698
1BB002,0112,CT-only,42,0.784981,19.885064,0.084115,preds.pt#1699
1BB002,0113,CT-only,42,0.798592,20.226066,0.090527,preds.pt#1700
1BB002,0114,CT-only,42,0.797645,20.171496,0.076245,preds.pt#1701
1BB002,0115,CT-only,42,0.792153,19.785012,0.075603,preds.pt#1702
1BB002,0116,CT-only,42,0.792570,19.768919,0.085083,preds.pt#1703
1BB002,0117,CT-only,42,0.795590,19.751199,0.082014,preds.pt#1704
1BB002,0118,CT-only,42,0.804341,19.811245,0.070768,preds.pt#1705
1BB002,0119,CT-only,42,0.802162,19.733093,0.069922,preds.pt#1706
1BB002,0120,CT-only,42,0.797146,19.695569,0.076411,preds.pt#1707
1BB002,0121,CT-only,42,0.812782,20.125442,0.072578,preds.pt#1708
1BB002,0122,CT-only,42,0.804738,19.995523,0.077349,preds.pt#1709
1BB002,0123,CT-only,42,0.807838,20.008198,0.072194,preds.pt#1710
1BB002,0124,CT-only,42,0.807014,19.800122,0.073247,preds.pt#1711
1BB002,0125,CT-only,42,0.820867,20.182678,0.066754,preds.pt#1712
1BB002,0126,CT-only,42,0.829814,20.286165,0.074050,preds.pt#1713
1BB002,0127,CT-only,42,0.837437,20.487838,0.056630,preds.pt#1714
1BB002,0128,CT-only,42,0.831595,20.434488,0.057260,preds.pt#1715
1BB002,0129,CT-only,42,0.824846,20.258920,0.067544,preds.pt#1716
1BB002,0130,CT-only,42,0.826636,20.404043,0.067355,preds.pt#1717
1BB002,0131,CT-only,42,0.825344,20.463905,0.066478,preds.pt#1718
1BB002,0132,CT-only,42,0.822760,20.235034,0.061291,preds.pt#1719
1BB002,0133,CT-only,42,0.836682,20.669817,0.067013,preds.pt#1720
1BB002,0134,CT-only,42,0.843246,20.910350,0.059970,preds.pt#1721
1BB002,0135,CT-only,42,0.843980,21.007680,0.071245,preds.pt#1722
1BB002,0136,CT-only,42,0.843845,21.118881,0.057117,preds.pt#1723
1BB002,0137,CT-only,42,0.844495,21.125573,0.052712,preds.pt#1724
1BB002,0138,CT-only,42,0.846292,21.060711,0.056276,preds.pt#1725
1BB002,0139,CT-only,42,0.856718,21.384831,0.059193,preds.pt#1726
1BB002,0140,CT-only,42,0.853319,21.303483,0.049921,preds.pt#1727
1BB002,0141,CT-only,42,0.848685,21.176614,0.051824,preds.pt#1728
1BB002,0142,CT-only,42,0.856366,21.462031,0.049953,preds.pt#1729
1BB002,0143,CT-only,42,0.858487,21.292321,0.045498,preds.pt#1730
1BB002,0144,CT-only,42,0.856188,21.146274,0.043462,preds.pt#1731
1BB002,0145,CT-only,42,0.867255,21.412084,0.041809,preds.pt#1732
1BB002,0146,CT-only,42,0.873041,21.587744,0.043431,preds.pt#1733
1BB002,0147,CT-only,42,0.870085,21.392362,0.042272,preds.pt#1734
1BB002,0148,CT-only,42,0.870953,21.708160,0.039792,preds.pt#1735
1BB002,0149,CT-only,42,0.870167,21.563576,0.040847,preds.pt#1736
1BB002,0150,CT-only,42,0.870524,21.620799,0.041906,preds.pt#1737
1BB002,0151,CT-only,42,0.871858,21.878848,0.049127,preds.pt#1738
1BB002,0152,CT-only,42,0.870156,21.838400,0.033163,preds.pt#1739
1BB002,0153,CT-only,42,0.870930,21.992366,0.033070,preds.pt#1740
1BB002,0154,CT-only,42,0.867260,22.127609,0.036630,preds.pt#1741
1BB002,0155,CT-only,42,0.863924,22.092688,0.037497,preds.pt#1742
1BB002,0156,CT-only,42,0.868198,22.182103,0.033480,preds.pt#1743
1BB002,0157,CT-only,42,0.867120,22.197074,0.033763,preds.pt#1744
1BB002,0158,CT-only,42,0.871644,21.952904,0.036499,preds.pt#1745
1BB002,0159,CT-only,42,0.866757,21.987530,0.045001,preds.pt#1746
1BB002,0160,CT-only,42,0.866957,22.114100,0.052096,preds.pt#1747
1BB002,0161,CT-only,42,0.868807,22.541284,0.045542,preds.pt#1748
1BB002,0162,CT-only,42,0.875456,23.129428,0.039378,preds.pt#1749
1BB002,0163,CT-only,42,0.878602,23.454833,0.042532,preds.pt#1750
1BB002,0164,CT-only,42,0.878322,22.852641,0.047897,preds.pt#1751
1BB002,0165,CT-only,42,0.870959,21.510296,0.066718,preds.pt#1752
1BB002,0166,CT-only,42,0.858395,21.424992,0.055095,preds.pt#1753
1BB002,0167,CT-only,42,0.734029,20.924614,0.083827,preds.pt#1754
1BB002,0168,CT-only,42,0.766815,21.690613,0.061386,preds.pt#1755
1BB002,0169,CT-only,42,0.717582,19.931659,0.094931,preds.pt#1756
1BB003,0000,CT-only,42,0.717189,23.459122,0.409105,preds.pt#1757
1BB003,0001,CT-only,42,0.708679,21.426853,0.429376,preds.pt#1758
1BB003,0002,CT-only,42,0.703612,20.445219,0.391847,preds.pt#1759
1BB003,0003,CT-only,42,0.700141,19.152609,0.359358,preds.pt#1760
1BB003,0004,CT-only,42,0.709222,18.740734,0.342256,preds.pt#1761
1BB003,0005,CT-only,42,0.716822,18.350522,0.353871,preds.pt#1762
1BB003,0006,CT-only,42,0.716365,18.405517,0.332132,preds.pt#1763
1BB003,0007,CT-only,42,0.706131,18.078591,0.299655,preds.pt#1764
1BB003,0008,CT-only,42,0.692380,17.183034,0.291093,preds.pt#1765
1BB003,0009,CT-only,42,0.679097,15.925622,0.301069,preds.pt#1766
1BB003,0010,CT-only,42,0.673897,15.046389,0.306501,preds.pt#1767
1BB003,0011,CT-only,42,0.660612,14.582346,0.316560,preds.pt#1768
1BB003,0012,CT-only,42,0.658727,14.382540,0.283455,preds.pt#1769
1BB003,0013,CT-only,42,0.658454,14.078063,0.283438,preds.pt#1770
1BB003,0014,CT-only,42,0.655376,14.110676,0.277241,preds.pt#1771
1BB003,0015,CT-only,42,0.653632,13.426256,0.293367,preds.pt#1772
1BB003,0016,CT-only,42,0.655009,12.666956,0.301018,preds.pt#1773
1BB003,0017,CT-only,42,0.658934,12.825966,0.285587,preds.pt#1774
1BB003,0018,CT-only,42,0.677838,13.864293,0.243239,preds.pt#1775
1BB003,0019,CT-only,42,0.674877,13.391152,0.253085,preds.pt#1776
1BB003,0020,CT-only,42,0.701299,14.883134,0.206097,preds.pt#1777
1BB003,0021,CT-only,42,0.704370,15.001765,0.214033,preds.pt#1778
1BB003,0022,CT-only,42,0.703398,14.954219,0.242120,preds.pt#1779
1BB003,0023,CT-only,42,0.704133,15.332049,0.231090,preds.pt#1780
1BB003,0024,CT-only,42,0.716255,16.247108,0.227020,preds.pt#1781
1BB003,0025,CT-only,42,0.728840,17.055186,0.207456,preds.pt#1782
1BB003,0026,CT-only,42,0.733243,17.430362,0.190854,preds.pt#1783
1BB003,0027,CT-only,42,0.735120,17.438408,0.185680,preds.pt#1784
1BB003,0028,CT-only,42,0.733406,17.362604,0.197882,preds.pt#1785
1BB003,0029,CT-only,42,0.734132,17.348166,0.200887,preds.pt#1786
1BB003,0030,CT-only,42,0.729908,17.097194,0.209001,preds.pt#1787
1BB003,0031,CT-only,42,0.718586,16.878629,0.214621,preds.pt#1788
1BB003,0032,CT-only,42,0.716442,16.977068,0.221577,preds.pt#1789
1BB003,0033,CT-only,42,0.719776,17.238686,0.220738,preds.pt#1790
1BB003,0034,CT-only,42,0.725517,17.448147,0.217412,preds.pt#1791
1BB003,0035,CT-only,42,0.722479,17.387208,0.224708,preds.pt#1792
1BB003,0036,CT-only,42,0.711202,17.060862,0.204290,preds.pt#1793
1BB003,0037,CT-only,42,0.708452,16.971143,0.192813,preds.pt#1794
1BB003,0038,CT-only,42,0.711459,17.163842,0.186219,preds.pt#1795
1BB003,0039,CT-only,42,0.714105,17.358448,0.198743,preds.pt#1796
1BB003,0040,CT-only,42,0.710888,17.283449,0.211603,preds.pt#1797
1BB003,0041,CT-only,42,0.711607,17.238879,0.205483,preds.pt#1798
1BB003,0042,CT-only,42,0.720729,17.149665,0.193188,preds.pt#1799
1BB003,0043,CT-only,42,0.726558,17.261508,0.176982,preds.pt#1800
1BB003,0044,CT-only,42,0.732238,17.489345,0.178186,preds.pt#1801
1BB003,0045,CT-only,42,0.731190,17.458020,0.189188,preds.pt#1802
1BB003,0046,CT-only,42,0.735793,17.610173,0.189475,preds.pt#1803
1BB003,0047,CT-only,42,0.735665,17.658682,0.187072,preds.pt#1804
1BB003,0048,CT-only,42,0.733205,17.460384,0.182239,preds.pt#1805
1BB003,0049,CT-only,42,0.734514,17.201062,0.186121,preds.pt#1806
1BB003,0050,CT-only,42,0.733243,16.944321,0.187951,preds.pt#1807
1BB003,0051,CT-only,42,0.742011,17.222640,0.171386,preds.pt#1808
1BB003,0052,CT-only,42,0.734736,17.103550,0.166736,preds.pt#1809
1BB003,0053,CT-only,42,0.727295,17.120074,0.163705,preds.pt#1810
1BB003,0054,CT-only,42,0.731034,17.180945,0.165212,preds.pt#1811
1BB003,0055,CT-only,42,0.743521,17.608823,0.162317,preds.pt#1812
1BB003,0056,CT-only,42,0.743253,17.727307,0.157755,preds.pt#1813
1BB003,0057,CT-only,42,0.741240,17.804542,0.166212,preds.pt#1814
1BB003,0058,CT-only,42,0.745520,18.002278,0.173262,preds.pt#1815
1BB003,0059,CT-only,42,0.744762,17.864071,0.169762,preds.pt#1816
1BB003,0060,CT-only,42,0.743443,17.711872,0.180487,preds.pt#1817
1BB003,0061,CT-only,42,0.745796,17.627868,0.167658,preds.pt#1818
1BB003,0062,CT-only,42,0.741145,17.391429,0.177582,preds.pt#1819
1BB003,0063,CT-only,42,0.743392,17.181859,0.182296,preds.pt#1820
1BB003,0064,CT-only,42,0.740929,17.150104,0.153986,preds.pt#1821
1BB003,0065,CT-only,42,0.740146,17.030397,0.151785,preds.pt#1822
1BB003,0066,CT-only,42,0.746026,17.170675,0.148522,preds.pt#1823
1BB003,0067,CT-only,42,0.753897,17.335135,0.152180,preds.pt#1824
1BB003,0068,CT-only,42,0.749799,17.375340,0.152592,preds.pt#1825
1BB003,0069,CT-only,42,0.752845,17.460765,0.140448,preds.pt#1826
1BB003,0070,CT-only,42,0.749216,17.599511,0.135405,preds.pt#1827
1BB003,0071,CT-only,42,0.755905,17.894113,0.139958,preds.pt#1828
1BB003,0072,CT-only,42,0.748395,17.730402,0.135882,preds.pt#1829
1BB003,0073,CT-only,42,0.748546,17.835246,0.136345,preds.pt#1830
1BB003,0074,CT-only,42,0.744124,17.750193,0.123580,preds.pt#1831
1BB003,0075,CT-only,42,0.740414,17.846384,0.121868,preds.pt#1832
1BB003,0076,CT-only,42,0.744205,18.079562,0.117509,preds.pt#1833
1BB003,0077,CT-only,42,0.732556,17.821398,0.136170,preds.pt#1834
1BB003,0078,CT-only,42,0.714897,17.465483,0.135032,preds.pt#1835
1BB003,0079,CT-only,42,0.699931,17.310597,0.120392,preds.pt#1836
1BB003,0080,CT-only,42,0.707327,17.454307,0.123331,preds.pt#1837
1BB003,0081,CT-only,42,0.716524,17.786835,0.110162,preds.pt#1838
1BB003,0082,CT-only,42,0.715090,17.491100,0.118352,preds.pt#1839
1BB003,0083,CT-only,42,0.719880,17.590263,0.121937,preds.pt#1840
1BB003,0084,CT-only,42,0.721542,17.836574,0.113007,preds.pt#1841
1BB003,0085,CT-only,42,0.726962,17.600645,0.105971,preds.pt#1842
1BB003,0086,CT-only,42,0.722777,17.484442,0.103521,preds.pt#1843
1BB003,0087,CT-only,42,0.740971,17.997570,0.098450,preds.pt#1844
1BB003,0088,CT-only,42,0.752651,18.175105,0.108669,preds.pt#1845
1BB003,0089,CT-only,42,0.753789,18.154792,0.101279,preds.pt#1846
1BB003,0090,CT-only,42,0.752380,18.120957,0.102516,preds.pt#1847
1BB003,0091,CT-only,42,0.753649,18.126381,0.095905,preds.pt#1848
1BB003,0092,CT-only,42,0.743587,18.045597,0.099618,preds.pt#1849
1BB003,0093,CT-only,42,0.750812,18.348348,0.096189,preds.pt#1850
1BB003,0094,CT-only,42,0.759976,18.572639,0.094946,preds.pt#1851
1BB003,0095,CT-only,42,0.762815,18.533130,0.101196,preds.pt#1852
1BB003,0096,CT-only,42,0.770212,18.672563,0.099268,preds.pt#1853
1BB003,0097,CT-only,42,0.756704,18.411233,0.106751,preds.pt#1854
1BB003,0098,CT-only,42,0.739433,18.104001,0.106729,preds.pt#1855
1BB003,0099,CT-only,42,0.738316,18.400936,0.098786,preds.pt#1856
1BB003,0100,CT-only,42,0.737731,18.429509,0.113270,preds.pt#1857
1BB003,0101,CT-only,42,0.729911,18.277908,0.118978,preds.pt#1858
1BB003,0102,CT-only,42,0.726956,18.335853,0.111423,preds.pt#1859
1BB003,0103,CT-only,42,0.721444,18.266016,0.101964,preds.pt#1860
1BB003,0104,CT-only,42,0.730016,18.495468,0.101876,preds.pt#1861
1BB003,0105,CT-only,42,0.735621,18.647558,0.103794,preds.pt#1862
1BB003,0106,CT-only,42,0.747426,19.021262,0.098993,preds.pt#1863
1BB003,0107,CT-only,42,0.755566,19.351375,0.100968,preds.pt#1864
1BB003,0108,CT-only,42,0.747169,19.145784,0.106599,preds.pt#1865
1BB003,0109,CT-only,42,0.745729,19.206605,0.100425,preds.pt#1866
1BB003,0110,CT-only,42,0.746607,19.142472,0.094744,preds.pt#1867
1BB003,0111,CT-only,42,0.722071,18.035909,0.109452,preds.pt#1868
1BB003,0112,CT-only,42,0.714167,17.962821,0.110320,preds.pt#1869
1BB003,0113,CT-only,42,0.720985,18.085019,0.107109,preds.pt#1870
1BB003,0114,CT-only,42,0.728045,18.248812,0.097233,preds.pt#1871
1BB003,0115,CT-only,42,0.720873,18.230516,0.104538,preds.pt#1872
1BB003,0116,CT-only,42,0.705681,18.029113,0.093825,preds.pt#1873
1BB003,0117,CT-only,42,0.717810,18.203297,0.103531,preds.pt#1874
1BB003,0118,CT-only,42,0.725310,18.207830,0.105721,preds.pt#1875
1BB003,0119,CT-only,42,0.716507,18.107809,0.101296,preds.pt#1876
1BB003,0120,CT-only,42,0.737940,18.507088,0.095170,preds.pt#1877
1BB003,0121,CT-only,42,0.741367,18.617300,0.098491,preds.pt#1878
1BB003,0122,CT-only,42,0.741175,18.681530,0.098837,preds.pt#1879
1BB003,0123,CT-only,42,0.754372,18.851166,0.095003,preds.pt#1880
1BB003,0124,CT-only,42,0.769871,19.282291,0.078853,preds.pt#1881
1BB003,0125,CT-only,42,0.768094,19.346991,0.086217,preds.pt#1882
1BB003,0126,CT-only,42,0.775409,19.353289,0.089329,preds.pt#1883
1BB003,0127,CT-only,42,0.766561,19.166169,0.094182,preds.pt#1884
1BB003,0128,CT-only,42,0.782656,19.470466,0.083904,preds.pt#1885
1BB003,0129,CT-only,42,0.785333,19.651405,0.082832,preds.pt#1886
1BB003,0130,CT-only,42,0.787942,19.690807,0.074667,preds.pt#1887
1BB003,0131,CT-only,42,0.796745,20.112287,0.075105,preds.pt#1888
1BB003,0132,CT-only,42,0.792577,20.168658,0.075672,preds.pt#1889
1BB003,0133,CT-only,42,0.793923,20.206740,0.064063,preds.pt#1890
1BB003,0134,CT-only,42,0.794812,20.010547,0.074851,preds.pt#1891
1BB003,0135,CT-only,42,0.785647,19.707218,0.077114,preds.pt#1892
1BB003,0136,CT-only,42,0.784209,19.680754,0.073200,preds.pt#1893
1BB003,0137,CT-only,42,0.789101,19.892916,0.078610,preds.pt#1894
1BB003,0138,CT-only,42,0.784065,19.735399,0.073506,preds.pt#1895
1BB003,0139,CT-only,42,0.769489,19.316831,0.068640,preds.pt#1896
1BB003,0140,CT-only,42,0.774015,19.487087,0.069819,preds.pt#1897
1BB003,0141,CT-only,42,0.778461,19.657970,0.064107,preds.pt#1898
1BB003,0142,CT-only,42,0.768199,19.335831,0.078314,preds.pt#1899
1BB003,0143,CT-only,42,0.773882,19.300330,0.083296,preds.pt#1900
1BB003,0144,CT-only,42,0.768573,19.271948,0.079421,preds.pt#1901
1BB003,0145,CT-only,42,0.775818,19.274079,0.068106,preds.pt#1902
1BB003,0146,CT-only,42,0.774190,19.211374,0.064127,preds.pt#1903
1BB003,0147,CT-only,42,0.779227,19.175230,0.071187,preds.pt#1904
1BB003,0148,CT-only,42,0.773251,18.875176,0.075675,preds.pt#1905
1BB003,0149,CT-only,42,0.771755,18.730447,0.081743,preds.pt#1906
1BB003,0150,CT-only,42,0.776598,18.835112,0.065443,preds.pt#1907
1BB003,0151,CT-only,42,0.773718,18.749488,0.074819,preds.pt#1908
1BB003,0152,CT-only,42,0.780150,18.701419,0.066271,preds.pt#1909
1BB003,0153,CT-only,42,0.785748,18.642411,0.072687,preds.pt#1910
1BB003,0154,CT-only,42,0.787761,18.483471,0.076714,preds.pt#1911
1BB003,0155,CT-only,42,0.779927,18.342471,0.082189,preds.pt#1912
1BB003,0156,CT-only,42,0.779811,18.347037,0.074511,preds.pt#1913
1BB003,0157,CT-only,42,0.770325,18.170493,0.084541,preds.pt#1914
1BB003,0158,CT-only,42,0.766383,17.874271,0.085909,preds.pt#1915
1BB003,0159,CT-only,42,0.767081,17.780126,0.082498,preds.pt#1916
1BB003,0160,CT-only,42,0.776871,17.840218,0.082942,preds.pt#1917
1BB003,0161,CT-only,42,0.781366,17.917523,0.085203,preds.pt#1918
1BB003,0162,CT-only,42,0.780469,17.865091,0.071788,preds.pt#1919
1BB003,0163,CT-only,42,0.777997,17.830313,0.069868,preds.pt#1920
1BB003,0164,CT-only,42,0.779611,17.792255,0.076519,preds.pt#1921
1BB003,0165,CT-only,42,0.774366,17.681985,0.079483,preds.pt#1922
1BB003,0166,CT-only,42,0.780885,18.002044,0.065511,preds.pt#1923
1BB003,0167,CT-only,42,0.778453,17.944897,0.068850,preds.pt#1924
1BB003,0168,CT-only,42,0.785015,18.219433,0.073175,preds.pt#1925
1BB003,0169,CT-only,42,0.792039,18.482486,0.070038,preds.pt#1926
1BB003,0170,CT-only,42,0.805754,18.858091,0.074014,preds.pt#1927
1BB003,0171,CT-only,42,0.818299,19.354313,0.063999,preds.pt#1928
1BB003,0172,CT-only,42,0.831941,19.895323,0.050454,preds.pt#1929
1BB003,0173,CT-only,42,0.835756,20.075853,0.050666,preds.pt#1930
1BB003,0174,CT-only,42,0.840975,20.207641,0.057470,preds.pt#1931
1BB003,0175,CT-only,42,0.842060,19.966275,0.062099,preds.pt#1932
1BB003,0176,CT-only,42,0.847439,19.946515,0.052527,preds.pt#1933
1BB003,0177,CT-only,42,0.847038,19.820039,0.063862,preds.pt#1934
1BB003,0178,CT-only,42,0.849627,20.156347,0.065718,preds.pt#1935
1BB003,0179,CT-only,42,0.858146,20.837521,0.060560,preds.pt#1936
1BB003,0180,CT-only,42,0.860821,21.161680,0.048134,preds.pt#1937
1BB003,0181,CT-only,42,0.872982,22.295705,0.065390,preds.pt#1938
1BB003,0182,CT-only,42,0.871337,21.030850,0.059619,preds.pt#1939
1BB003,0183,CT-only,42,0.871977,20.649286,0.053711,preds.pt#1940
1BB003,0184,CT-only,42,0.878423,21.223640,0.053299,preds.pt#1941
1BB003,0185,CT-only,42,0.889097,21.858869,0.049500,preds.pt#1942
1BB003,0186,CT-only,42,0.889707,21.735816,0.052465,preds.pt#1943
1BB003,0187,CT-only,42,0.888310,22.820634,0.061091,preds.pt#1944
1BB003,0188,CT-only,42,0.871892,24.965484,0.042195,preds.pt#1945
1BB003,0189,CT-only,42,0.869143,25.887722,0.039833,preds.pt#1946
1BB003,0190,CT-only,42,0.872222,26.727581,0.043582,preds.pt#1947
1BB003,0191,CT-only,42,0.874572,26.806408,0.047192,preds.pt#1948
1BB003,0192,CT-only,42,0.851200,25.883283,0.052996,preds.pt#1949
1BB003,0193,CT-only,42,0.766319,25.229468,0.063202,preds.pt#1950
1BB008,0000,CT-only,42,0.604100,13.012362,0.474092,preds.pt#1951
1BB008,0001,CT-only,42,0.628248,15.088988,0.325785,preds.pt#1952
1BB008,0002,CT-only,42,0.650522,15.977445,0.211929,preds.pt#1953
1BB008,0003,CT-only,42,0.633319,16.143490,0.226249,preds.pt#1954
1BB008,0004,CT-only,42,0.645238,16.674494,0.214899,preds.pt#1955
1BB008,0005,CT-only,42,0.657351,16.810349,0.216520,preds.pt#1956
1BB008,0006,CT-only,42,0.650364,16.620955,0.224280,preds.pt#1957
1BB008,0007,CT-only,42,0.641901,16.698281,0.226059,preds.pt#1958
1BB008,0008,CT-only,42,0.643828,16.617312,0.220719,preds.pt#1959
1BB008,0009,CT-only,42,0.644639,16.426243,0.234731,preds.pt#1960
1BB008,0010,CT-only,42,0.657440,16.653187,0.216987,preds.pt#1961
1BB008,0011,CT-only,42,0.659503,16.763376,0.211678,preds.pt#1962
1BB008,0012,CT-only,42,0.667714,17.058635,0.216030,preds.pt#1963
1BB008,0013,CT-only,42,0.680850,17.228699,0.216970,preds.pt#1964
1BB008,0014,CT-only,42,0.684363,17.325592,0.219244,preds.pt#1965
1BB008,0015,CT-only,42,0.686677,17.237828,0.211361,preds.pt#1966
1BB008,0016,CT-only,42,0.686910,17.230681,0.197545,preds.pt#1967
1BB008,0017,CT-only,42,0.688329,17.280398,0.182084,preds.pt#1968
1BB008,0018,CT-only,42,0.691110,17.462647,0.181469,preds.pt#1969
1BB008,0019,CT-only,42,0.692102,17.457810,0.187899,preds.pt#1970
1BB008,0020,CT-only,42,0.689976,17.145494,0.196106,preds.pt#1971
1BB008,0021,CT-only,42,0.685856,16.993202,0.204554,preds.pt#1972
1BB008,0022,CT-only,42,0.692017,17.227470,0.220165,preds.pt#1973
1BB008,0023,CT-only,42,0.699397,17.504231,0.222527,preds.pt#1974
1BB008,0024,CT-only,42,0.703879,17.669464,0.210396,preds.pt#1975
1BB008,0025,CT-only,42,0.704627,17.571413,0.196025,preds.pt#1976
1BB008,0026,CT-only,42,0.705782,17.318639,0.196371,preds.pt#1977
1BB008,0027,CT-only,42,0.705943,17.276757,0.203205,preds.pt#1978
1BB008,0028,CT-only,42,0.704377,17.362867,0.197082,preds.pt#1979
1BB008,0029,CT-only,42,0.704254,17.468342,0.196286,preds.pt#1980
1BB008,0030,CT-only,42,0.714503,17.605255,0.189418,preds.pt#1981
1BB008,0031,CT-only,42,0.719971,17.822630,0.187423,preds.pt#1982
1BB008,0032,CT-only,42,0.707003,17.486448,0.182184,preds.pt#1983
1BB008,0033,CT-only,42,0.714251,17.791942,0.182847,preds.pt#1984
1BB008,0034,CT-only,42,0.719987,17.838110,0.192634,preds.pt#1985
1BB008,0035,CT-only,42,0.728478,18.006784,0.172247,preds.pt#1986
1BB008,0036,CT-only,42,0.724001,17.613386,0.181280,preds.pt#1987
1BB008,0037,CT-only,42,0.730355,17.897181,0.166392,preds.pt#1988
1BB008,0038,CT-only,42,0.738225,18.130558,0.161641,preds.pt#1989
1BB008,0039,CT-only,42,0.739917,18.058537,0.167881,preds.pt#1990
1BB008,0040,CT-only,42,0.740290,18.008554,0.157098,preds.pt#1991
1BB008,0041,CT-only,42,0.738079,18.167230,0.173518,preds.pt#1992
1BB008,0042,CT-only,42,0.744077,18.272926,0.172640,preds.pt#1993
1BB008,0043,CT-only,42,0.744574,18.155496,0.166011,preds.pt#1994
1BB008,0044,CT-only,42,0.749116,18.169042,0.165205,preds.pt#1995
1BB008,0045,CT-only,42,0.751347,18.105895,0.156561,preds.pt#1996
1BB008,0046,CT-only,42,0.757408,18.302977,0.147051,preds.pt#1997
1BB008,0047,CT-only,42,0.758482,18.395124,0.133218,preds.pt#1998
1BB008,0048,CT-only,42,0.760404,18.283313,0.127846,preds.pt#1999
1BB008,0049,CT-only,42,0.752650,18.065496,0.150044,preds.pt#2000
1BB008,0050,CT-only,42,0.743806,17.793423,0.159050,preds.pt#2001
1BB008,0051,CT-only,42,0.737983,17.779307,0.163176,preds.pt#2002
1BB008,0052,CT-only,42,0.741766,18.075589,0.163815,preds.pt#2003
1BB008,0053,CT-only,42,0.740861,18.038545,0.160670,preds.pt#2004
1BB008,0054,CT-only,42,0.734808,17.965712,0.159510,preds.pt#2005
1BB008,0055,CT-only,42,0.732480,18.005669,0.154137,preds.pt#2006
1BB008,0056,CT-only,42,0.726108,18.147995,0.160656,preds.pt#2007
1BB008,0057,CT-only,42,0.723563,18.102732,0.155941,preds.pt#2008
1BB008,0058,CT-only,42,0.718366,17.833526,0.150488,preds.pt#2009
1BB008,0059,CT-only,42,0.709658,17.684487,0.147809,preds.pt#2010
1BB008,0060,CT-only,42,0.704738,17.518032,0.147605,preds.pt#2011
1BB008,0061,CT-only,42,0.704874,17.334181,0.159750,preds.pt#2012
1BB008,0062,CT-only,42,0.694931,17.170892,0.174489,preds.pt#2013
1BB008,0063,CT-only,42,0.698493,17.316699,0.166095,preds.pt#2014
1BB008,0064,CT-only,42,0.692967,17.303897,0.154790,preds.pt#2015
1BB008,0065,CT-only,42,0.681107,17.112858,0.176099,preds.pt#2016
1BB008,0066,CT-only,42,0.669696,17.148387,0.164522,preds.pt#2017
1BB008,0067,CT-only,42,0.675225,17.349726,0.152793,preds.pt#2018
1BB008,0068,CT-only,42,0.675551,17.686243,0.169320,preds.pt#2019
1BB008,0069,CT-only,42,0.681521,17.639675,0.162995,preds.pt#2020
1BB008,0070,CT-only,42,0.672978,17.415878,0.163225,preds.pt#2021
1BB008,0071,CT-only,42,0.679971,17.554411,0.154414,preds.pt#2022
1BB008,0072,CT-only,42,0.679794,17.511385,0.155436,preds.pt#2023
1BB008,0073,CT-only,42,0.687814,17.417074,0.158402,preds.pt#2024
1BB008,0074,CT-only,42,0.684668,17.201751,0.160972,preds.pt#2025
1BB008,0075,CT-only,42,0.693940,17.370999,0.154538,preds.pt#2026
1BB008,0076,CT-only,42,0.684684,17.319394,0.147014,preds.pt#2027
1BB008,0077,CT-only,42,0.682865,17.542243,0.145445,preds.pt#2028
1BB008,0078,CT-only,42,0.695160,17.734728,0.142719,preds.pt#2029
1BB008,0079,CT-only,42,0.693598,17.777537,0.127197,preds.pt#2030
1BB008,0080,CT-only,42,0.686194,17.573345,0.121308,preds.pt#2031
1BB008,0081,CT-only,42,0.683951,17.658773,0.120473,preds.pt#2032
1BB008,0082,CT-only,42,0.673849,17.636086,0.120864,preds.pt#2033
1BB008,0083,CT-only,42,0.674959,17.831970,0.137650,preds.pt#2034
1BB008,0084,CT-only,42,0.657903,17.732715,0.151321,preds.pt#2035
1BB008,0085,CT-only,42,0.647228,17.141396,0.133337,preds.pt#2036
1BB008,0086,CT-only,42,0.648479,17.048483,0.124906,preds.pt#2037
1BB008,0087,CT-only,42,0.651821,17.164989,0.123298,preds.pt#2038
1BB008,0088,CT-only,42,0.646757,17.138346,0.117787,preds.pt#2039
1BB008,0089,CT-only,42,0.655424,17.271997,0.122716,preds.pt#2040
1BB008,0090,CT-only,42,0.655671,17.260976,0.111421,preds.pt#2041
1BB008,0091,CT-only,42,0.650597,16.962131,0.106038,preds.pt#2042
1BB008,0092,CT-only,42,0.660037,17.091155,0.110532,preds.pt#2043
1BB008,0093,CT-only,42,0.659031,17.040960,0.120883,preds.pt#2044
1BB008,0094,CT-only,42,0.661688,17.042158,0.117321,preds.pt#2045
1BB008,0095,CT-only,42,0.663869,17.080633,0.108188,preds.pt#2046
1BB008,0096,CT-only,42,0.671347,17.284400,0.118698,preds.pt#2047
1BB008,0097,CT-only,42,0.668814,17.320428,0.120062,preds.pt#2048
1BB008,0098,CT-only,42,0.686025,17.473402,0.115243,preds.pt#2049
1BB008,0099,CT-only,42,0.687095,17.672229,0.109075,preds.pt#2050
1BB008,0100,CT-only,42,0.690451,17.748037,0.100552,preds.pt#2051
1BB008,0101,CT-only,42,0.705491,18.030255,0.106865,preds.pt#2052
1BB008,0102,CT-only,42,0.717406,18.278198,0.107491,preds.pt#2053
1BB008,0103,CT-only,42,0.720995,18.272507,0.107027,preds.pt#2054
1BB008,0104,CT-only,42,0.719830,18.139732,0.107410,preds.pt#2055
1BB008,0105,CT-only,42,0.713219,18.008307,0.104942,preds.pt#2056
1BB008,0106,CT-only,42,0.713405,18.021988,0.105564,preds.pt#2057
1BB008,0107,CT-only,42,0.719851,18.142886,0.099434,preds.pt#2058
1BB008,0108,CT-only,42,0.722428,18.127623,0.095343,preds.pt#2059
1BB008,0109,CT-only,42,0.727283,18.233356,0.093017,preds.pt#2060
1BB008,0110,CT-only,42,0.730406,18.371733,0.096816,preds.pt#2061
1BB008,0111,CT-only,42,0.743199,18.750175,0.099341,preds.pt#2062
1BB008,0112,CT-only,42,0.753277,19.174899,0.089060,preds.pt#2063
1BB008,0113,CT-only,42,0.746892,19.255420,0.079599,preds.pt#2064
1BB008,0114,CT-only,42,0.750402,19.401717,0.073554,preds.pt#2065
1BB008,0115,CT-only,42,0.739595,19.365320,0.075814,preds.pt#2066
1BB008,0116,CT-only,42,0.743750,19.315618,0.080611,preds.pt#2067
1BB008,0117,CT-only,42,0.750690,19.474001,0.080291,preds.pt#2068
1BB008,0118,CT-only,42,0.747593,19.247440,0.085765,preds.pt#2069
1BB008,0119,CT-only,42,0.751778,19.223815,0.081049,preds.pt#2070
1BB008,0120,CT-only,42,0.744179,19.015729,0.081817,preds.pt#2071
1BB008,0121,CT-only,42,0.743114,18.774379,0.087857,preds.pt#2072
1BB008,0122,CT-only,42,0.746115,18.648928,0.078475,preds.pt#2073
1BB008,0123,CT-only,42,0.746334,18.562349,0.073876,preds.pt#2074
1BB008,0124,CT-only,42,0.732888,18.216193,0.081818,preds.pt#2075
1BB008,0125,CT-only,42,0.729690,18.142117,0.088058,preds.pt#2076
1BB008,0126,CT-only,42,0.730226,18.154512,0.087107,preds.pt#2077
1BB008,0127,CT-only,42,0.742604,18.316463,0.089104,preds.pt#2078
1BB008,0128,CT-only,42,0.741346,18.115038,0.088151,preds.pt#2079
1BB008,0129,CT-only,42,0.752283,18.320523,0.081167,preds.pt#2080
1BB008,0130,CT-only,42,0.746828,18.350950,0.083836,preds.pt#2081
1BB008,0131,CT-only,42,0.752523,18.693836,0.070790,preds.pt#2082
1BB008,0132,CT-only,42,0.756032,18.837681,0.060779,preds.pt#2083
1BB008,0133,CT-only,42,0.759051,18.870366,0.070502,preds.pt#2084
1BB008,0134,CT-only,42,0.763319,18.873622,0.068467,preds.pt#2085
1BB008,0135,CT-only,42,0.771155,19.029190,0.067799,preds.pt#2086
1BB008,0136,CT-only,42,0.780171,19.136359,0.074546,preds.pt#2087
1BB008,0137,CT-only,42,0.787511,19.290287,0.070179,preds.pt#2088
1BB008,0138,CT-only,42,0.796277,19.489643,0.062443,preds.pt#2089
1BB008,0139,CT-only,42,0.808438,19.718542,0.061435,preds.pt#2090
1BB008,0140,CT-only,42,0.808287,19.638181,0.060716,preds.pt#2091
1BB008,0141,CT-only,42,0.803966,19.544757,0.070531,preds.pt#2092
1BB008,0142,CT-only,42,0.808696,19.560614,0.067146,preds.pt#2093
1BB008,0143,CT-only,42,0.811504,19.630825,0.068495,preds.pt#2094
1BB008,0144,CT-only,42,0.805426,19.496260,0.071600,preds.pt#2095
1BB008,0145,CT-only,42,0.816734,19.719689,0.066424,preds.pt#2096
1BB008,0146,CT-only,42,0.817862,19.706214,0.060917,preds.pt#2097
1BB008,0147,CT-only,42,0.821719,19.870785,0.053694,preds.pt#2098
1BB008,0148,CT-only,42,0.821280,19.729522,0.056563,preds.pt#2099
1BB008,0149,CT-only,42,0.825967,20.039427,0.057915,preds.pt#2100
1BB008,0150,CT-only,42,0.826763,20.216675,0.053416,preds.pt#2101
1BB008,0151,CT-only,42,0.831410,20.371600,0.052051,preds.pt#2102
1BB008,0152,CT-only,42,0.831287,20.367432,0.051041,preds.pt#2103
1BB008,0153,CT-only,42,0.830256,20.304637,0.050446,preds.pt#2104
1BB008,0154,CT-only,42,0.827666,20.292414,0.049587,preds.pt#2105
1BB008,0155,CT-only,42,0.823517,20.168822,0.049373,preds.pt#2106
1BB008,0156,CT-only,42,0.829752,20.339234,0.054207,preds.pt#2107
1BB008,0157,CT-only,42,0.826801,20.229761,0.047795,preds.pt#2108
1BB008,0158,CT-only,42,0.827408,20.381489,0.040712,preds.pt#2109
1BB008,0159,CT-only,42,0.822154,20.437819,0.035175,preds.pt#2110
1BB008,0160,CT-only,42,0.825932,20.529281,0.040284,preds.pt#2111
1BB008,0161,CT-only,42,0.820211,20.483764,0.042551,preds.pt#2112
1BB008,0162,CT-only,42,0.810196,20.211455,0.044981,preds.pt#2113
1BB008,0163,CT-only,42,0.799970,19.889701,0.032906,preds.pt#2114
1BB008,0164,CT-only,42,0.785534,19.442421,0.047392,preds.pt#2115
1BB008,0165,CT-only,42,0.780898,19.482289,0.061969,preds.pt#2116
1BB008,0166,CT-only,42,0.768081,19.283295,0.071482,preds.pt#2117
1BB008,0167,CT-only,42,0.752532,19.112127,0.089154,preds.pt#2118
1BB008,0168,CT-only,42,0.759557,18.995646,0.102634,preds.pt#2119
1BB008,0169,CT-only,42,0.744121,18.696779,0.122444,preds.pt#2120
1BB008,0170,CT-only,42,0.759376,18.811695,0.112637,preds.pt#2121
1BB008,0171,CT-only,42,0.782234,19.133171,0.089081,preds.pt#2122
1BB008,0172,CT-only,42,0.795547,18.958622,0.088073,preds.pt#2123
1BB008,0173,CT-only,42,0.811991,19.033883,0.082250,preds.pt#2124
1BB008,0174,CT-only,42,0.827857,19.753847,0.065814,preds.pt#2125
1BB008,0175,CT-only,42,0.813948,20.474374,0.075736,preds.pt#2126
1BB008,0176,CT-only,42,0.731372,20.725797,0.083220,preds.pt#2127
1BB008,0177,CT-only,42,0.657429,17.883117,0.135845,preds.pt#2128
1BB200,0000,CT-only,42,0.624044,13.171084,0.472447,preds.pt#2129
1BB200,0001,CT-only,42,0.631733,13.217358,0.477999,preds.pt#2130
1BB200,0002,CT-only,42,0.632482,13.110000,0.494832,preds.pt#2131
1BB200,0003,CT-only,42,0.637760,13.337074,0.481405,preds.pt#2132
1BB200,0004,CT-only,42,0.645874,13.551438,0.456452,preds.pt#2133
1BB200,0005,CT-only,42,0.644886,13.434428,0.410175,preds.pt#2134
1BB200,0006,CT-only,42,0.651677,13.440083,0.407257,preds.pt#2135
1BB200,0007,CT-only,42,0.662985,13.881424,0.382818,preds.pt#2136
1BB200,0008,CT-only,42,0.672484,14.402892,0.347097,preds.pt#2137
1BB200,0009,CT-only,42,0.671695,14.524384,0.344536,preds.pt#2138
1BB200,0010,CT-only,42,0.677887,14.581704,0.313900,preds.pt#2139
1BB200,0011,CT-only,42,0.681649,14.501890,0.300588,preds.pt#2140
1BB200,0012,CT-only,42,0.682647,14.609831,0.288939,preds.pt#2141
1BB200,0013,CT-only,42,0.693854,15.082901,0.261887,preds.pt#2142
1BB200,0014,CT-only,42,0.699764,15.732118,0.255676,preds.pt#2143
1BB200,0015,CT-only,42,0.713009,16.457279,0.237589,preds.pt#2144
1BB200,0016,CT-only,42,0.719531,16.867244,0.207262,preds.pt#2145
1BB200,0017,CT-only,42,0.728222,17.117915,0.215985,preds.pt#2146
1BB200,0018,CT-only,42,0.731360,17.520093,0.217746,preds.pt#2147
1BB200,0019,CT-only,42,0.736760,17.443019,0.211022,preds.pt#2148
1BB200,0020,CT-only,42,0.734717,17.255153,0.216216,preds.pt#2149
1BB200,0021,CT-only,42,0.727639,16.971090,0.218717,preds.pt#2150
1BB200,0022,CT-only,42,0.718605,16.596744,0.217109,preds.pt#2151
1BB200,0023,CT-only,42,0.709737,16.434857,0.219324,preds.pt#2152
1BB200,0024,CT-only,42,0.703669,16.457602,0.225710,preds.pt#2153
1BB200,0025,CT-only,42,0.701655,16.655424,0.220768,preds.pt#2154
1BB200,0026,CT-only,42,0.703231,16.898694,0.217080,preds.pt#2155
1BB200,0027,CT-only,42,0.694853,17.158932,0.209623,preds.pt#2156
1BB200,0028,CT-only,42,0.695120,17.409645,0.195189,preds.pt#2157
1BB200,0029,CT-only,42,0.703486,17.339006,0.199047,preds.pt#2158
1BB200,0030,CT-only,42,0.691081,17.320667,0.201347,preds.pt#2159
1BB200,0031,CT-only,42,0.690288,17.251635,0.197946,preds.pt#2160
1BB200,0032,CT-only,42,0.686746,17.207211,0.189337,preds.pt#2161
1BB200,0033,CT-only,42,0.690965,17.459450,0.180139,preds.pt#2162
1BB200,0034,CT-only,42,0.693375,17.409511,0.188077,preds.pt#2163
1BB200,0035,CT-only,42,0.691628,17.287567,0.189081,preds.pt#2164
1BB200,0036,CT-only,42,0.695669,17.384246,0.190836,preds.pt#2165
1BB200,0037,CT-only,42,0.701924,17.582323,0.190407,preds.pt#2166
1BB200,0038,CT-only,42,0.709237,17.576606,0.183363,preds.pt#2167
1BB200,0039,CT-only,42,0.704880,17.430819,0.183370,preds.pt#2168
1BB200,0040,CT-only,42,0.712870,17.450847,0.191539,preds.pt#2169
1BB200,0041,CT-only,42,0.717533,17.441792,0.190812,preds.pt#2170
1BB200,0042,CT-only,42,0.723894,17.432868,0.172948,preds.pt#2171
1BB200,0043,CT-only,42,0.723166,17.221044,0.166017,preds.pt#2172
1BB200,0044,CT-only,42,0.725771,17.134479,0.170637,preds.pt#2173
1BB200,0045,CT-only,42,0.731784,17.220921,0.157372,preds.pt#2174
1BB200,0046,CT-only,42,0.745768,17.698164,0.155980,preds.pt#2175
1BB200,0047,CT-only,42,0.741763,17.598349,0.162890,preds.pt#2176
1BB200,0048,CT-only,42,0.738576,17.647884,0.165294,preds.pt#2177
1BB200,0049,CT-only,42,0.727983,17.014463,0.172294,preds.pt#2178
1BB200,0050,CT-only,42,0.729445,17.253080,0.177755,preds.pt#2179
1BB200,0051,CT-only,42,0.732835,17.410982,0.193631,preds.pt#2180
1BB200,0052,CT-only,42,0.733879,17.565203,0.189414,preds.pt#2181
1BB200,0053,CT-only,42,0.733343,17.663664,0.186597,preds.pt#2182
1BB200,0054,CT-only,42,0.734326,17.607601,0.186767,preds.pt#2183
1BB200,0055,CT-only,42,0.737503,17.739428,0.177600,preds.pt#2184
1BB200,0056,CT-only,42,0.736387,17.585902,0.171377,preds.pt#2185
1BB200,0057,CT-only,42,0.729491,17.256584,0.165522,preds.pt#2186
1BB200,0058,CT-only,42,0.724635,17.270536,0.179563,preds.pt#2187
1BB200,0059,CT-only,42,0.728979,17.526263,0.185871,preds.pt#2188
1BB200,0060,CT-only,42,0.731197,17.628738,0.168715,preds.pt#2189
1BB200,0061,CT-only,42,0.731060,17.649171,0.165573,preds.pt#2190
1BB200,0062,CT-only,42,0.733734,17.794980,0.188803,preds.pt#2191
1BB200,0063,CT-only,42,0.734726,17.971557,0.197111,preds.pt#2192
1BB200,0064,CT-only,42,0.734671,17.934882,0.177169,preds.pt#2193
1BB200,0065,CT-only,42,0.734803,17.839266,0.163909,preds.pt#2194
1BB200,0066,CT-only,42,0.740709,17.817504,0.173687,preds.pt#2195
1BB200,0067,CT-only,42,0.736864,17.808113,0.175494,preds.pt#2196
1BB200,0068,CT-only,42,0.735119,17.752889,0.170255,preds.pt#2197
1BB200,0069,CT-only,42,0.734190,17.623819,0.181481,preds.pt#2198
1BB200,0070,CT-only,42,0.728274,17.508759,0.178789,preds.pt#2199
1BB200,0071,CT-only,42,0.723037,17.238706,0.168622,preds.pt#2200
1BB200,0072,CT-only,42,0.713317,17.088387,0.150382,preds.pt#2201
1BB200,0073,CT-only,42,0.701910,16.972172,0.132528,preds.pt#2202
1BB200,0074,CT-only,42,0.700549,17.300605,0.137146,preds.pt#2203
1BB200,0075,CT-only,42,0.648073,16.900033,0.147094,preds.pt#2204
1BB200,0076,CT-only,42,0.653341,16.895351,0.146042,preds.pt#2205
1BB200,0077,CT-only,42,0.655311,16.705121,0.140220,preds.pt#2206
1BB200,0078,CT-only,42,0.639930,16.347626,0.157843,preds.pt#2207
1BB200,0079,CT-only,42,0.633735,16.082518,0.151187,preds.pt#2208
1BB200,0080,CT-only,42,0.621461,15.803073,0.163111,preds.pt#2209
1BB200,0081,CT-only,42,0.613093,15.687844,0.166953,preds.pt#2210
1BB200,0082,CT-only,42,0.626680,15.877664,0.147107,preds.pt#2211
1BB200,0083,CT-only,42,0.636863,16.234068,0.130383,preds.pt#2212
1BB200,0084,CT-only,42,0.640575,16.459383,0.128856,preds.pt#2213
1BB200,0085,CT-only,42,0.652922,16.640350,0.123664,preds.pt#2214
1BB200,0086,CT-only,42,0.674591,16.910132,0.126742,preds.pt#2215
1BB200,0087,CT-only,42,0.692020,17.177595,0.131833,preds.pt#2216
1BB200,0088,CT-only,42,0.698735,17.294686,0.125165,preds.pt#2217
1BB200,0089,CT-only,42,0.716769,17.436275,0.126393,preds.pt#2218
1BB200,0090,CT-only,42,0.722633,17.644380,0.115787,preds.pt#2219
1BB200,0091,CT-only,42,0.717834,17.795189,0.118684,preds.pt#2220
1BB200,0092,CT-only,42,0.727105,18.126603,0.111278,preds.pt#2221
1BB200,0093,CT-only,42,0.729881,18.067462,0.118263,preds.pt#2222
1BB200,0094,CT-only,42,0.752497,18.353106,0.103828,preds.pt#2223
1BB200,0095,CT-only,42,0.762464,18.430609,0.096055,preds.pt#2224
1BB200,0096,CT-only,42,0.765630,18.632502,0.093428,preds.pt#2225
1BB200,0097,CT-only,42,0.762276,18.542665,0.094970,preds.pt#2226
1BB200,0098,CT-only,42,0.767081,18.446781,0.097242,preds.pt#2227
1BB200,0099,CT-only,42,0.775740,18.459058,0.085537,preds.pt#2228
1BB200,0100,CT-only,42,0.783507,18.687546,0.093115,preds.pt#2229
1BB200,0101,CT-only,42,0.785026,18.859174,0.086087,preds.pt#2230
1BB200,0102,CT-only,42,0.792654,19.016190,0.084121,preds.pt#2231
1BB200,0103,CT-only,42,0.797486,19.165803,0.089627,preds.pt#2232
1BB200,0104,CT-only,42,0.782432,18.976066,0.089703,preds.pt#2233
1BB200,0105,CT-only,42,0.796992,19.228985,0.090676,preds.pt#2234
1BB200,0106,CT-only,42,0.802148,19.315489,0.092786,preds.pt#2235
1BB200,0107,CT-only,42,0.809532,19.447462,0.083046,preds.pt#2236
1BB200,0108,CT-only,42,0.796640,19.175132,0.089100,preds.pt#2237
1BB200,0109,CT-only,42,0.804408,19.442055,0.078027,preds.pt#2238
1BB200,0110,CT-only,42,0.802736,19.447711,0.081631,preds.pt#2239
1BB200,0111,CT-only,42,0.809195,19.567710,0.072537,preds.pt#2240
1BB200,0112,CT-only,42,0.807844,19.600986,0.069205,preds.pt#2241
1BB200,0113,CT-only,42,0.808077,19.741238,0.080579,preds.pt#2242
1BB200,0114,CT-only,42,0.798560,19.463737,0.082664,preds.pt#2243
1BB200,0115,CT-only,42,0.806921,19.766260,0.083854,preds.pt#2244
1BB200,0116,CT-only,42,0.811802,19.942684,0.068631,preds.pt#2245
1BB200,0117,CT-only,42,0.814376,20.114165,0.061677,preds.pt#2246
1BB200,0118,CT-only,42,0.807972,19.970261,0.056990,preds.pt#2247
1BB200,0119,CT-only,42,0.823377,20.374624,0.054482,preds.pt#2248
1BB200,0120,CT-only,42,0.827247,20.582868,0.051332,preds.pt#2249
1BB200,0121,CT-only,42,0.823286,20.427105,0.055833,preds.pt#2250
1BB200,0122,CT-only,42,0.809412,20.225620,0.059783,preds.pt#2251
1BB200,0123,CT-only,42,0.808921,20.228539,0.051599,preds.pt#2252
1BB200,0124,CT-only,42,0.799854,19.847799,0.055918,preds.pt#2253
1BB200,0125,CT-only,42,0.790367,19.832425,0.059628,preds.pt#2254
1BB200,0126,CT-only,42,0.793808,19.877205,0.070991,preds.pt#2255
1BB200,0127,CT-only,42,0.787162,19.790793,0.068243,preds.pt#2256
1BB200,0128,CT-only,42,0.798324,19.974726,0.071278,preds.pt#2257
1BB200,0129,CT-only,42,0.792385,19.743803,0.072766,preds.pt#2258
1BB200,0130,CT-only,42,0.818694,20.349399,0.062298,preds.pt#2259
1BB200,0131,CT-only,42,0.826228,20.371349,0.065183,preds.pt#2260
1BB200,0132,CT-only,42,0.821232,20.265534,0.072150,preds.pt#2261
1BB200,0133,CT-only,42,0.819418,20.151993,0.070843,preds.pt#2262
1BB200,0134,CT-only,42,0.823929,20.326789,0.070564,preds.pt#2263
1BB200,0135,CT-only,42,0.818903,20.385764,0.068975,preds.pt#2264
1BB200,0136,CT-only,42,0.811709,20.238074,0.072868,preds.pt#2265
1BB200,0137,CT-only,42,0.818174,20.377471,0.070376,preds.pt#2266
1BB200,0138,CT-only,42,0.822451,20.498186,0.065428,preds.pt#2267
1BB200,0139,CT-only,42,0.828498,20.658820,0.072972,preds.pt#2268
1BB200,0140,CT-only,42,0.842130,21.009796,0.075567,preds.pt#2269
1BB200,0141,CT-only,42,0.836318,20.557608,0.075744,preds.pt#2270
1BB200,0142,CT-only,42,0.846153,20.614238,0.071658,preds.pt#2271
1BB200,0143,CT-only,42,0.848955,20.689521,0.070819,preds.pt#2272
1BB200,0144,CT-only,42,0.850646,20.705215,0.076076,preds.pt#2273
1BB200,0145,CT-only,42,0.848471,20.583943,0.070385,preds.pt#2274
1BB200,0146,CT-only,42,0.854481,20.900251,0.067068,preds.pt#2275
1BB200,0147,CT-only,42,0.860464,21.006356,0.059046,preds.pt#2276
1BB200,0148,CT-only,42,0.861077,20.938465,0.056466,preds.pt#2277
1BB200,0149,CT-only,42,0.866625,21.128402,0.050259,preds.pt#2278
1BB200,0150,CT-only,42,0.856662,20.809329,0.054872,preds.pt#2279
1BB200,0151,CT-only,42,0.863120,20.973316,0.061896,preds.pt#2280
1BB200,0152,CT-only,42,0.855387,20.781582,0.060200,preds.pt#2281
1BB200,0153,CT-only,42,0.851470,20.468254,0.051179,preds.pt#2282
1BB200,0154,CT-only,42,0.859995,20.475497,0.050833,preds.pt#2283
1BB200,0155,CT-only,42,0.854074,20.505558,0.051403,preds.pt#2284
1BB200,0156,CT-only,42,0.849711,20.464491,0.046938,preds.pt#2285
1BB200,0157,CT-only,42,0.853717,20.419599,0.049580,preds.pt#2286
1BB200,0158,CT-only,42,0.855991,20.314929,0.057473,preds.pt#2287
1BB200,0159,CT-only,42,0.848306,20.283492,0.059249,preds.pt#2288
1BB200,0160,CT-only,42,0.846006,20.220389,0.061554,preds.pt#2289
1BB200,0161,CT-only,42,0.840092,20.127461,0.060496,preds.pt#2290
1BB200,0162,CT-only,42,0.853427,20.449870,0.066756,preds.pt#2291
1BB200,0163,CT-only,42,0.855783,20.679375,0.061662,preds.pt#2292
1BB200,0164,CT-only,42,0.858462,20.743371,0.064014,preds.pt#2293
1BB200,0165,CT-only,42,0.850327,20.549345,0.060049,preds.pt#2294
1BB200,0166,CT-only,42,0.844441,20.361317,0.061699,preds.pt#2295
1BB200,0167,CT-only,42,0.849082,20.345520,0.070612,preds.pt#2296
1BB200,0168,CT-only,42,0.854580,20.498405,0.067612,preds.pt#2297
1BB200,0169,CT-only,42,0.857874,20.804555,0.060006,preds.pt#2298
1BB200,0170,CT-only,42,0.858780,20.837981,0.069626,preds.pt#2299
1BB200,0171,CT-only,42,0.858295,20.751418,0.075958,preds.pt#2300
1BB200,0172,CT-only,42,0.862282,20.694761,0.080817,preds.pt#2301
1BB200,0173,CT-only,42,0.860894,20.847058,0.079775,preds.pt#2302
1BB200,0174,CT-only,42,0.851217,20.810319,0.080369,preds.pt#2303
1BB200,0175,CT-only,42,0.838727,20.463198,0.070726,preds.pt#2304
1BB200,0176,CT-only,42,0.839513,20.479370,0.084515,preds.pt#2305
1BB200,0177,CT-only,42,0.838828,20.544694,0.083065,preds.pt#2306
1BB200,0178,CT-only,42,0.840855,20.430305,0.068060,preds.pt#2307
1BB200,0179,CT-only,42,0.858502,21.199750,0.060440,preds.pt#2308
1BB200,0180,CT-only,42,0.855371,21.541410,0.072733,preds.pt#2309
1BB200,0181,CT-only,42,0.869283,21.914350,0.078382,preds.pt#2310
1BB200,0182,CT-only,42,0.862837,20.730329,0.085835,preds.pt#2311
1BB200,0183,CT-only,42,0.851086,20.740480,0.100398,preds.pt#2312
1BB200,0184,CT-only,42,0.838201,21.007268,0.105611,preds.pt#2313
1BB200,0185,CT-only,42,0.829766,20.546593,0.117544,preds.pt#2314
1BB200,0186,CT-only,42,0.685262,21.245190,0.119227,preds.pt#2315
1BB200,0187,CT-only,42,0.717988,22.735394,0.143926,preds.pt#2316
1BB200,0188,CT-only,42,0.755074,25.644532,0.112712,preds.pt#2317
1BB205,0000,CT-only,42,0.657179,16.714568,0.460910,preds.pt#2318
1BB205,0001,CT-only,42,0.646149,17.434961,0.456366,preds.pt#2319
1BB205,0002,CT-only,42,0.644441,17.428732,0.429196,preds.pt#2320
1BB205,0003,CT-only,42,0.659833,17.527120,0.439585,preds.pt#2321
1BB205,0004,CT-only,42,0.668272,17.253408,0.407741,preds.pt#2322
1BB205,0005,CT-only,42,0.673703,17.474594,0.394271,preds.pt#2323
1BB205,0006,CT-only,42,0.657712,17.485223,0.413123,preds.pt#2324
1BB205,0007,CT-only,42,0.653256,17.424798,0.414570,preds.pt#2325
1BB205,0008,CT-only,42,0.652729,17.592590,0.418522,preds.pt#2326
1BB205,0009,CT-only,42,0.660705,17.789858,0.398417,preds.pt#2327
1BB205,0010,CT-only,42,0.652616,17.699094,0.390898,preds.pt#2328
1BB205,0011,CT-only,42,0.674580,18.155145,0.356975,preds.pt#2329
1BB205,0012,CT-only,42,0.671535,18.310758,0.344131,preds.pt#2330
1BB205,0013,CT-only,42,0.676062,18.065898,0.325974,preds.pt#2331
1BB205,0014,CT-only,42,0.681715,17.791585,0.335439,preds.pt#2332
1BB205,0015,CT-only,42,0.664484,17.576231,0.342077,preds.pt#2333
1BB205,0016,CT-only,42,0.686015,17.266600,0.350872,preds.pt#2334
1BB205,0017,CT-only,42,0.702565,16.805729,0.354668,preds.pt#2335
1BB205,0018,CT-only,42,0.715093,16.636358,0.341617,preds.pt#2336
1BB205,0019,CT-only,42,0.711559,16.243690,0.342134,preds.pt#2337
1BB205,0020,CT-only,42,0.707252,15.891442,0.345262,preds.pt#2338
1BB205,0021,CT-only,42,0.707626,15.393524,0.371574,preds.pt#2339
1BB205,0022,CT-only,42,0.685560,15.146618,0.395517,preds.pt#2340
1BB205,0023,CT-only,42,0.668684,15.119054,0.407091,preds.pt#2341
1BB205,0024,CT-only,42,0.662290,14.793814,0.402623,preds.pt#2342
1BB205,0025,CT-only,42,0.653362,14.363349,0.396007,preds.pt#2343
1BB205,0026,CT-only,42,0.647904,14.275048,0.387532,preds.pt#2344
1BB205,0027,CT-only,42,0.640117,14.401474,0.392844,preds.pt#2345
1BB205,0028,CT-only,42,0.655614,14.065133,0.408770,preds.pt#2346
1BB205,0029,CT-only,42,0.643433,13.763238,0.410455,preds.pt#2347
1BB205,0030,CT-only,42,0.641139,13.453733,0.414709,preds.pt#2348
1BB205,0031,CT-only,42,0.640231,13.243138,0.415099,preds.pt#2349
1BB205,0032,CT-only,42,0.626867,13.565646,0.399837,preds.pt#2350
1BB205,0033,CT-only,42,0.609537,13.805840,0.385051,preds.pt#2351
1BB205,0034,CT-only,42,0.603715,14.262526,0.349958,preds.pt#2352
1BB205,0035,CT-only,42,0.613215,13.843210,0.341568,preds.pt#2353
1BB205,0036,CT-only,42,0.610848,14.167254,0.318017,preds.pt#2354
1BB205,0037,CT-only,42,0.616955,14.560730,0.307399,preds.pt#2355
1BB205,0038,CT-only,42,0.619382,15.279075,0.289280,preds.pt#2356
1BB205,0039,CT-only,42,0.631156,15.777012,0.282463,preds.pt#2357
1BB205,0040,CT-only,42,0.638915,15.830653,0.277381,preds.pt#2358
1BB205,0041,CT-only,42,0.640323,15.648654,0.267346,preds.pt#2359
1BB205,0042,CT-only,42,0.638488,15.605747,0.253494,preds.pt#2360
1BB205,0043,CT-only,42,0.638129,15.699326,0.258371,preds.pt#2361
1BB205,0044,CT-only,42,0.639661,15.920364,0.262489,preds.pt#2362
1BB205,0045,CT-only,42,0.630856,15.240418,0.252953,preds.pt#2363
1BB205,0046,CT-only,42,0.630935,15.108409,0.243376,preds.pt#2364
1BB205,0047,CT-only,42,0.623127,15.277366,0.221562,preds.pt#2365
1BB205,0048,CT-only,42,0.627323,15.555340,0.219258,preds.pt#2366
1BB205,0049,CT-only,42,0.622023,15.363089,0.241077,preds.pt#2367
1BB205,0050,CT-only,42,0.624645,15.320257,0.242197,preds.pt#2368
1BB205,0051,CT-only,42,0.620697,15.268442,0.254606,preds.pt#2369
1BB205,0052,CT-only,42,0.624484,15.307963,0.233180,preds.pt#2370
1BB205,0053,CT-only,42,0.648805,15.510520,0.221302,preds.pt#2371
1BB205,0054,CT-only,42,0.656605,15.861632,0.208402,preds.pt#2372
1BB205,0055,CT-only,42,0.668145,16.043919,0.218195,preds.pt#2373
1BB205,0056,CT-only,42,0.661304,15.770145,0.197244,preds.pt#2374
1BB205,0057,CT-only,42,0.665506,15.867368,0.199392,preds.pt#2375
1BB205,0058,CT-only,42,0.665931,15.854799,0.198410,preds.pt#2376
1BB205,0059,CT-only,42,0.683424,16.302037,0.199333,preds.pt#2377
1BB205,0060,CT-only,42,0.686060,16.523976,0.204279,preds.pt#2378
1BB205,0061,CT-only,42,0.679471,16.344996,0.204628,preds.pt#2379
1BB205,0062,CT-only,42,0.678543,16.218019,0.213328,preds.pt#2380
1BB205,0063,CT-only,42,0.687609,16.330506,0.210472,preds.pt#2381
1BB205,0064,CT-only,42,0.691939,16.297214,0.205169,preds.pt#2382
1BB205,0065,CT-only,42,0.687182,16.258144,0.228188,preds.pt#2383
1BB205,0066,CT-only,42,0.683390,16.206368,0.221584,preds.pt#2384
1BB205,0067,CT-only,42,0.689010,16.173102,0.227105,preds.pt#2385
1BB205,0068,CT-only,42,0.690902,16.233434,0.218004,preds.pt#2386
1BB205,0069,CT-only,42,0.694991,16.438689,0.218969,preds.pt#2387
1BB205,0070,CT-only,42,0.699173,16.641952,0.213215,preds.pt#2388
1BB205,0071,CT-only,42,0.700098,16.784791,0.205428,preds.pt#2389
1BB205,0072,CT-only,42,0.705546,16.804117,0.198177,preds.pt#2390
1BB205,0073,CT-only,42,0.713049,16.918598,0.199551,preds.pt#2391
1BB205,0074,CT-only,42,0.715244,16.869379,0.186814,preds.pt#2392
1BB205,0075,CT-only,42,0.723452,16.960304,0.194103,preds.pt#2393
1BB205,0076,CT-only,42,0.725077,16.841771,0.189159,preds.pt#2394
1BB205,0077,CT-only,42,0.724320,16.821606,0.185866,preds.pt#2395
1BB205,0078,CT-only,42,0.713590,16.734806,0.169743,preds.pt#2396
1BB205,0079,CT-only,42,0.707335,16.579461,0.167350,preds.pt#2397
1BB205,0080,CT-only,42,0.707904,16.574866,0.150936,preds.pt#2398
1BB205,0081,CT-only,42,0.713959,16.806073,0.143363,preds.pt#2399
1BB205,0082,CT-only,42,0.714722,16.876792,0.156249,preds.pt#2400
1BB205,0083,CT-only,42,0.710823,16.871090,0.152352,preds.pt#2401
1BB205,0084,CT-only,42,0.713930,16.939414,0.151675,preds.pt#2402
1BB205,0085,CT-only,42,0.707691,16.742894,0.138825,preds.pt#2403
1BB205,0086,CT-only,42,0.705894,16.897467,0.133705,preds.pt#2404
1BB205,0087,CT-only,42,0.707187,17.001712,0.145016,preds.pt#2405
1BB205,0088,CT-only,42,0.703663,17.011627,0.159827,preds.pt#2406
1BB205,0089,CT-only,42,0.695528,16.866429,0.168079,preds.pt#2407
1BB205,0090,CT-only,42,0.693341,16.799380,0.167194,preds.pt#2408
1BB205,0091,CT-only,42,0.693010,16.865824,0.153829,preds.pt#2409
1BB205,0092,CT-only,42,0.683481,16.860098,0.163756,preds.pt#2410
1BB205,0093,CT-only,42,0.667076,16.609186,0.162242,preds.pt#2411
1BB205,0094,CT-only,42,0.675356,16.710791,0.176045,preds.pt#2412
1BB205,0095,CT-only,42,0.673018,16.797104,0.154697,preds.pt#2413
1BB205,0096,CT-only,42,0.672546,16.744998,0.149389,preds.pt#2414
1BB205,0097,CT-only,42,0.673580,16.753466,0.145947,preds.pt#2415
1BB205,0098,CT-only,42,0.676099,16.837013,0.141557,preds.pt#2416
1BB205,0099,CT-only,42,0.669025,16.775731,0.136411,preds.pt#2417
1BB205,0100,CT-only,42,0.656767,16.556144,0.130564,preds.pt#2418
1BB205,0101,CT-only,42,0.673984,16.697203,0.134276,preds.pt#2419
1BB205,0102,CT-only,42,0.686385,16.916867,0.135809,preds.pt#2420
1BB205,0103,CT-only,42,0.700019,17.037704,0.127251,preds.pt#2421
1BB205,0104,CT-only,42,0.700215,16.814172,0.128888,preds.pt#2422
1BB205,0105,CT-only,42,0.705095,16.975716,0.131157,preds.pt#2423
1BB205,0106,CT-only,42,0.692390,16.770903,0.143385,preds.pt#2424
1BB205,0107,CT-only,42,0.707931,17.140942,0.147158,preds.pt#2425
1BB205,0108,CT-only,42,0.703009,17.195027,0.156241,preds.pt#2426
1BB205,0109,CT-only,42,0.718554,17.636675,0.141194,preds.pt#2427
1BB205,0110,CT-only,42,0.723925,17.594538,0.149769,preds.pt#2428
1BB205,0111,CT-only,42,0.727428,17.707113,0.147094,preds.pt#2429
1BB205,0112,CT-only,42,0.734217,17.777263,0.148080,preds.pt#2430
1BB205,0113,CT-only,42,0.741431,18.098463,0.142659,preds.pt#2431
1BB205,0114,CT-only,42,0.741557,18.332950,0.132320,preds.pt#2432
1BB205,0115,CT-only,42,0.746742,18.536982,0.121942,preds.pt#2433
1BB205,0116,CT-only,42,0.734814,18.164866,0.111169,preds.pt#2434
1BB205,0117,CT-only,42,0.726318,17.641074,0.115936,preds.pt#2435
1BB205,0118,CT-only,42,0.724091,17.375102,0.125340,preds.pt#2436
1BB205,0119,CT-only,42,0.728381,17.295847,0.128947,preds.pt#2437
1BB205,0120,CT-only,42,0.717344,17.372618,0.123990,preds.pt#2438
1BB205,0121,CT-only,42,0.723941,17.661950,0.118616,preds.pt#2439
1BB205,0122,CT-only,42,0.729013,17.683450,0.118445,preds.pt#2440
1BB205,0123,CT-only,42,0.730852,17.976077,0.132306,preds.pt#2441
1BB205,0124,CT-only,42,0.727854,18.090291,0.117021,preds.pt#2442
1BB205,0125,CT-only,42,0.732909,18.395182,0.110276,preds.pt#2443
1BB205,0126,CT-only,42,0.726712,18.465802,0.112629,preds.pt#2444
1BB205,0127,CT-only,42,0.736956,18.719462,0.107352,preds.pt#2445
1BB205,0128,CT-only,42,0.737688,18.736578,0.117796,preds.pt#2446
1BB205,0129,CT-only,42,0.730493,18.752476,0.128989,preds.pt#2447
1BB205,0130,CT-only,42,0.730186,18.863733,0.116843,preds.pt#2448
1BB205,0131,CT-only,42,0.724987,18.827580,0.118595,preds.pt#2449
1BB205,0132,CT-only,42,0.682895,17.994504,0.122388,preds.pt#2450
1BB205,0133,CT-only,42,0.691320,18.231131,0.127753,preds.pt#2451
1BB205,0134,CT-only,42,0.693390,18.171438,0.122764,preds.pt#2452
1BB205,0135,CT-only,42,0.695208,18.290691,0.121172,preds.pt#2453
1BB205,0136,CT-only,42,0.701575,18.440620,0.113406,preds.pt#2454
1BB205,0137,CT-only,42,0.694069,18.292144,0.113973,preds.pt#2455
1BB205,0138,CT-only,42,0.699436,18.350708,0.115891,preds.pt#2456
1BB205,0139,CT-only,42,0.699716,18.561346,0.112622,preds.pt#2457
1BB205,0140,CT-only,42,0.712872,18.575037,0.105597,preds.pt#2458
1BB205,0141,CT-only,42,0.706243,18.465043,0.103878,preds.pt#2459
1BB205,0142,CT-only,42,0.709159,18.586452,0.105921,preds.pt#2460
1BB205,0143,CT-only,42,0.722789,18.786348,0.109263,preds.pt#2461
1BB205,0144,CT-only,42,0.741744,19.224441,0.102099,preds.pt#2462
1BB205,0145,CT-only,42,0.748271,19.354798,0.087573,preds.pt#2463
1BB205,0146,CT-only,42,0.755902,19.479857,0.091781,preds.pt#2464
1BB205,0147,CT-only,42,0.757463,19.679919,0.084181,preds.pt#2465
1BB205,0148,CT-only,42,0.754775,19.604914,0.087828,preds.pt#2466
1BB205,0149,CT-only,42,0.760521,19.656339,0.086647,preds.pt#2467
1BB205,0150,CT-only,42,0.766656,19.718500,0.082340,preds.pt#2468
1BB205,0151,CT-only,42,0.756550,19.674219,0.084793,preds.pt#2469
1BB205,0152,CT-only,42,0.757633,19.920107,0.080270,preds.pt#2470
1BB205,0153,CT-only,42,0.747357,19.349918,0.084875,preds.pt#2471
1BB205,0154,CT-only,42,0.750847,19.244623,0.086412,preds.pt#2472
1BB205,0155,CT-only,42,0.754697,19.465041,0.082408,preds.pt#2473
1BB205,0156,CT-only,42,0.734132,19.114419,0.087545,preds.pt#2474
1BB205,0157,CT-only,42,0.727785,18.903854,0.092319,preds.pt#2475
1BB205,0158,CT-only,42,0.720610,19.115169,0.079741,preds.pt#2476
1BB205,0159,CT-only,42,0.727704,19.079303,0.080054,preds.pt#2477
1BB205,0160,CT-only,42,0.737043,19.146672,0.085872,preds.pt#2478
1BB205,0161,CT-only,42,0.744318,19.180881,0.093287,preds.pt#2479
1BB205,0162,CT-only,42,0.749681,18.973399,0.082683,preds.pt#2480
1BB205,0163,CT-only,42,0.763047,19.200229,0.079946,preds.pt#2481
1BB205,0164,CT-only,42,0.760327,19.251708,0.068902,preds.pt#2482
1BB205,0165,CT-only,42,0.764834,19.298229,0.067651,preds.pt#2483
1BB205,0166,CT-only,42,0.766095,19.156506,0.068281,preds.pt#2484
1BB205,0167,CT-only,42,0.773949,19.360771,0.068000,preds.pt#2485
1BB205,0168,CT-only,42,0.787828,19.669956,0.070687,preds.pt#2486
1BB205,0169,CT-only,42,0.789542,19.723793,0.066711,preds.pt#2487
1BB205,0170,CT-only,42,0.781515,19.449301,0.075447,preds.pt#2488
1BB205,0171,CT-only,42,0.781401,19.425740,0.080385,preds.pt#2489
1BB205,0172,CT-only,42,0.785097,19.409912,0.077657,preds.pt#2490
1BB205,0173,CT-only,42,0.781574,19.210946,0.076856,preds.pt#2491
1BB205,0174,CT-only,42,0.798333,19.544659,0.078866,preds.pt#2492
1BB205,0175,CT-only,42,0.795222,19.504302,0.072395,preds.pt#2493
1BB205,0176,CT-only,42,0.792301,19.339302,0.079014,preds.pt#2494
1BB205,0177,CT-only,42,0.806477,19.656302,0.065223,preds.pt#2495
1BB205,0178,CT-only,42,0.820718,19.815924,0.068636,preds.pt#2496
1BB205,0179,CT-only,42,0.819064,19.613425,0.072074,preds.pt#2497
1BB205,0180,CT-only,42,0.820284,19.612801,0.074806,preds.pt#2498
1BB205,0181,CT-only,42,0.814490,19.385395,0.070479,preds.pt#2499
1BB205,0182,CT-only,42,0.804353,18.890030,0.067703,preds.pt#2500
1BB205,0183,CT-only,42,0.803942,18.850411,0.064724,preds.pt#2501
1BB205,0184,CT-only,42,0.808843,18.873720,0.060708,preds.pt#2502
1BB205,0185,CT-only,42,0.807854,18.767912,0.057667,preds.pt#2503
1BB205,0186,CT-only,42,0.809813,18.835900,0.062087,preds.pt#2504
1BB205,0187,CT-only,42,0.804825,18.689481,0.051633,preds.pt#2505
1BB205,0188,CT-only,42,0.810433,18.749474,0.057870,preds.pt#2506
1BB205,0189,CT-only,42,0.812288,18.801400,0.061716,preds.pt#2507
1BB205,0190,CT-only,42,0.815620,18.875433,0.055186,preds.pt#2508
1BB205,0191,CT-only,42,0.820527,18.911484,0.057670,preds.pt#2509
1BB205,0192,CT-only,42,0.816775,18.837659,0.061180,preds.pt#2510
1BB205,0193,CT-only,42,0.819885,18.915089,0.045297,preds.pt#2511
1BB205,0194,CT-only,42,0.820160,18.971709,0.047577,preds.pt#2512
1BB205,0195,CT-only,42,0.816783,19.160205,0.051883,preds.pt#2513
1BB205,0196,CT-only,42,0.813456,19.451286,0.050029,preds.pt#2514
1BB205,0197,CT-only,42,0.806538,19.580124,0.057509,preds.pt#2515
1BB205,0198,CT-only,42,0.814232,19.708894,0.055292,preds.pt#2516
1BB205,0199,CT-only,42,0.810989,19.966371,0.052413,preds.pt#2517
1BB205,0200,CT-only,42,0.805712,19.879048,0.046684,preds.pt#2518
1BB205,0201,CT-only,42,0.805047,19.767627,0.052701,preds.pt#2519
1BB205,0202,CT-only,42,0.794626,19.442694,0.074066,preds.pt#2520
1BB205,0203,CT-only,42,0.802678,19.826317,0.064079,preds.pt#2521
1BB205,0204,CT-only,42,0.816015,19.984507,0.071963,preds.pt#2522
1BB205,0205,CT-only,42,0.808900,19.576090,0.061519,preds.pt#2523
1BB205,0206,CT-only,42,0.808902,19.576205,0.071702,preds.pt#2524
1BB205,0207,CT-only,42,0.810133,19.739862,0.078392,preds.pt#2525
1BB205,0208,CT-only,42,0.805328,20.552742,0.074597,preds.pt#2526
1BB205,0209,CT-only,42,0.826440,20.223926,0.067502,preds.pt#2527
1BB205,0210,CT-only,42,0.843198,20.689768,0.068291,preds.pt#2528
1BB205,0211,CT-only,42,0.844731,21.010989,0.072393,preds.pt#2529
1BB205,0212,CT-only,42,0.856402,21.266355,0.083061,preds.pt#2530
1BB205,0213,CT-only,42,0.865116,22.939208,0.069642,preds.pt#2531
1BB205,0214,CT-only,42,0.869871,25.456654,0.059138,preds.pt#2532
1BB205,0215,CT-only,42,0.807350,23.603059,0.089031,preds.pt#2533
1BB205,0216,CT-only,42,0.820104,25.863451,0.081018,preds.pt#2534
1BB205,0217,CT-only,42,0.812468,26.542166,0.091290,preds.pt#2535
1BC007,0002,CT-only,42,0.979880,50.705619,0.027400,preds.pt#2536
1BC007,0003,CT-only,42,0.968864,41.413593,0.120780,preds.pt#2537
1BC007,0004,CT-only,42,0.955617,33.122753,0.215062,preds.pt#2538
1BC007,0005,CT-only,42,0.938236,26.887908,0.282543,preds.pt#2539
1BC007,0006,CT-only,42,0.924934,24.064308,0.281925,preds.pt#2540
1BC007,0007,CT-only,42,0.918128,23.951639,0.196087,preds.pt#2541
1BC007,0008,CT-only,42,0.892648,23.165692,0.215931,preds.pt#2542
1BC007,0009,CT-only,42,0.877609,23.874845,0.176619,preds.pt#2543
1BC007,0010,CT-only,42,0.849367,23.225464,0.194146,preds.pt#2544
1BC007,0011,CT-only,42,0.839964,22.921456,0.192468,preds.pt#2545
1BC007,0012,CT-only,42,0.816931,22.585634,0.196064,preds.pt#2546
1BC007,0013,CT-only,42,0.808335,22.283555,0.202496,preds.pt#2547
1BC007,0014,CT-only,42,0.787645,21.398826,0.213256,preds.pt#2548
1BC007,0015,CT-only,42,0.785769,21.153193,0.229820,preds.pt#2549
1BC007,0016,CT-only,42,0.776028,20.422020,0.222849,preds.pt#2550
1BC007,0017,CT-only,42,0.770927,20.499869,0.212588,preds.pt#2551
1BC007,0018,CT-only,42,0.779863,20.667363,0.189233,preds.pt#2552
1BC007,0019,CT-only,42,0.771606,20.425048,0.186865,preds.pt#2553
1BC007,0020,CT-only,42,0.749678,19.876925,0.193067,preds.pt#2554
1BC007,0021,CT-only,42,0.755368,19.821786,0.207521,preds.pt#2555
1BC007,0022,CT-only,42,0.750891,19.654941,0.220369,preds.pt#2556
1BC007,0023,CT-only,42,0.742852,19.453817,0.241706,preds.pt#2557
1BC007,0024,CT-only,42,0.739565,19.218935,0.260723,preds.pt#2558
1BC007,0025,CT-only,42,0.735233,19.111421,0.270801,preds.pt#2559
1BC007,0026,CT-only,42,0.725536,18.789490,0.271312,preds.pt#2560
1BC007,0027,CT-only,42,0.713523,18.731653,0.274182,preds.pt#2561
1BC007,0028,CT-only,42,0.703656,18.801542,0.280292,preds.pt#2562
1BC007,0029,CT-only,42,0.687121,18.405275,0.265060,preds.pt#2563
1BC007,0030,CT-only,42,0.685364,18.389707,0.263388,preds.pt#2564
1BC007,0031,CT-only,42,0.692099,18.531062,0.248810,preds.pt#2565
1BC007,0032,CT-only,42,0.695119,18.361628,0.248892,preds.pt#2566
1BC007,0033,CT-only,42,0.700451,18.406498,0.225337,preds.pt#2567
1BC007,0034,CT-only,42,0.703282,18.004528,0.205677,preds.pt#2568
1BC007,0035,CT-only,42,0.708652,18.018452,0.206836,preds.pt#2569
1BC007,0036,CT-only,42,0.714460,17.815569,0.205287,preds.pt#2570
1BC007,0037,CT-only,42,0.726055,17.863055,0.228437,preds.pt#2571
1BC007,0038,CT-only,42,0.724183,17.663522,0.235740,preds.pt#2572
1BC007,0039,CT-only,42,0.724740,17.464840,0.236429,preds.pt#2573
1BC007,0040,CT-only,42,0.732309,17.497567,0.222283,preds.pt#2574
1BC007,0041,CT-only,42,0.747913,17.648761,0.224846,preds.pt#2575
1BC007,0042,CT-only,42,0.756325,17.712562,0.192488,preds.pt#2576
1BC007,0043,CT-only,42,0.764615,17.754262,0.185422,preds.pt#2577
1BC007,0044,CT-only,42,0.770626,17.882559,0.176121,preds.pt#2578
1BC007,0045,CT-only,42,0.773409,17.797270,0.173286,preds.pt#2579
1BC007,0046,CT-only,42,0.776725,17.978484,0.190971,preds.pt#2580
1BC007,0047,CT-only,42,0.771316,17.779519,0.173146,preds.pt#2581
1BC007,0048,CT-only,42,0.776774,17.931598,0.163841,preds.pt#2582
1BC007,0049,CT-only,42,0.774743,17.971871,0.157655,preds.pt#2583
1BC007,0050,CT-only,42,0.773306,18.036742,0.158701,preds.pt#2584
1BC007,0051,CT-only,42,0.768263,17.812065,0.170537,preds.pt#2585
1BC007,0052,CT-only,42,0.762715,17.502436,0.167188,preds.pt#2586
1BC007,0053,CT-only,42,0.768412,17.735042,0.161880,preds.pt#2587
1BC007,0054,CT-only,42,0.780597,18.132397,0.163209,preds.pt#2588
1BC007,0055,CT-only,42,0.789401,18.400863,0.152983,preds.pt#2589
1BC007,0056,CT-only,42,0.794843,18.662927,0.149202,preds.pt#2590
1BC007,0057,CT-only,42,0.791411,18.596030,0.153710,preds.pt#2591
1BC007,0058,CT-only,42,0.793389,18.675297,0.155147,preds.pt#2592
1BC007,0059,CT-only,42,0.790103,18.644401,0.153668,preds.pt#2593
1BC007,0060,CT-only,42,0.793315,18.740857,0.126787,preds.pt#2594
1BC007,0061,CT-only,42,0.793753,19.012946,0.133302,preds.pt#2595
1BC007,0062,CT-only,42,0.793662,19.116642,0.133459,preds.pt#2596
1BC007,0063,CT-only,42,0.798243,19.214891,0.123726,preds.pt#2597
1BC007,0064,CT-only,42,0.801698,19.569636,0.113458,preds.pt#2598
1BC007,0065,CT-only,42,0.795578,19.279510,0.114942,preds.pt#2599
1BC007,0066,CT-only,42,0.792258,19.055447,0.119890,preds.pt#2600
1BC007,0067,CT-only,42,0.788379,18.910057,0.122191,preds.pt#2601
1BC007,0068,CT-only,42,0.784508,18.793794,0.139339,preds.pt#2602
1BC007,0069,CT-only,42,0.774796,18.577240,0.134826,preds.pt#2603
1BC007,0070,CT-only,42,0.771278,18.583043,0.137752,preds.pt#2604
1BC007,0071,CT-only,42,0.768250,18.284226,0.153182,preds.pt#2605
1BC007,0072,CT-only,42,0.758882,18.068693,0.152152,preds.pt#2606
1BC007,0073,CT-only,42,0.742479,18.076573,0.160679,preds.pt#2607
1BC007,0074,CT-only,42,0.739595,18.121032,0.155097,preds.pt#2608
1BC007,0075,CT-only,42,0.741209,17.961758,0.164894,preds.pt#2609
1BC007,0076,CT-only,42,0.753243,18.346589,0.154833,preds.pt#2610
1BC007,0077,CT-only,42,0.752265,18.237276,0.149411,preds.pt#2611
1BC007,0078,CT-only,42,0.750122,18.072101,0.161070,preds.pt#2612
1BC007,0079,CT-only,42,0.749073,17.987628,0.164316,preds.pt#2613
1BC007,0080,CT-only,42,0.768515,18.381413,0.153089,preds.pt#2614
1BC007,0081,CT-only,42,0.758380,18.022755,0.158416,preds.pt#2615
1BC007,0082,CT-only,42,0.761707,18.186001,0.145422,preds.pt#2616
1BC007,0083,CT-only,42,0.769284,18.434574,0.144485,preds.pt#2617
1BC007,0084,CT-only,42,0.762573,18.170069,0.137881,preds.pt#2618
1BC007,0085,CT-only,42,0.771293,18.383606,0.142211,preds.pt#2619
1BC007,0086,CT-only,42,0.774905,18.576100,0.133974,preds.pt#2620
1BC007,0087,CT-only,42,0.779344,18.951061,0.111187,preds.pt#2621
1BC007,0088,CT-only,42,0.756829,18.276960,0.132984,preds.pt#2622
1BC007,0089,CT-only,42,0.762472,18.252865,0.126048,preds.pt#2623
1BC007,0090,CT-only,42,0.782274,18.605417,0.120924,preds.pt#2624
1BC007,0091,CT-only,42,0.798311,18.916534,0.116644,preds.pt#2625
1BC007,0092,CT-only,42,0.799963,18.960603,0.115982,preds.pt#2626
1BC007,0093,CT-only,42,0.803249,19.033543,0.116260,preds.pt#2627
1BC007,0094,CT-only,42,0.811471,19.189297,0.123127,preds.pt#2628
1BC007,0095,CT-only,42,0.807947,19.230957,0.123959,preds.pt#2629
1BC007,0096,CT-only,42,0.804509,18.992401,0.112487,preds.pt#2630
1BC007,0097,CT-only,42,0.806056,19.079405,0.101562,preds.pt#2631
1BC007,0098,CT-only,42,0.815084,19.413868,0.102613,preds.pt#2632
1BC007,0099,CT-only,42,0.810912,19.461218,0.095026,preds.pt#2633
1BC007,0100,CT-only,42,0.809500,19.438842,0.089847,preds.pt#2634
1BC007,0101,CT-only,42,0.808599,19.273438,0.086030,preds.pt#2635
1BC007,0102,CT-only,42,0.811628,19.505390,0.081903,preds.pt#2636
1BC007,0103,CT-only,42,0.818535,19.413900,0.078653,preds.pt#2637
1BC007,0104,CT-only,42,0.814626,19.575377,0.073646,preds.pt#2638
1BC007,0105,CT-only,42,0.816659,19.816012,0.088794,preds.pt#2639
1BC007,0106,CT-only,42,0.816973,19.639384,0.086373,preds.pt#2640
1BC007,0107,CT-only,42,0.827947,19.941767,0.089935,preds.pt#2641
1BC007,0108,CT-only,42,0.837005,20.198767,0.096650,preds.pt#2642
1BC007,0109,CT-only,42,0.829622,20.157996,0.093563,preds.pt#2643
1BC007,0110,CT-only,42,0.835631,20.372040,0.078897,preds.pt#2644
1BC007,0111,CT-only,42,0.841282,20.452592,0.093714,preds.pt#2645
1BC007,0112,CT-only,42,0.815741,19.872265,0.073458,preds.pt#2646
1BC007,0113,CT-only,42,0.817163,19.842934,0.073679,preds.pt#2647
1BC007,0114,CT-only,42,0.818450,19.969941,0.077194,preds.pt#2648
1BC007,0115,CT-only,42,0.817126,20.047731,0.066573,preds.pt#2649
1BC007,0116,CT-only,42,0.819920,20.166589,0.062265,preds.pt#2650
1BC007,0117,CT-only,42,0.806369,19.892551,0.069184,preds.pt#2651
1BC007,0118,CT-only,42,0.814824,19.894410,0.068764,preds.pt#2652
1BC007,0119,CT-only,42,0.819522,19.955791,0.068963,preds.pt#2653
1BC007,0120,CT-only,42,0.805367,19.576033,0.067866,preds.pt#2654
1BC007,0121,CT-only,42,0.808219,19.862509,0.065282,preds.pt#2655
1BC007,0122,CT-only,42,0.813495,20.244978,0.067503,preds.pt#2656
1BC007,0123,CT-only,42,0.806231,19.893908,0.077644,preds.pt#2657
1BC007,0124,CT-only,42,0.809036,19.951956,0.073482,preds.pt#2658
1BC007,0125,CT-only,42,0.804437,19.852433,0.072304,preds.pt#2659
1BC007,0126,CT-only,42,0.813355,19.688012,0.069225,preds.pt#2660
1BC007,0127,CT-only,42,0.816563,19.768726,0.073873,preds.pt#2661
1BC007,0128,CT-only,42,0.810273,19.576523,0.076609,preds.pt#2662
1BC007,0129,CT-only,42,0.808563,19.473189,0.073015,preds.pt#2663
1BC007,0130,CT-only,42,0.808453,19.485887,0.077764,preds.pt#2664
1BC007,0131,CT-only,42,0.809740,19.435073,0.067907,preds.pt#2665
1BC007,0132,CT-only,42,0.814347,19.288266,0.063569,preds.pt#2666
1BC007,0133,CT-only,42,0.810427,18.931066,0.061921,preds.pt#2667
1BC007,0134,CT-only,42,0.813279,19.103402,0.050498,preds.pt#2668
1BC007,0135,CT-only,42,0.815691,19.282833,0.054726,preds.pt#2669
1BC007,0136,CT-only,42,0.822502,19.231959,0.053562,preds.pt#2670
1BC007,0137,CT-only,42,0.830193,19.128300,0.052675,preds.pt#2671
1BC007,0138,CT-only,42,0.826946,19.098517,0.049759,preds.pt#2672
1BC007,0139,CT-only,42,0.825659,18.907385,0.051269,preds.pt#2673
1BC007,0140,CT-only,42,0.822956,18.701526,0.052788,preds.pt#2674
1BC007,0141,CT-only,42,0.815022,18.592787,0.048207,preds.pt#2675
1BC007,0142,CT-only,42,0.819476,18.641950,0.054831,preds.pt#2676
1BC007,0143,CT-only,42,0.819025,18.536089,0.042460,preds.pt#2677
1BC007,0144,CT-only,42,0.825006,18.760126,0.048561,preds.pt#2678
1BC007,0145,CT-only,42,0.822957,18.605580,0.050228,preds.pt#2679
1BC007,0146,CT-only,42,0.837087,18.936076,0.046155,preds.pt#2680
1BC007,0147,CT-only,42,0.835331,18.795951,0.042276,preds.pt#2681
1BC007,0148,CT-only,42,0.839703,18.938544,0.039699,preds.pt#2682
1BC007,0149,CT-only,42,0.841817,18.922613,0.050795,preds.pt#2683
1BC007,0150,CT-only,42,0.832861,18.747131,0.055144,preds.pt#2684
1BC007,0151,CT-only,42,0.834290,18.890229,0.052281,preds.pt#2685
1BC007,0152,CT-only,42,0.831644,18.803565,0.049468,preds.pt#2686
1BC007,0153,CT-only,42,0.839892,19.248371,0.042118,preds.pt#2687
1BC007,0154,CT-only,42,0.840708,19.264610,0.048435,preds.pt#2688
1BC007,0155,CT-only,42,0.843181,19.435053,0.049741,preds.pt#2689
1BC007,0156,CT-only,42,0.849828,19.828827,0.051866,preds.pt#2690
1BC007,0157,CT-only,42,0.851036,20.002419,0.056572,preds.pt#2691
1BC007,0158,CT-only,42,0.863833,20.338797,0.048801,preds.pt#2692
1BC007,0159,CT-only,42,0.867114,20.412888,0.050164,preds.pt#2693
1BC007,0160,CT-only,42,0.870498,20.706307,0.051995,preds.pt#2694
1BC007,0161,CT-only,42,0.878411,21.092558,0.046984,preds.pt#2695
1BC007,0162,CT-only,42,0.879392,21.043986,0.049490,preds.pt#2696
1BC007,0163,CT-only,42,0.880602,21.296072,0.047076,preds.pt#2697
1BC007,0164,CT-only,42,0.883772,21.631503,0.049618,preds.pt#2698
1BC007,0165,CT-only,42,0.892709,21.959281,0.043053,preds.pt#2699
1BC007,0166,CT-only,42,0.899591,22.434982,0.043547,preds.pt#2700
1BC007,0167,CT-only,42,0.900674,22.733698,0.056266,preds.pt#2701
1BC007,0168,CT-only,42,0.909029,23.442764,0.057901,preds.pt#2702
1BC007,0169,CT-only,42,0.913601,24.393420,0.053765,preds.pt#2703
1BC007,0170,CT-only,42,0.905538,23.878065,0.056177,preds.pt#2704
1BC007,0171,CT-only,42,0.898450,23.752901,0.071638,preds.pt#2705
1BC007,0172,CT-only,42,0.903760,24.339277,0.065376,preds.pt#2706
1BC007,0173,CT-only,42,0.912768,24.960756,0.057393,preds.pt#2707
1BC007,0174,CT-only,42,0.921020,25.562092,0.054378,preds.pt#2708
1BC007,0175,CT-only,42,0.919281,24.770144,0.058917,preds.pt#2709
1BC007,0176,CT-only,42,0.921790,24.996340,0.061204,preds.pt#2710
1BC007,0177,CT-only,42,0.929133,25.782128,0.060605,preds.pt#2711
1BC007,0178,CT-only,42,0.927451,25.454172,0.057089,preds.pt#2712
1BC007,0179,CT-only,42,0.923431,25.344196,0.072024,preds.pt#2713
1BC007,0180,CT-only,42,0.923005,24.903104,0.085228,preds.pt#2714
1BC007,0181,CT-only,42,0.931487,25.587694,0.071887,preds.pt#2715
1BC007,0182,CT-only,42,0.939473,25.887860,0.069482,preds.pt#2716
1BC007,0183,CT-only,42,0.943636,26.713496,0.055584,preds.pt#2717
1BC007,0184,CT-only,42,0.933897,25.601901,0.054848,preds.pt#2718
1BC007,0185,CT-only,42,0.964280,29.719657,0.054858,preds.pt#2719
1BC014,0005,CT-only,42,0.974110,52.418733,0.045298,preds.pt#2720
1BC014,0006,CT-only,42,0.968421,40.414677,0.158696,preds.pt#2721
1BC014,0007,CT-only,42,0.952094,32.534045,0.255910,preds.pt#2722
1BC014,0008,CT-only,42,0.939628,28.033138,0.295748,preds.pt#2723
1BC014,0009,CT-only,42,0.925504,25.494033,0.279021,preds.pt#2724
1BC014,0010,CT-only,42,0.900782,23.314308,0.261520,preds.pt#2725
1BC014,0011,CT-only,42,0.896468,22.848891,0.253444,preds.pt#2726
1BC014,0012,CT-only,42,0.885287,22.130836,0.251262,preds.pt#2727
1BC014,0013,CT-only,42,0.850677,20.502488,0.266855,preds.pt#2728
1BC014,0014,CT-only,42,0.833847,20.496516,0.236187,preds.pt#2729
1BC014,0015,CT-only,42,0.816993,20.521235,0.241322,preds.pt#2730
1BC014,0016,CT-only,42,0.812335,20.970923,0.234240,preds.pt#2731
1BC014,0017,CT-only,42,0.797987,20.920028,0.235242,preds.pt#2732
1BC014,0018,CT-only,42,0.761751,20.079884,0.220520,preds.pt#2733
1BC014,0019,CT-only,42,0.745935,19.279352,0.227074,preds.pt#2734
1BC014,0020,CT-only,42,0.734441,18.731485,0.235419,preds.pt#2735
1BC014,0021,CT-only,42,0.703520,17.031467,0.260604,preds.pt#2736
1BC014,0022,CT-only,42,0.681378,16.227563,0.283052,preds.pt#2737
1BC014,0023,CT-only,42,0.691198,17.155483,0.228404,preds.pt#2738
1BC014,0024,CT-only,42,0.670843,16.432782,0.225243,preds.pt#2739
1BC014,0025,CT-only,42,0.660753,15.921254,0.236544,preds.pt#2740
1BC014,0026,CT-only,42,0.682909,17.029733,0.219169,preds.pt#2741
1BC014,0027,CT-only,42,0.657390,15.934832,0.245178,preds.pt#2742
1BC014,0028,CT-only,42,0.659682,16.180180,0.244850,preds.pt#2743
1BC014,0029,CT-only,42,0.664146,17.256732,0.253457,preds.pt#2744
1BC014,0030,CT-only,42,0.650207,16.889796,0.280778,preds.pt#2745
1BC014,0031,CT-only,42,0.650568,16.892634,0.290720,preds.pt#2746
1BC014,0032,CT-only,42,0.645066,17.008081,0.297635,preds.pt#2747
1BC014,0033,CT-only,42,0.635147,16.640241,0.290551,preds.pt#2748
1BC014,0034,CT-only,42,0.630352,16.563788,0.283723,preds.pt#2749
1BC014,0035,CT-only,42,0.637507,17.064010,0.280653,preds.pt#2750
1BC014,0036,CT-only,42,0.621592,16.118340,0.283853,preds.pt#2751
1BC014,0037,CT-only,42,0.630441,16.305976,0.281582,preds.pt#2752
1BC014,0038,CT-only,42,0.666341,17.233729,0.258877,preds.pt#2753
1BC014,0039,CT-only,42,0.633543,16.393503,0.251203,preds.pt#2754
1BC014,0040,CT-only,42,0.617421,16.060290,0.253473,preds.pt#2755
1BC014,0041,CT-only,42,0.633993,16.526636,0.240939,preds.pt#2756
1BC014,0042,CT-only,42,0.586784,15.530744,0.253336,preds.pt#2757
1BC014,0043,CT-only,42,0.586564,15.337991,0.262124,preds.pt#2758
1BC014,0044,CT-only,42,0.654364,16.184093,0.252336,preds.pt#2759
1BC014,0045,CT-only,42,0.595051,15.357232,0.268030,preds.pt#2760
1BC014,0046,CT-only,42,0.591236,15.273405,0.255407,preds.pt#2761
1BC014,0047,CT-only,42,0.636889,15.983387,0.218422,preds.pt#2762
1BC014,0048,CT-only,42,0.591360,15.035267,0.248041,preds.pt#2763
1BC014,0049,CT-only,42,0.595392,15.173734,0.262795,preds.pt#2764
1BC014,0050,CT-only,42,0.631871,15.812579,0.237214,preds.pt#2765
1BC014,0051,CT-only,42,0.592726,15.177942,0.253610,preds.pt#2766
1BC014,0052,CT-only,42,0.590036,15.203141,0.246702,preds.pt#2767
1BC014,0053,CT-only,42,0.632407,16.132657,0.218444,preds.pt#2768
1BC014,0054,CT-only,42,0.596889,15.241579,0.266332,preds.pt#2769
1BC014,0055,CT-only,42,0.594010,15.222298,0.281194,preds.pt#2770
1BC014,0056,CT-only,42,0.610512,15.517562,0.282109,preds.pt#2771
1BC014,0057,CT-only,42,0.602041,15.425816,0.262239,preds.pt#2772
1BC014,0058,CT-only,42,0.620377,15.613310,0.248577,preds.pt#2773
1BC014,0059,CT-only,42,0.636172,15.874946,0.233009,preds.pt#2774
1BC014,0060,CT-only,42,0.616323,15.338633,0.265502,preds.pt#2775
1BC014,0061,CT-only,42,0.621700,15.322345,0.272248,preds.pt#2776
1BC014,0062,CT-only,42,0.626860,15.248957,0.259409,preds.pt#2777
1BC014,0063,CT-only,42,0.621708,15.249257,0.260155,preds.pt#2778
1BC014,0064,CT-only,42,0.619238,15.190404,0.260858,preds.pt#2779
1BC014,0065,CT-only,42,0.631126,15.710925,0.234650,preds.pt#2780
1BC014,0066,CT-only,42,0.626476,15.632787,0.224722,preds.pt#2781
1BC014,0067,CT-only,42,0.621395,15.531225,0.225361,preds.pt#2782
1BC014,0068,CT-only,42,0.639635,16.182191,0.216643,preds.pt#2783
1BC014,0069,CT-only,42,0.638131,16.200810,0.233720,preds.pt#2784
1BC014,0070,CT-only,42,0.641303,16.070773,0.245805,preds.pt#2785
1BC014,0071,CT-only,42,0.655127,16.498020,0.228479,preds.pt#2786
1BC014,0072,CT-only,42,0.643411,16.083946,0.246272,preds.pt#2787
1BC014,0073,CT-only,42,0.637898,15.909863,0.224960,preds.pt#2788
1BC014,0074,CT-only,42,0.654256,16.406580,0.206674,preds.pt#2789
1BC014,0075,CT-only,42,0.648718,16.111096,0.223395,preds.pt#2790
1BC014,0076,CT-only,42,0.653642,16.166363,0.209317,preds.pt#2791
1BC014,0077,CT-only,42,0.678900,16.993252,0.186315,preds.pt#2792
1BC014,0078,CT-only,42,0.659983,16.718686,0.204977,preds.pt#2793
1BC014,0079,CT-only,42,0.654685,16.710513,0.204683,preds.pt#2794
1BC014,0080,CT-only,42,0.679373,17.343364,0.185654,preds.pt#2795
1BC014,0081,CT-only,42,0.676137,17.393058,0.197178,preds.pt#2796
1BC014,0082,CT-only,42,0.679494,17.538479,0.197482,preds.pt#2797
1BC014,0083,CT-only,42,0.696696,17.927726,0.185904,preds.pt#2798
1BC014,0084,CT-only,42,0.686763,17.667822,0.192460,preds.pt#2799
1BC014,0085,CT-only,42,0.689611,17.564981,0.196231,preds.pt#2800
1BC014,0086,CT-only,42,0.703223,17.818185,0.183873,preds.pt#2801
1BC014,0087,CT-only,42,0.684299,17.273172,0.198741,preds.pt#2802
1BC014,0088,CT-only,42,0.681356,17.089421,0.197933,preds.pt#2803
1BC014,0089,CT-only,42,0.708276,17.533547,0.187495,preds.pt#2804
1BC014,0090,CT-only,42,0.678662,16.900607,0.187918,preds.pt#2805
1BC014,0091,CT-only,42,0.681230,16.989563,0.187878,preds.pt#2806
1BC014,0092,CT-only,42,0.708474,17.607113,0.178722,preds.pt#2807
1BC014,0093,CT-only,42,0.690713,17.183723,0.180448,preds.pt#2808
1BC014,0094,CT-only,42,0.685878,17.132412,0.178213,preds.pt#2809
1BC014,0095,CT-only,42,0.709687,17.538130,0.159671,preds.pt#2810
1BC014,0096,CT-only,42,0.691271,17.153947,0.165110,preds.pt#2811
1BC014,0097,CT-only,42,0.692223,17.239084,0.179560,preds.pt#2812
1BC014,0098,CT-only,42,0.717137,17.692719,0.174707,preds.pt#2813
1BC014,0099,CT-only,42,0.716683,17.760370,0.184181,preds.pt#2814
1BC014,0100,CT-only,42,0.725227,17.893196,0.165856,preds.pt#2815
1BC014,0101,CT-only,42,0.747827,18.431136,0.144088,preds.pt#2816
1BC014,0102,CT-only,42,0.735119,18.221965,0.174047,preds.pt#2817
1BC014,0103,CT-only,42,0.738531,18.152520,0.159572,preds.pt#2818
1BC014,0104,CT-only,42,0.760140,18.372334,0.156424,preds.pt#2819
1BC014,0105,CT-only,42,0.753142,18.379467,0.147987,preds.pt#2820
1BC014,0106,CT-only,42,0.743474,18.072169,0.150046,preds.pt#2821
1BC014,0107,CT-only,42,0.756057,18.180088,0.151281,preds.pt#2822
1BC014,0108,CT-only,42,0.758693,18.429555,0.160456,preds.pt#2823
1BC014,0109,CT-only,42,0.766694,18.702870,0.157131,preds.pt#2824
1BC014,0110,CT-only,42,0.776752,18.700344,0.141255,preds.pt#2825
1BC014,0111,CT-only,42,0.722160,17.929546,0.136855,preds.pt#2826
1BC014,0112,CT-only,42,0.722489,17.912333,0.133415,preds.pt#2827
1BC014,0113,CT-only,42,0.742589,18.296281,0.130422,preds.pt#2828
1BC014,0114,CT-only,42,0.723685,17.838099,0.143157,preds.pt#2829
1BC014,0115,CT-only,42,0.728001,17.970848,0.136152,preds.pt#2830
1BC014,0116,CT-only,42,0.738191,18.178853,0.127512,preds.pt#2831
1BC014,0117,CT-only,42,0.732812,18.094531,0.136969,preds.pt#2832
1BC014,0118,CT-only,42,0.739938,18.106908,0.131720,preds.pt#2833
1BC014,0119,CT-only,42,0.757540,18.466423,0.123088,preds.pt#2834
1BC014,0120,CT-only,42,0.756174,18.370582,0.122384,preds.pt#2835
1BC014,0121,CT-only,42,0.752376,18.174233,0.119177,preds.pt#2836
1BC014,0122,CT-only,42,0.760501,18.492769,0.107797,preds.pt#2837
1BC014,0123,CT-only,42,0.749808,18.108135,0.108120,preds.pt#2838
1BC014,0124,CT-only,42,0.743036,17.805864,0.101611,preds.pt#2839
1BC014,0125,CT-only,42,0.745646,17.985062,0.094938,preds.pt#2840
1BC014,0126,CT-only,42,0.740898,17.929794,0.108506,preds.pt#2841
1BC014,0127,CT-only,42,0.736995,17.821362,0.104601,preds.pt#2842
1BC014,0128,CT-only,42,0.743914,18.085925,0.093539,preds.pt#2843
1BC014,0129,CT-only,42,0.736174,18.187878,0.106118,preds.pt#2844
1BC014,0130,CT-only,42,0.725659,17.903203,0.106622,preds.pt#2845
1BC014,0131,CT-only,42,0.731087,17.803675,0.094385,preds.pt#2846
1BC014,0132,CT-only,42,0.724533,17.549688,0.100263,preds.pt#2847
1BC014,0133,CT-only,42,0.725717,17.623029,0.102378,preds.pt#2848
1BC014,0134,CT-only,42,0.743379,18.301173,0.092908,preds.pt#2849
1BC014,0135,CT-only,42,0.735535,18.572082,0.094992,preds.pt#2850
1BC014,0136,CT-only,42,0.735632,18.934677,0.091997,preds.pt#2851
1BC014,0137,CT-only,42,0.747407,19.272034,0.086875,preds.pt#2852
1BC014,0138,CT-only,42,0.736237,19.240566,0.091221,preds.pt#2853
1BC014,0139,CT-only,42,0.739325,19.253606,0.093136,preds.pt#2854
1BC014,0140,CT-only,42,0.753999,19.437565,0.082418,preds.pt#2855
1BC014,0141,CT-only,42,0.741653,19.284006,0.096381,preds.pt#2856
1BC014,0142,CT-only,42,0.745005,19.429258,0.086712,preds.pt#2857
1BC014,0143,CT-only,42,0.755492,19.679446,0.083040,preds.pt#2858
1BC014,0144,CT-only,42,0.738202,19.219803,0.105282,preds.pt#2859
1BC014,0145,CT-only,42,0.739623,19.318916,0.097013,preds.pt#2860
1BC014,0146,CT-only,42,0.752640,19.463470,0.080242,preds.pt#2861
1BC014,0147,CT-only,42,0.733629,19.124194,0.093015,preds.pt#2862
1BC014,0148,CT-only,42,0.733129,18.915114,0.101481,preds.pt#2863
1BC014,0149,CT-only,42,0.741371,19.179647,0.082667,preds.pt#2864
1BC014,0150,CT-only,42,0.725183,18.731257,0.102642,preds.pt#2865
1BC014,0151,CT-only,42,0.735046,18.948594,0.095870,preds.pt#2866
1BC014,0152,CT-only,42,0.743528,19.102086,0.081227,preds.pt#2867
1BC014,0153,CT-only,42,0.729065,18.692506,0.108267,preds.pt#2868
1BC014,0154,CT-only,42,0.749606,19.283408,0.096173,preds.pt#2869
1BC014,0155,CT-only,42,0.760712,19.371440,0.076913,preds.pt#2870
1BC014,0156,CT-only,42,0.728274,18.603133,0.100843,preds.pt#2871
1BC014,0157,CT-only,42,0.750179,19.331296,0.095893,preds.pt#2872
1BC014,0158,CT-only,42,0.778429,19.805107,0.088517,preds.pt#2873
1BC014,0159,CT-only,42,0.730860,18.469036,0.104858,preds.pt#2874
1BC014,0160,CT-only,42,0.756567,19.227241,0.100046,preds.pt#2875
1BC014,0161,CT-only,42,0.792477,20.103711,0.089063,preds.pt#2876
1BC014,0162,CT-only,42,0.747076,18.758722,0.099564,preds.pt#2877
1BC014,0163,CT-only,42,0.766395,19.365735,0.090348,preds.pt#2878
1BC014,0164,CT-only,42,0.800179,20.204089,0.081375,preds.pt#2879
1BC014,0165,CT-only,42,0.745914,18.561430,0.120056,preds.pt#2880
1BC014,0166,CT-only,42,0.767290,19.128077,0.099760,preds.pt#2881
1BC014,0167,CT-only,42,0.788792,19.453325,0.092170,preds.pt#2882
1BC014,0168,CT-only,42,0.750206,18.543211,0.123910,preds.pt#2883
1BC014,0169,CT-only,42,0.771163,19.073385,0.129729,preds.pt#2884
1BC014,0170,CT-only,42,0.777984,18.979585,0.115697,preds.pt#2885
1BC014,0171,CT-only,42,0.762706,18.706363,0.120515,preds.pt#2886
1BC014,0172,CT-only,42,0.790721,19.549942,0.114211,preds.pt#2887
1BC014,0173,CT-only,42,0.791420,19.312971,0.138654,preds.pt#2888
1BC014,0174,CT-only,42,0.786957,19.535785,0.137863,preds.pt#2889
1BC014,0175,CT-only,42,0.807089,20.466257,0.127347,preds.pt#2890
1BC014,0176,CT-only,42,0.810945,19.950761,0.116918,preds.pt#2891
1BC014,0177,CT-only,42,0.815302,20.335653,0.128007,preds.pt#2892
1BC014,0178,CT-only,42,0.837990,21.396677,0.128660,preds.pt#2893
1BC014,0179,CT-only,42,0.828843,20.618158,0.127309,preds.pt#2894
1BC014,0180,CT-only,42,0.845438,21.379630,0.150820,preds.pt#2895
1BC014,0181,CT-only,42,0.867580,23.297727,0.127358,preds.pt#2896
1BC014,0182,CT-only,42,0.867917,23.510126,0.128981,preds.pt#2897
1BC014,0183,CT-only,42,0.879408,23.839136,0.140252,preds.pt#2898
1BC014,0184,CT-only,42,0.901263,25.728281,0.120660,preds.pt#2899
1BC014,0185,CT-only,42,0.916285,26.201365,0.148039,preds.pt#2900
1BC014,0186,CT-only,42,0.909595,26.046433,0.146529,preds.pt#2901
1BC014,0187,CT-only,42,0.920216,27.468832,0.117269,preds.pt#2902
1BC014,0188,CT-only,42,0.903175,24.449370,0.170083,preds.pt#2903
1BC014,0189,CT-only,42,0.912850,25.757223,0.135510,preds.pt#2904
1BC014,0190,CT-only,42,0.919271,26.944241,0.111971,preds.pt#2905
1BC050,0000,CT-only,42,0.937609,31.526337,0.174867,preds.pt#2906
1BC050,0001,CT-only,42,0.879865,23.146020,0.235658,preds.pt#2907
1BC050,0002,CT-only,42,0.838240,22.274140,0.227119,preds.pt#2908
1BC050,0003,CT-only,42,0.815816,21.523714,0.210218,preds.pt#2909
1BC050,0004,CT-only,42,0.794966,21.876621,0.214031,preds.pt#2910
1BC050,0005,CT-only,42,0.793280,22.145531,0.219634,preds.pt#2911
1BC050,0006,CT-only,42,0.779882,21.743444,0.200906,preds.pt#2912
1BC050,0007,CT-only,42,0.756840,21.141442,0.215271,preds.pt#2913
1BC050,0008,CT-only,42,0.746899,20.554505,0.224513,preds.pt#2914
1BC050,0009,CT-only,42,0.725642,19.831950,0.238129,preds.pt#2915
1BC050,0010,CT-only,42,0.718406,18.949443,0.239027,preds.pt#2916
1BC050,0011,CT-only,42,0.726982,19.271407,0.228815,preds.pt#2917
1BC050,0012,CT-only,42,0.726526,19.457544,0.219539,preds.pt#2918
1BC050,0013,CT-only,42,0.722829,19.145747,0.222206,preds.pt#2919
1BC050,0014,CT-only,42,0.728596,19.160493,0.228798,preds.pt#2920
1BC050,0015,CT-only,42,0.736282,19.260417,0.242797,preds.pt#2921
1BC050,0016,CT-only,42,0.741807,19.386009,0.257333,preds.pt#2922
1BC050,0017,CT-only,42,0.747238,19.308427,0.233637,preds.pt#2923
1BC050,0018,CT-only,42,0.743394,19.050005,0.229256,preds.pt#2924
1BC050,0019,CT-only,42,0.749195,19.255888,0.221697,preds.pt#2925
1BC050,0020,CT-only,42,0.750876,19.305689,0.238201,preds.pt#2926
1BC050,0021,CT-only,42,0.745585,18.940203,0.232176,preds.pt#2927
1BC050,0022,CT-only,42,0.743658,18.715696,0.218584,preds.pt#2928
1BC050,0023,CT-only,42,0.744629,18.843748,0.211377,preds.pt#2929
1BC050,0024,CT-only,42,0.753047,18.783532,0.229331,preds.pt#2930
1BC050,0025,CT-only,42,0.755238,18.532941,0.240405,preds.pt#2931
1BC050,0026,CT-only,42,0.765297,18.731132,0.223956,preds.pt#2932
1BC050,0027,CT-only,42,0.767859,18.651925,0.218253,preds.pt#2933
1BC050,0028,CT-only,42,0.774007,18.706201,0.196211,preds.pt#2934
1BC050,0029,CT-only,42,0.779331,18.750658,0.184512,preds.pt#2935
1BC050,0030,CT-only,42,0.785357,18.810815,0.172184,preds.pt#2936
1BC050,0031,CT-only,42,0.787833,18.780391,0.164932,preds.pt#2937
1BC050,0032,CT-only,42,0.792220,18.833018,0.155770,preds.pt#2938
1BC050,0033,CT-only,42,0.792659,18.688154,0.152059,preds.pt#2939
1BC050,0034,CT-only,42,0.796348,18.707846,0.156167,preds.pt#2940
1BC050,0035,CT-only,42,0.797037,18.631507,0.169993,preds.pt#2941
1BC050,0036,CT-only,42,0.792933,18.270146,0.161141,preds.pt#2942
1BC050,0037,CT-only,42,0.799784,18.574140,0.177629,preds.pt#2943
1BC050,0038,CT-only,42,0.804947,18.683922,0.173336,preds.pt#2944
1BC050,0039,CT-only,42,0.804836,18.615612,0.157915,preds.pt#2945
1BC050,0040,CT-only,42,0.806825,18.934033,0.149711,preds.pt#2946
1BC050,0041,CT-only,42,0.804104,19.011155,0.160241,preds.pt#2947
1BC050,0042,CT-only,42,0.814931,19.412519,0.156004,preds.pt#2948
1BC050,0043,CT-only,42,0.817618,19.294691,0.159215,preds.pt#2949
1BC050,0044,CT-only,42,0.820575,19.339301,0.162508,preds.pt#2950
1BC050,0045,CT-only,42,0.821313,19.427337,0.158576,preds.pt#2951
1BC050,0046,CT-only,42,0.813602,19.000347,0.158155,preds.pt#2952
1BC050,0047,CT-only,42,0.812719,18.968704,0.152947,preds.pt#2953
1BC050,0048,CT-only,42,0.811192,18.911535,0.136209,preds.pt#2954
1BC050,0049,CT-only,42,0.805232,18.802995,0.135370,preds.pt#2955
1BC050,0050,CT-only,42,0.806498,18.914737,0.138076,preds.pt#2956
1BC050,0051,CT-only,42,0.801562,18.912372,0.128970,preds.pt#2957
1BC050,0052,CT-only,42,0.796277,18.734273,0.122266,preds.pt#2958
1BC050,0053,CT-only,42,0.803867,18.908052,0.120788,preds.pt#2959
1BC050,0054,CT-only,42,0.799053,18.798509,0.133562,preds.pt#2960
1BC050,0055,CT-only,42,0.805802,18.920740,0.124109,preds.pt#2961
1BC050,0056,CT-only,42,0.798806,18.732279,0.113362,preds.pt#2962
1BC050,0057,CT-only,42,0.794407,18.768798,0.111613,preds.pt#2963
1BC050,0058,CT-only,42,0.777790,18.169271,0.116226,preds.pt#2964
1BC050,0059,CT-only,42,0.777334,18.066792,0.133542,preds.pt#2965
1BC050,0060,CT-only,42,0.774778,18.311029,0.136811,preds.pt#2966
1BC050,0061,CT-only,42,0.762457,17.859996,0.121104,preds.pt#2967
1BC050,0062,CT-only,42,0.764309,18.142437,0.127218,preds.pt#2968
1BC050,0063,CT-only,42,0.760444,18.235345,0.129896,preds.pt#2969
1BC050,0064,CT-only,42,0.764221,18.343842,0.127640,preds.pt#2970
1BC050,0065,CT-only,42,0.768868,18.495155,0.123727,preds.pt#2971
1BC050,0066,CT-only,42,0.765692,18.655471,0.114494,preds.pt#2972
1BC050,0067,CT-only,42,0.769356,18.799677,0.115673,preds.pt#2973
1BC050,0068,CT-only,42,0.770417,18.964708,0.107856,preds.pt#2974
1BC050,0069,CT-only,42,0.781176,18.990474,0.102714,preds.pt#2975
1BC050,0070,CT-only,42,0.786305,19.026942,0.106332,preds.pt#2976
1BC050,0071,CT-only,42,0.787658,19.098290,0.108444,preds.pt#2977
1BC050,0072,CT-only,42,0.791206,19.125952,0.107501,preds.pt#2978
1BC050,0073,CT-only,42,0.782355,18.990808,0.113156,preds.pt#2979
1BC050,0074,CT-only,42,0.789843,19.081505,0.109009,preds.pt#2980
1BC050,0075,CT-only,42,0.785229,18.947626,0.102865,preds.pt#2981
1BC050,0076,CT-only,42,0.793392,19.396814,0.100752,preds.pt#2982
1BC050,0077,CT-only,42,0.786014,19.234908,0.090882,preds.pt#2983
1BC050,0078,CT-only,42,0.796491,19.538057,0.099044,preds.pt#2984
1BC050,0079,CT-only,42,0.797531,19.354241,0.108108,preds.pt#2985
1BC050,0080,CT-only,42,0.802684,19.520849,0.111158,preds.pt#2986
1BC050,0081,CT-only,42,0.806522,19.776084,0.108970,preds.pt#2987
1BC050,0082,CT-only,42,0.813086,19.878994,0.108461,preds.pt#2988
1BC050,0083,CT-only,42,0.820942,20.134117,0.100954,preds.pt#2989
1BC050,0084,CT-only,42,0.819576,20.286682,0.102375,preds.pt#2990
1BC050,0085,CT-only,42,0.819198,20.306448,0.107874,preds.pt#2991
1BC050,0086,CT-only,42,0.833981,20.493433,0.090609,preds.pt#2992
1BC050,0087,CT-only,42,0.825506,20.327257,0.107134,preds.pt#2993
1BC050,0088,CT-only,42,0.814579,20.009656,0.099072,preds.pt#2994
1BC050,0089,CT-only,42,0.816761,20.159428,0.112679,preds.pt#2995
1BC050,0090,CT-only,42,0.812495,19.852871,0.103135,preds.pt#2996
1BC050,0091,CT-only,42,0.815290,19.926525,0.112462,preds.pt#2997
1BC050,0092,CT-only,42,0.816014,20.148113,0.111093,preds.pt#2998
1BC050,0093,CT-only,42,0.829445,20.297491,0.099733,preds.pt#2999
1BC050,0094,CT-only,42,0.823474,20.329404,0.090455,preds.pt#3000
1BC050,0095,CT-only,42,0.803320,19.476810,0.095227,preds.pt#3001
1BC050,0096,CT-only,42,0.788783,19.152125,0.093899,preds.pt#3002
1BC050,0097,CT-only,42,0.802677,19.778443,0.101310,preds.pt#3003
1BC050,0098,CT-only,42,0.819672,20.240978,0.095252,preds.pt#3004
1BC050,0099,CT-only,42,0.809017,19.795585,0.101816,preds.pt#3005
1BC050,0100,CT-only,42,0.798345,19.520293,0.091187,preds.pt#3006
1BC050,0101,CT-only,42,0.797071,19.619874,0.090400,preds.pt#3007
1BC050,0102,CT-only,42,0.800152,19.633119,0.094446,preds.pt#3008
1BC050,0103,CT-only,42,0.783983,19.283877,0.088161,preds.pt#3009
1BC050,0104,CT-only,42,0.801048,19.700031,0.094450,preds.pt#3010
1BC050,0105,CT-only,42,0.795080,19.592703,0.089605,preds.pt#3011
1BC050,0106,CT-only,42,0.790991,19.243704,0.092542,preds.pt#3012
1BC050,0107,CT-only,42,0.804035,19.622399,0.088811,preds.pt#3013
1BC050,0108,CT-only,42,0.805224,19.442766,0.091307,preds.pt#3014
1BC050,0109,CT-only,42,0.804061,19.440083,0.079986,preds.pt#3015
1BC050,0110,CT-only,42,0.802737,19.601911,0.083720,preds.pt#3016
1BC050,0111,CT-only,42,0.799720,19.673769,0.095499,preds.pt#3017
1BC050,0112,CT-only,42,0.801235,19.840891,0.087545,preds.pt#3018
1BC050,0113,CT-only,42,0.800965,20.033664,0.084578,preds.pt#3019
1BC050,0114,CT-only,42,0.804266,19.927258,0.086099,preds.pt#3020
1BC050,0115,CT-only,42,0.800411,19.647139,0.080758,preds.pt#3021
1BC050,0116,CT-only,42,0.801250,19.934155,0.074063,preds.pt#3022
1BC050,0117,CT-only,42,0.810071,20.189847,0.062098,preds.pt#3023
1BC050,0118,CT-only,42,0.812157,19.975076,0.057692,preds.pt#3024
1BC050,0119,CT-only,42,0.809186,20.002518,0.066638,preds.pt#3025
1BC050,0120,CT-only,42,0.817363,20.059410,0.068109,preds.pt#3026
1BC050,0121,CT-only,42,0.820994,19.985683,0.068510,preds.pt#3027
1BC050,0122,CT-only,42,0.829707,20.136907,0.062404,preds.pt#3028
1BC050,0123,CT-only,42,0.834873,20.186472,0.059388,preds.pt#3029
1BC050,0124,CT-only,42,0.837400,20.271968,0.060424,preds.pt#3030
1BC050,0125,CT-only,42,0.842500,20.206275,0.064686,preds.pt#3031
1BC050,0126,CT-only,42,0.839313,20.100806,0.062623,preds.pt#3032
1BC050,0127,CT-only,42,0.846970,20.240177,0.056572,preds.pt#3033
1BC050,0128,CT-only,42,0.845945,20.298880,0.056229,preds.pt#3034
1BC050,0129,CT-only,42,0.843601,20.325005,0.051149,preds.pt#3035
1BC050,0130,CT-only,42,0.847178,20.337025,0.050331,preds.pt#3036
1BC050,0131,CT-only,42,0.849340,20.406875,0.055312,preds.pt#3037
1BC050,0132,CT-only,42,0.854461,20.689364,0.046275,preds.pt#3038
1BC050,0133,CT-only,42,0.858099,20.812337,0.041356,preds.pt#3039
1BC050,0134,CT-only,42,0.868207,21.185370,0.042858,preds.pt#3040
1BC050,0135,CT-only,42,0.869050,21.193599,0.041674,preds.pt#3041
1BC050,0136,CT-only,42,0.875573,21.550483,0.046648,preds.pt#3042
1BC050,0137,CT-only,42,0.884320,22.005871,0.046576,preds.pt#3043
1BC050,0138,CT-only,42,0.886353,22.171510,0.043667,preds.pt#3044
1BC050,0139,CT-only,42,0.890411,22.463315,0.046469,preds.pt#3045
1BC050,0140,CT-only,42,0.890987,22.410167,0.044445,preds.pt#3046
1BC050,0141,CT-only,42,0.891379,22.537473,0.036001,preds.pt#3047
1BC050,0142,CT-only,42,0.888324,22.596940,0.035706,preds.pt#3048
1BC050,0143,CT-only,42,0.895783,22.633756,0.041974,preds.pt#3049
1BC050,0144,CT-only,42,0.898023,22.478151,0.045305,preds.pt#3050
1BC050,0145,CT-only,42,0.900501,22.415742,0.047076,preds.pt#3051
1BC050,0146,CT-only,42,0.901596,22.372856,0.042826,preds.pt#3052
1BC050,0147,CT-only,42,0.900076,22.276529,0.041121,preds.pt#3053
1BC050,0148,CT-only,42,0.902062,22.644710,0.047348,preds.pt#3054
1BC050,0149,CT-only,42,0.906584,22.859201,0.057308,preds.pt#3055
1BC050,0150,CT-only,42,0.903263,22.439397,0.062679,preds.pt#3056
1BC050,0151,CT-only,42,0.905446,22.814290,0.065801,preds.pt#3057
1BC050,0152,CT-only,42,0.908702,23.120138,0.071232,preds.pt#3058
1BC050,0153,CT-only,42,0.906976,23.052895,0.065537,preds.pt#3059
1BC050,0154,CT-only,42,0.910346,23.514533,0.088988,preds.pt#3060
1BC050,0155,CT-only,42,0.912180,24.323708,0.085629,preds.pt#3061
1BC050,0156,CT-only,42,0.917483,24.840341,0.098497,preds.pt#3062
1BC050,0157,CT-only,42,0.922277,25.202604,0.097764,preds.pt#3063
1BC050,0158,CT-only,42,0.929409,25.956744,0.099156,preds.pt#3064
1BC050,0159,CT-only,42,0.937001,26.481454,0.090284,preds.pt#3065
1BC050,0160,CT-only,42,0.935866,25.621536,0.098877,preds.pt#3066
1BC050,0161,CT-only,42,0.940438,25.983386,0.098872,preds.pt#3067
1BC050,0162,CT-only,42,0.943821,26.889379,0.125679,preds.pt#3068
1BC050,0163,CT-only,42,0.953067,28.814548,0.086376,preds.pt#3069
1BC050,0164,CT-only,42,0.959155,30.154365,0.069746,preds.pt#3070
1BC066,0000,CT-only,42,0.948523,28.945109,0.083294,preds.pt#3071
1BC066,0001,CT-only,42,0.899085,24.538373,0.240700,preds.pt#3072
1BC066,0002,CT-only,42,0.869811,23.375229,0.246407,preds.pt#3073
1BC066,0003,CT-only,42,0.841779,22.769240,0.244502,preds.pt#3074
1BC066,0004,CT-only,42,0.794853,21.542832,0.212683,preds.pt#3075
1BC066,0005,CT-only,42,0.735400,18.882832,0.229146,preds.pt#3076
1BC066,0006,CT-only,42,0.699879,17.279178,0.218938,preds.pt#3077
1BC066,0007,CT-only,42,0.678113,16.503734,0.217743,preds.pt#3078
1BC066,0008,CT-only,42,0.678639,16.386895,0.213850,preds.pt#3079
1BC066,0009,CT-only,42,0.662560,16.093916,0.238330,preds.pt#3080
1BC066,0010,CT-only,42,0.659998,16.096269,0.231019,preds.pt#3081
1BC066,0011,CT-only,42,0.666111,16.158145,0.234537,preds.pt#3082
1BC066,0012,CT-only,42,0.673738,16.505867,0.229309,preds.pt#3083
1BC066,0013,CT-only,42,0.683068,16.849701,0.222265,preds.pt#3084
1BC066,0014,CT-only,42,0.686837,16.982524,0.226901,preds.pt#3085
1BC066,0015,CT-only,42,0.694618,17.273697,0.228130,preds.pt#3086
1BC066,0016,CT-only,42,0.690520,17.317719,0.231904,preds.pt#3087
1BC066,0017,CT-only,42,0.693403,17.250619,0.232162,preds.pt#3088
1BC066,0018,CT-only,42,0.702187,17.442116,0.234274,preds.pt#3089
1BC066,0019,CT-only,42,0.703946,17.433955,0.220462,preds.pt#3090
1BC066,0020,CT-only,42,0.710902,17.515117,0.218239,preds.pt#3091
1BC066,0021,CT-only,42,0.710384,17.223096,0.219686,preds.pt#3092
1BC066,0022,CT-only,42,0.716975,17.232554,0.217018,preds.pt#3093
1BC066,0023,CT-only,42,0.721574,17.221226,0.205610,preds.pt#3094
1BC066,0024,CT-only,42,0.730090,17.355220,0.194664,preds.pt#3095
1BC066,0025,CT-only,42,0.737058,17.386333,0.193230,preds.pt#3096
1BC066,0026,CT-only,42,0.744537,17.314197,0.192495,preds.pt#3097
1BC066,0027,CT-only,42,0.740398,17.110232,0.180825,preds.pt#3098
1BC066,0028,CT-only,42,0.734965,16.866910,0.181136,preds.pt#3099
1BC066,0029,CT-only,42,0.738880,16.929734,0.172240,preds.pt#3100
1BC066,0030,CT-only,42,0.741938,16.893615,0.174858,preds.pt#3101
1BC066,0031,CT-only,42,0.739928,16.834426,0.182928,preds.pt#3102
1BC066,0032,CT-only,42,0.747795,16.849951,0.170229,preds.pt#3103
1BC066,0033,CT-only,42,0.749993,16.711740,0.167653,preds.pt#3104
1BC066,0034,CT-only,42,0.746462,16.652260,0.168519,preds.pt#3105
1BC066,0035,CT-only,42,0.747587,16.655319,0.165829,preds.pt#3106
1BC066,0036,CT-only,42,0.749286,16.705439,0.165557,preds.pt#3107
1BC066,0037,CT-only,42,0.748808,16.859386,0.155069,preds.pt#3108
1BC066,0038,CT-only,42,0.748828,16.864113,0.167568,preds.pt#3109
1BC066,0039,CT-only,42,0.747515,16.992048,0.164327,preds.pt#3110
1BC066,0040,CT-only,42,0.754668,17.045110,0.181480,preds.pt#3111
1BC066,0041,CT-only,42,0.757846,17.144417,0.189169,preds.pt#3112
1BC066,0042,CT-only,42,0.760821,17.428158,0.176334,preds.pt#3113
1BC066,0043,CT-only,42,0.761293,17.470975,0.169717,preds.pt#3114
1BC066,0044,CT-only,42,0.761397,17.458181,0.181380,preds.pt#3115
1BC066,0045,CT-only,42,0.759148,17.385333,0.187605,preds.pt#3116
1BC066,0046,CT-only,42,0.765216,17.355050,0.175066,preds.pt#3117
1BC066,0047,CT-only,42,0.766315,17.477284,0.174687,preds.pt#3118
1BC066,0048,CT-only,42,0.773307,17.649485,0.161034,preds.pt#3119
1BC066,0049,CT-only,42,0.777933,17.652461,0.144870,preds.pt#3120
1BC066,0050,CT-only,42,0.773911,17.576495,0.151803,preds.pt#3121
1BC066,0051,CT-only,42,0.775519,17.625623,0.149091,preds.pt#3122
1BC066,0052,CT-only,42,0.778873,17.785690,0.139114,preds.pt#3123
1BC066,0053,CT-only,42,0.770653,17.600601,0.151037,preds.pt#3124
1BC066,0054,CT-only,42,0.777845,17.754585,0.151435,preds.pt#3125
1BC066,0055,CT-only,42,0.773360,17.730948,0.159521,preds.pt#3126
1BC066,0056,CT-only,42,0.778068,17.741731,0.162654,preds.pt#3127
1BC066,0057,CT-only,42,0.765381,17.483262,0.151758,preds.pt#3128
1BC066,0058,CT-only,42,0.760091,17.563022,0.160241,preds.pt#3129
1BC066,0059,CT-only,42,0.762332,17.590449,0.169800,preds.pt#3130
1BC066,0060,CT-only,42,0.760854,17.614616,0.167585,preds.pt#3131
1BC066,0061,CT-only,42,0.754682,17.429571,0.177460,preds.pt#3132
1BC066,0062,CT-only,42,0.748298,17.070804,0.190538,preds.pt#3133
1BC066,0063,CT-only,42,0.741564,16.904130,0.179587,preds.pt#3134
1BC066,0064,CT-only,42,0.740964,16.989355,0.173993,preds.pt#3135
1BC066,0065,CT-only,42,0.745369,16.944226,0.180992,preds.pt#3136
1BC066,0066,CT-only,42,0.744925,16.773634,0.187885,preds.pt#3137
1BC066,0067,CT-only,42,0.751389,16.768734,0.169566,preds.pt#3138
1BC066,0068,CT-only,42,0.748772,16.736640,0.154226,preds.pt#3139
1BC066,0069,CT-only,42,0.745888,16.790667,0.145201,preds.pt#3140
1BC066,0070,CT-only,42,0.725510,16.201991,0.146915,preds.pt#3141
1BC066,0071,CT-only,42,0.732149,16.138884,0.152588,preds.pt#3142
1BC066,0072,CT-only,42,0.742702,16.922980,0.155350,preds.pt#3143
1BC066,0073,CT-only,42,0.745038,16.958089,0.140764,preds.pt#3144
1BC066,0074,CT-only,42,0.765027,17.324207,0.130093,preds.pt#3145
1BC066,0075,CT-only,42,0.765924,17.445982,0.134744,preds.pt#3146
1BC066,0076,CT-only,42,0.757317,17.420639,0.128343,preds.pt#3147
1BC066,0077,CT-only,42,0.764593,17.491958,0.129046,preds.pt#3148
1BC066,0078,CT-only,42,0.768640,17.623276,0.114178,preds.pt#3149
1BC066,0079,CT-only,42,0.769544,17.574243,0.120701,preds.pt#3150
1BC066,0080,CT-only,42,0.762521,17.365652,0.121634,preds.pt#3151
1BC066,0081,CT-only,42,0.760100,17.468961,0.119033,preds.pt#3152
1BC066,0082,CT-only,42,0.770743,17.783259,0.113238,preds.pt#3153
1BC066,0083,CT-only,42,0.783850,17.970492,0.112275,preds.pt#3154
1BC066,0084,CT-only,42,0.785547,18.050172,0.124709,preds.pt#3155
1BC066,0085,CT-only,42,0.796675,18.304707,0.129550,preds.pt#3156
1BC066,0086,CT-only,42,0.788373,18.166178,0.131458,preds.pt#3157
1BC066,0087,CT-only,42,0.777316,17.636963,0.120430,preds.pt#3158
1BC066,0088,CT-only,42,0.786659,18.047605,0.123296,preds.pt#3159
1BC066,0089,CT-only,42,0.792045,18.197248,0.126045,preds.pt#3160
1BC066,0090,CT-only,42,0.799685,18.294758,0.122099,preds.pt#3161
1BC066,0091,CT-only,42,0.811536,18.547012,0.110502,preds.pt#3162
1BC066,0092,CT-only,42,0.811377,18.494311,0.106754,preds.pt#3163
1BC066,0093,CT-only,42,0.806288,18.317932,0.109258,preds.pt#3164
1BC066,0094,CT-only,42,0.808485,18.317656,0.109559,preds.pt#3165
1BC066,0095,CT-only,42,0.805671,18.223201,0.114663,preds.pt#3166
1BC066,0096,CT-only,42,0.806976,18.356310,0.118963,preds.pt#3167
1BC066,0097,CT-only,42,0.806803,18.371284,0.113929,preds.pt#3168
1BC066,0098,CT-only,42,0.801667,18.201677,0.120085,preds.pt#3169
1BC066,0099,CT-only,42,0.800512,18.178409,0.135484,preds.pt#3170
1BC066,0100,CT-only,42,0.801806,18.186152,0.138680,preds.pt#3171
1BC066,0101,CT-only,42,0.799257,18.109479,0.126393,preds.pt#3172
1BC066,0102,CT-only,42,0.795214,17.993256,0.127718,preds.pt#3173
1BC066,0103,CT-only,42,0.809335,18.252836,0.122092,preds.pt#3174
1BC066,0104,CT-only,42,0.814215,18.467196,0.121549,preds.pt#3175
1BC066,0105,CT-only,42,0.803701,18.386910,0.121740,preds.pt#3176
1BC066,0106,CT-only,42,0.800730,18.158622,0.130854,preds.pt#3177
1BC066,0107,CT-only,42,0.804519,18.322685,0.113501,preds.pt#3178
1BC066,0108,CT-only,42,0.805450,18.349283,0.112386,preds.pt#3179
1BC066,0109,CT-only,42,0.813470,18.477392,0.107879,preds.pt#3180
1BC066,0110,CT-only,42,0.801673,18.462594,0.108078,preds.pt#3181
1BC066,0111,CT-only,42,0.798230,18.255606,0.123906,preds.pt#3182
1BC066,0112,CT-only,42,0.794879,18.034965,0.119790,preds.pt#3183
1BC066,0113,CT-only,42,0.793540,18.226496,0.111976,preds.pt#3184
1BC066,0114,CT-only,42,0.790162,18.194149,0.126808,preds.pt#3185
1BC066,0115,CT-only,42,0.792345,18.245077,0.139325,preds.pt#3186
1BC066,0116,CT-only,42,0.796706,18.248934,0.131677,preds.pt#3187
1BC066,0117,CT-only,42,0.793406,18.307681,0.127986,preds.pt#3188
1BC066,0118,CT-only,42,0.793332,18.206090,0.093823,preds.pt#3189
1BC066,0119,CT-only,42,0.799545,18.378237,0.089422,preds.pt#3190
1BC066,0120,CT-only,42,0.803649,18.431957,0.084505,preds.pt#3191
1BC066,0121,CT-only,42,0.814664,18.534464,0.088651,preds.pt#3192
1BC066,0122,CT-only,42,0.822520,18.710911,0.087687,preds.pt#3193
1BC066,0123,CT-only,42,0.815895,18.501874,0.083898,preds.pt#3194
1BC066,0124,CT-only,42,0.822343,18.528123,0.088803,preds.pt#3195
1BC066,0125,CT-only,42,0.833825,18.698335,0.081648,preds.pt#3196
1BC066,0126,CT-only,42,0.832972,18.694427,0.078838,preds.pt#3197
1BC066,0127,CT-only,42,0.830980,18.533372,0.081356,preds.pt#3198
1BC066,0128,CT-only,42,0.830089,18.443227,0.082075,preds.pt#3199
1BC066,0129,CT-only,42,0.831558,18.431898,0.082046,preds.pt#3200
1BC066,0130,CT-only,42,0.832806,18.449203,0.086090,preds.pt#3201
1BC066,0131,CT-only,42,0.835264,18.462659,0.072289,preds.pt#3202
1BC066,0132,CT-only,42,0.836042,18.586979,0.070278,preds.pt#3203
1BC066,0133,CT-only,42,0.836969,18.547152,0.074384,preds.pt#3204
1BC066,0134,CT-only,42,0.837081,18.400954,0.073926,preds.pt#3205
1BC066,0135,CT-only,42,0.832842,18.311859,0.066055,preds.pt#3206
1BC066,0136,CT-only,42,0.830189,18.228652,0.070725,preds.pt#3207
1BC066,0137,CT-only,42,0.834056,18.317652,0.069449,preds.pt#3208
1BC066,0138,CT-only,42,0.833720,18.359711,0.074385,preds.pt#3209
1BC066,0139,CT-only,42,0.835077,18.292807,0.075697,preds.pt#3210
1BC066,0140,CT-only,42,0.841814,18.432777,0.067187,preds.pt#3211
1BC066,0141,CT-only,42,0.843889,18.489189,0.072985,preds.pt#3212
1BC066,0142,CT-only,42,0.852803,18.752181,0.063153,preds.pt#3213
1BC066,0143,CT-only,42,0.856901,18.804846,0.060844,preds.pt#3214
1BC066,0144,CT-only,42,0.858810,18.792818,0.058866,preds.pt#3215
1BC066,0145,CT-only,42,0.863295,18.953844,0.061591,preds.pt#3216
1BC066,0146,CT-only,42,0.861985,18.939215,0.056546,preds.pt#3217
1BC066,0147,CT-only,42,0.866084,19.128359,0.060716,preds.pt#3218
1BC066,0148,CT-only,42,0.867425,19.167366,0.063428,preds.pt#3219
1BC066,0149,CT-only,42,0.870884,19.354036,0.059154,preds.pt#3220
1BC066,0150,CT-only,42,0.874034,19.482872,0.058027,preds.pt#3221
1BC066,0151,CT-only,42,0.877565,19.665082,0.070080,preds.pt#3222
1BC066,0152,CT-only,42,0.879714,19.756326,0.057692,preds.pt#3223
1BC066,0153,CT-only,42,0.882821,20.002197,0.073850,preds.pt#3224
1BC066,0154,CT-only,42,0.885523,20.080044,0.076196,preds.pt#3225
1BC066,0155,CT-only,42,0.888817,20.156274,0.078121,preds.pt#3226
1BC066,0156,CT-only,42,0.888122,20.173740,0.066461,preds.pt#3227
1BC066,0157,CT-only,42,0.887119,20.009172,0.066501,preds.pt#3228
1BC066,0158,CT-only,42,0.887200,20.161918,0.067676,preds.pt#3229
1BC066,0159,CT-only,42,0.890759,20.422603,0.079980,preds.pt#3230
1BC066,0160,CT-only,42,0.891679,20.645013,0.079696,preds.pt#3231
1BC066,0161,CT-only,42,0.881843,20.096269,0.083296,preds.pt#3232
1BC066,0162,CT-only,42,0.872511,19.881479,0.091383,preds.pt#3233
1BC066,0163,CT-only,42,0.883862,20.229529,0.108512,preds.pt#3234
1BC066,0164,CT-only,42,0.897630,21.014352,0.102606,preds.pt#3235
1BC066,0165,CT-only,42,0.904369,21.493028,0.095298,preds.pt#3236
1BC066,0166,CT-only,42,0.909397,22.121206,0.098827,preds.pt#3237
1BC066,0167,CT-only,42,0.917925,23.159912,0.077533,preds.pt#3238
1BC066,0168,CT-only,42,0.925797,24.138332,0.079566,preds.pt#3239
1BC066,0169,CT-only,42,0.932906,25.252927,0.055217,preds.pt#3240
1BC066,0170,CT-only,42,0.939402,26.115384,0.049181,preds.pt#3241
1BC066,0171,CT-only,42,0.944533,26.050684,0.050253,preds.pt#3242
1BC066,0172,CT-only,42,0.952226,27.771522,0.059701,preds.pt#3243
1BC066,0173,CT-only,42,0.954585,29.505113,0.084766,preds.pt#3244
1BC080,0001,CT-only,42,0.940860,31.754079,0.133363,preds.pt#3245
1BC080,0002,CT-only,42,0.922073,27.808312,0.204502,preds.pt#3246
1BC080,0003,CT-only,42,0.921775,27.610522,0.206900,preds.pt#3247
1BC080,0004,CT-only,42,0.850385,25.134967,0.257229,preds.pt#3248
1BC080,0005,CT-only,42,0.790174,21.207865,0.271218,preds.pt#3249
1BC080,0006,CT-only,42,0.769209,20.014711,0.270548,preds.pt#3250
1BC080,0007,CT-only,42,0.752711,18.055446,0.268624,preds.pt#3251
1BC080,0008,CT-only,42,0.737342,18.272353,0.234195,preds.pt#3252
1BC080,0009,CT-only,42,0.739993,17.837570,0.228709,preds.pt#3253
1BC080,0010,CT-only,42,0.707012,16.544279,0.238008,preds.pt#3254
1BC080,0011,CT-only,42,0.702185,16.584447,0.200213,preds.pt#3255
1BC080,0012,CT-only,42,0.705121,16.451801,0.176378,preds.pt#3256
1BC080,0013,CT-only,42,0.698258,16.366779,0.167691,preds.pt#3257
1BC080,0014,CT-only,42,0.724741,16.658939,0.154347,preds.pt#3258
1BC080,0015,CT-only,42,0.717098,16.193365,0.167200,preds.pt#3259
1BC080,0016,CT-only,42,0.703387,16.056839,0.172729,preds.pt#3260
1BC080,0017,CT-only,42,0.715349,15.987359,0.187569,preds.pt#3261
1BC080,0018,CT-only,42,0.727539,15.890741,0.179802,preds.pt#3262
1BC080,0019,CT-only,42,0.728229,15.843636,0.180515,preds.pt#3263
1BC080,0020,CT-only,42,0.708856,15.546163,0.180776,preds.pt#3264
1BC080,0021,CT-only,42,0.707749,15.565139,0.179790,preds.pt#3265
1BC080,0022,CT-only,42,0.708091,15.474692,0.177099,preds.pt#3266
1BC080,0023,CT-only,42,0.714352,15.606839,0.163443,preds.pt#3267
1BC080,0024,CT-only,42,0.720514,15.721118,0.149067,preds.pt#3268
1BC080,0025,CT-only,42,0.724024,15.789718,0.140853,preds.pt#3269
1BC080,0026,CT-only,42,0.721935,15.859349,0.133982,preds.pt#3270
1BC080,0027,CT-only,42,0.721233,15.974615,0.136558,preds.pt#3271
1BC080,0028,CT-only,42,0.733809,16.176600,0.151294,preds.pt#3272
1BC080,0029,CT-only,42,0.737971,16.211068,0.158038,preds.pt#3273
1BC080,0030,CT-only,42,0.738828,16.287916,0.163383,preds.pt#3274
1BC080,0031,CT-only,42,0.751281,16.506377,0.152617,preds.pt#3275
1BC080,0032,CT-only,42,0.744908,16.500034,0.138013,preds.pt#3276
1BC080,0033,CT-only,42,0.749310,16.725513,0.137656,preds.pt#3277
1BC080,0034,CT-only,42,0.750923,16.580381,0.145700,preds.pt#3278
1BC080,0035,CT-only,42,0.765516,16.914792,0.154569,preds.pt#3279
1BC080,0036,CT-only,42,0.767115,16.967548,0.141620,preds.pt#3280
1BC080,0037,CT-only,42,0.756359,16.607704,0.132507,preds.pt#3281
1BC080,0038,CT-only,42,0.756960,16.696972,0.131344,preds.pt#3282
1BC080,0039,CT-only,42,0.761546,16.907682,0.127144,preds.pt#3283
1BC080,0040,CT-only,42,0.759230,16.812493,0.127234,preds.pt#3284
1BC080,0041,CT-only,42,0.757243,16.586675,0.134916,preds.pt#3285
1BC080,0042,CT-only,42,0.763907,16.746824,0.145332,preds.pt#3286
1BC080,0043,CT-only,42,0.761981,16.812546,0.133124,preds.pt#3287
1BC080,0044,CT-only,42,0.758667,16.719523,0.132154,preds.pt#3288
1BC080,0045,CT-only,42,0.761320,16.786455,0.132430,preds.pt#3289
1BC080,0046,CT-only,42,0.768656,17.256764,0.121946,preds.pt#3290
1BC080,0047,CT-only,42,0.763771,17.134195,0.125985,preds.pt#3291
1BC080,0048,CT-only,42,0.774573,17.589286,0.125143,preds.pt#3292
1BC080,0049,CT-only,42,0.757089,17.263246,0.131801,preds.pt#3293
1BC080,0050,CT-only,42,0.745549,16.896304,0.123344,preds.pt#3294
1BC080,0051,CT-only,42,0.744963,17.276128,0.118739,preds.pt#3295
1BC080,0052,CT-only,42,0.756292,17.584125,0.106194,preds.pt#3296
1BC080,0053,CT-only,42,0.754143,17.517805,0.114913,preds.pt#3297
1BC080,0054,CT-only,42,0.749386,17.491137,0.110045,preds.pt#3298
1BC080,0055,CT-only,42,0.743932,17.223803,0.114775,preds.pt#3299
1BC080,0056,CT-only,42,0.755719,17.359033,0.120632,preds.pt#3300
1BC080,0057,CT-only,42,0.770030,17.693427,0.106757,preds.pt#3301
1BC080,0058,CT-only,42,0.760707,17.484670,0.105223,preds.pt#3302
1BC080,0059,CT-only,42,0.758903,17.393247,0.115252,preds.pt#3303
1BC080,0060,CT-only,42,0.777491,17.738139,0.119182,preds.pt#3304
1BC080,0061,CT-only,42,0.773834,17.644045,0.117022,preds.pt#3305
1BC080,0062,CT-only,42,0.777598,17.615294,0.122124,preds.pt#3306
1BC080,0063,CT-only,42,0.788617,17.992369,0.103071,preds.pt#3307
1BC080,0064,CT-only,42,0.788401,17.759395,0.093728,preds.pt#3308
1BC080,0065,CT-only,42,0.786975,17.863488,0.099857,preds.pt#3309
1BC080,0066,CT-only,42,0.783697,17.926013,0.103077,preds.pt#3310
1BC080,0067,CT-only,42,0.777053,17.635812,0.091927,preds.pt#3311
1BC080,0068,CT-only,42,0.781879,17.790662,0.094129,preds.pt#3312
1BC080,0069,CT-only,42,0.768781,17.399724,0.086249,preds.pt#3313
1BC080,0070,CT-only,42,0.766803,17.371035,0.082201,preds.pt#3314
1BC080,0071,CT-only,42,0.757014,17.454576,0.085343,preds.pt#3315
1BC080,0072,CT-only,42,0.754672,17.445093,0.100838,preds.pt#3316
1BC080,0073,CT-only,42,0.763633,17.825180,0.101515,preds.pt#3317
1BC080,0074,CT-only,42,0.767194,17.987675,0.100752,preds.pt#3318
1BC080,0075,CT-only,42,0.776734,18.036162,0.090361,preds.pt#3319
1BC080,0076,CT-only,42,0.777173,18.051793,0.089540,preds.pt#3320
1BC080,0077,CT-only,42,0.795232,18.430705,0.099510,preds.pt#3321
1BC080,0078,CT-only,42,0.789261,18.482414,0.090013,preds.pt#3322
1BC080,0079,CT-only,42,0.789599,18.516887,0.107339,preds.pt#3323
1BC080,0080,CT-only,42,0.801768,18.817891,0.111396,preds.pt#3324
1BC080,0081,CT-only,42,0.801013,18.878329,0.107454,preds.pt#3325
1BC080,0082,CT-only,42,0.816845,19.145809,0.107763,preds.pt#3326
1BC080,0083,CT-only,42,0.798838,18.724834,0.109945,preds.pt#3327
1BC080,0084,CT-only,42,0.800046,18.914839,0.097288,preds.pt#3328
1BC080,0085,CT-only,42,0.805553,19.236364,0.100560,preds.pt#3329
1BC080,0086,CT-only,42,0.803478,19.029833,0.093946,preds.pt#3330
1BC080,0087,CT-only,42,0.810436,19.263383,0.085652,preds.pt#3331
1BC080,0088,CT-only,42,0.823028,19.623580,0.087450,preds.pt#3332
1BC080,0089,CT-only,42,0.832408,19.838755,0.095283,preds.pt#3333
1BC080,0090,CT-only,42,0.831910,19.847781,0.085674,preds.pt#3334
1BC080,0091,CT-only,42,0.830880,19.828564,0.076016,preds.pt#3335
1BC080,0092,CT-only,42,0.818396,19.357436,0.086042,preds.pt#3336
1BC080,0093,CT-only,42,0.820959,19.407810,0.078876,preds.pt#3337
1BC080,0094,CT-only,42,0.827995,19.718395,0.089343,preds.pt#3338
1BC080,0095,CT-only,42,0.840450,20.124606,0.096995,preds.pt#3339
1BC080,0096,CT-only,42,0.833182,19.953660,0.093139,preds.pt#3340
1BC080,0097,CT-only,42,0.835228,19.949117,0.079034,preds.pt#3341
1BC080,0098,CT-only,42,0.832043,19.817200,0.085758,preds.pt#3342
1BC080,0099,CT-only,42,0.832812,19.929189,0.091446,preds.pt#3343
1BC080,0100,CT-only,42,0.824564,19.709686,0.084581,preds.pt#3344
1BC080,0101,CT-only,42,0.833498,20.075339,0.083260,preds.pt#3345
1BC080,0102,CT-only,42,0.838554,20.178039,0.073150,preds.pt#3346
1BC080,0103,CT-only,42,0.827455,19.847232,0.084135,preds.pt#3347
1BC080,0104,CT-only,42,0.828210,19.687626,0.074008,preds.pt#3348
1BC080,0105,CT-only,42,0.823083,19.540410,0.069669,preds.pt#3349
1BC080,0106,CT-only,42,0.829244,19.697652,0.072674,preds.pt#3350
1BC080,0107,CT-only,42,0.831494,19.669367,0.071579,preds.pt#3351
1BC080,0108,CT-only,42,0.839175,19.799038,0.076112,preds.pt#3352
1BC080,0109,CT-only,42,0.832913,19.518844,0.061443,preds.pt#3353
1BC080,0110,CT-only,42,0.834822,19.554153,0.057877,preds.pt#3354
1BC080,0111,CT-only,42,0.834669,19.567389,0.065133,preds.pt#3355
1BC080,0112,CT-only,42,0.828447,19.494571,0.068234,preds.pt#3356
1BC080,0113,CT-only,42,0.818745,19.380664,0.068465,preds.pt#3357
1BC080,0114,CT-only,42,0.829636,19.606512,0.070946,preds.pt#3358
1BC080,0115,CT-only,42,0.837673,19.737226,0.064145,preds.pt#3359
1BC080,0116,CT-only,42,0.831454,19.624311,0.056885,preds.pt#3360
1BC080,0117,CT-only,42,0.833520,19.631596,0.061461,preds.pt#3361
1BC080,0118,CT-only,42,0.835284,19.564390,0.063256,preds.pt#3362
1BC080,0119,CT-only,42,0.840208,19.670492,0.059598,preds.pt#3363
1BC080,0120,CT-only,42,0.840105,19.619463,0.055504,preds.pt#3364
1BC080,0121,CT-only,42,0.841936,19.628722,0.056058,preds.pt#3365
1BC080,0122,CT-only,42,0.853337,19.783932,0.056992,preds.pt#3366
1BC080,0123,CT-only,42,0.857098,19.818612,0.056944,preds.pt#3367
1BC080,0124,CT-only,42,0.849434,19.553761,0.066464,preds.pt#3368
1BC080,0125,CT-only,42,0.850655,19.515687,0.070785,preds.pt#3369
1BC080,0126,CT-only,42,0.854532,19.596930,0.059081,preds.pt#3370
1BC080,0127,CT-only,42,0.857166,19.631942,0.057962,preds.pt#3371
1BC080,0128,CT-only,42,0.861697,19.716607,0.058375,preds.pt#3372
1BC080,0129,CT-only,42,0.862081,19.729178,0.057029,preds.pt#3373
1BC080,0130,CT-only,42,0.863429,19.616599,0.058966,preds.pt#3374
1BC080,0131,CT-only,42,0.864436,19.633783,0.068762,preds.pt#3375
1BC080,0132,CT-only,42,0.867366,19.657505,0.063450,preds.pt#3376
1BC080,0133,CT-only,42,0.873261,19.966678,0.058638,preds.pt#3377
1BC080,0134,CT-only,42,0.876716,20.005555,0.055077,preds.pt#3378
1BC080,0135,CT-only,42,0.882833,20.243515,0.052315,preds.pt#3379
1BC080,0136,CT-only,42,0.884715,20.339089,0.049122,preds.pt#3380
1BC080,0137,CT-only,42,0.886957,20.382609,0.052190,preds.pt#3381
1BC080,0138,CT-only,42,0.890595,20.613270,0.054469,preds.pt#3382
1BC080,0139,CT-only,42,0.891639,20.639585,0.054595,preds.pt#3383
1BC080,0140,CT-only,42,0.887283,20.409725,0.060307,preds.pt#3384
1BC080,0141,CT-only,42,0.890109,20.644738,0.057789,preds.pt#3385
1BC080,0142,CT-only,42,0.884322,20.335975,0.068199,preds.pt#3386
1BC080,0143,CT-only,42,0.889170,20.710007,0.074944,preds.pt#3387
1BC080,0144,CT-only,42,0.885960,20.524950,0.073303,preds.pt#3388
1BC080,0145,CT-only,42,0.884385,20.391963,0.083648,preds.pt#3389
1BC080,0146,CT-only,42,0.890764,20.748301,0.090347,preds.pt#3390
1BC080,0147,CT-only,42,0.886917,20.429257,0.103310,preds.pt#3391
1BC080,0148,CT-only,42,0.881222,20.095593,0.103404,preds.pt#3392
1BC080,0149,CT-only,42,0.877480,20.033620,0.100620,preds.pt#3393
1BC080,0150,CT-only,42,0.884604,20.481272,0.109047,preds.pt#3394
1BC080,0151,CT-only,42,0.888014,20.535535,0.118896,preds.pt#3395
1BC080,0152,CT-only,42,0.884035,20.348858,0.122684,preds.pt#3396
1BC080,0153,CT-only,42,0.884799,20.558338,0.161347,preds.pt#3397
1BC080,0154,CT-only,42,0.904268,21.903917,0.146377,preds.pt#3398
1BC080,0155,CT-only,42,0.908436,22.155497,0.134440,preds.pt#3399
1BC080,0156,CT-only,42,0.907606,22.777485,0.167270,preds.pt#3400
1BC080,0157,CT-only,42,0.911611,23.476977,0.196667,preds.pt#3401
1BC080,0158,CT-only,42,0.915099,23.945512,0.180720,preds.pt#3402
1BC080,0159,CT-only,42,0.916355,24.442053,0.170002,preds.pt#3403
1BC080,0160,CT-only,42,0.921928,24.900181,0.165849,preds.pt#3404
1BC080,0161,CT-only,42,0.924870,24.966409,0.189625,preds.pt#3405
1BC080,0162,CT-only,42,0.925726,25.160462,0.163191,preds.pt#3406
1BC080,0163,CT-only,42,0.925791,25.432702,0.170613,preds.pt#3407
1BC080,0164,CT-only,42,0.924761,25.699891,0.147734,preds.pt#3408
1BC080,0165,CT-only,42,0.915485,24.787730,0.161910,preds.pt#3409
1BC080,0166,CT-only,42,0.911159,24.626877,0.198243,preds.pt#3410
1BC080,0167,CT-only,42,0.899245,24.077503,0.208338,preds.pt#3411
1BC080,0168,CT-only,42,0.901859,24.179011,0.192768,preds.pt#3412
1BC080,0169,CT-only,42,0.916040,26.067170,0.119783,preds.pt#3413
1BC080,0170,CT-only,42,0.918021,24.323741,0.094076,preds.pt#3414
