patient,slice,method,seed,ssim,psnr,lpips,prediction_path
1BA012,0002,BridgeRefine-L1-seed2026,2026,0.959477,32.789964,0.061815,preds.pt#0
1BA012,0003,BridgeRefine-L1-seed2026,2026,0.954571,28.440339,0.060830,preds.pt#1
1BA012,0004,BridgeRefine-L1-seed2026,2026,0.954061,27.298852,0.080024,preds.pt#2
1BA012,0005,BridgeRefine-L1-seed2026,2026,0.947278,25.886326,0.094433,preds.pt#3
1BA012,0006,BridgeRefine-L1-seed2026,2026,0.943244,24.683993,0.110653,preds.pt#4
1BA012,0007,BridgeRefine-L1-seed2026,2026,0.939270,24.970808,0.093353,preds.pt#5
1BA012,0008,BridgeRefine-L1-seed2026,2026,0.938793,24.818546,0.100293,preds.pt#6
1BA012,0009,BridgeRefine-L1-seed2026,2026,0.940270,24.433496,0.111278,preds.pt#7
1BA012,0010,BridgeRefine-L1-seed2026,2026,0.937213,24.382032,0.097831,preds.pt#8
1BA012,0011,BridgeRefine-L1-seed2026,2026,0.929416,24.245710,0.104063,preds.pt#9
1BA012,0012,BridgeRefine-L1-seed2026,2026,0.943716,25.508267,0.104236,preds.pt#10
1BA012,0013,BridgeRefine-L1-seed2026,2026,0.935729,24.896589,0.120992,preds.pt#11
1BA012,0014,BridgeRefine-L1-seed2026,2026,0.950078,27.409675,0.085437,preds.pt#12
1BA012,0015,BridgeRefine-L1-seed2026,2026,0.947582,27.264259,0.094382,preds.pt#13
1BA012,0016,BridgeRefine-L1-seed2026,2026,0.933455,25.765226,0.103795,preds.pt#14
1BA012,0017,BridgeRefine-L1-seed2026,2026,0.926089,24.560718,0.094732,preds.pt#15
1BA012,0018,BridgeRefine-L1-seed2026,2026,0.932358,25.985139,0.103776,preds.pt#16
1BA012,0019,BridgeRefine-L1-seed2026,2026,0.920879,24.429097,0.103349,preds.pt#17
1BA012,0020,BridgeRefine-L1-seed2026,2026,0.929465,25.229415,0.103724,preds.pt#18
1BA012,0021,BridgeRefine-L1-seed2026,2026,0.918120,24.159351,0.111470,preds.pt#19
1BA012,0022,BridgeRefine-L1-seed2026,2026,0.924666,24.813099,0.102314,preds.pt#20
1BA012,0023,BridgeRefine-L1-seed2026,2026,0.916933,24.269269,0.104397,preds.pt#21
1BA012,0024,BridgeRefine-L1-seed2026,2026,0.917479,24.402627,0.110210,preds.pt#22
1BA012,0025,BridgeRefine-L1-seed2026,2026,0.907407,22.895503,0.118303,preds.pt#23
1BA012,0026,BridgeRefine-L1-seed2026,2026,0.918203,23.710667,0.106383,preds.pt#24
1BA012,0027,BridgeRefine-L1-seed2026,2026,0.910399,23.397217,0.118372,preds.pt#25
1BA012,0028,BridgeRefine-L1-seed2026,2026,0.910553,23.564511,0.116954,preds.pt#26
1BA012,0029,BridgeRefine-L1-seed2026,2026,0.906005,23.312432,0.114895,preds.pt#27
1BA012,0030,BridgeRefine-L1-seed2026,2026,0.902387,23.419445,0.132632,preds.pt#28
1BA012,0031,BridgeRefine-L1-seed2026,2026,0.899553,23.085956,0.143801,preds.pt#29
1BA012,0032,BridgeRefine-L1-seed2026,2026,0.898810,22.764971,0.133349,preds.pt#30
1BA012,0033,BridgeRefine-L1-seed2026,2026,0.887574,22.406788,0.153333,preds.pt#31
1BA012,0034,BridgeRefine-L1-seed2026,2026,0.885698,22.094106,0.158853,preds.pt#32
1BA012,0035,BridgeRefine-L1-seed2026,2026,0.887344,22.176192,0.134793,preds.pt#33
1BA012,0036,BridgeRefine-L1-seed2026,2026,0.881139,21.883893,0.129561,preds.pt#34
1BA012,0037,BridgeRefine-L1-seed2026,2026,0.884987,21.918232,0.138398,preds.pt#35
1BA012,0038,BridgeRefine-L1-seed2026,2026,0.874080,21.649510,0.146217,preds.pt#36
1BA012,0039,BridgeRefine-L1-seed2026,2026,0.869995,21.368733,0.138061,preds.pt#37
1BA012,0040,BridgeRefine-L1-seed2026,2026,0.877321,21.807260,0.121236,preds.pt#38
1BA012,0041,BridgeRefine-L1-seed2026,2026,0.870468,21.320695,0.123055,preds.pt#39
1BA012,0042,BridgeRefine-L1-seed2026,2026,0.876079,21.507319,0.136960,preds.pt#40
1BA012,0043,BridgeRefine-L1-seed2026,2026,0.857978,20.450524,0.137933,preds.pt#41
1BA012,0044,BridgeRefine-L1-seed2026,2026,0.855693,20.326344,0.159230,preds.pt#42
1BA012,0045,BridgeRefine-L1-seed2026,2026,0.853985,20.410794,0.144066,preds.pt#43
1BA012,0046,BridgeRefine-L1-seed2026,2026,0.855857,20.700740,0.172532,preds.pt#44
1BA012,0047,BridgeRefine-L1-seed2026,2026,0.839935,19.712786,0.164727,preds.pt#45
1BA012,0048,BridgeRefine-L1-seed2026,2026,0.850944,20.415976,0.159988,preds.pt#46
1BA012,0049,BridgeRefine-L1-seed2026,2026,0.849165,20.373067,0.131626,preds.pt#47
1BA012,0050,BridgeRefine-L1-seed2026,2026,0.861125,20.796011,0.121011,preds.pt#48
1BA012,0051,BridgeRefine-L1-seed2026,2026,0.861234,20.565378,0.133983,preds.pt#49
1BA012,0052,BridgeRefine-L1-seed2026,2026,0.852749,20.393361,0.135510,preds.pt#50
1BA012,0053,BridgeRefine-L1-seed2026,2026,0.856010,20.271511,0.117728,preds.pt#51
1BA012,0054,BridgeRefine-L1-seed2026,2026,0.861700,21.003336,0.119850,preds.pt#52
1BA012,0055,BridgeRefine-L1-seed2026,2026,0.862538,20.729881,0.119801,preds.pt#53
1BA012,0056,BridgeRefine-L1-seed2026,2026,0.864823,20.830168,0.112590,preds.pt#54
1BA012,0057,BridgeRefine-L1-seed2026,2026,0.858315,20.756857,0.118266,preds.pt#55
1BA012,0058,BridgeRefine-L1-seed2026,2026,0.868124,21.343299,0.111080,preds.pt#56
1BA012,0059,BridgeRefine-L1-seed2026,2026,0.860780,20.970569,0.137811,preds.pt#57
1BA012,0060,BridgeRefine-L1-seed2026,2026,0.858700,20.860757,0.135155,preds.pt#58
1BA012,0061,BridgeRefine-L1-seed2026,2026,0.846306,20.532201,0.161069,preds.pt#59
1BA012,0062,BridgeRefine-L1-seed2026,2026,0.851000,20.515209,0.161724,preds.pt#60
1BA012,0063,BridgeRefine-L1-seed2026,2026,0.834957,19.768991,0.154936,preds.pt#61
1BA012,0064,BridgeRefine-L1-seed2026,2026,0.837956,20.177273,0.163342,preds.pt#62
1BA012,0065,BridgeRefine-L1-seed2026,2026,0.837060,20.275506,0.146465,preds.pt#63
1BA012,0066,BridgeRefine-L1-seed2026,2026,0.837161,20.059720,0.139794,preds.pt#64
1BA012,0067,BridgeRefine-L1-seed2026,2026,0.840729,20.728884,0.163096,preds.pt#65
1BA012,0068,BridgeRefine-L1-seed2026,2026,0.851102,20.667376,0.159576,preds.pt#66
1BA012,0069,BridgeRefine-L1-seed2026,2026,0.839066,20.484787,0.163143,preds.pt#67
1BA012,0070,BridgeRefine-L1-seed2026,2026,0.841753,20.408865,0.138649,preds.pt#68
1BA012,0071,BridgeRefine-L1-seed2026,2026,0.843980,20.786341,0.143409,preds.pt#69
1BA012,0072,BridgeRefine-L1-seed2026,2026,0.843651,20.641400,0.147117,preds.pt#70
1BA012,0073,BridgeRefine-L1-seed2026,2026,0.836994,20.652806,0.154115,preds.pt#71
1BA012,0074,BridgeRefine-L1-seed2026,2026,0.843343,20.831414,0.132398,preds.pt#72
1BA012,0075,BridgeRefine-L1-seed2026,2026,0.831341,20.750906,0.138814,preds.pt#73
1BA012,0076,BridgeRefine-L1-seed2026,2026,0.834469,20.866113,0.144644,preds.pt#74
1BA012,0077,BridgeRefine-L1-seed2026,2026,0.820830,20.646138,0.156426,preds.pt#75
1BA012,0078,BridgeRefine-L1-seed2026,2026,0.821882,20.415105,0.151061,preds.pt#76
1BA012,0079,BridgeRefine-L1-seed2026,2026,0.815708,20.244291,0.152257,preds.pt#77
1BA012,0080,BridgeRefine-L1-seed2026,2026,0.820005,20.228100,0.138594,preds.pt#78
1BA012,0081,BridgeRefine-L1-seed2026,2026,0.811869,19.967276,0.133735,preds.pt#79
1BA012,0082,BridgeRefine-L1-seed2026,2026,0.813972,19.794547,0.128516,preds.pt#80
1BA012,0083,BridgeRefine-L1-seed2026,2026,0.805416,19.756113,0.151313,preds.pt#81
1BA012,0084,BridgeRefine-L1-seed2026,2026,0.791829,18.928028,0.138595,preds.pt#82
1BA012,0085,BridgeRefine-L1-seed2026,2026,0.782676,19.002393,0.155847,preds.pt#83
1BA012,0086,BridgeRefine-L1-seed2026,2026,0.799081,19.090888,0.140006,preds.pt#84
1BA012,0087,BridgeRefine-L1-seed2026,2026,0.797781,19.251652,0.146337,preds.pt#85
1BA012,0088,BridgeRefine-L1-seed2026,2026,0.818639,19.850600,0.131810,preds.pt#86
1BA012,0089,BridgeRefine-L1-seed2026,2026,0.813166,19.603691,0.146102,preds.pt#87
1BA012,0090,BridgeRefine-L1-seed2026,2026,0.816550,19.630750,0.123168,preds.pt#88
1BA012,0091,BridgeRefine-L1-seed2026,2026,0.815489,19.596631,0.130587,preds.pt#89
1BA012,0092,BridgeRefine-L1-seed2026,2026,0.821305,19.692973,0.129661,preds.pt#90
1BA012,0093,BridgeRefine-L1-seed2026,2026,0.829375,19.813610,0.120133,preds.pt#91
1BA012,0094,BridgeRefine-L1-seed2026,2026,0.845352,19.923463,0.113340,preds.pt#92
1BA012,0095,BridgeRefine-L1-seed2026,2026,0.842003,20.074358,0.106484,preds.pt#93
1BA012,0096,BridgeRefine-L1-seed2026,2026,0.851466,20.054962,0.090140,preds.pt#94
1BA012,0097,BridgeRefine-L1-seed2026,2026,0.847099,20.616513,0.078402,preds.pt#95
1BA012,0098,BridgeRefine-L1-seed2026,2026,0.860265,20.601536,0.095544,preds.pt#96
1BA012,0099,BridgeRefine-L1-seed2026,2026,0.857776,20.841167,0.097221,preds.pt#97
1BA012,0100,BridgeRefine-L1-seed2026,2026,0.867055,20.968101,0.088990,preds.pt#98
1BA012,0101,BridgeRefine-L1-seed2026,2026,0.861092,20.554240,0.089180,preds.pt#99
1BA012,0102,BridgeRefine-L1-seed2026,2026,0.866965,20.146276,0.092631,preds.pt#100
1BA012,0103,BridgeRefine-L1-seed2026,2026,0.856104,20.105075,0.091014,preds.pt#101
1BA012,0104,BridgeRefine-L1-seed2026,2026,0.863104,19.485421,0.093227,preds.pt#102
1BA012,0105,BridgeRefine-L1-seed2026,2026,0.846355,19.603200,0.087097,preds.pt#103
1BA012,0106,BridgeRefine-L1-seed2026,2026,0.860431,19.716670,0.097409,preds.pt#104
1BA012,0107,BridgeRefine-L1-seed2026,2026,0.844782,19.598367,0.097605,preds.pt#105
1BA012,0108,BridgeRefine-L1-seed2026,2026,0.864352,20.054675,0.088281,preds.pt#106
1BA012,0109,BridgeRefine-L1-seed2026,2026,0.848713,19.889114,0.091769,preds.pt#107
1BA012,0110,BridgeRefine-L1-seed2026,2026,0.865925,20.248895,0.078996,preds.pt#108
1BA012,0111,BridgeRefine-L1-seed2026,2026,0.862148,20.622098,0.080541,preds.pt#109
1BA012,0112,BridgeRefine-L1-seed2026,2026,0.864539,20.126259,0.082063,preds.pt#110
1BA012,0113,BridgeRefine-L1-seed2026,2026,0.876939,21.614646,0.077153,preds.pt#111
1BA012,0114,BridgeRefine-L1-seed2026,2026,0.882713,21.229298,0.060577,preds.pt#112
1BA012,0115,BridgeRefine-L1-seed2026,2026,0.887537,21.833370,0.068929,preds.pt#113
1BA012,0116,BridgeRefine-L1-seed2026,2026,0.873713,20.650351,0.085048,preds.pt#114
1BA012,0117,BridgeRefine-L1-seed2026,2026,0.865777,20.839416,0.079149,preds.pt#115
1BA012,0118,BridgeRefine-L1-seed2026,2026,0.873000,20.623905,0.077429,preds.pt#116
1BA012,0119,BridgeRefine-L1-seed2026,2026,0.871611,21.019246,0.071136,preds.pt#117
1BA012,0120,BridgeRefine-L1-seed2026,2026,0.876057,20.766450,0.069732,preds.pt#118
1BA012,0121,BridgeRefine-L1-seed2026,2026,0.875161,20.807288,0.064949,preds.pt#119
1BA012,0122,BridgeRefine-L1-seed2026,2026,0.874411,20.198903,0.072358,preds.pt#120
1BA012,0123,BridgeRefine-L1-seed2026,2026,0.866524,20.493821,0.084462,preds.pt#121
1BA012,0124,BridgeRefine-L1-seed2026,2026,0.867200,19.691089,0.101431,preds.pt#122
1BA012,0125,BridgeRefine-L1-seed2026,2026,0.872237,20.408167,0.084926,preds.pt#123
1BA012,0126,BridgeRefine-L1-seed2026,2026,0.880953,20.573321,0.066610,preds.pt#124
1BA012,0127,BridgeRefine-L1-seed2026,2026,0.884125,20.604662,0.061499,preds.pt#125
1BA012,0128,BridgeRefine-L1-seed2026,2026,0.890090,21.002156,0.061804,preds.pt#126
1BA012,0129,BridgeRefine-L1-seed2026,2026,0.883938,21.018987,0.071206,preds.pt#127
1BA012,0130,BridgeRefine-L1-seed2026,2026,0.890033,21.090294,0.066049,preds.pt#128
1BA012,0131,BridgeRefine-L1-seed2026,2026,0.890255,21.356955,0.053372,preds.pt#129
1BA012,0132,BridgeRefine-L1-seed2026,2026,0.898121,21.752208,0.053308,preds.pt#130
1BA012,0133,BridgeRefine-L1-seed2026,2026,0.886124,21.384692,0.067483,preds.pt#131
1BA012,0134,BridgeRefine-L1-seed2026,2026,0.887456,21.769203,0.059965,preds.pt#132
1BA012,0135,BridgeRefine-L1-seed2026,2026,0.886041,21.876223,0.059391,preds.pt#133
1BA012,0136,BridgeRefine-L1-seed2026,2026,0.893585,22.262629,0.058342,preds.pt#134
1BA012,0137,BridgeRefine-L1-seed2026,2026,0.894398,22.141566,0.060274,preds.pt#135
1BA012,0138,BridgeRefine-L1-seed2026,2026,0.887403,21.657943,0.067332,preds.pt#136
1BA012,0139,BridgeRefine-L1-seed2026,2026,0.885251,21.726381,0.064975,preds.pt#137
1BA012,0140,BridgeRefine-L1-seed2026,2026,0.884585,21.300149,0.075630,preds.pt#138
1BA012,0141,BridgeRefine-L1-seed2026,2026,0.864239,20.534628,0.078632,preds.pt#139
1BA012,0142,BridgeRefine-L1-seed2026,2026,0.871899,21.367203,0.072618,preds.pt#140
1BA012,0143,BridgeRefine-L1-seed2026,2026,0.857269,20.601989,0.072494,preds.pt#141
1BA012,0144,BridgeRefine-L1-seed2026,2026,0.863918,20.763190,0.077383,preds.pt#142
1BA012,0145,BridgeRefine-L1-seed2026,2026,0.859670,20.690679,0.086113,preds.pt#143
1BA012,0146,BridgeRefine-L1-seed2026,2026,0.871672,21.124116,0.072434,preds.pt#144
1BA012,0147,BridgeRefine-L1-seed2026,2026,0.859869,20.595358,0.077911,preds.pt#145
1BA012,0148,BridgeRefine-L1-seed2026,2026,0.872382,20.889105,0.084350,preds.pt#146
1BA012,0149,BridgeRefine-L1-seed2026,2026,0.868799,20.886320,0.075006,preds.pt#147
1BA012,0150,BridgeRefine-L1-seed2026,2026,0.864714,20.406393,0.084705,preds.pt#148
1BA012,0151,BridgeRefine-L1-seed2026,2026,0.865043,20.302314,0.084360,preds.pt#149
1BA012,0152,BridgeRefine-L1-seed2026,2026,0.866379,20.328185,0.090562,preds.pt#150
1BA012,0153,BridgeRefine-L1-seed2026,2026,0.864605,20.208465,0.082732,preds.pt#151
1BA012,0154,BridgeRefine-L1-seed2026,2026,0.870476,20.223331,0.088757,preds.pt#152
1BA012,0155,BridgeRefine-L1-seed2026,2026,0.860815,19.827646,0.077474,preds.pt#153
1BA012,0156,BridgeRefine-L1-seed2026,2026,0.870149,20.130509,0.069825,preds.pt#154
1BA012,0157,BridgeRefine-L1-seed2026,2026,0.866891,20.104629,0.079680,preds.pt#155
1BA012,0158,BridgeRefine-L1-seed2026,2026,0.873505,19.999406,0.084098,preds.pt#156
1BA012,0159,BridgeRefine-L1-seed2026,2026,0.864875,20.050390,0.089219,preds.pt#157
1BA012,0160,BridgeRefine-L1-seed2026,2026,0.877772,20.293904,0.070420,preds.pt#158
1BA012,0161,BridgeRefine-L1-seed2026,2026,0.866802,19.908651,0.078715,preds.pt#159
1BA012,0162,BridgeRefine-L1-seed2026,2026,0.883933,20.731668,0.070002,preds.pt#160
1BA012,0163,BridgeRefine-L1-seed2026,2026,0.884849,20.787998,0.076438,preds.pt#161
1BA012,0164,BridgeRefine-L1-seed2026,2026,0.887136,20.484201,0.067766,preds.pt#162
1BA012,0165,BridgeRefine-L1-seed2026,2026,0.882055,20.831282,0.086061,preds.pt#163
1BA012,0166,BridgeRefine-L1-seed2026,2026,0.891374,20.573657,0.072926,preds.pt#164
1BA012,0167,BridgeRefine-L1-seed2026,2026,0.877902,20.383439,0.092865,preds.pt#165
1BA012,0168,BridgeRefine-L1-seed2026,2026,0.882821,20.251756,0.080341,preds.pt#166
1BA012,0169,BridgeRefine-L1-seed2026,2026,0.876220,20.368422,0.098361,preds.pt#167
1BA012,0170,BridgeRefine-L1-seed2026,2026,0.891734,20.990397,0.084561,preds.pt#168
1BA012,0171,BridgeRefine-L1-seed2026,2026,0.883552,21.140528,0.106735,preds.pt#169
1BA012,0172,BridgeRefine-L1-seed2026,2026,0.889059,20.542998,0.100816,preds.pt#170
1BA012,0173,BridgeRefine-L1-seed2026,2026,0.884867,20.778092,0.119011,preds.pt#171
1BA012,0174,BridgeRefine-L1-seed2026,2026,0.887015,20.377053,0.090984,preds.pt#172
1BA012,0175,BridgeRefine-L1-seed2026,2026,0.888306,21.371642,0.121355,preds.pt#173
1BA012,0176,BridgeRefine-L1-seed2026,2026,0.883714,20.189807,0.106012,preds.pt#174
1BA012,0177,BridgeRefine-L1-seed2026,2026,0.887432,20.620831,0.104660,preds.pt#175
1BA012,0178,BridgeRefine-L1-seed2026,2026,0.884312,19.996804,0.091383,preds.pt#176
1BA012,0179,BridgeRefine-L1-seed2026,2026,0.894079,21.953946,0.094466,preds.pt#177
1BA012,0180,BridgeRefine-L1-seed2026,2026,0.878276,20.658752,0.110441,preds.pt#178
1BA012,0181,BridgeRefine-L1-seed2026,2026,0.890748,22.215349,0.121186,preds.pt#179
1BA012,0182,BridgeRefine-L1-seed2026,2026,0.882533,20.858708,0.118325,preds.pt#180
1BA012,0183,BridgeRefine-L1-seed2026,2026,0.892438,22.210239,0.133466,preds.pt#181
1BA012,0184,BridgeRefine-L1-seed2026,2026,0.889817,21.283140,0.127177,preds.pt#182
1BA012,0185,BridgeRefine-L1-seed2026,2026,0.904663,23.261920,0.170292,preds.pt#183
1BA012,0186,BridgeRefine-L1-seed2026,2026,0.901657,22.905407,0.121195,preds.pt#184
1BA012,0187,BridgeRefine-L1-seed2026,2026,0.899543,23.543722,0.162588,preds.pt#185
1BA012,0188,BridgeRefine-L1-seed2026,2026,0.900957,22.067357,0.123916,preds.pt#186
1BA012,0189,BridgeRefine-L1-seed2026,2026,0.905806,22.783088,0.178174,preds.pt#187
1BA012,0190,BridgeRefine-L1-seed2026,2026,0.902847,22.153041,0.111284,preds.pt#188
1BA012,0191,BridgeRefine-L1-seed2026,2026,0.891945,25.299040,0.133409,preds.pt#189
1BA012,0192,BridgeRefine-L1-seed2026,2026,0.899126,25.980333,0.102098,preds.pt#190
1BA012,0194,BridgeRefine-L1-seed2026,2026,0.893706,27.788709,0.082762,preds.pt#191
1BA091,0001,BridgeRefine-L1-seed2026,2026,0.970531,43.292704,0.037727,preds.pt#192
1BA091,0002,BridgeRefine-L1-seed2026,2026,0.962778,33.048116,0.120850,preds.pt#193
1BA091,0003,BridgeRefine-L1-seed2026,2026,0.961791,32.439794,0.116989,preds.pt#194
1BA091,0004,BridgeRefine-L1-seed2026,2026,0.954904,30.849934,0.138937,preds.pt#195
1BA091,0005,BridgeRefine-L1-seed2026,2026,0.939430,25.172359,0.163645,preds.pt#196
1BA091,0006,BridgeRefine-L1-seed2026,2026,0.941074,24.661338,0.138008,preds.pt#197
1BA091,0007,BridgeRefine-L1-seed2026,2026,0.940626,24.060103,0.149146,preds.pt#198
1BA091,0008,BridgeRefine-L1-seed2026,2026,0.934715,23.934028,0.181418,preds.pt#199
1BA091,0009,BridgeRefine-L1-seed2026,2026,0.926315,23.191915,0.163645,preds.pt#200
1BA091,0010,BridgeRefine-L1-seed2026,2026,0.923499,22.255304,0.176743,preds.pt#201
1BA091,0011,BridgeRefine-L1-seed2026,2026,0.934749,23.307549,0.147092,preds.pt#202
1BA091,0012,BridgeRefine-L1-seed2026,2026,0.921357,23.706592,0.149777,preds.pt#203
1BA091,0013,BridgeRefine-L1-seed2026,2026,0.917970,22.596259,0.118692,preds.pt#204
1BA091,0014,BridgeRefine-L1-seed2026,2026,0.918777,22.364524,0.105466,preds.pt#205
1BA091,0015,BridgeRefine-L1-seed2026,2026,0.915244,22.447146,0.131736,preds.pt#206
1BA091,0016,BridgeRefine-L1-seed2026,2026,0.917927,23.136892,0.136218,preds.pt#207
1BA091,0017,BridgeRefine-L1-seed2026,2026,0.917066,23.509179,0.146997,preds.pt#208
1BA091,0018,BridgeRefine-L1-seed2026,2026,0.915040,22.939707,0.123810,preds.pt#209
1BA091,0019,BridgeRefine-L1-seed2026,2026,0.914283,22.795203,0.158455,preds.pt#210
1BA091,0020,BridgeRefine-L1-seed2026,2026,0.919568,23.198832,0.141709,preds.pt#211
1BA091,0021,BridgeRefine-L1-seed2026,2026,0.915990,23.390751,0.140033,preds.pt#212
1BA091,0022,BridgeRefine-L1-seed2026,2026,0.921465,23.849798,0.134487,preds.pt#213
1BA091,0023,BridgeRefine-L1-seed2026,2026,0.903431,22.111555,0.143663,preds.pt#214
1BA091,0024,BridgeRefine-L1-seed2026,2026,0.907394,22.896130,0.127537,preds.pt#215
1BA091,0025,BridgeRefine-L1-seed2026,2026,0.911695,22.901915,0.125417,preds.pt#216
1BA091,0026,BridgeRefine-L1-seed2026,2026,0.906775,22.839055,0.109898,preds.pt#217
1BA091,0027,BridgeRefine-L1-seed2026,2026,0.901825,23.282828,0.108638,preds.pt#218
1BA091,0028,BridgeRefine-L1-seed2026,2026,0.890496,21.980923,0.135325,preds.pt#219
1BA091,0029,BridgeRefine-L1-seed2026,2026,0.904001,22.514719,0.131812,preds.pt#220
1BA091,0030,BridgeRefine-L1-seed2026,2026,0.898702,22.519902,0.117343,preds.pt#221
1BA091,0031,BridgeRefine-L1-seed2026,2026,0.890780,21.999122,0.135872,preds.pt#222
1BA091,0032,BridgeRefine-L1-seed2026,2026,0.888309,21.945375,0.144250,preds.pt#223
1BA091,0033,BridgeRefine-L1-seed2026,2026,0.890905,21.840608,0.134232,preds.pt#224
1BA091,0034,BridgeRefine-L1-seed2026,2026,0.886507,21.601505,0.139398,preds.pt#225
1BA091,0035,BridgeRefine-L1-seed2026,2026,0.884315,21.523579,0.146312,preds.pt#226
1BA091,0036,BridgeRefine-L1-seed2026,2026,0.878565,21.533508,0.131044,preds.pt#227
1BA091,0037,BridgeRefine-L1-seed2026,2026,0.876573,21.536720,0.124831,preds.pt#228
1BA091,0038,BridgeRefine-L1-seed2026,2026,0.871598,20.743407,0.123209,preds.pt#229
1BA091,0039,BridgeRefine-L1-seed2026,2026,0.870956,21.102710,0.117353,preds.pt#230
1BA091,0040,BridgeRefine-L1-seed2026,2026,0.862651,20.600502,0.117353,preds.pt#231
1BA091,0041,BridgeRefine-L1-seed2026,2026,0.859749,20.925737,0.137745,preds.pt#232
1BA091,0042,BridgeRefine-L1-seed2026,2026,0.858925,20.695040,0.143379,preds.pt#233
1BA091,0043,BridgeRefine-L1-seed2026,2026,0.853119,20.331806,0.160830,preds.pt#234
1BA091,0044,BridgeRefine-L1-seed2026,2026,0.840967,20.090136,0.143473,preds.pt#235
1BA091,0045,BridgeRefine-L1-seed2026,2026,0.844961,20.227605,0.158742,preds.pt#236
1BA091,0046,BridgeRefine-L1-seed2026,2026,0.840280,20.225721,0.159270,preds.pt#237
1BA091,0047,BridgeRefine-L1-seed2026,2026,0.840147,20.065993,0.151131,preds.pt#238
1BA091,0048,BridgeRefine-L1-seed2026,2026,0.839679,19.929017,0.163413,preds.pt#239
1BA091,0049,BridgeRefine-L1-seed2026,2026,0.836516,20.089428,0.170018,preds.pt#240
1BA091,0050,BridgeRefine-L1-seed2026,2026,0.836227,20.200180,0.151911,preds.pt#241
1BA091,0051,BridgeRefine-L1-seed2026,2026,0.820165,19.824562,0.159276,preds.pt#242
1BA091,0052,BridgeRefine-L1-seed2026,2026,0.818030,19.735837,0.192938,preds.pt#243
1BA091,0053,BridgeRefine-L1-seed2026,2026,0.822183,19.748298,0.186031,preds.pt#244
1BA091,0054,BridgeRefine-L1-seed2026,2026,0.802341,19.045603,0.198813,preds.pt#245
1BA091,0055,BridgeRefine-L1-seed2026,2026,0.816194,19.295736,0.196048,preds.pt#246
1BA091,0056,BridgeRefine-L1-seed2026,2026,0.809494,18.949040,0.173630,preds.pt#247
1BA091,0057,BridgeRefine-L1-seed2026,2026,0.800220,18.458794,0.166253,preds.pt#248
1BA091,0058,BridgeRefine-L1-seed2026,2026,0.803536,18.991984,0.156583,preds.pt#249
1BA091,0059,BridgeRefine-L1-seed2026,2026,0.804936,19.054848,0.154789,preds.pt#250
1BA091,0060,BridgeRefine-L1-seed2026,2026,0.804990,18.928106,0.161089,preds.pt#251
1BA091,0061,BridgeRefine-L1-seed2026,2026,0.797505,18.515331,0.165516,preds.pt#252
1BA091,0062,BridgeRefine-L1-seed2026,2026,0.797135,18.375976,0.167615,preds.pt#253
1BA091,0063,BridgeRefine-L1-seed2026,2026,0.788149,18.518365,0.172325,preds.pt#254
1BA091,0064,BridgeRefine-L1-seed2026,2026,0.803634,18.605134,0.184076,preds.pt#255
1BA091,0065,BridgeRefine-L1-seed2026,2026,0.805419,18.615129,0.192478,preds.pt#256
1BA091,0066,BridgeRefine-L1-seed2026,2026,0.809180,18.695789,0.179942,preds.pt#257
1BA091,0067,BridgeRefine-L1-seed2026,2026,0.811637,18.874225,0.172158,preds.pt#258
1BA091,0068,BridgeRefine-L1-seed2026,2026,0.811583,18.883259,0.170409,preds.pt#259
1BA091,0069,BridgeRefine-L1-seed2026,2026,0.815571,19.393806,0.157065,preds.pt#260
1BA091,0070,BridgeRefine-L1-seed2026,2026,0.811243,19.070001,0.164921,preds.pt#261
1BA091,0071,BridgeRefine-L1-seed2026,2026,0.815388,19.305910,0.145737,preds.pt#262
1BA091,0072,BridgeRefine-L1-seed2026,2026,0.814105,19.544996,0.145094,preds.pt#263
1BA091,0073,BridgeRefine-L1-seed2026,2026,0.823474,19.856394,0.143012,preds.pt#264
1BA091,0074,BridgeRefine-L1-seed2026,2026,0.821679,19.725582,0.138269,preds.pt#265
1BA091,0075,BridgeRefine-L1-seed2026,2026,0.824907,19.899688,0.139499,preds.pt#266
1BA091,0076,BridgeRefine-L1-seed2026,2026,0.829282,19.776500,0.148523,preds.pt#267
1BA091,0077,BridgeRefine-L1-seed2026,2026,0.828787,19.858128,0.150489,preds.pt#268
1BA091,0078,BridgeRefine-L1-seed2026,2026,0.826580,19.600772,0.149404,preds.pt#269
1BA091,0079,BridgeRefine-L1-seed2026,2026,0.820105,19.353455,0.149387,preds.pt#270
1BA091,0080,BridgeRefine-L1-seed2026,2026,0.821762,19.345090,0.136477,preds.pt#271
1BA091,0081,BridgeRefine-L1-seed2026,2026,0.823637,19.392368,0.146937,preds.pt#272
1BA091,0082,BridgeRefine-L1-seed2026,2026,0.817858,19.366982,0.150039,preds.pt#273
1BA091,0083,BridgeRefine-L1-seed2026,2026,0.814949,19.746142,0.140739,preds.pt#274
1BA091,0084,BridgeRefine-L1-seed2026,2026,0.811978,19.701651,0.143638,preds.pt#275
1BA091,0085,BridgeRefine-L1-seed2026,2026,0.793360,18.960458,0.158069,preds.pt#276
1BA091,0086,BridgeRefine-L1-seed2026,2026,0.792317,19.171729,0.162492,preds.pt#277
1BA091,0087,BridgeRefine-L1-seed2026,2026,0.791580,19.122010,0.170333,preds.pt#278
1BA091,0088,BridgeRefine-L1-seed2026,2026,0.796878,19.059889,0.168236,preds.pt#279
1BA091,0089,BridgeRefine-L1-seed2026,2026,0.816237,19.700970,0.136948,preds.pt#280
1BA091,0090,BridgeRefine-L1-seed2026,2026,0.798600,19.174576,0.136489,preds.pt#281
1BA091,0091,BridgeRefine-L1-seed2026,2026,0.819903,19.989772,0.119237,preds.pt#282
1BA091,0092,BridgeRefine-L1-seed2026,2026,0.821408,19.899839,0.141655,preds.pt#283
1BA091,0093,BridgeRefine-L1-seed2026,2026,0.810205,19.695108,0.141975,preds.pt#284
1BA091,0094,BridgeRefine-L1-seed2026,2026,0.819413,19.974345,0.133313,preds.pt#285
1BA091,0095,BridgeRefine-L1-seed2026,2026,0.812490,20.009502,0.121681,preds.pt#286
1BA091,0096,BridgeRefine-L1-seed2026,2026,0.815772,20.118159,0.118113,preds.pt#287
1BA091,0097,BridgeRefine-L1-seed2026,2026,0.815114,19.888834,0.118753,preds.pt#288
1BA091,0098,BridgeRefine-L1-seed2026,2026,0.816318,20.112887,0.125434,preds.pt#289
1BA091,0099,BridgeRefine-L1-seed2026,2026,0.812048,19.565529,0.128491,preds.pt#290
1BA091,0100,BridgeRefine-L1-seed2026,2026,0.811018,19.494893,0.123283,preds.pt#291
1BA091,0101,BridgeRefine-L1-seed2026,2026,0.785257,18.991529,0.119622,preds.pt#292
1BA091,0102,BridgeRefine-L1-seed2026,2026,0.802080,19.300490,0.132664,preds.pt#293
1BA091,0103,BridgeRefine-L1-seed2026,2026,0.804576,19.099805,0.128363,preds.pt#294
1BA091,0104,BridgeRefine-L1-seed2026,2026,0.808509,19.112212,0.139784,preds.pt#295
1BA091,0105,BridgeRefine-L1-seed2026,2026,0.807308,19.273105,0.122840,preds.pt#296
1BA091,0106,BridgeRefine-L1-seed2026,2026,0.827309,19.697809,0.131165,preds.pt#297
1BA091,0107,BridgeRefine-L1-seed2026,2026,0.803418,18.885100,0.137268,preds.pt#298
1BA091,0108,BridgeRefine-L1-seed2026,2026,0.851508,20.152737,0.139339,preds.pt#299
1BA091,0109,BridgeRefine-L1-seed2026,2026,0.859583,20.492546,0.111136,preds.pt#300
1BA091,0110,BridgeRefine-L1-seed2026,2026,0.860060,20.641167,0.116794,preds.pt#301
1BA091,0111,BridgeRefine-L1-seed2026,2026,0.861340,20.683078,0.110508,preds.pt#302
1BA091,0112,BridgeRefine-L1-seed2026,2026,0.863280,20.575666,0.093627,preds.pt#303
1BA091,0113,BridgeRefine-L1-seed2026,2026,0.860499,20.464638,0.105787,preds.pt#304
1BA091,0114,BridgeRefine-L1-seed2026,2026,0.860548,20.420085,0.110536,preds.pt#305
1BA091,0115,BridgeRefine-L1-seed2026,2026,0.861192,20.217555,0.099070,preds.pt#306
1BA091,0116,BridgeRefine-L1-seed2026,2026,0.861644,20.045093,0.099710,preds.pt#307
1BA091,0117,BridgeRefine-L1-seed2026,2026,0.865828,20.307484,0.091165,preds.pt#308
1BA091,0118,BridgeRefine-L1-seed2026,2026,0.865045,20.395763,0.096763,preds.pt#309
1BA091,0119,BridgeRefine-L1-seed2026,2026,0.870116,20.620796,0.093285,preds.pt#310
1BA091,0120,BridgeRefine-L1-seed2026,2026,0.872996,21.140276,0.090661,preds.pt#311
1BA091,0121,BridgeRefine-L1-seed2026,2026,0.873750,21.182200,0.081051,preds.pt#312
1BA091,0122,BridgeRefine-L1-seed2026,2026,0.874261,21.082211,0.083206,preds.pt#313
1BA091,0123,BridgeRefine-L1-seed2026,2026,0.879762,21.107752,0.086161,preds.pt#314
1BA091,0124,BridgeRefine-L1-seed2026,2026,0.881768,21.024359,0.083747,preds.pt#315
1BA091,0125,BridgeRefine-L1-seed2026,2026,0.874224,20.815065,0.078364,preds.pt#316
1BA091,0126,BridgeRefine-L1-seed2026,2026,0.870985,20.735466,0.081653,preds.pt#317
1BA091,0127,BridgeRefine-L1-seed2026,2026,0.866793,20.498019,0.083183,preds.pt#318
1BA091,0128,BridgeRefine-L1-seed2026,2026,0.874399,20.758480,0.075622,preds.pt#319
1BA091,0129,BridgeRefine-L1-seed2026,2026,0.877636,20.848443,0.063438,preds.pt#320
1BA091,0130,BridgeRefine-L1-seed2026,2026,0.878181,20.753311,0.065867,preds.pt#321
1BA091,0131,BridgeRefine-L1-seed2026,2026,0.876174,20.510826,0.070346,preds.pt#322
1BA091,0132,BridgeRefine-L1-seed2026,2026,0.835224,20.188745,0.063469,preds.pt#323
1BA091,0133,BridgeRefine-L1-seed2026,2026,0.885158,20.549826,0.061622,preds.pt#324
1BA091,0134,BridgeRefine-L1-seed2026,2026,0.855690,20.228235,0.058726,preds.pt#325
1BA091,0135,BridgeRefine-L1-seed2026,2026,0.894010,21.095091,0.062286,preds.pt#326
1BA091,0136,BridgeRefine-L1-seed2026,2026,0.888494,21.108577,0.060526,preds.pt#327
1BA091,0137,BridgeRefine-L1-seed2026,2026,0.901083,21.771736,0.055879,preds.pt#328
1BA091,0138,BridgeRefine-L1-seed2026,2026,0.891684,21.644433,0.055160,preds.pt#329
1BA091,0139,BridgeRefine-L1-seed2026,2026,0.896727,21.909614,0.061622,preds.pt#330
1BA091,0140,BridgeRefine-L1-seed2026,2026,0.888754,21.787140,0.062683,preds.pt#331
1BA091,0141,BridgeRefine-L1-seed2026,2026,0.889847,21.765094,0.061964,preds.pt#332
1BA091,0142,BridgeRefine-L1-seed2026,2026,0.886997,21.819613,0.063691,preds.pt#333
1BA091,0143,BridgeRefine-L1-seed2026,2026,0.874874,22.149741,0.062923,preds.pt#334
1BA091,0144,BridgeRefine-L1-seed2026,2026,0.881121,22.523216,0.068114,preds.pt#335
1BA091,0145,BridgeRefine-L1-seed2026,2026,0.902698,23.414927,0.057160,preds.pt#336
1BA091,0146,BridgeRefine-L1-seed2026,2026,0.845305,22.343668,0.060849,preds.pt#337
1BA091,0147,BridgeRefine-L1-seed2026,2026,0.892212,22.806088,0.063014,preds.pt#338
1BA091,0148,BridgeRefine-L1-seed2026,2026,0.800647,20.487486,0.062726,preds.pt#339
1BA091,0149,BridgeRefine-L1-seed2026,2026,0.872499,22.117450,0.053334,preds.pt#340
1BA091,0150,BridgeRefine-L1-seed2026,2026,0.822248,21.061555,0.052701,preds.pt#341
1BA091,0151,BridgeRefine-L1-seed2026,2026,0.833053,21.348280,0.053683,preds.pt#342
1BA091,0152,BridgeRefine-L1-seed2026,2026,0.780763,20.036202,0.054751,preds.pt#343
1BA091,0153,BridgeRefine-L1-seed2026,2026,0.836463,21.697425,0.053562,preds.pt#344
1BA091,0154,BridgeRefine-L1-seed2026,2026,0.779238,19.894533,0.060594,preds.pt#345
1BA091,0155,BridgeRefine-L1-seed2026,2026,0.764691,19.337702,0.067573,preds.pt#346
1BA091,0156,BridgeRefine-L1-seed2026,2026,0.777369,19.987258,0.062183,preds.pt#347
1BA091,0157,BridgeRefine-L1-seed2026,2026,0.767159,19.563798,0.068325,preds.pt#348
1BA091,0158,BridgeRefine-L1-seed2026,2026,0.777255,19.637540,0.063318,preds.pt#349
1BA091,0159,BridgeRefine-L1-seed2026,2026,0.803635,20.595009,0.065130,preds.pt#350
1BA091,0160,BridgeRefine-L1-seed2026,2026,0.772453,19.430470,0.063766,preds.pt#351
1BA091,0161,BridgeRefine-L1-seed2026,2026,0.804018,20.718059,0.055223,preds.pt#352
1BA091,0162,BridgeRefine-L1-seed2026,2026,0.781018,19.938686,0.051731,preds.pt#353
1BA091,0163,BridgeRefine-L1-seed2026,2026,0.792866,19.874095,0.048338,preds.pt#354
1BA091,0164,BridgeRefine-L1-seed2026,2026,0.801474,20.389788,0.043535,preds.pt#355
1BA091,0165,BridgeRefine-L1-seed2026,2026,0.800627,19.883539,0.054177,preds.pt#356
1BA091,0166,BridgeRefine-L1-seed2026,2026,0.798750,19.919205,0.047245,preds.pt#357
1BA091,0167,BridgeRefine-L1-seed2026,2026,0.806473,20.106617,0.045708,preds.pt#358
1BA091,0168,BridgeRefine-L1-seed2026,2026,0.797740,19.461046,0.059707,preds.pt#359
1BA091,0169,BridgeRefine-L1-seed2026,2026,0.857591,21.722102,0.042104,preds.pt#360
1BA091,0170,BridgeRefine-L1-seed2026,2026,0.812050,20.165786,0.048393,preds.pt#361
1BA091,0171,BridgeRefine-L1-seed2026,2026,0.807188,19.928733,0.049125,preds.pt#362
1BA091,0172,BridgeRefine-L1-seed2026,2026,0.825858,20.471644,0.037759,preds.pt#363
1BA091,0173,BridgeRefine-L1-seed2026,2026,0.799573,19.696208,0.037344,preds.pt#364
1BA091,0174,BridgeRefine-L1-seed2026,2026,0.793767,19.343676,0.042970,preds.pt#365
1BA091,0175,BridgeRefine-L1-seed2026,2026,0.801764,19.957021,0.054978,preds.pt#366
1BA091,0176,BridgeRefine-L1-seed2026,2026,0.805567,19.754814,0.059555,preds.pt#367
1BA091,0177,BridgeRefine-L1-seed2026,2026,0.923285,23.732886,0.030672,preds.pt#368
1BA091,0178,BridgeRefine-L1-seed2026,2026,0.870905,22.611439,0.030302,preds.pt#369
1BA091,0179,BridgeRefine-L1-seed2026,2026,0.860525,22.141472,0.033260,preds.pt#370
1BA091,0180,BridgeRefine-L1-seed2026,2026,0.917366,23.638926,0.024784,preds.pt#371
1BA091,0181,BridgeRefine-L1-seed2026,2026,0.840410,21.091985,0.039795,preds.pt#372
1BA091,0182,BridgeRefine-L1-seed2026,2026,0.881938,22.713287,0.036604,preds.pt#373
1BA091,0183,BridgeRefine-L1-seed2026,2026,0.931915,24.072099,0.033191,preds.pt#374
1BA091,0184,BridgeRefine-L1-seed2026,2026,0.839732,20.882718,0.050309,preds.pt#375
1BA091,0185,BridgeRefine-L1-seed2026,2026,0.932555,23.763466,0.030753,preds.pt#376
1BA091,0186,BridgeRefine-L1-seed2026,2026,0.920281,22.998160,0.034498,preds.pt#377
1BA091,0187,BridgeRefine-L1-seed2026,2026,0.921179,22.834744,0.033136,preds.pt#378
1BA091,0188,BridgeRefine-L1-seed2026,2026,0.925271,23.041673,0.040338,preds.pt#379
1BA091,0189,BridgeRefine-L1-seed2026,2026,0.921809,22.948777,0.047666,preds.pt#380
1BA091,0190,BridgeRefine-L1-seed2026,2026,0.918603,22.610537,0.072678,preds.pt#381
1BA091,0191,BridgeRefine-L1-seed2026,2026,0.900660,21.404805,0.060295,preds.pt#382
1BA091,0192,BridgeRefine-L1-seed2026,2026,0.913555,22.070250,0.060184,preds.pt#383
1BA091,0193,BridgeRefine-L1-seed2026,2026,0.849608,20.192524,0.101381,preds.pt#384
1BA091,0194,BridgeRefine-L1-seed2026,2026,0.863459,20.713596,0.104211,preds.pt#385
1BA091,0195,BridgeRefine-L1-seed2026,2026,0.879836,21.333895,0.097638,preds.pt#386
1BA091,0196,BridgeRefine-L1-seed2026,2026,0.907565,22.227683,0.072004,preds.pt#387
1BA091,0197,BridgeRefine-L1-seed2026,2026,0.907700,22.413524,0.112852,preds.pt#388
1BA091,0198,BridgeRefine-L1-seed2026,2026,0.892686,21.565143,0.176116,preds.pt#389
1BA091,0199,BridgeRefine-L1-seed2026,2026,0.896296,22.122061,0.143608,preds.pt#390
1BA091,0200,BridgeRefine-L1-seed2026,2026,0.906958,23.437902,0.101482,preds.pt#391
1BA091,0201,BridgeRefine-L1-seed2026,2026,0.915891,26.278685,0.075441,preds.pt#392
1BA091,0202,BridgeRefine-L1-seed2026,2026,0.933227,28.066867,0.067981,preds.pt#393
1BA091,0203,BridgeRefine-L1-seed2026,2026,0.940654,29.834213,0.052812,preds.pt#394
1BA091,0204,BridgeRefine-L1-seed2026,2026,0.929249,28.898643,0.085431,preds.pt#395
1BA091,0205,BridgeRefine-L1-seed2026,2026,0.941444,31.169622,0.096099,preds.pt#396
1BA091,0206,BridgeRefine-L1-seed2026,2026,0.938933,30.806438,0.116497,preds.pt#397
1BA091,0207,BridgeRefine-L1-seed2026,2026,0.939960,29.549502,0.086958,preds.pt#398
1BA100,0000,BridgeRefine-L1-seed2026,2026,0.927268,24.957821,0.248609,preds.pt#399
1BA100,0001,BridgeRefine-L1-seed2026,2026,0.960098,29.266567,0.126240,preds.pt#400
1BA100,0002,BridgeRefine-L1-seed2026,2026,0.942397,24.151228,0.144770,preds.pt#401
1BA100,0003,BridgeRefine-L1-seed2026,2026,0.925766,22.898290,0.148877,preds.pt#402
1BA100,0004,BridgeRefine-L1-seed2026,2026,0.928983,23.460855,0.142028,preds.pt#403
1BA100,0005,BridgeRefine-L1-seed2026,2026,0.917820,22.075412,0.148546,preds.pt#404
1BA100,0006,BridgeRefine-L1-seed2026,2026,0.919140,22.021628,0.148904,preds.pt#405
1BA100,0007,BridgeRefine-L1-seed2026,2026,0.923103,22.687300,0.145563,preds.pt#406
1BA100,0008,BridgeRefine-L1-seed2026,2026,0.938067,25.127563,0.130113,preds.pt#407
1BA100,0009,BridgeRefine-L1-seed2026,2026,0.933081,24.844343,0.114536,preds.pt#408
1BA100,0010,BridgeRefine-L1-seed2026,2026,0.925477,22.491574,0.109092,preds.pt#409
1BA100,0011,BridgeRefine-L1-seed2026,2026,0.928474,24.118134,0.107513,preds.pt#410
1BA100,0012,BridgeRefine-L1-seed2026,2026,0.917009,22.535574,0.115781,preds.pt#411
1BA100,0013,BridgeRefine-L1-seed2026,2026,0.914344,23.468220,0.107700,preds.pt#412
1BA100,0014,BridgeRefine-L1-seed2026,2026,0.917947,23.605455,0.103424,preds.pt#413
1BA100,0015,BridgeRefine-L1-seed2026,2026,0.903297,22.429396,0.119242,preds.pt#414
1BA100,0016,BridgeRefine-L1-seed2026,2026,0.903020,21.895683,0.110381,preds.pt#415
1BA100,0017,BridgeRefine-L1-seed2026,2026,0.903604,21.659332,0.131195,preds.pt#416
1BA100,0018,BridgeRefine-L1-seed2026,2026,0.903020,20.991205,0.157892,preds.pt#417
1BA100,0019,BridgeRefine-L1-seed2026,2026,0.902448,21.485810,0.163823,preds.pt#418
1BA100,0020,BridgeRefine-L1-seed2026,2026,0.892460,20.422869,0.174029,preds.pt#419
1BA100,0021,BridgeRefine-L1-seed2026,2026,0.902357,20.722566,0.165434,preds.pt#420
1BA100,0022,BridgeRefine-L1-seed2026,2026,0.890549,20.220605,0.169452,preds.pt#421
1BA100,0023,BridgeRefine-L1-seed2026,2026,0.889149,20.089447,0.156417,preds.pt#422
1BA100,0024,BridgeRefine-L1-seed2026,2026,0.899084,21.134895,0.144575,preds.pt#423
1BA100,0025,BridgeRefine-L1-seed2026,2026,0.896551,21.196569,0.154071,preds.pt#424
1BA100,0026,BridgeRefine-L1-seed2026,2026,0.893827,21.550797,0.153156,preds.pt#425
1BA100,0027,BridgeRefine-L1-seed2026,2026,0.891479,21.633200,0.156715,preds.pt#426
1BA100,0028,BridgeRefine-L1-seed2026,2026,0.889150,21.370167,0.143952,preds.pt#427
1BA100,0029,BridgeRefine-L1-seed2026,2026,0.878547,21.364284,0.150065,preds.pt#428
1BA100,0030,BridgeRefine-L1-seed2026,2026,0.876946,21.313016,0.145060,preds.pt#429
1BA100,0031,BridgeRefine-L1-seed2026,2026,0.871951,20.940466,0.154444,preds.pt#430
1BA100,0032,BridgeRefine-L1-seed2026,2026,0.861132,20.833076,0.167276,preds.pt#431
1BA100,0033,BridgeRefine-L1-seed2026,2026,0.856713,20.431759,0.175013,preds.pt#432
1BA100,0034,BridgeRefine-L1-seed2026,2026,0.841222,20.207456,0.174970,preds.pt#433
1BA100,0035,BridgeRefine-L1-seed2026,2026,0.852377,19.736252,0.166667,preds.pt#434
1BA100,0036,BridgeRefine-L1-seed2026,2026,0.851903,19.793941,0.170173,preds.pt#435
1BA100,0037,BridgeRefine-L1-seed2026,2026,0.848109,19.702162,0.157929,preds.pt#436
1BA100,0038,BridgeRefine-L1-seed2026,2026,0.848704,19.932705,0.160812,preds.pt#437
1BA100,0039,BridgeRefine-L1-seed2026,2026,0.847142,20.173436,0.160654,preds.pt#438
1BA100,0040,BridgeRefine-L1-seed2026,2026,0.849111,20.140385,0.152073,preds.pt#439
1BA100,0041,BridgeRefine-L1-seed2026,2026,0.848927,20.317788,0.127423,preds.pt#440
1BA100,0042,BridgeRefine-L1-seed2026,2026,0.850787,19.810740,0.129230,preds.pt#441
1BA100,0043,BridgeRefine-L1-seed2026,2026,0.851132,19.646742,0.140463,preds.pt#442
1BA100,0044,BridgeRefine-L1-seed2026,2026,0.856124,19.980949,0.143165,preds.pt#443
1BA100,0045,BridgeRefine-L1-seed2026,2026,0.845382,19.821498,0.146064,preds.pt#444
1BA100,0046,BridgeRefine-L1-seed2026,2026,0.835546,19.748163,0.143486,preds.pt#445
1BA100,0047,BridgeRefine-L1-seed2026,2026,0.823357,19.534726,0.161347,preds.pt#446
1BA100,0048,BridgeRefine-L1-seed2026,2026,0.825072,19.342124,0.145007,preds.pt#447
1BA100,0049,BridgeRefine-L1-seed2026,2026,0.832346,19.171728,0.163904,preds.pt#448
1BA100,0050,BridgeRefine-L1-seed2026,2026,0.840308,19.488216,0.153846,preds.pt#449
1BA100,0051,BridgeRefine-L1-seed2026,2026,0.846339,19.841619,0.158697,preds.pt#450
1BA100,0052,BridgeRefine-L1-seed2026,2026,0.844422,19.936346,0.163895,preds.pt#451
1BA100,0053,BridgeRefine-L1-seed2026,2026,0.842888,19.669321,0.165316,preds.pt#452
1BA100,0054,BridgeRefine-L1-seed2026,2026,0.838109,19.476349,0.160763,preds.pt#453
1BA100,0055,BridgeRefine-L1-seed2026,2026,0.837513,19.330332,0.149503,preds.pt#454
1BA100,0056,BridgeRefine-L1-seed2026,2026,0.834465,19.087670,0.135305,preds.pt#455
1BA100,0057,BridgeRefine-L1-seed2026,2026,0.831727,18.793475,0.119325,preds.pt#456
1BA100,0058,BridgeRefine-L1-seed2026,2026,0.833910,19.016518,0.135968,preds.pt#457
1BA100,0059,BridgeRefine-L1-seed2026,2026,0.826385,19.020559,0.151335,preds.pt#458
1BA100,0060,BridgeRefine-L1-seed2026,2026,0.811504,18.145533,0.155809,preds.pt#459
1BA100,0061,BridgeRefine-L1-seed2026,2026,0.802579,18.040483,0.158448,preds.pt#460
1BA100,0062,BridgeRefine-L1-seed2026,2026,0.796626,17.957624,0.155816,preds.pt#461
1BA100,0063,BridgeRefine-L1-seed2026,2026,0.776102,17.560734,0.173842,preds.pt#462
1BA100,0064,BridgeRefine-L1-seed2026,2026,0.779496,17.464413,0.168374,preds.pt#463
1BA100,0065,BridgeRefine-L1-seed2026,2026,0.766497,17.223484,0.183724,preds.pt#464
1BA100,0066,BridgeRefine-L1-seed2026,2026,0.733907,16.641294,0.209044,preds.pt#465
1BA100,0067,BridgeRefine-L1-seed2026,2026,0.760618,17.261149,0.189588,preds.pt#466
1BA100,0068,BridgeRefine-L1-seed2026,2026,0.760051,17.034918,0.196692,preds.pt#467
1BA100,0069,BridgeRefine-L1-seed2026,2026,0.725908,15.967660,0.206811,preds.pt#468
1BA100,0070,BridgeRefine-L1-seed2026,2026,0.744112,16.455346,0.200924,preds.pt#469
1BA100,0071,BridgeRefine-L1-seed2026,2026,0.734129,16.594831,0.185581,preds.pt#470
1BA100,0072,BridgeRefine-L1-seed2026,2026,0.746329,17.032111,0.178004,preds.pt#471
1BA100,0073,BridgeRefine-L1-seed2026,2026,0.739184,16.933057,0.176443,preds.pt#472
1BA100,0074,BridgeRefine-L1-seed2026,2026,0.744910,17.125701,0.162515,preds.pt#473
1BA100,0075,BridgeRefine-L1-seed2026,2026,0.748473,17.152724,0.158306,preds.pt#474
1BA100,0076,BridgeRefine-L1-seed2026,2026,0.755576,17.775739,0.132000,preds.pt#475
1BA100,0077,BridgeRefine-L1-seed2026,2026,0.776788,18.083853,0.143911,preds.pt#476
1BA100,0078,BridgeRefine-L1-seed2026,2026,0.766740,17.716443,0.143953,preds.pt#477
1BA100,0079,BridgeRefine-L1-seed2026,2026,0.779690,18.053974,0.127537,preds.pt#478
1BA100,0080,BridgeRefine-L1-seed2026,2026,0.799926,18.275276,0.122556,preds.pt#479
1BA100,0081,BridgeRefine-L1-seed2026,2026,0.811774,18.689509,0.117965,preds.pt#480
1BA100,0082,BridgeRefine-L1-seed2026,2026,0.813457,18.727282,0.108533,preds.pt#481
1BA100,0083,BridgeRefine-L1-seed2026,2026,0.808803,18.500480,0.118525,preds.pt#482
1BA100,0084,BridgeRefine-L1-seed2026,2026,0.796179,18.011751,0.136175,preds.pt#483
1BA100,0085,BridgeRefine-L1-seed2026,2026,0.818304,18.698526,0.111079,preds.pt#484
1BA100,0086,BridgeRefine-L1-seed2026,2026,0.827396,19.017501,0.104911,preds.pt#485
1BA100,0087,BridgeRefine-L1-seed2026,2026,0.842382,19.617981,0.113394,preds.pt#486
1BA100,0088,BridgeRefine-L1-seed2026,2026,0.834090,19.027456,0.114620,preds.pt#487
1BA100,0089,BridgeRefine-L1-seed2026,2026,0.853248,19.656481,0.090393,preds.pt#488
1BA100,0090,BridgeRefine-L1-seed2026,2026,0.838602,18.843360,0.093455,preds.pt#489
1BA100,0091,BridgeRefine-L1-seed2026,2026,0.837471,18.828355,0.106863,preds.pt#490
1BA100,0092,BridgeRefine-L1-seed2026,2026,0.839440,19.144730,0.097331,preds.pt#491
1BA100,0093,BridgeRefine-L1-seed2026,2026,0.843232,19.271386,0.095308,preds.pt#492
1BA100,0094,BridgeRefine-L1-seed2026,2026,0.850872,19.405960,0.084004,preds.pt#493
1BA100,0095,BridgeRefine-L1-seed2026,2026,0.839281,18.911638,0.093921,preds.pt#494
1BA100,0096,BridgeRefine-L1-seed2026,2026,0.839709,19.063958,0.089679,preds.pt#495
1BA100,0097,BridgeRefine-L1-seed2026,2026,0.842839,19.231463,0.099962,preds.pt#496
1BA100,0098,BridgeRefine-L1-seed2026,2026,0.855945,19.737455,0.091278,preds.pt#497
1BA100,0099,BridgeRefine-L1-seed2026,2026,0.848956,19.298397,0.097933,preds.pt#498
1BA100,0100,BridgeRefine-L1-seed2026,2026,0.855635,19.358673,0.090169,preds.pt#499
1BA100,0101,BridgeRefine-L1-seed2026,2026,0.847947,19.128257,0.093803,preds.pt#500
1BA100,0102,BridgeRefine-L1-seed2026,2026,0.852974,19.386774,0.094702,preds.pt#501
1BA100,0103,BridgeRefine-L1-seed2026,2026,0.851657,19.554374,0.095850,preds.pt#502
1BA100,0104,BridgeRefine-L1-seed2026,2026,0.866839,19.949183,0.092636,preds.pt#503
1BA100,0105,BridgeRefine-L1-seed2026,2026,0.872332,20.256677,0.080445,preds.pt#504
1BA100,0106,BridgeRefine-L1-seed2026,2026,0.883741,20.621788,0.074053,preds.pt#505
1BA100,0107,BridgeRefine-L1-seed2026,2026,0.882108,20.433407,0.070225,preds.pt#506
1BA100,0108,BridgeRefine-L1-seed2026,2026,0.877754,20.120844,0.080389,preds.pt#507
1BA100,0109,BridgeRefine-L1-seed2026,2026,0.876824,20.128234,0.082210,preds.pt#508
1BA100,0110,BridgeRefine-L1-seed2026,2026,0.874103,19.985542,0.075888,preds.pt#509
1BA100,0111,BridgeRefine-L1-seed2026,2026,0.866836,19.479634,0.088726,preds.pt#510
1BA100,0112,BridgeRefine-L1-seed2026,2026,0.886441,20.530940,0.075184,preds.pt#511
1BA100,0113,BridgeRefine-L1-seed2026,2026,0.866253,18.750166,0.082863,preds.pt#512
1BA100,0114,BridgeRefine-L1-seed2026,2026,0.886996,20.374534,0.057206,preds.pt#513
1BA100,0115,BridgeRefine-L1-seed2026,2026,0.884717,20.289449,0.066012,preds.pt#514
1BA100,0116,BridgeRefine-L1-seed2026,2026,0.877692,20.045098,0.067247,preds.pt#515
1BA100,0117,BridgeRefine-L1-seed2026,2026,0.881651,20.251095,0.074298,preds.pt#516
1BA100,0118,BridgeRefine-L1-seed2026,2026,0.868798,19.770089,0.075634,preds.pt#517
1BA100,0119,BridgeRefine-L1-seed2026,2026,0.867397,19.836130,0.068750,preds.pt#518
1BA100,0120,BridgeRefine-L1-seed2026,2026,0.856405,19.375618,0.073173,preds.pt#519
1BA100,0121,BridgeRefine-L1-seed2026,2026,0.855102,19.277796,0.073554,preds.pt#520
1BA100,0122,BridgeRefine-L1-seed2026,2026,0.862890,19.700390,0.076917,preds.pt#521
1BA100,0123,BridgeRefine-L1-seed2026,2026,0.864279,19.639214,0.078276,preds.pt#522
1BA100,0124,BridgeRefine-L1-seed2026,2026,0.864278,19.410061,0.073581,preds.pt#523
1BA100,0125,BridgeRefine-L1-seed2026,2026,0.861726,19.490971,0.069823,preds.pt#524
1BA100,0126,BridgeRefine-L1-seed2026,2026,0.856405,19.034997,0.073515,preds.pt#525
1BA100,0127,BridgeRefine-L1-seed2026,2026,0.858351,19.062375,0.068688,preds.pt#526
1BA100,0128,BridgeRefine-L1-seed2026,2026,0.863242,19.185891,0.063532,preds.pt#527
1BA100,0129,BridgeRefine-L1-seed2026,2026,0.862091,19.265514,0.065409,preds.pt#528
1BA100,0130,BridgeRefine-L1-seed2026,2026,0.857630,19.324692,0.068142,preds.pt#529
1BA100,0131,BridgeRefine-L1-seed2026,2026,0.851513,19.115337,0.078931,preds.pt#530
1BA100,0132,BridgeRefine-L1-seed2026,2026,0.846144,18.956247,0.084461,preds.pt#531
1BA100,0133,BridgeRefine-L1-seed2026,2026,0.847753,18.747567,0.102697,preds.pt#532
1BA100,0134,BridgeRefine-L1-seed2026,2026,0.841780,18.528778,0.098608,preds.pt#533
1BA100,0135,BridgeRefine-L1-seed2026,2026,0.844753,18.708697,0.091988,preds.pt#534
1BA100,0136,BridgeRefine-L1-seed2026,2026,0.834154,18.341344,0.091757,preds.pt#535
1BA100,0137,BridgeRefine-L1-seed2026,2026,0.843544,18.684935,0.096650,preds.pt#536
1BA100,0138,BridgeRefine-L1-seed2026,2026,0.856676,19.372262,0.085858,preds.pt#537
1BA100,0139,BridgeRefine-L1-seed2026,2026,0.855783,19.203943,0.084266,preds.pt#538
1BA100,0140,BridgeRefine-L1-seed2026,2026,0.851365,18.743442,0.082495,preds.pt#539
1BA100,0141,BridgeRefine-L1-seed2026,2026,0.862642,19.250689,0.086754,preds.pt#540
1BA100,0142,BridgeRefine-L1-seed2026,2026,0.856862,19.024602,0.103202,preds.pt#541
1BA100,0143,BridgeRefine-L1-seed2026,2026,0.848333,18.460420,0.095642,preds.pt#542
1BA100,0144,BridgeRefine-L1-seed2026,2026,0.845853,18.227635,0.083506,preds.pt#543
1BA100,0145,BridgeRefine-L1-seed2026,2026,0.849967,18.322197,0.078309,preds.pt#544
1BA100,0146,BridgeRefine-L1-seed2026,2026,0.842785,18.004408,0.073444,preds.pt#545
1BA100,0147,BridgeRefine-L1-seed2026,2026,0.847115,18.028428,0.074803,preds.pt#546
1BA100,0148,BridgeRefine-L1-seed2026,2026,0.838387,17.900375,0.081476,preds.pt#547
1BA100,0149,BridgeRefine-L1-seed2026,2026,0.838792,17.845008,0.085382,preds.pt#548
1BA100,0150,BridgeRefine-L1-seed2026,2026,0.836320,17.838302,0.088875,preds.pt#549
1BA100,0151,BridgeRefine-L1-seed2026,2026,0.847107,18.013896,0.081395,preds.pt#550
1BA100,0152,BridgeRefine-L1-seed2026,2026,0.862870,18.647876,0.083025,preds.pt#551
1BA100,0153,BridgeRefine-L1-seed2026,2026,0.863107,18.320477,0.081450,preds.pt#552
1BA100,0154,BridgeRefine-L1-seed2026,2026,0.858255,18.008555,0.077509,preds.pt#553
1BA100,0155,BridgeRefine-L1-seed2026,2026,0.864905,18.504435,0.074922,preds.pt#554
1BA100,0156,BridgeRefine-L1-seed2026,2026,0.858776,18.102950,0.072041,preds.pt#555
1BA100,0157,BridgeRefine-L1-seed2026,2026,0.846581,17.362501,0.076023,preds.pt#556
1BA100,0158,BridgeRefine-L1-seed2026,2026,0.855381,17.664235,0.076502,preds.pt#557
1BA100,0159,BridgeRefine-L1-seed2026,2026,0.857475,17.880931,0.083469,preds.pt#558
1BA100,0160,BridgeRefine-L1-seed2026,2026,0.864541,17.983291,0.086392,preds.pt#559
1BA100,0161,BridgeRefine-L1-seed2026,2026,0.876297,18.524187,0.081186,preds.pt#560
1BA100,0162,BridgeRefine-L1-seed2026,2026,0.878563,18.354531,0.074310,preds.pt#561
1BA100,0163,BridgeRefine-L1-seed2026,2026,0.882796,18.519672,0.085337,preds.pt#562
1BA100,0164,BridgeRefine-L1-seed2026,2026,0.888817,19.130002,0.093132,preds.pt#563
1BA100,0165,BridgeRefine-L1-seed2026,2026,0.881769,18.469001,0.090029,preds.pt#564
1BA100,0166,BridgeRefine-L1-seed2026,2026,0.874227,18.565696,0.095312,preds.pt#565
1BA100,0167,BridgeRefine-L1-seed2026,2026,0.866519,18.364785,0.102980,preds.pt#566
1BA100,0168,BridgeRefine-L1-seed2026,2026,0.853446,18.088786,0.112387,preds.pt#567
1BA100,0169,BridgeRefine-L1-seed2026,2026,0.871886,18.489825,0.099531,preds.pt#568
1BA100,0170,BridgeRefine-L1-seed2026,2026,0.870308,18.343626,0.094170,preds.pt#569
1BA100,0171,BridgeRefine-L1-seed2026,2026,0.851450,17.734442,0.105850,preds.pt#570
1BA100,0172,BridgeRefine-L1-seed2026,2026,0.868983,18.323393,0.105855,preds.pt#571
1BA100,0173,BridgeRefine-L1-seed2026,2026,0.884820,19.112266,0.101991,preds.pt#572
1BA100,0174,BridgeRefine-L1-seed2026,2026,0.894671,19.865434,0.099237,preds.pt#573
1BA100,0175,BridgeRefine-L1-seed2026,2026,0.906576,20.372620,0.095428,preds.pt#574
1BA100,0176,BridgeRefine-L1-seed2026,2026,0.916708,20.785424,0.075877,preds.pt#575
1BA100,0177,BridgeRefine-L1-seed2026,2026,0.920753,20.977950,0.082827,preds.pt#576
1BA100,0178,BridgeRefine-L1-seed2026,2026,0.924556,21.422384,0.090383,preds.pt#577
1BA100,0179,BridgeRefine-L1-seed2026,2026,0.923361,21.425063,0.093416,preds.pt#578
1BA100,0180,BridgeRefine-L1-seed2026,2026,0.933407,23.134845,0.077921,preds.pt#579
1BA100,0181,BridgeRefine-L1-seed2026,2026,0.941138,25.230427,0.068434,preds.pt#580
1BA100,0182,BridgeRefine-L1-seed2026,2026,0.945234,25.975252,0.053903,preds.pt#581
1BA100,0183,BridgeRefine-L1-seed2026,2026,0.941048,25.915771,0.071571,preds.pt#582
1BA100,0184,BridgeRefine-L1-seed2026,2026,0.929302,28.168030,0.097762,preds.pt#583
1BA100,0185,BridgeRefine-L1-seed2026,2026,0.946493,30.107148,0.107154,preds.pt#584
1BA100,0186,BridgeRefine-L1-seed2026,2026,0.935136,29.907649,0.104048,preds.pt#585
1BA100,0187,BridgeRefine-L1-seed2026,2026,0.935860,29.384127,0.053066,preds.pt#586
1BA116,0000,BridgeRefine-L1-seed2026,2026,0.973946,41.837276,0.065834,preds.pt#587
1BA116,0001,BridgeRefine-L1-seed2026,2026,0.973617,37.937533,0.082331,preds.pt#588
1BA116,0002,BridgeRefine-L1-seed2026,2026,0.969851,35.197494,0.094984,preds.pt#589
1BA116,0003,BridgeRefine-L1-seed2026,2026,0.967513,32.755564,0.145080,preds.pt#590
1BA116,0004,BridgeRefine-L1-seed2026,2026,0.965735,32.085847,0.099237,preds.pt#591
1BA116,0005,BridgeRefine-L1-seed2026,2026,0.961786,31.758205,0.087479,preds.pt#592
1BA116,0006,BridgeRefine-L1-seed2026,2026,0.951386,29.519638,0.119296,preds.pt#593
1BA116,0007,BridgeRefine-L1-seed2026,2026,0.957624,30.244208,0.084979,preds.pt#594
1BA116,0008,BridgeRefine-L1-seed2026,2026,0.949966,28.898516,0.097810,preds.pt#595
1BA116,0009,BridgeRefine-L1-seed2026,2026,0.941279,26.327964,0.138138,preds.pt#596
1BA116,0010,BridgeRefine-L1-seed2026,2026,0.958450,28.625635,0.095352,preds.pt#597
1BA116,0011,BridgeRefine-L1-seed2026,2026,0.943510,27.402952,0.119239,preds.pt#598
1BA116,0012,BridgeRefine-L1-seed2026,2026,0.954468,28.644853,0.117247,preds.pt#599
1BA116,0013,BridgeRefine-L1-seed2026,2026,0.953896,28.549520,0.124593,preds.pt#600
1BA116,0014,BridgeRefine-L1-seed2026,2026,0.928459,24.750590,0.156099,preds.pt#601
1BA116,0015,BridgeRefine-L1-seed2026,2026,0.948744,26.768763,0.120813,preds.pt#602
1BA116,0016,BridgeRefine-L1-seed2026,2026,0.945917,26.038157,0.125796,preds.pt#603
1BA116,0017,BridgeRefine-L1-seed2026,2026,0.946829,27.359434,0.113025,preds.pt#604
1BA116,0018,BridgeRefine-L1-seed2026,2026,0.929226,26.052707,0.180211,preds.pt#605
1BA116,0019,BridgeRefine-L1-seed2026,2026,0.901665,23.795820,0.171217,preds.pt#606
1BA116,0020,BridgeRefine-L1-seed2026,2026,0.918094,26.645113,0.152839,preds.pt#607
1BA116,0021,BridgeRefine-L1-seed2026,2026,0.903948,24.642220,0.168791,preds.pt#608
1BA116,0022,BridgeRefine-L1-seed2026,2026,0.916561,25.532708,0.158058,preds.pt#609
1BA116,0023,BridgeRefine-L1-seed2026,2026,0.876312,22.329330,0.188856,preds.pt#610
1BA116,0024,BridgeRefine-L1-seed2026,2026,0.905043,24.099981,0.177472,preds.pt#611
1BA116,0025,BridgeRefine-L1-seed2026,2026,0.901353,25.012952,0.156734,preds.pt#612
1BA116,0026,BridgeRefine-L1-seed2026,2026,0.891023,23.306696,0.188678,preds.pt#613
1BA116,0027,BridgeRefine-L1-seed2026,2026,0.883444,21.975001,0.188115,preds.pt#614
1BA116,0028,BridgeRefine-L1-seed2026,2026,0.878871,23.414966,0.177855,preds.pt#615
1BA116,0029,BridgeRefine-L1-seed2026,2026,0.858029,21.661903,0.174545,preds.pt#616
1BA116,0030,BridgeRefine-L1-seed2026,2026,0.903366,23.911254,0.128407,preds.pt#617
1BA116,0031,BridgeRefine-L1-seed2026,2026,0.863566,21.433810,0.152420,preds.pt#618
1BA116,0032,BridgeRefine-L1-seed2026,2026,0.884576,22.662385,0.129970,preds.pt#619
1BA116,0033,BridgeRefine-L1-seed2026,2026,0.882547,21.805821,0.162093,preds.pt#620
1BA116,0034,BridgeRefine-L1-seed2026,2026,0.875097,22.028045,0.164287,preds.pt#621
1BA116,0035,BridgeRefine-L1-seed2026,2026,0.860923,21.412318,0.175803,preds.pt#622
1BA116,0036,BridgeRefine-L1-seed2026,2026,0.859576,20.612384,0.166167,preds.pt#623
1BA116,0037,BridgeRefine-L1-seed2026,2026,0.844545,19.285124,0.189891,preds.pt#624
1BA116,0038,BridgeRefine-L1-seed2026,2026,0.834139,19.480737,0.169971,preds.pt#625
1BA116,0039,BridgeRefine-L1-seed2026,2026,0.823461,19.315636,0.172853,preds.pt#626
1BA116,0040,BridgeRefine-L1-seed2026,2026,0.824618,20.168400,0.176899,preds.pt#627
1BA116,0041,BridgeRefine-L1-seed2026,2026,0.821392,19.639461,0.176162,preds.pt#628
1BA116,0042,BridgeRefine-L1-seed2026,2026,0.837989,19.771828,0.171915,preds.pt#629
1BA116,0043,BridgeRefine-L1-seed2026,2026,0.801590,19.173568,0.198789,preds.pt#630
1BA116,0044,BridgeRefine-L1-seed2026,2026,0.833097,19.235325,0.184376,preds.pt#631
1BA116,0045,BridgeRefine-L1-seed2026,2026,0.819674,18.216696,0.207164,preds.pt#632
1BA116,0046,BridgeRefine-L1-seed2026,2026,0.818258,18.452443,0.190036,preds.pt#633
1BA116,0047,BridgeRefine-L1-seed2026,2026,0.819173,18.998948,0.189228,preds.pt#634
1BA116,0048,BridgeRefine-L1-seed2026,2026,0.808178,19.474111,0.178632,preds.pt#635
1BA116,0049,BridgeRefine-L1-seed2026,2026,0.814626,19.106513,0.183987,preds.pt#636
1BA116,0050,BridgeRefine-L1-seed2026,2026,0.822100,19.693430,0.152717,preds.pt#637
1BA116,0051,BridgeRefine-L1-seed2026,2026,0.809932,18.939853,0.145872,preds.pt#638
1BA116,0052,BridgeRefine-L1-seed2026,2026,0.789744,18.640667,0.168942,preds.pt#639
1BA116,0053,BridgeRefine-L1-seed2026,2026,0.793711,18.241954,0.172220,preds.pt#640
1BA116,0054,BridgeRefine-L1-seed2026,2026,0.795016,18.183217,0.186623,preds.pt#641
1BA116,0055,BridgeRefine-L1-seed2026,2026,0.797997,17.737196,0.194227,preds.pt#642
1BA116,0056,BridgeRefine-L1-seed2026,2026,0.797065,17.781395,0.192164,preds.pt#643
1BA116,0057,BridgeRefine-L1-seed2026,2026,0.797716,17.973174,0.169043,preds.pt#644
1BA116,0058,BridgeRefine-L1-seed2026,2026,0.791073,17.710166,0.170378,preds.pt#645
1BA116,0059,BridgeRefine-L1-seed2026,2026,0.800713,18.174814,0.156411,preds.pt#646
1BA116,0060,BridgeRefine-L1-seed2026,2026,0.793256,17.927874,0.162967,preds.pt#647
1BA116,0061,BridgeRefine-L1-seed2026,2026,0.798244,18.104804,0.158855,preds.pt#648
1BA116,0062,BridgeRefine-L1-seed2026,2026,0.802274,18.303022,0.144899,preds.pt#649
1BA116,0063,BridgeRefine-L1-seed2026,2026,0.804491,18.363058,0.150009,preds.pt#650
1BA116,0064,BridgeRefine-L1-seed2026,2026,0.774499,18.020692,0.154878,preds.pt#651
1BA116,0065,BridgeRefine-L1-seed2026,2026,0.765381,17.763847,0.159486,preds.pt#652
1BA116,0066,BridgeRefine-L1-seed2026,2026,0.765369,17.363935,0.162133,preds.pt#653
1BA116,0067,BridgeRefine-L1-seed2026,2026,0.775066,18.035038,0.147058,preds.pt#654
1BA116,0068,BridgeRefine-L1-seed2026,2026,0.764915,17.471590,0.160724,preds.pt#655
1BA116,0069,BridgeRefine-L1-seed2026,2026,0.783748,18.364876,0.161627,preds.pt#656
1BA116,0070,BridgeRefine-L1-seed2026,2026,0.796187,18.422655,0.157022,preds.pt#657
1BA116,0071,BridgeRefine-L1-seed2026,2026,0.785120,17.786610,0.169380,preds.pt#658
1BA116,0072,BridgeRefine-L1-seed2026,2026,0.796077,18.153704,0.170102,preds.pt#659
1BA116,0073,BridgeRefine-L1-seed2026,2026,0.772938,17.599643,0.160450,preds.pt#660
1BA116,0074,BridgeRefine-L1-seed2026,2026,0.793547,17.930941,0.155828,preds.pt#661
1BA116,0075,BridgeRefine-L1-seed2026,2026,0.783683,17.644379,0.153537,preds.pt#662
1BA116,0076,BridgeRefine-L1-seed2026,2026,0.772666,17.362972,0.169805,preds.pt#663
1BA116,0077,BridgeRefine-L1-seed2026,2026,0.791703,17.899675,0.162179,preds.pt#664
1BA116,0078,BridgeRefine-L1-seed2026,2026,0.787353,17.809414,0.155816,preds.pt#665
1BA116,0079,BridgeRefine-L1-seed2026,2026,0.783001,17.714232,0.173156,preds.pt#666
1BA116,0080,BridgeRefine-L1-seed2026,2026,0.788601,18.145918,0.166109,preds.pt#667
1BA116,0081,BridgeRefine-L1-seed2026,2026,0.792560,17.999947,0.168112,preds.pt#668
1BA116,0082,BridgeRefine-L1-seed2026,2026,0.793452,18.244549,0.156453,preds.pt#669
1BA116,0083,BridgeRefine-L1-seed2026,2026,0.799750,18.693531,0.151105,preds.pt#670
1BA116,0084,BridgeRefine-L1-seed2026,2026,0.796222,18.420256,0.149979,preds.pt#671
1BA116,0085,BridgeRefine-L1-seed2026,2026,0.797637,18.540891,0.141813,preds.pt#672
1BA116,0086,BridgeRefine-L1-seed2026,2026,0.803905,19.043506,0.127144,preds.pt#673
1BA116,0087,BridgeRefine-L1-seed2026,2026,0.799453,19.105112,0.143257,preds.pt#674
1BA116,0088,BridgeRefine-L1-seed2026,2026,0.812977,19.640441,0.137819,preds.pt#675
1BA116,0089,BridgeRefine-L1-seed2026,2026,0.796593,19.371899,0.154837,preds.pt#676
1BA116,0090,BridgeRefine-L1-seed2026,2026,0.799935,19.231114,0.143405,preds.pt#677
1BA116,0091,BridgeRefine-L1-seed2026,2026,0.798531,19.252630,0.142706,preds.pt#678
1BA116,0092,BridgeRefine-L1-seed2026,2026,0.789182,18.911776,0.160875,preds.pt#679
1BA116,0093,BridgeRefine-L1-seed2026,2026,0.804962,19.145190,0.152739,preds.pt#680
1BA116,0094,BridgeRefine-L1-seed2026,2026,0.801890,18.820524,0.148221,preds.pt#681
1BA116,0095,BridgeRefine-L1-seed2026,2026,0.794215,18.328584,0.136206,preds.pt#682
1BA116,0096,BridgeRefine-L1-seed2026,2026,0.804551,18.483095,0.131012,preds.pt#683
1BA116,0097,BridgeRefine-L1-seed2026,2026,0.788826,18.150561,0.144579,preds.pt#684
1BA116,0098,BridgeRefine-L1-seed2026,2026,0.789912,18.109553,0.132871,preds.pt#685
1BA116,0099,BridgeRefine-L1-seed2026,2026,0.796771,18.155586,0.115986,preds.pt#686
1BA116,0100,BridgeRefine-L1-seed2026,2026,0.788975,18.098704,0.116546,preds.pt#687
1BA116,0101,BridgeRefine-L1-seed2026,2026,0.795492,18.316379,0.109534,preds.pt#688
1BA116,0102,BridgeRefine-L1-seed2026,2026,0.794709,18.483852,0.099136,preds.pt#689
1BA116,0103,BridgeRefine-L1-seed2026,2026,0.795656,18.252102,0.108079,preds.pt#690
1BA116,0104,BridgeRefine-L1-seed2026,2026,0.790064,18.246677,0.115385,preds.pt#691
1BA116,0105,BridgeRefine-L1-seed2026,2026,0.791299,18.135142,0.124035,preds.pt#692
1BA116,0106,BridgeRefine-L1-seed2026,2026,0.776135,18.096985,0.122249,preds.pt#693
1BA116,0107,BridgeRefine-L1-seed2026,2026,0.773894,17.953375,0.112146,preds.pt#694
1BA116,0108,BridgeRefine-L1-seed2026,2026,0.775286,18.137518,0.104583,preds.pt#695
1BA116,0109,BridgeRefine-L1-seed2026,2026,0.785961,18.437514,0.111968,preds.pt#696
1BA116,0110,BridgeRefine-L1-seed2026,2026,0.768160,17.989596,0.118472,preds.pt#697
1BA116,0111,BridgeRefine-L1-seed2026,2026,0.788398,18.413537,0.108731,preds.pt#698
1BA116,0112,BridgeRefine-L1-seed2026,2026,0.788554,18.220915,0.095980,preds.pt#699
1BA116,0113,BridgeRefine-L1-seed2026,2026,0.791466,18.168417,0.123499,preds.pt#700
1BA116,0114,BridgeRefine-L1-seed2026,2026,0.798893,18.590409,0.106121,preds.pt#701
1BA116,0115,BridgeRefine-L1-seed2026,2026,0.796062,18.600746,0.120880,preds.pt#702
1BA116,0116,BridgeRefine-L1-seed2026,2026,0.800925,18.288097,0.113687,preds.pt#703
1BA116,0117,BridgeRefine-L1-seed2026,2026,0.802863,18.648826,0.116735,preds.pt#704
1BA116,0118,BridgeRefine-L1-seed2026,2026,0.805710,18.756007,0.112693,preds.pt#705
1BA116,0119,BridgeRefine-L1-seed2026,2026,0.805786,18.650081,0.106691,preds.pt#706
1BA116,0120,BridgeRefine-L1-seed2026,2026,0.813015,18.883223,0.096748,preds.pt#707
1BA116,0121,BridgeRefine-L1-seed2026,2026,0.803542,18.194557,0.098752,preds.pt#708
1BA116,0122,BridgeRefine-L1-seed2026,2026,0.812302,18.523968,0.100630,preds.pt#709
1BA116,0123,BridgeRefine-L1-seed2026,2026,0.826092,18.961820,0.093171,preds.pt#710
1BA116,0124,BridgeRefine-L1-seed2026,2026,0.815942,18.435224,0.103352,preds.pt#711
1BA116,0125,BridgeRefine-L1-seed2026,2026,0.817208,18.874310,0.113635,preds.pt#712
1BA116,0126,BridgeRefine-L1-seed2026,2026,0.813595,18.752285,0.118088,preds.pt#713
1BA116,0127,BridgeRefine-L1-seed2026,2026,0.819335,18.882348,0.115546,preds.pt#714
1BA116,0128,BridgeRefine-L1-seed2026,2026,0.808851,18.260070,0.109975,preds.pt#715
1BA116,0129,BridgeRefine-L1-seed2026,2026,0.814758,18.579214,0.111669,preds.pt#716
1BA116,0130,BridgeRefine-L1-seed2026,2026,0.812711,18.489485,0.115477,preds.pt#717
1BA116,0131,BridgeRefine-L1-seed2026,2026,0.813770,18.293784,0.123042,preds.pt#718
1BA116,0132,BridgeRefine-L1-seed2026,2026,0.816194,18.590699,0.127229,preds.pt#719
1BA116,0133,BridgeRefine-L1-seed2026,2026,0.819181,18.465144,0.130497,preds.pt#720
1BA116,0134,BridgeRefine-L1-seed2026,2026,0.829252,19.079064,0.116708,preds.pt#721
1BA116,0135,BridgeRefine-L1-seed2026,2026,0.832041,18.899795,0.121849,preds.pt#722
1BA116,0136,BridgeRefine-L1-seed2026,2026,0.827294,19.162117,0.117143,preds.pt#723
1BA116,0137,BridgeRefine-L1-seed2026,2026,0.829727,19.126401,0.108865,preds.pt#724
1BA116,0138,BridgeRefine-L1-seed2026,2026,0.837525,19.534168,0.108148,preds.pt#725
1BA116,0139,BridgeRefine-L1-seed2026,2026,0.826035,19.019380,0.124245,preds.pt#726
1BA116,0140,BridgeRefine-L1-seed2026,2026,0.834436,19.337939,0.101408,preds.pt#727
1BA116,0141,BridgeRefine-L1-seed2026,2026,0.810384,18.438756,0.100245,preds.pt#728
1BA116,0142,BridgeRefine-L1-seed2026,2026,0.817687,18.713266,0.095513,preds.pt#729
1BA116,0143,BridgeRefine-L1-seed2026,2026,0.807423,18.441423,0.097501,preds.pt#730
1BA116,0144,BridgeRefine-L1-seed2026,2026,0.821701,18.893113,0.100838,preds.pt#731
1BA116,0145,BridgeRefine-L1-seed2026,2026,0.814362,18.571432,0.102916,preds.pt#732
1BA116,0146,BridgeRefine-L1-seed2026,2026,0.794572,18.020896,0.119077,preds.pt#733
1BA116,0147,BridgeRefine-L1-seed2026,2026,0.800741,18.236959,0.123642,preds.pt#734
1BA116,0148,BridgeRefine-L1-seed2026,2026,0.807896,18.423188,0.125415,preds.pt#735
1BA116,0149,BridgeRefine-L1-seed2026,2026,0.803227,18.435210,0.120960,preds.pt#736
1BA116,0150,BridgeRefine-L1-seed2026,2026,0.797807,18.249108,0.113918,preds.pt#737
1BA116,0151,BridgeRefine-L1-seed2026,2026,0.794463,18.131403,0.114653,preds.pt#738
1BA116,0152,BridgeRefine-L1-seed2026,2026,0.793114,18.303742,0.112911,preds.pt#739
1BA116,0153,BridgeRefine-L1-seed2026,2026,0.807328,18.771520,0.120697,preds.pt#740
1BA116,0154,BridgeRefine-L1-seed2026,2026,0.790229,18.045455,0.138370,preds.pt#741
1BA116,0155,BridgeRefine-L1-seed2026,2026,0.807610,18.848042,0.116878,preds.pt#742
1BA116,0156,BridgeRefine-L1-seed2026,2026,0.799725,18.296615,0.124415,preds.pt#743
1BA116,0157,BridgeRefine-L1-seed2026,2026,0.816933,18.660713,0.118684,preds.pt#744
1BA116,0158,BridgeRefine-L1-seed2026,2026,0.821365,18.628287,0.122688,preds.pt#745
1BA116,0159,BridgeRefine-L1-seed2026,2026,0.833487,19.001323,0.114047,preds.pt#746
1BA116,0160,BridgeRefine-L1-seed2026,2026,0.822966,18.609442,0.103862,preds.pt#747
1BA116,0161,BridgeRefine-L1-seed2026,2026,0.830812,18.692311,0.113198,preds.pt#748
1BA116,0162,BridgeRefine-L1-seed2026,2026,0.839647,18.839429,0.101135,preds.pt#749
1BA116,0163,BridgeRefine-L1-seed2026,2026,0.817399,18.323374,0.097107,preds.pt#750
1BA116,0164,BridgeRefine-L1-seed2026,2026,0.828584,18.473971,0.101181,preds.pt#751
1BA116,0165,BridgeRefine-L1-seed2026,2026,0.822241,18.279833,0.113723,preds.pt#752
1BA116,0166,BridgeRefine-L1-seed2026,2026,0.828654,18.375440,0.128450,preds.pt#753
1BA116,0167,BridgeRefine-L1-seed2026,2026,0.822782,18.114128,0.122838,preds.pt#754
1BA116,0168,BridgeRefine-L1-seed2026,2026,0.821182,18.453227,0.130619,preds.pt#755
1BA116,0169,BridgeRefine-L1-seed2026,2026,0.823660,18.467101,0.124106,preds.pt#756
1BA116,0170,BridgeRefine-L1-seed2026,2026,0.820471,18.199571,0.122798,preds.pt#757
1BA116,0171,BridgeRefine-L1-seed2026,2026,0.826622,18.310838,0.106454,preds.pt#758
1BA116,0172,BridgeRefine-L1-seed2026,2026,0.820291,18.267969,0.109574,preds.pt#759
1BA116,0173,BridgeRefine-L1-seed2026,2026,0.830015,18.166869,0.109307,preds.pt#760
1BA116,0174,BridgeRefine-L1-seed2026,2026,0.835813,18.172541,0.118945,preds.pt#761
1BA116,0175,BridgeRefine-L1-seed2026,2026,0.843064,18.349967,0.102079,preds.pt#762
1BA116,0176,BridgeRefine-L1-seed2026,2026,0.844232,18.530403,0.109330,preds.pt#763
1BA116,0177,BridgeRefine-L1-seed2026,2026,0.854665,18.804141,0.111400,preds.pt#764
1BA116,0178,BridgeRefine-L1-seed2026,2026,0.842596,18.452418,0.121087,preds.pt#765
1BA116,0179,BridgeRefine-L1-seed2026,2026,0.852341,18.472441,0.122584,preds.pt#766
1BA116,0180,BridgeRefine-L1-seed2026,2026,0.842741,18.341929,0.111196,preds.pt#767
1BA116,0181,BridgeRefine-L1-seed2026,2026,0.851757,18.265439,0.116795,preds.pt#768
1BA116,0182,BridgeRefine-L1-seed2026,2026,0.843603,17.908187,0.129573,preds.pt#769
1BA116,0183,BridgeRefine-L1-seed2026,2026,0.853263,18.242926,0.119678,preds.pt#770
1BA116,0184,BridgeRefine-L1-seed2026,2026,0.860013,18.898502,0.120193,preds.pt#771
1BA116,0185,BridgeRefine-L1-seed2026,2026,0.868169,19.013213,0.136208,preds.pt#772
1BA116,0186,BridgeRefine-L1-seed2026,2026,0.878659,19.546199,0.147969,preds.pt#773
1BA116,0187,BridgeRefine-L1-seed2026,2026,0.889515,20.454743,0.142560,preds.pt#774
1BA116,0188,BridgeRefine-L1-seed2026,2026,0.898836,20.812952,0.128250,preds.pt#775
1BA116,0189,BridgeRefine-L1-seed2026,2026,0.916744,21.945865,0.117632,preds.pt#776
1BA116,0190,BridgeRefine-L1-seed2026,2026,0.922852,22.894802,0.121845,preds.pt#777
1BA116,0191,BridgeRefine-L1-seed2026,2026,0.928387,24.773866,0.108040,preds.pt#778
1BA116,0192,BridgeRefine-L1-seed2026,2026,0.938883,27.255752,0.129679,preds.pt#779
1BA116,0193,BridgeRefine-L1-seed2026,2026,0.926666,25.681425,0.113716,preds.pt#780
1BA116,0194,BridgeRefine-L1-seed2026,2026,0.919685,26.018544,0.124766,preds.pt#781
1BA116,0195,BridgeRefine-L1-seed2026,2026,0.952214,29.147151,0.102371,preds.pt#782
1BA116,0196,BridgeRefine-L1-seed2026,2026,0.923328,26.542364,0.153674,preds.pt#783
1BA184,0000,BridgeRefine-L1-seed2026,2026,0.916696,24.479652,0.108854,preds.pt#784
1BA184,0001,BridgeRefine-L1-seed2026,2026,0.914285,22.680775,0.149645,preds.pt#785
1BA184,0002,BridgeRefine-L1-seed2026,2026,0.930192,25.604560,0.087738,preds.pt#786
1BA184,0003,BridgeRefine-L1-seed2026,2026,0.930135,26.635730,0.088963,preds.pt#787
1BA184,0004,BridgeRefine-L1-seed2026,2026,0.905550,25.554376,0.128293,preds.pt#788
1BA184,0005,BridgeRefine-L1-seed2026,2026,0.923975,25.452128,0.101146,preds.pt#789
1BA184,0006,BridgeRefine-L1-seed2026,2026,0.892934,21.852203,0.130973,preds.pt#790
1BA184,0007,BridgeRefine-L1-seed2026,2026,0.913547,23.560492,0.111314,preds.pt#791
1BA184,0008,BridgeRefine-L1-seed2026,2026,0.926441,22.957663,0.120767,preds.pt#792
1BA184,0009,BridgeRefine-L1-seed2026,2026,0.905978,19.648566,0.165433,preds.pt#793
1BA184,0010,BridgeRefine-L1-seed2026,2026,0.900610,21.412355,0.168655,preds.pt#794
1BA184,0011,BridgeRefine-L1-seed2026,2026,0.910677,20.633615,0.156791,preds.pt#795
1BA184,0012,BridgeRefine-L1-seed2026,2026,0.900352,19.668915,0.180957,preds.pt#796
1BA184,0013,BridgeRefine-L1-seed2026,2026,0.906422,19.407073,0.201556,preds.pt#797
1BA184,0014,BridgeRefine-L1-seed2026,2026,0.903496,19.468176,0.188785,preds.pt#798
1BA184,0015,BridgeRefine-L1-seed2026,2026,0.897287,19.096132,0.192352,preds.pt#799
1BA184,0016,BridgeRefine-L1-seed2026,2026,0.930109,24.466672,0.121673,preds.pt#800
1BA184,0017,BridgeRefine-L1-seed2026,2026,0.919500,22.987150,0.122756,preds.pt#801
1BA184,0018,BridgeRefine-L1-seed2026,2026,0.906677,20.815700,0.140993,preds.pt#802
1BA184,0019,BridgeRefine-L1-seed2026,2026,0.917599,20.966718,0.123541,preds.pt#803
1BA184,0020,BridgeRefine-L1-seed2026,2026,0.911314,21.915078,0.113562,preds.pt#804
1BA184,0021,BridgeRefine-L1-seed2026,2026,0.920366,22.004778,0.094949,preds.pt#805
1BA184,0022,BridgeRefine-L1-seed2026,2026,0.899275,21.197678,0.110790,preds.pt#806
1BA184,0023,BridgeRefine-L1-seed2026,2026,0.927648,22.550608,0.086837,preds.pt#807
1BA184,0024,BridgeRefine-L1-seed2026,2026,0.911052,22.625727,0.099674,preds.pt#808
1BA184,0025,BridgeRefine-L1-seed2026,2026,0.897846,20.100093,0.107919,preds.pt#809
1BA184,0026,BridgeRefine-L1-seed2026,2026,0.909593,21.371916,0.129157,preds.pt#810
1BA184,0027,BridgeRefine-L1-seed2026,2026,0.876215,18.964849,0.147014,preds.pt#811
1BA184,0028,BridgeRefine-L1-seed2026,2026,0.877600,19.099414,0.134413,preds.pt#812
1BA184,0029,BridgeRefine-L1-seed2026,2026,0.887002,19.928766,0.121970,preds.pt#813
1BA184,0030,BridgeRefine-L1-seed2026,2026,0.868136,19.017953,0.132041,preds.pt#814
1BA184,0031,BridgeRefine-L1-seed2026,2026,0.871516,18.895530,0.123915,preds.pt#815
1BA184,0032,BridgeRefine-L1-seed2026,2026,0.877802,19.105616,0.135758,preds.pt#816
1BA184,0033,BridgeRefine-L1-seed2026,2026,0.883361,18.870737,0.126234,preds.pt#817
1BA184,0034,BridgeRefine-L1-seed2026,2026,0.885936,19.861694,0.112547,preds.pt#818
1BA184,0035,BridgeRefine-L1-seed2026,2026,0.885564,20.047795,0.120975,preds.pt#819
1BA184,0036,BridgeRefine-L1-seed2026,2026,0.894125,21.196420,0.101026,preds.pt#820
1BA184,0037,BridgeRefine-L1-seed2026,2026,0.897361,22.176012,0.114246,preds.pt#821
1BA184,0038,BridgeRefine-L1-seed2026,2026,0.883903,21.875125,0.099103,preds.pt#822
1BA184,0039,BridgeRefine-L1-seed2026,2026,0.877825,21.501584,0.106422,preds.pt#823
1BA184,0040,BridgeRefine-L1-seed2026,2026,0.874989,20.810089,0.102678,preds.pt#824
1BA184,0041,BridgeRefine-L1-seed2026,2026,0.862871,19.931400,0.137860,preds.pt#825
1BA184,0042,BridgeRefine-L1-seed2026,2026,0.859457,19.596555,0.127730,preds.pt#826
1BA184,0043,BridgeRefine-L1-seed2026,2026,0.849286,18.814708,0.134097,preds.pt#827
1BA184,0044,BridgeRefine-L1-seed2026,2026,0.839375,18.556100,0.150056,preds.pt#828
1BA184,0045,BridgeRefine-L1-seed2026,2026,0.817033,17.373258,0.150498,preds.pt#829
1BA184,0046,BridgeRefine-L1-seed2026,2026,0.815906,17.632000,0.162124,preds.pt#830
1BA184,0047,BridgeRefine-L1-seed2026,2026,0.819398,17.508461,0.162810,preds.pt#831
1BA184,0048,BridgeRefine-L1-seed2026,2026,0.802165,17.491213,0.180348,preds.pt#832
1BA184,0049,BridgeRefine-L1-seed2026,2026,0.801657,17.734681,0.190189,preds.pt#833
1BA184,0050,BridgeRefine-L1-seed2026,2026,0.766663,17.053030,0.183108,preds.pt#834
1BA184,0051,BridgeRefine-L1-seed2026,2026,0.771132,17.579465,0.169999,preds.pt#835
1BA184,0052,BridgeRefine-L1-seed2026,2026,0.796403,19.177790,0.165852,preds.pt#836
1BA184,0053,BridgeRefine-L1-seed2026,2026,0.808348,19.501805,0.170740,preds.pt#837
1BA184,0054,BridgeRefine-L1-seed2026,2026,0.807946,19.193252,0.179630,preds.pt#838
1BA184,0055,BridgeRefine-L1-seed2026,2026,0.828093,19.399717,0.146341,preds.pt#839
1BA184,0056,BridgeRefine-L1-seed2026,2026,0.814746,18.604896,0.186477,preds.pt#840
1BA184,0057,BridgeRefine-L1-seed2026,2026,0.817875,18.416439,0.186327,preds.pt#841
1BA184,0058,BridgeRefine-L1-seed2026,2026,0.835402,19.433021,0.162195,preds.pt#842
1BA184,0059,BridgeRefine-L1-seed2026,2026,0.836444,19.785582,0.144405,preds.pt#843
1BA184,0060,BridgeRefine-L1-seed2026,2026,0.837495,19.942517,0.139490,preds.pt#844
1BA184,0061,BridgeRefine-L1-seed2026,2026,0.843113,20.173795,0.166820,preds.pt#845
1BA184,0062,BridgeRefine-L1-seed2026,2026,0.843421,20.145423,0.171128,preds.pt#846
1BA184,0063,BridgeRefine-L1-seed2026,2026,0.844251,20.510140,0.177985,preds.pt#847
1BA184,0064,BridgeRefine-L1-seed2026,2026,0.835226,20.271534,0.178563,preds.pt#848
1BA184,0065,BridgeRefine-L1-seed2026,2026,0.829193,20.014198,0.187577,preds.pt#849
1BA184,0066,BridgeRefine-L1-seed2026,2026,0.824995,19.977091,0.181192,preds.pt#850
1BA184,0067,BridgeRefine-L1-seed2026,2026,0.825964,20.059584,0.165335,preds.pt#851
1BA184,0068,BridgeRefine-L1-seed2026,2026,0.818568,19.835596,0.157921,preds.pt#852
1BA184,0069,BridgeRefine-L1-seed2026,2026,0.814569,19.686318,0.167770,preds.pt#853
1BA184,0070,BridgeRefine-L1-seed2026,2026,0.814252,19.626875,0.147995,preds.pt#854
1BA184,0071,BridgeRefine-L1-seed2026,2026,0.807763,19.442935,0.141940,preds.pt#855
1BA184,0072,BridgeRefine-L1-seed2026,2026,0.815641,19.698369,0.137119,preds.pt#856
1BA184,0073,BridgeRefine-L1-seed2026,2026,0.808937,19.140755,0.157299,preds.pt#857
1BA184,0074,BridgeRefine-L1-seed2026,2026,0.797589,18.381148,0.173729,preds.pt#858
1BA184,0075,BridgeRefine-L1-seed2026,2026,0.800899,18.761558,0.167745,preds.pt#859
1BA184,0076,BridgeRefine-L1-seed2026,2026,0.797932,18.477660,0.162001,preds.pt#860
1BA184,0077,BridgeRefine-L1-seed2026,2026,0.795160,18.271443,0.132688,preds.pt#861
1BA184,0078,BridgeRefine-L1-seed2026,2026,0.805826,18.765769,0.138823,preds.pt#862
1BA184,0079,BridgeRefine-L1-seed2026,2026,0.798614,18.652795,0.154714,preds.pt#863
1BA184,0080,BridgeRefine-L1-seed2026,2026,0.795942,18.797021,0.142227,preds.pt#864
1BA184,0081,BridgeRefine-L1-seed2026,2026,0.786361,18.302919,0.148449,preds.pt#865
1BA184,0082,BridgeRefine-L1-seed2026,2026,0.781808,18.665246,0.163193,preds.pt#866
1BA184,0083,BridgeRefine-L1-seed2026,2026,0.769909,18.486708,0.165133,preds.pt#867
1BA184,0084,BridgeRefine-L1-seed2026,2026,0.788494,19.117162,0.160261,preds.pt#868
1BA184,0085,BridgeRefine-L1-seed2026,2026,0.780816,18.999028,0.166143,preds.pt#869
1BA184,0086,BridgeRefine-L1-seed2026,2026,0.774653,18.789251,0.167562,preds.pt#870
1BA184,0087,BridgeRefine-L1-seed2026,2026,0.766547,18.573526,0.165116,preds.pt#871
1BA184,0088,BridgeRefine-L1-seed2026,2026,0.751931,18.080722,0.183620,preds.pt#872
1BA184,0089,BridgeRefine-L1-seed2026,2026,0.767529,18.419670,0.182917,preds.pt#873
1BA184,0090,BridgeRefine-L1-seed2026,2026,0.770249,18.505175,0.180725,preds.pt#874
1BA184,0091,BridgeRefine-L1-seed2026,2026,0.745157,18.085240,0.192446,preds.pt#875
1BA184,0092,BridgeRefine-L1-seed2026,2026,0.741609,18.022581,0.176508,preds.pt#876
1BA184,0093,BridgeRefine-L1-seed2026,2026,0.731642,17.799298,0.157449,preds.pt#877
1BA184,0094,BridgeRefine-L1-seed2026,2026,0.737409,18.165532,0.128654,preds.pt#878
1BA184,0095,BridgeRefine-L1-seed2026,2026,0.746036,18.171566,0.139791,preds.pt#879
1BA184,0096,BridgeRefine-L1-seed2026,2026,0.745914,17.885622,0.143258,preds.pt#880
1BA184,0097,BridgeRefine-L1-seed2026,2026,0.747275,17.682678,0.149597,preds.pt#881
1BA184,0098,BridgeRefine-L1-seed2026,2026,0.740274,17.726470,0.153929,preds.pt#882
1BA184,0099,BridgeRefine-L1-seed2026,2026,0.752973,18.054364,0.153718,preds.pt#883
1BA184,0100,BridgeRefine-L1-seed2026,2026,0.782597,18.837537,0.138541,preds.pt#884
1BA184,0101,BridgeRefine-L1-seed2026,2026,0.778072,18.703285,0.127991,preds.pt#885
1BA184,0102,BridgeRefine-L1-seed2026,2026,0.794706,19.345234,0.121604,preds.pt#886
1BA184,0103,BridgeRefine-L1-seed2026,2026,0.795506,19.239042,0.116146,preds.pt#887
1BA184,0104,BridgeRefine-L1-seed2026,2026,0.806143,19.591367,0.121954,preds.pt#888
1BA184,0105,BridgeRefine-L1-seed2026,2026,0.814643,19.752112,0.118520,preds.pt#889
1BA184,0106,BridgeRefine-L1-seed2026,2026,0.810009,19.399625,0.119373,preds.pt#890
1BA184,0107,BridgeRefine-L1-seed2026,2026,0.818540,19.770228,0.127690,preds.pt#891
1BA184,0108,BridgeRefine-L1-seed2026,2026,0.823884,19.877585,0.130066,preds.pt#892
1BA184,0109,BridgeRefine-L1-seed2026,2026,0.817553,19.598054,0.131301,preds.pt#893
1BA184,0110,BridgeRefine-L1-seed2026,2026,0.823060,19.677513,0.122395,preds.pt#894
1BA184,0111,BridgeRefine-L1-seed2026,2026,0.828068,19.733772,0.121154,preds.pt#895
1BA184,0112,BridgeRefine-L1-seed2026,2026,0.832188,20.081407,0.123427,preds.pt#896
1BA184,0113,BridgeRefine-L1-seed2026,2026,0.826187,19.870459,0.116809,preds.pt#897
1BA184,0114,BridgeRefine-L1-seed2026,2026,0.835919,19.769181,0.127635,preds.pt#898
1BA184,0115,BridgeRefine-L1-seed2026,2026,0.846279,19.763394,0.128149,preds.pt#899
1BA184,0116,BridgeRefine-L1-seed2026,2026,0.849755,20.072300,0.130292,preds.pt#900
1BA184,0117,BridgeRefine-L1-seed2026,2026,0.839261,19.332321,0.125734,preds.pt#901
1BA184,0118,BridgeRefine-L1-seed2026,2026,0.849437,19.760261,0.119644,preds.pt#902
1BA184,0119,BridgeRefine-L1-seed2026,2026,0.838279,19.410297,0.094005,preds.pt#903
1BA184,0120,BridgeRefine-L1-seed2026,2026,0.836333,19.389351,0.097968,preds.pt#904
1BA184,0121,BridgeRefine-L1-seed2026,2026,0.849170,19.865394,0.097411,preds.pt#905
1BA184,0122,BridgeRefine-L1-seed2026,2026,0.857956,20.343421,0.091740,preds.pt#906
1BA184,0123,BridgeRefine-L1-seed2026,2026,0.847583,19.679512,0.082190,preds.pt#907
1BA184,0124,BridgeRefine-L1-seed2026,2026,0.852458,20.253189,0.075247,preds.pt#908
1BA184,0125,BridgeRefine-L1-seed2026,2026,0.848668,19.898716,0.075641,preds.pt#909
1BA184,0126,BridgeRefine-L1-seed2026,2026,0.853108,19.965402,0.080254,preds.pt#910
1BA184,0127,BridgeRefine-L1-seed2026,2026,0.853935,19.882105,0.076175,preds.pt#911
1BA184,0128,BridgeRefine-L1-seed2026,2026,0.864515,20.259062,0.077388,preds.pt#912
1BA184,0129,BridgeRefine-L1-seed2026,2026,0.864172,20.196355,0.067622,preds.pt#913
1BA184,0130,BridgeRefine-L1-seed2026,2026,0.868691,20.656796,0.071898,preds.pt#914
1BA184,0131,BridgeRefine-L1-seed2026,2026,0.872398,20.616937,0.061344,preds.pt#915
1BA184,0132,BridgeRefine-L1-seed2026,2026,0.873610,20.653201,0.066252,preds.pt#916
1BA184,0133,BridgeRefine-L1-seed2026,2026,0.877007,21.119760,0.077750,preds.pt#917
1BA184,0134,BridgeRefine-L1-seed2026,2026,0.872513,21.125791,0.083911,preds.pt#918
1BA184,0135,BridgeRefine-L1-seed2026,2026,0.868401,20.920394,0.077870,preds.pt#919
1BA184,0136,BridgeRefine-L1-seed2026,2026,0.865609,20.491260,0.061004,preds.pt#920
1BA184,0137,BridgeRefine-L1-seed2026,2026,0.875641,21.088484,0.065152,preds.pt#921
1BA184,0138,BridgeRefine-L1-seed2026,2026,0.871204,20.598231,0.061364,preds.pt#922
1BA184,0139,BridgeRefine-L1-seed2026,2026,0.878120,20.898012,0.065886,preds.pt#923
1BA184,0140,BridgeRefine-L1-seed2026,2026,0.881063,21.350015,0.052969,preds.pt#924
1BA184,0141,BridgeRefine-L1-seed2026,2026,0.875588,20.785784,0.047838,preds.pt#925
1BA184,0142,BridgeRefine-L1-seed2026,2026,0.884312,21.243219,0.055900,preds.pt#926
1BA184,0143,BridgeRefine-L1-seed2026,2026,0.882753,21.307260,0.054776,preds.pt#927
1BA184,0144,BridgeRefine-L1-seed2026,2026,0.880458,20.960709,0.062491,preds.pt#928
1BA184,0145,BridgeRefine-L1-seed2026,2026,0.815110,20.940575,0.057364,preds.pt#929
1BA184,0146,BridgeRefine-L1-seed2026,2026,0.874384,21.176386,0.059895,preds.pt#930
1BA184,0147,BridgeRefine-L1-seed2026,2026,0.872603,21.319201,0.057502,preds.pt#931
1BA184,0148,BridgeRefine-L1-seed2026,2026,0.884736,21.574511,0.054369,preds.pt#932
1BA184,0149,BridgeRefine-L1-seed2026,2026,0.896362,22.592777,0.057537,preds.pt#933
1BA184,0150,BridgeRefine-L1-seed2026,2026,0.890940,21.593962,0.052594,preds.pt#934
1BA184,0151,BridgeRefine-L1-seed2026,2026,0.882293,21.169221,0.043980,preds.pt#935
1BA184,0152,BridgeRefine-L1-seed2026,2026,0.886789,21.217187,0.053337,preds.pt#936
1BA184,0153,BridgeRefine-L1-seed2026,2026,0.888412,21.076964,0.047248,preds.pt#937
1BA184,0154,BridgeRefine-L1-seed2026,2026,0.809786,20.371260,0.051806,preds.pt#938
1BA184,0155,BridgeRefine-L1-seed2026,2026,0.820192,20.650276,0.041537,preds.pt#939
1BA184,0156,BridgeRefine-L1-seed2026,2026,0.815385,20.569441,0.045049,preds.pt#940
1BA184,0157,BridgeRefine-L1-seed2026,2026,0.815295,20.668232,0.050150,preds.pt#941
1BA184,0158,BridgeRefine-L1-seed2026,2026,0.802383,20.485910,0.055205,preds.pt#942
1BA184,0159,BridgeRefine-L1-seed2026,2026,0.813038,20.698206,0.057556,preds.pt#943
1BA184,0160,BridgeRefine-L1-seed2026,2026,0.856701,21.509909,0.056032,preds.pt#944
1BA184,0161,BridgeRefine-L1-seed2026,2026,0.905254,21.162513,0.053668,preds.pt#945
1BA184,0162,BridgeRefine-L1-seed2026,2026,0.795284,20.151424,0.056671,preds.pt#946
1BA184,0163,BridgeRefine-L1-seed2026,2026,0.911117,21.533439,0.047146,preds.pt#947
1BA184,0164,BridgeRefine-L1-seed2026,2026,0.913068,21.422874,0.045217,preds.pt#948
1BA184,0165,BridgeRefine-L1-seed2026,2026,0.910325,21.207882,0.043566,preds.pt#949
1BA184,0166,BridgeRefine-L1-seed2026,2026,0.904391,20.774225,0.043663,preds.pt#950
1BA184,0167,BridgeRefine-L1-seed2026,2026,0.919876,22.169022,0.041029,preds.pt#951
1BA184,0168,BridgeRefine-L1-seed2026,2026,0.916654,21.561098,0.045097,preds.pt#952
1BA184,0169,BridgeRefine-L1-seed2026,2026,0.926675,22.430173,0.042009,preds.pt#953
1BA184,0170,BridgeRefine-L1-seed2026,2026,0.925725,22.118895,0.048173,preds.pt#954
1BA184,0171,BridgeRefine-L1-seed2026,2026,0.920562,21.664300,0.043917,preds.pt#955
1BA184,0172,BridgeRefine-L1-seed2026,2026,0.923611,22.320126,0.042784,preds.pt#956
1BA184,0173,BridgeRefine-L1-seed2026,2026,0.920395,22.095256,0.040767,preds.pt#957
1BA184,0174,BridgeRefine-L1-seed2026,2026,0.922434,21.821916,0.035429,preds.pt#958
1BA184,0175,BridgeRefine-L1-seed2026,2026,0.924598,22.396844,0.036798,preds.pt#959
1BA184,0176,BridgeRefine-L1-seed2026,2026,0.917021,21.823057,0.031858,preds.pt#960
1BA184,0177,BridgeRefine-L1-seed2026,2026,0.909906,21.399430,0.038351,preds.pt#961
1BA184,0178,BridgeRefine-L1-seed2026,2026,0.908143,21.554364,0.043019,preds.pt#962
1BA184,0179,BridgeRefine-L1-seed2026,2026,0.907709,21.870023,0.049201,preds.pt#963
1BA184,0180,BridgeRefine-L1-seed2026,2026,0.900129,21.600801,0.057767,preds.pt#964
1BA184,0181,BridgeRefine-L1-seed2026,2026,0.898629,21.045522,0.047642,preds.pt#965
1BA184,0182,BridgeRefine-L1-seed2026,2026,0.898140,21.260072,0.057439,preds.pt#966
1BA184,0183,BridgeRefine-L1-seed2026,2026,0.864878,18.509165,0.067330,preds.pt#967
1BA184,0184,BridgeRefine-L1-seed2026,2026,0.875275,18.683893,0.072102,preds.pt#968
1BA184,0185,BridgeRefine-L1-seed2026,2026,0.886998,19.753964,0.073401,preds.pt#969
1BA184,0186,BridgeRefine-L1-seed2026,2026,0.860055,18.146269,0.080526,preds.pt#970
1BA184,0187,BridgeRefine-L1-seed2026,2026,0.876947,20.124767,0.074956,preds.pt#971
1BA184,0188,BridgeRefine-L1-seed2026,2026,0.858739,18.579285,0.086855,preds.pt#972
1BA184,0189,BridgeRefine-L1-seed2026,2026,0.829867,17.213479,0.104666,preds.pt#973
1BA184,0190,BridgeRefine-L1-seed2026,2026,0.856475,18.081963,0.097541,preds.pt#974
1BA184,0191,BridgeRefine-L1-seed2026,2026,0.825976,15.972014,0.143491,preds.pt#975
1BA184,0192,BridgeRefine-L1-seed2026,2026,0.821153,15.497738,0.135029,preds.pt#976
1BA184,0193,BridgeRefine-L1-seed2026,2026,0.830059,15.440898,0.140404,preds.pt#977
1BA184,0194,BridgeRefine-L1-seed2026,2026,0.841076,15.507210,0.140686,preds.pt#978
1BA184,0195,BridgeRefine-L1-seed2026,2026,0.851947,15.644081,0.174924,preds.pt#979
1BA184,0196,BridgeRefine-L1-seed2026,2026,0.859400,16.450785,0.176481,preds.pt#980
1BA184,0197,BridgeRefine-L1-seed2026,2026,0.869235,17.267664,0.166157,preds.pt#981
1BA222,0001,BridgeRefine-L1-seed2026,2026,0.953405,32.900177,0.153448,preds.pt#982
1BA222,0002,BridgeRefine-L1-seed2026,2026,0.959070,30.080267,0.142128,preds.pt#983
1BA222,0003,BridgeRefine-L1-seed2026,2026,0.955735,26.869352,0.122527,preds.pt#984
1BA222,0004,BridgeRefine-L1-seed2026,2026,0.951331,28.014620,0.110192,preds.pt#985
1BA222,0005,BridgeRefine-L1-seed2026,2026,0.900262,25.839827,0.184743,preds.pt#986
1BA222,0006,BridgeRefine-L1-seed2026,2026,0.940755,24.505482,0.091243,preds.pt#987
1BA222,0007,BridgeRefine-L1-seed2026,2026,0.930866,24.027360,0.118335,preds.pt#988
1BA222,0008,BridgeRefine-L1-seed2026,2026,0.926243,22.027746,0.088887,preds.pt#989
1BA222,0009,BridgeRefine-L1-seed2026,2026,0.933109,23.494078,0.153176,preds.pt#990
1BA222,0010,BridgeRefine-L1-seed2026,2026,0.943058,25.757397,0.105347,preds.pt#991
1BA222,0011,BridgeRefine-L1-seed2026,2026,0.942659,24.367783,0.165553,preds.pt#992
1BA222,0012,BridgeRefine-L1-seed2026,2026,0.934973,24.981031,0.168963,preds.pt#993
1BA222,0013,BridgeRefine-L1-seed2026,2026,0.942295,26.348903,0.137610,preds.pt#994
1BA222,0014,BridgeRefine-L1-seed2026,2026,0.936911,25.581667,0.149563,preds.pt#995
1BA222,0015,BridgeRefine-L1-seed2026,2026,0.933488,23.875264,0.154951,preds.pt#996
1BA222,0016,BridgeRefine-L1-seed2026,2026,0.916877,22.406596,0.166878,preds.pt#997
1BA222,0017,BridgeRefine-L1-seed2026,2026,0.914406,21.976607,0.144066,preds.pt#998
1BA222,0018,BridgeRefine-L1-seed2026,2026,0.905117,21.110805,0.130230,preds.pt#999
1BA222,0019,BridgeRefine-L1-seed2026,2026,0.905007,21.542593,0.153415,preds.pt#1000
1BA222,0020,BridgeRefine-L1-seed2026,2026,0.916766,21.000859,0.137459,preds.pt#1001
1BA222,0021,BridgeRefine-L1-seed2026,2026,0.889147,20.016606,0.170082,preds.pt#1002
1BA222,0022,BridgeRefine-L1-seed2026,2026,0.910720,20.671078,0.124478,preds.pt#1003
1BA222,0023,BridgeRefine-L1-seed2026,2026,0.921579,21.773122,0.094971,preds.pt#1004
1BA222,0024,BridgeRefine-L1-seed2026,2026,0.918261,21.798803,0.117193,preds.pt#1005
1BA222,0025,BridgeRefine-L1-seed2026,2026,0.899951,20.241765,0.131240,preds.pt#1006
1BA222,0026,BridgeRefine-L1-seed2026,2026,0.913874,21.777221,0.117917,preds.pt#1007
1BA222,0027,BridgeRefine-L1-seed2026,2026,0.890218,19.472156,0.121782,preds.pt#1008
1BA222,0028,BridgeRefine-L1-seed2026,2026,0.903325,20.542150,0.121600,preds.pt#1009
1BA222,0029,BridgeRefine-L1-seed2026,2026,0.898873,20.315965,0.130780,preds.pt#1010
1BA222,0030,BridgeRefine-L1-seed2026,2026,0.894868,21.280426,0.115164,preds.pt#1011
1BA222,0031,BridgeRefine-L1-seed2026,2026,0.910141,23.030793,0.090849,preds.pt#1012
1BA222,0032,BridgeRefine-L1-seed2026,2026,0.890500,21.485865,0.122478,preds.pt#1013
1BA222,0033,BridgeRefine-L1-seed2026,2026,0.896544,21.236722,0.105902,preds.pt#1014
1BA222,0034,BridgeRefine-L1-seed2026,2026,0.885768,20.588665,0.121297,preds.pt#1015
1BA222,0035,BridgeRefine-L1-seed2026,2026,0.887510,21.494781,0.119372,preds.pt#1016
1BA222,0036,BridgeRefine-L1-seed2026,2026,0.900479,22.461251,0.112256,preds.pt#1017
1BA222,0037,BridgeRefine-L1-seed2026,2026,0.893523,22.116356,0.111266,preds.pt#1018
1BA222,0038,BridgeRefine-L1-seed2026,2026,0.903385,22.887981,0.103950,preds.pt#1019
1BA222,0039,BridgeRefine-L1-seed2026,2026,0.891812,22.188024,0.116782,preds.pt#1020
1BA222,0040,BridgeRefine-L1-seed2026,2026,0.893903,22.382439,0.117831,preds.pt#1021
1BA222,0041,BridgeRefine-L1-seed2026,2026,0.898778,23.009270,0.124621,preds.pt#1022
1BA222,0042,BridgeRefine-L1-seed2026,2026,0.895705,23.160146,0.132897,preds.pt#1023
1BA222,0043,BridgeRefine-L1-seed2026,2026,0.885053,22.639656,0.138856,preds.pt#1024
1BA222,0044,BridgeRefine-L1-seed2026,2026,0.881849,22.398262,0.150039,preds.pt#1025
1BA222,0045,BridgeRefine-L1-seed2026,2026,0.874684,22.039813,0.150488,preds.pt#1026
1BA222,0046,BridgeRefine-L1-seed2026,2026,0.863068,21.518710,0.156929,preds.pt#1027
1BA222,0047,BridgeRefine-L1-seed2026,2026,0.870161,21.656915,0.145681,preds.pt#1028
1BA222,0048,BridgeRefine-L1-seed2026,2026,0.866066,21.398245,0.147803,preds.pt#1029
1BA222,0049,BridgeRefine-L1-seed2026,2026,0.847551,20.791157,0.153941,preds.pt#1030
1BA222,0050,BridgeRefine-L1-seed2026,2026,0.845743,20.549321,0.151517,preds.pt#1031
1BA222,0051,BridgeRefine-L1-seed2026,2026,0.855414,20.802533,0.151750,preds.pt#1032
1BA222,0052,BridgeRefine-L1-seed2026,2026,0.843715,20.501169,0.166094,preds.pt#1033
1BA222,0053,BridgeRefine-L1-seed2026,2026,0.834336,19.777499,0.161941,preds.pt#1034
1BA222,0054,BridgeRefine-L1-seed2026,2026,0.838063,19.504106,0.142266,preds.pt#1035
1BA222,0055,BridgeRefine-L1-seed2026,2026,0.830954,18.941602,0.163749,preds.pt#1036
1BA222,0056,BridgeRefine-L1-seed2026,2026,0.846325,19.348717,0.155319,preds.pt#1037
1BA222,0057,BridgeRefine-L1-seed2026,2026,0.841663,19.038427,0.155364,preds.pt#1038
1BA222,0058,BridgeRefine-L1-seed2026,2026,0.842704,19.225035,0.154598,preds.pt#1039
1BA222,0059,BridgeRefine-L1-seed2026,2026,0.837672,19.323640,0.140810,preds.pt#1040
1BA222,0060,BridgeRefine-L1-seed2026,2026,0.846912,20.057101,0.141019,preds.pt#1041
1BA222,0061,BridgeRefine-L1-seed2026,2026,0.838095,19.814108,0.159948,preds.pt#1042
1BA222,0062,BridgeRefine-L1-seed2026,2026,0.829448,19.527516,0.190588,preds.pt#1043
1BA222,0063,BridgeRefine-L1-seed2026,2026,0.843672,20.408125,0.170773,preds.pt#1044
1BA222,0064,BridgeRefine-L1-seed2026,2026,0.837921,20.527665,0.181642,preds.pt#1045
1BA222,0065,BridgeRefine-L1-seed2026,2026,0.857424,21.188337,0.145169,preds.pt#1046
1BA222,0066,BridgeRefine-L1-seed2026,2026,0.861932,21.087800,0.122249,preds.pt#1047
1BA222,0067,BridgeRefine-L1-seed2026,2026,0.867503,21.379390,0.133868,preds.pt#1048
1BA222,0068,BridgeRefine-L1-seed2026,2026,0.864544,21.209411,0.137567,preds.pt#1049
1BA222,0069,BridgeRefine-L1-seed2026,2026,0.862869,21.090926,0.142710,preds.pt#1050
1BA222,0070,BridgeRefine-L1-seed2026,2026,0.858222,20.874959,0.142111,preds.pt#1051
1BA222,0071,BridgeRefine-L1-seed2026,2026,0.855001,20.799083,0.155496,preds.pt#1052
1BA222,0072,BridgeRefine-L1-seed2026,2026,0.847723,20.555513,0.154805,preds.pt#1053
1BA222,0073,BridgeRefine-L1-seed2026,2026,0.834073,19.699297,0.173211,preds.pt#1054
1BA222,0074,BridgeRefine-L1-seed2026,2026,0.833555,20.209882,0.154936,preds.pt#1055
1BA222,0075,BridgeRefine-L1-seed2026,2026,0.824807,19.841666,0.172209,preds.pt#1056
1BA222,0076,BridgeRefine-L1-seed2026,2026,0.834130,20.269172,0.153445,preds.pt#1057
1BA222,0077,BridgeRefine-L1-seed2026,2026,0.832047,20.145270,0.130035,preds.pt#1058
1BA222,0078,BridgeRefine-L1-seed2026,2026,0.831568,20.086436,0.129584,preds.pt#1059
1BA222,0079,BridgeRefine-L1-seed2026,2026,0.821497,19.885003,0.151220,preds.pt#1060
1BA222,0080,BridgeRefine-L1-seed2026,2026,0.812325,19.667796,0.138640,preds.pt#1061
1BA222,0081,BridgeRefine-L1-seed2026,2026,0.804502,19.290618,0.147323,preds.pt#1062
1BA222,0082,BridgeRefine-L1-seed2026,2026,0.811972,19.863214,0.127512,preds.pt#1063
1BA222,0083,BridgeRefine-L1-seed2026,2026,0.809794,20.002352,0.141366,preds.pt#1064
1BA222,0084,BridgeRefine-L1-seed2026,2026,0.812880,20.312831,0.148293,preds.pt#1065
1BA222,0085,BridgeRefine-L1-seed2026,2026,0.823679,20.735574,0.156637,preds.pt#1066
1BA222,0086,BridgeRefine-L1-seed2026,2026,0.815995,20.596326,0.134874,preds.pt#1067
1BA222,0087,BridgeRefine-L1-seed2026,2026,0.813152,20.180432,0.153818,preds.pt#1068
1BA222,0088,BridgeRefine-L1-seed2026,2026,0.819538,20.462303,0.136193,preds.pt#1069
1BA222,0089,BridgeRefine-L1-seed2026,2026,0.801037,19.978091,0.141192,preds.pt#1070
1BA222,0090,BridgeRefine-L1-seed2026,2026,0.806485,20.163981,0.137089,preds.pt#1071
1BA222,0091,BridgeRefine-L1-seed2026,2026,0.780907,19.291728,0.149194,preds.pt#1072
1BA222,0092,BridgeRefine-L1-seed2026,2026,0.792021,19.419015,0.127953,preds.pt#1073
1BA222,0093,BridgeRefine-L1-seed2026,2026,0.789208,19.447287,0.120061,preds.pt#1074
1BA222,0094,BridgeRefine-L1-seed2026,2026,0.808020,20.226038,0.097952,preds.pt#1075
1BA222,0095,BridgeRefine-L1-seed2026,2026,0.806793,20.064551,0.107947,preds.pt#1076
1BA222,0096,BridgeRefine-L1-seed2026,2026,0.799166,19.833569,0.111123,preds.pt#1077
1BA222,0097,BridgeRefine-L1-seed2026,2026,0.802354,19.695973,0.118227,preds.pt#1078
1BA222,0098,BridgeRefine-L1-seed2026,2026,0.809408,19.878685,0.122958,preds.pt#1079
1BA222,0099,BridgeRefine-L1-seed2026,2026,0.806930,19.838071,0.127623,preds.pt#1080
1BA222,0100,BridgeRefine-L1-seed2026,2026,0.811517,20.089996,0.135250,preds.pt#1081
1BA222,0101,BridgeRefine-L1-seed2026,2026,0.816112,20.269775,0.147497,preds.pt#1082
1BA222,0102,BridgeRefine-L1-seed2026,2026,0.813174,20.359194,0.133197,preds.pt#1083
1BA222,0103,BridgeRefine-L1-seed2026,2026,0.827879,20.554662,0.122778,preds.pt#1084
1BA222,0104,BridgeRefine-L1-seed2026,2026,0.827435,20.616969,0.118790,preds.pt#1085
1BA222,0105,BridgeRefine-L1-seed2026,2026,0.821699,20.347147,0.115747,preds.pt#1086
1BA222,0106,BridgeRefine-L1-seed2026,2026,0.816956,19.935505,0.119836,preds.pt#1087
1BA222,0107,BridgeRefine-L1-seed2026,2026,0.814655,19.802643,0.113987,preds.pt#1088
1BA222,0108,BridgeRefine-L1-seed2026,2026,0.822343,19.938071,0.118411,preds.pt#1089
1BA222,0109,BridgeRefine-L1-seed2026,2026,0.836935,20.164643,0.122439,preds.pt#1090
1BA222,0110,BridgeRefine-L1-seed2026,2026,0.840224,20.695523,0.109659,preds.pt#1091
1BA222,0111,BridgeRefine-L1-seed2026,2026,0.835728,20.648858,0.113476,preds.pt#1092
1BA222,0112,BridgeRefine-L1-seed2026,2026,0.847627,21.042345,0.091903,preds.pt#1093
1BA222,0113,BridgeRefine-L1-seed2026,2026,0.848532,20.930512,0.089305,preds.pt#1094
1BA222,0114,BridgeRefine-L1-seed2026,2026,0.860775,21.439884,0.088853,preds.pt#1095
1BA222,0115,BridgeRefine-L1-seed2026,2026,0.852723,20.905079,0.094739,preds.pt#1096
1BA222,0116,BridgeRefine-L1-seed2026,2026,0.854473,21.240983,0.106784,preds.pt#1097
1BA222,0117,BridgeRefine-L1-seed2026,2026,0.860441,21.388630,0.096656,preds.pt#1098
1BA222,0118,BridgeRefine-L1-seed2026,2026,0.867838,21.630760,0.097530,preds.pt#1099
1BA222,0119,BridgeRefine-L1-seed2026,2026,0.878480,21.959322,0.080192,preds.pt#1100
1BA222,0120,BridgeRefine-L1-seed2026,2026,0.870944,21.613167,0.077985,preds.pt#1101
1BA222,0121,BridgeRefine-L1-seed2026,2026,0.877925,21.949406,0.071354,preds.pt#1102
1BA222,0122,BridgeRefine-L1-seed2026,2026,0.874347,21.567674,0.078330,preds.pt#1103
1BA222,0123,BridgeRefine-L1-seed2026,2026,0.871750,21.432200,0.083306,preds.pt#1104
1BA222,0124,BridgeRefine-L1-seed2026,2026,0.871866,21.639943,0.084726,preds.pt#1105
1BA222,0125,BridgeRefine-L1-seed2026,2026,0.864711,21.240182,0.090159,preds.pt#1106
1BA222,0126,BridgeRefine-L1-seed2026,2026,0.868814,21.404252,0.075867,preds.pt#1107
1BA222,0127,BridgeRefine-L1-seed2026,2026,0.872043,21.607765,0.071311,preds.pt#1108
1BA222,0128,BridgeRefine-L1-seed2026,2026,0.864160,21.344079,0.064471,preds.pt#1109
1BA222,0129,BridgeRefine-L1-seed2026,2026,0.857129,21.085631,0.068915,preds.pt#1110
1BA222,0130,BridgeRefine-L1-seed2026,2026,0.865165,21.349915,0.079811,preds.pt#1111
1BA222,0131,BridgeRefine-L1-seed2026,2026,0.873080,21.634187,0.076078,preds.pt#1112
1BA222,0132,BridgeRefine-L1-seed2026,2026,0.875889,21.902405,0.064118,preds.pt#1113
1BA222,0133,BridgeRefine-L1-seed2026,2026,0.890861,22.365308,0.058570,preds.pt#1114
1BA222,0134,BridgeRefine-L1-seed2026,2026,0.883818,22.211430,0.059150,preds.pt#1115
1BA222,0135,BridgeRefine-L1-seed2026,2026,0.894645,22.712523,0.045086,preds.pt#1116
1BA222,0136,BridgeRefine-L1-seed2026,2026,0.890715,22.737065,0.053629,preds.pt#1117
1BA222,0137,BridgeRefine-L1-seed2026,2026,0.892849,23.347365,0.049826,preds.pt#1118
1BA222,0138,BridgeRefine-L1-seed2026,2026,0.888574,23.133504,0.060909,preds.pt#1119
1BA222,0139,BridgeRefine-L1-seed2026,2026,0.896658,23.454502,0.063922,preds.pt#1120
1BA222,0140,BridgeRefine-L1-seed2026,2026,0.891892,23.345685,0.060720,preds.pt#1121
1BA222,0141,BridgeRefine-L1-seed2026,2026,0.898257,23.746780,0.060059,preds.pt#1122
1BA222,0142,BridgeRefine-L1-seed2026,2026,0.889135,23.219067,0.055882,preds.pt#1123
1BA222,0143,BridgeRefine-L1-seed2026,2026,0.879779,23.047517,0.057846,preds.pt#1124
1BA222,0144,BridgeRefine-L1-seed2026,2026,0.893650,23.725985,0.064066,preds.pt#1125
1BA222,0145,BridgeRefine-L1-seed2026,2026,0.879150,23.461201,0.062248,preds.pt#1126
1BA222,0146,BridgeRefine-L1-seed2026,2026,0.883171,23.536127,0.052960,preds.pt#1127
1BA222,0147,BridgeRefine-L1-seed2026,2026,0.882892,23.205422,0.044746,preds.pt#1128
1BA222,0148,BridgeRefine-L1-seed2026,2026,0.897388,23.795644,0.035062,preds.pt#1129
1BA222,0149,BridgeRefine-L1-seed2026,2026,0.899787,23.666103,0.046423,preds.pt#1130
1BA222,0150,BridgeRefine-L1-seed2026,2026,0.900430,23.435479,0.050006,preds.pt#1131
1BA222,0151,BridgeRefine-L1-seed2026,2026,0.897132,22.955355,0.049269,preds.pt#1132
1BA222,0152,BridgeRefine-L1-seed2026,2026,0.905520,23.627468,0.042492,preds.pt#1133
1BA222,0153,BridgeRefine-L1-seed2026,2026,0.897208,23.022255,0.043928,preds.pt#1134
1BA222,0154,BridgeRefine-L1-seed2026,2026,0.896776,23.004707,0.044869,preds.pt#1135
1BA222,0155,BridgeRefine-L1-seed2026,2026,0.899108,22.780151,0.050793,preds.pt#1136
1BA222,0156,BridgeRefine-L1-seed2026,2026,0.897007,23.236615,0.047967,preds.pt#1137
1BA222,0157,BridgeRefine-L1-seed2026,2026,0.900958,23.509414,0.045135,preds.pt#1138
1BA222,0158,BridgeRefine-L1-seed2026,2026,0.914444,23.680080,0.043144,preds.pt#1139
1BA222,0159,BridgeRefine-L1-seed2026,2026,0.921903,23.972243,0.037230,preds.pt#1140
1BA222,0160,BridgeRefine-L1-seed2026,2026,0.928154,24.272538,0.036405,preds.pt#1141
1BA222,0161,BridgeRefine-L1-seed2026,2026,0.933324,24.305658,0.041054,preds.pt#1142
1BA222,0162,BridgeRefine-L1-seed2026,2026,0.921970,23.533645,0.041978,preds.pt#1143
1BA222,0163,BridgeRefine-L1-seed2026,2026,0.934617,24.279511,0.036975,preds.pt#1144
1BA222,0164,BridgeRefine-L1-seed2026,2026,0.943239,24.920422,0.029555,preds.pt#1145
1BA222,0165,BridgeRefine-L1-seed2026,2026,0.942694,25.021885,0.028904,preds.pt#1146
1BA222,0166,BridgeRefine-L1-seed2026,2026,0.940353,24.669533,0.026614,preds.pt#1147
1BA222,0167,BridgeRefine-L1-seed2026,2026,0.943444,25.226218,0.026653,preds.pt#1148
1BA222,0168,BridgeRefine-L1-seed2026,2026,0.936345,24.482834,0.034903,preds.pt#1149
1BA222,0169,BridgeRefine-L1-seed2026,2026,0.928144,23.834863,0.036786,preds.pt#1150
1BA222,0170,BridgeRefine-L1-seed2026,2026,0.935280,24.688022,0.028679,preds.pt#1151
1BA222,0171,BridgeRefine-L1-seed2026,2026,0.932198,24.286309,0.037374,preds.pt#1152
1BA222,0172,BridgeRefine-L1-seed2026,2026,0.924080,24.306373,0.031906,preds.pt#1153
1BA222,0173,BridgeRefine-L1-seed2026,2026,0.930202,24.347325,0.031735,preds.pt#1154
1BA222,0174,BridgeRefine-L1-seed2026,2026,0.930343,24.370268,0.026725,preds.pt#1155
1BA222,0175,BridgeRefine-L1-seed2026,2026,0.935643,24.629882,0.031477,preds.pt#1156
1BA222,0176,BridgeRefine-L1-seed2026,2026,0.932686,24.380278,0.039175,preds.pt#1157
1BA222,0177,BridgeRefine-L1-seed2026,2026,0.935261,24.778949,0.037192,preds.pt#1158
1BA222,0178,BridgeRefine-L1-seed2026,2026,0.934359,24.544631,0.037498,preds.pt#1159
1BA222,0179,BridgeRefine-L1-seed2026,2026,0.935041,24.797259,0.037389,preds.pt#1160
1BA222,0180,BridgeRefine-L1-seed2026,2026,0.935810,25.238231,0.039933,preds.pt#1161
1BA222,0181,BridgeRefine-L1-seed2026,2026,0.937603,25.239868,0.039815,preds.pt#1162
1BA222,0182,BridgeRefine-L1-seed2026,2026,0.932429,25.012578,0.045762,preds.pt#1163
1BA222,0183,BridgeRefine-L1-seed2026,2026,0.937396,25.472353,0.042576,preds.pt#1164
1BA222,0184,BridgeRefine-L1-seed2026,2026,0.933741,24.899268,0.036295,preds.pt#1165
1BA222,0185,BridgeRefine-L1-seed2026,2026,0.932631,25.136272,0.044028,preds.pt#1166
1BA222,0186,BridgeRefine-L1-seed2026,2026,0.936341,25.400493,0.046116,preds.pt#1167
1BA222,0187,BridgeRefine-L1-seed2026,2026,0.942273,26.075742,0.036737,preds.pt#1168
1BA222,0188,BridgeRefine-L1-seed2026,2026,0.945554,26.403272,0.036229,preds.pt#1169
1BA222,0189,BridgeRefine-L1-seed2026,2026,0.943993,26.343207,0.035243,preds.pt#1170
1BA222,0190,BridgeRefine-L1-seed2026,2026,0.944187,26.592613,0.030047,preds.pt#1171
1BA222,0191,BridgeRefine-L1-seed2026,2026,0.946630,27.099172,0.034230,preds.pt#1172
1BA222,0192,BridgeRefine-L1-seed2026,2026,0.914825,25.566099,0.049067,preds.pt#1173
1BA222,0193,BridgeRefine-L1-seed2026,2026,0.936505,26.399250,0.052845,preds.pt#1174
1BA222,0194,BridgeRefine-L1-seed2026,2026,0.939463,27.836604,0.054532,preds.pt#1175
1BA222,0195,BridgeRefine-L1-seed2026,2026,0.946011,28.838637,0.049267,preds.pt#1176
1BA222,0196,BridgeRefine-L1-seed2026,2026,0.948363,28.355771,0.060716,preds.pt#1177
1BA222,0197,BridgeRefine-L1-seed2026,2026,0.946059,25.999330,0.069533,preds.pt#1178
1BA222,0198,BridgeRefine-L1-seed2026,2026,0.955036,28.495097,0.044692,preds.pt#1179
1BA222,0199,BridgeRefine-L1-seed2026,2026,0.943978,27.117745,0.112524,preds.pt#1180
1BA222,0200,BridgeRefine-L1-seed2026,2026,0.924017,24.738246,0.166366,preds.pt#1181
1BA222,0201,BridgeRefine-L1-seed2026,2026,0.937677,29.151002,0.119404,preds.pt#1182
1BA222,0202,BridgeRefine-L1-seed2026,2026,0.938625,29.919629,0.132226,preds.pt#1183
1BA222,0203,BridgeRefine-L1-seed2026,2026,0.924211,30.740256,0.092857,preds.pt#1184
1BA256,0000,BridgeRefine-L1-seed2026,2026,0.956995,35.454512,0.140385,preds.pt#1185
1BA256,0001,BridgeRefine-L1-seed2026,2026,0.956237,32.150434,0.149162,preds.pt#1186
1BA256,0002,BridgeRefine-L1-seed2026,2026,0.953815,30.225151,0.146537,preds.pt#1187
1BA256,0003,BridgeRefine-L1-seed2026,2026,0.957681,29.294453,0.136885,preds.pt#1188
1BA256,0004,BridgeRefine-L1-seed2026,2026,0.947685,28.040255,0.120831,preds.pt#1189
1BA256,0005,BridgeRefine-L1-seed2026,2026,0.948220,26.879038,0.110725,preds.pt#1190
1BA256,0006,BridgeRefine-L1-seed2026,2026,0.954078,26.867852,0.117951,preds.pt#1191
1BA256,0007,BridgeRefine-L1-seed2026,2026,0.960311,27.122855,0.137939,preds.pt#1192
1BA256,0008,BridgeRefine-L1-seed2026,2026,0.947163,26.509241,0.136891,preds.pt#1193
1BA256,0009,BridgeRefine-L1-seed2026,2026,0.951539,26.079060,0.159773,preds.pt#1194
1BA256,0010,BridgeRefine-L1-seed2026,2026,0.950447,26.312223,0.128719,preds.pt#1195
1BA256,0011,BridgeRefine-L1-seed2026,2026,0.951913,26.195744,0.089410,preds.pt#1196
1BA256,0012,BridgeRefine-L1-seed2026,2026,0.941578,24.963615,0.114017,preds.pt#1197
1BA256,0013,BridgeRefine-L1-seed2026,2026,0.947683,25.296005,0.102740,preds.pt#1198
1BA256,0014,BridgeRefine-L1-seed2026,2026,0.952094,26.186525,0.098467,preds.pt#1199
1BA256,0015,BridgeRefine-L1-seed2026,2026,0.940676,24.143240,0.084204,preds.pt#1200
1BA256,0016,BridgeRefine-L1-seed2026,2026,0.942727,25.041314,0.104077,preds.pt#1201
1BA256,0017,BridgeRefine-L1-seed2026,2026,0.930333,22.791910,0.091359,preds.pt#1202
1BA256,0018,BridgeRefine-L1-seed2026,2026,0.938825,23.273731,0.095332,preds.pt#1203
1BA256,0019,BridgeRefine-L1-seed2026,2026,0.945875,24.460069,0.108595,preds.pt#1204
1BA256,0020,BridgeRefine-L1-seed2026,2026,0.941377,23.634666,0.125399,preds.pt#1205
1BA256,0021,BridgeRefine-L1-seed2026,2026,0.937762,24.101700,0.132680,preds.pt#1206
1BA256,0022,BridgeRefine-L1-seed2026,2026,0.932525,23.424108,0.137593,preds.pt#1207
1BA256,0023,BridgeRefine-L1-seed2026,2026,0.932455,23.517108,0.132996,preds.pt#1208
1BA256,0024,BridgeRefine-L1-seed2026,2026,0.931095,23.774496,0.135049,preds.pt#1209
1BA256,0025,BridgeRefine-L1-seed2026,2026,0.909211,22.367868,0.142378,preds.pt#1210
1BA256,0026,BridgeRefine-L1-seed2026,2026,0.919738,22.752758,0.146235,preds.pt#1211
1BA256,0027,BridgeRefine-L1-seed2026,2026,0.925753,23.595550,0.144825,preds.pt#1212
1BA256,0028,BridgeRefine-L1-seed2026,2026,0.900881,22.283881,0.156087,preds.pt#1213
1BA256,0029,BridgeRefine-L1-seed2026,2026,0.922835,24.102011,0.132149,preds.pt#1214
1BA256,0030,BridgeRefine-L1-seed2026,2026,0.910565,23.283236,0.122417,preds.pt#1215
1BA256,0031,BridgeRefine-L1-seed2026,2026,0.907362,22.755361,0.113792,preds.pt#1216
1BA256,0032,BridgeRefine-L1-seed2026,2026,0.919770,23.541689,0.101198,preds.pt#1217
1BA256,0033,BridgeRefine-L1-seed2026,2026,0.909573,22.617047,0.114199,preds.pt#1218
1BA256,0034,BridgeRefine-L1-seed2026,2026,0.918879,23.477745,0.097617,preds.pt#1219
1BA256,0035,BridgeRefine-L1-seed2026,2026,0.907189,22.510750,0.105780,preds.pt#1220
1BA256,0036,BridgeRefine-L1-seed2026,2026,0.903568,22.178379,0.108721,preds.pt#1221
1BA256,0037,BridgeRefine-L1-seed2026,2026,0.899184,22.208824,0.092865,preds.pt#1222
1BA256,0038,BridgeRefine-L1-seed2026,2026,0.913800,23.560466,0.100402,preds.pt#1223
1BA256,0039,BridgeRefine-L1-seed2026,2026,0.900452,22.926041,0.120855,preds.pt#1224
1BA256,0040,BridgeRefine-L1-seed2026,2026,0.904977,23.395681,0.113138,preds.pt#1225
1BA256,0041,BridgeRefine-L1-seed2026,2026,0.899853,22.851858,0.117995,preds.pt#1226
1BA256,0042,BridgeRefine-L1-seed2026,2026,0.876988,21.339079,0.144930,preds.pt#1227
1BA256,0043,BridgeRefine-L1-seed2026,2026,0.853381,20.228438,0.151018,preds.pt#1228
1BA256,0044,BridgeRefine-L1-seed2026,2026,0.857830,20.431469,0.145740,preds.pt#1229
1BA256,0045,BridgeRefine-L1-seed2026,2026,0.854687,20.256936,0.153186,preds.pt#1230
1BA256,0046,BridgeRefine-L1-seed2026,2026,0.831241,18.932622,0.162191,preds.pt#1231
1BA256,0047,BridgeRefine-L1-seed2026,2026,0.819398,18.371766,0.175587,preds.pt#1232
1BA256,0048,BridgeRefine-L1-seed2026,2026,0.802252,17.617327,0.189673,preds.pt#1233
1BA256,0049,BridgeRefine-L1-seed2026,2026,0.808988,18.042276,0.194957,preds.pt#1234
1BA256,0050,BridgeRefine-L1-seed2026,2026,0.795647,17.673591,0.197664,preds.pt#1235
1BA256,0051,BridgeRefine-L1-seed2026,2026,0.788902,17.051120,0.203450,preds.pt#1236
1BA256,0052,BridgeRefine-L1-seed2026,2026,0.809408,17.240285,0.195271,preds.pt#1237
1BA256,0053,BridgeRefine-L1-seed2026,2026,0.809434,17.543590,0.166596,preds.pt#1238
1BA256,0054,BridgeRefine-L1-seed2026,2026,0.826141,18.517794,0.159880,preds.pt#1239
1BA256,0055,BridgeRefine-L1-seed2026,2026,0.839883,19.245200,0.137567,preds.pt#1240
1BA256,0056,BridgeRefine-L1-seed2026,2026,0.873430,20.783920,0.135603,preds.pt#1241
1BA256,0057,BridgeRefine-L1-seed2026,2026,0.863617,20.335667,0.139036,preds.pt#1242
1BA256,0058,BridgeRefine-L1-seed2026,2026,0.846439,19.525334,0.134759,preds.pt#1243
1BA256,0059,BridgeRefine-L1-seed2026,2026,0.868112,20.655996,0.120891,preds.pt#1244
1BA256,0060,BridgeRefine-L1-seed2026,2026,0.846249,19.743873,0.132233,preds.pt#1245
1BA256,0061,BridgeRefine-L1-seed2026,2026,0.839254,19.739515,0.131753,preds.pt#1246
1BA256,0062,BridgeRefine-L1-seed2026,2026,0.828693,19.343074,0.144690,preds.pt#1247
1BA256,0063,BridgeRefine-L1-seed2026,2026,0.842614,20.315736,0.130128,preds.pt#1248
1BA256,0064,BridgeRefine-L1-seed2026,2026,0.849625,20.899506,0.145511,preds.pt#1249
1BA256,0065,BridgeRefine-L1-seed2026,2026,0.832903,19.917009,0.160938,preds.pt#1250
1BA256,0066,BridgeRefine-L1-seed2026,2026,0.835856,20.004817,0.170414,preds.pt#1251
1BA256,0067,BridgeRefine-L1-seed2026,2026,0.830612,19.686955,0.174278,preds.pt#1252
1BA256,0068,BridgeRefine-L1-seed2026,2026,0.837896,19.956953,0.171365,preds.pt#1253
1BA256,0069,BridgeRefine-L1-seed2026,2026,0.838117,19.872157,0.149563,preds.pt#1254
1BA256,0070,BridgeRefine-L1-seed2026,2026,0.856160,20.764759,0.120930,preds.pt#1255
1BA256,0071,BridgeRefine-L1-seed2026,2026,0.848080,20.270859,0.127962,preds.pt#1256
1BA256,0072,BridgeRefine-L1-seed2026,2026,0.832583,19.411685,0.142927,preds.pt#1257
1BA256,0073,BridgeRefine-L1-seed2026,2026,0.843963,20.071633,0.131606,preds.pt#1258
1BA256,0074,BridgeRefine-L1-seed2026,2026,0.830434,19.658144,0.155629,preds.pt#1259
1BA256,0075,BridgeRefine-L1-seed2026,2026,0.832689,19.475507,0.135665,preds.pt#1260
1BA256,0076,BridgeRefine-L1-seed2026,2026,0.837624,20.007383,0.119629,preds.pt#1261
1BA256,0077,BridgeRefine-L1-seed2026,2026,0.827887,19.506802,0.135345,preds.pt#1262
1BA256,0078,BridgeRefine-L1-seed2026,2026,0.832458,19.800595,0.159526,preds.pt#1263
1BA256,0079,BridgeRefine-L1-seed2026,2026,0.822205,19.390894,0.141127,preds.pt#1264
1BA256,0080,BridgeRefine-L1-seed2026,2026,0.824428,19.946129,0.129289,preds.pt#1265
1BA256,0081,BridgeRefine-L1-seed2026,2026,0.816195,19.326633,0.128307,preds.pt#1266
1BA256,0082,BridgeRefine-L1-seed2026,2026,0.829325,19.810925,0.115278,preds.pt#1267
1BA256,0083,BridgeRefine-L1-seed2026,2026,0.814641,19.514338,0.130515,preds.pt#1268
1BA256,0084,BridgeRefine-L1-seed2026,2026,0.816899,19.804103,0.119578,preds.pt#1269
1BA256,0085,BridgeRefine-L1-seed2026,2026,0.813868,19.510179,0.119109,preds.pt#1270
1BA256,0086,BridgeRefine-L1-seed2026,2026,0.818717,19.732409,0.123159,preds.pt#1271
1BA256,0087,BridgeRefine-L1-seed2026,2026,0.803881,19.450113,0.125149,preds.pt#1272
1BA256,0088,BridgeRefine-L1-seed2026,2026,0.803618,19.614671,0.127397,preds.pt#1273
1BA256,0089,BridgeRefine-L1-seed2026,2026,0.797475,19.527778,0.135121,preds.pt#1274
1BA256,0090,BridgeRefine-L1-seed2026,2026,0.799770,19.761295,0.130034,preds.pt#1275
1BA256,0091,BridgeRefine-L1-seed2026,2026,0.791721,19.404747,0.139785,preds.pt#1276
1BA256,0092,BridgeRefine-L1-seed2026,2026,0.823319,20.373783,0.120467,preds.pt#1277
1BA256,0093,BridgeRefine-L1-seed2026,2026,0.809442,20.249595,0.119574,preds.pt#1278
1BA256,0094,BridgeRefine-L1-seed2026,2026,0.805289,19.793871,0.130859,preds.pt#1279
1BA256,0095,BridgeRefine-L1-seed2026,2026,0.815366,20.109281,0.116521,preds.pt#1280
1BA256,0096,BridgeRefine-L1-seed2026,2026,0.791798,18.415417,0.112860,preds.pt#1281
1BA256,0097,BridgeRefine-L1-seed2026,2026,0.794735,18.458302,0.110457,preds.pt#1282
1BA256,0098,BridgeRefine-L1-seed2026,2026,0.809356,20.052315,0.103806,preds.pt#1283
1BA256,0099,BridgeRefine-L1-seed2026,2026,0.793388,19.362871,0.116083,preds.pt#1284
1BA256,0100,BridgeRefine-L1-seed2026,2026,0.819099,20.332666,0.105276,preds.pt#1285
1BA256,0101,BridgeRefine-L1-seed2026,2026,0.826535,20.391155,0.106188,preds.pt#1286
1BA256,0102,BridgeRefine-L1-seed2026,2026,0.827126,20.245061,0.092683,preds.pt#1287
1BA256,0103,BridgeRefine-L1-seed2026,2026,0.833246,20.222094,0.089254,preds.pt#1288
1BA256,0104,BridgeRefine-L1-seed2026,2026,0.848603,20.829061,0.087856,preds.pt#1289
1BA256,0105,BridgeRefine-L1-seed2026,2026,0.845718,20.589689,0.094407,preds.pt#1290
1BA256,0106,BridgeRefine-L1-seed2026,2026,0.852486,21.218767,0.093448,preds.pt#1291
1BA256,0107,BridgeRefine-L1-seed2026,2026,0.853392,21.217797,0.089536,preds.pt#1292
1BA256,0108,BridgeRefine-L1-seed2026,2026,0.843974,20.684566,0.089821,preds.pt#1293
1BA256,0109,BridgeRefine-L1-seed2026,2026,0.852379,20.663410,0.092309,preds.pt#1294
1BA256,0110,BridgeRefine-L1-seed2026,2026,0.846834,20.643198,0.081793,preds.pt#1295
1BA256,0111,BridgeRefine-L1-seed2026,2026,0.857372,21.369363,0.093013,preds.pt#1296
1BA256,0112,BridgeRefine-L1-seed2026,2026,0.860886,21.161939,0.090760,preds.pt#1297
1BA256,0113,BridgeRefine-L1-seed2026,2026,0.853517,20.662144,0.078366,preds.pt#1298
1BA256,0114,BridgeRefine-L1-seed2026,2026,0.851956,20.541847,0.089554,preds.pt#1299
1BA256,0115,BridgeRefine-L1-seed2026,2026,0.855119,20.802637,0.086366,preds.pt#1300
1BA256,0116,BridgeRefine-L1-seed2026,2026,0.863738,20.470152,0.098552,preds.pt#1301
1BA256,0117,BridgeRefine-L1-seed2026,2026,0.861138,20.854286,0.087665,preds.pt#1302
1BA256,0118,BridgeRefine-L1-seed2026,2026,0.860061,21.029597,0.098919,preds.pt#1303
1BA256,0119,BridgeRefine-L1-seed2026,2026,0.869484,21.381382,0.092424,preds.pt#1304
1BA256,0120,BridgeRefine-L1-seed2026,2026,0.869235,21.335246,0.086785,preds.pt#1305
1BA256,0121,BridgeRefine-L1-seed2026,2026,0.857296,20.860026,0.103089,preds.pt#1306
1BA256,0122,BridgeRefine-L1-seed2026,2026,0.863177,20.945097,0.090128,preds.pt#1307
1BA256,0123,BridgeRefine-L1-seed2026,2026,0.865494,20.936430,0.084769,preds.pt#1308
1BA256,0124,BridgeRefine-L1-seed2026,2026,0.869182,21.213597,0.082757,preds.pt#1309
1BA256,0125,BridgeRefine-L1-seed2026,2026,0.870294,21.312339,0.080308,preds.pt#1310
1BA256,0126,BridgeRefine-L1-seed2026,2026,0.858268,21.104172,0.076662,preds.pt#1311
1BA256,0127,BridgeRefine-L1-seed2026,2026,0.872913,21.596779,0.074929,preds.pt#1312
1BA256,0128,BridgeRefine-L1-seed2026,2026,0.860177,20.945303,0.077843,preds.pt#1313
1BA256,0129,BridgeRefine-L1-seed2026,2026,0.862037,20.963147,0.086134,preds.pt#1314
1BA256,0130,BridgeRefine-L1-seed2026,2026,0.875957,21.450181,0.074147,preds.pt#1315
1BA256,0131,BridgeRefine-L1-seed2026,2026,0.874551,21.510940,0.073689,preds.pt#1316
1BA256,0132,BridgeRefine-L1-seed2026,2026,0.871727,21.588619,0.072116,preds.pt#1317
1BA256,0133,BridgeRefine-L1-seed2026,2026,0.868695,21.435612,0.068990,preds.pt#1318
1BA256,0134,BridgeRefine-L1-seed2026,2026,0.868392,21.176891,0.063532,preds.pt#1319
1BA256,0135,BridgeRefine-L1-seed2026,2026,0.883101,21.856634,0.062822,preds.pt#1320
1BA256,0136,BridgeRefine-L1-seed2026,2026,0.872496,20.697519,0.073109,preds.pt#1321
1BA256,0137,BridgeRefine-L1-seed2026,2026,0.883528,21.490210,0.066378,preds.pt#1322
1BA256,0138,BridgeRefine-L1-seed2026,2026,0.880021,21.556110,0.070685,preds.pt#1323
1BA256,0139,BridgeRefine-L1-seed2026,2026,0.881336,21.198642,0.066380,preds.pt#1324
1BA256,0140,BridgeRefine-L1-seed2026,2026,0.886748,21.609795,0.066803,preds.pt#1325
1BA256,0141,BridgeRefine-L1-seed2026,2026,0.877238,21.790533,0.061770,preds.pt#1326
1BA256,0142,BridgeRefine-L1-seed2026,2026,0.865925,20.951466,0.065452,preds.pt#1327
1BA256,0143,BridgeRefine-L1-seed2026,2026,0.877260,21.634386,0.061177,preds.pt#1328
1BA256,0144,BridgeRefine-L1-seed2026,2026,0.877627,21.625948,0.061284,preds.pt#1329
1BA256,0145,BridgeRefine-L1-seed2026,2026,0.871530,21.007768,0.054540,preds.pt#1330
1BA256,0146,BridgeRefine-L1-seed2026,2026,0.875996,22.137353,0.060589,preds.pt#1331
1BA256,0147,BridgeRefine-L1-seed2026,2026,0.870816,21.553884,0.060127,preds.pt#1332
1BA256,0148,BridgeRefine-L1-seed2026,2026,0.868057,21.609257,0.052371,preds.pt#1333
1BA256,0149,BridgeRefine-L1-seed2026,2026,0.868702,21.657808,0.047967,preds.pt#1334
1BA256,0150,BridgeRefine-L1-seed2026,2026,0.784471,20.344948,0.049351,preds.pt#1335
1BA256,0151,BridgeRefine-L1-seed2026,2026,0.766962,20.046625,0.057794,preds.pt#1336
1BA256,0152,BridgeRefine-L1-seed2026,2026,0.812160,21.247915,0.068956,preds.pt#1337
1BA256,0153,BridgeRefine-L1-seed2026,2026,0.786223,20.822588,0.069552,preds.pt#1338
1BA256,0154,BridgeRefine-L1-seed2026,2026,0.735430,19.487446,0.075436,preds.pt#1339
1BA256,0155,BridgeRefine-L1-seed2026,2026,0.752068,20.049928,0.068217,preds.pt#1340
1BA256,0156,BridgeRefine-L1-seed2026,2026,0.759966,20.369802,0.066578,preds.pt#1341
1BA256,0157,BridgeRefine-L1-seed2026,2026,0.767938,20.447983,0.059182,preds.pt#1342
1BA256,0158,BridgeRefine-L1-seed2026,2026,0.755635,20.108724,0.064034,preds.pt#1343
1BA256,0159,BridgeRefine-L1-seed2026,2026,0.812292,21.261955,0.065441,preds.pt#1344
1BA256,0160,BridgeRefine-L1-seed2026,2026,0.793842,20.944171,0.065546,preds.pt#1345
1BA256,0161,BridgeRefine-L1-seed2026,2026,0.793443,20.890801,0.057134,preds.pt#1346
1BA256,0162,BridgeRefine-L1-seed2026,2026,0.823712,21.551478,0.053609,preds.pt#1347
1BA256,0163,BridgeRefine-L1-seed2026,2026,0.807204,21.301692,0.055820,preds.pt#1348
1BA256,0164,BridgeRefine-L1-seed2026,2026,0.799690,20.929602,0.054633,preds.pt#1349
1BA256,0165,BridgeRefine-L1-seed2026,2026,0.774610,20.113756,0.058264,preds.pt#1350
1BA256,0166,BridgeRefine-L1-seed2026,2026,0.777341,19.729332,0.058077,preds.pt#1351
1BA256,0167,BridgeRefine-L1-seed2026,2026,0.817620,21.642467,0.047444,preds.pt#1352
1BA256,0168,BridgeRefine-L1-seed2026,2026,0.822311,21.638960,0.046366,preds.pt#1353
1BA256,0169,BridgeRefine-L1-seed2026,2026,0.841648,21.986133,0.047019,preds.pt#1354
1BA256,0170,BridgeRefine-L1-seed2026,2026,0.764669,19.532516,0.061913,preds.pt#1355
1BA256,0171,BridgeRefine-L1-seed2026,2026,0.883869,22.000226,0.051661,preds.pt#1356
1BA256,0172,BridgeRefine-L1-seed2026,2026,0.810733,21.036348,0.049099,preds.pt#1357
1BA256,0173,BridgeRefine-L1-seed2026,2026,0.840767,21.722985,0.045615,preds.pt#1358
1BA256,0174,BridgeRefine-L1-seed2026,2026,0.874157,21.762754,0.056768,preds.pt#1359
1BA256,0175,BridgeRefine-L1-seed2026,2026,0.895865,22.283499,0.045076,preds.pt#1360
1BA256,0176,BridgeRefine-L1-seed2026,2026,0.905819,22.156216,0.052569,preds.pt#1361
1BA256,0177,BridgeRefine-L1-seed2026,2026,0.875402,22.348086,0.049429,preds.pt#1362
1BA256,0178,BridgeRefine-L1-seed2026,2026,0.890693,22.619820,0.048991,preds.pt#1363
1BA256,0179,BridgeRefine-L1-seed2026,2026,0.876055,22.268028,0.047733,preds.pt#1364
1BA256,0180,BridgeRefine-L1-seed2026,2026,0.808947,20.069406,0.050400,preds.pt#1365
1BA256,0181,BridgeRefine-L1-seed2026,2026,0.881474,22.390827,0.040529,preds.pt#1366
1BA256,0182,BridgeRefine-L1-seed2026,2026,0.896938,21.726586,0.038223,preds.pt#1367
1BA256,0183,BridgeRefine-L1-seed2026,2026,0.921724,21.830223,0.056890,preds.pt#1368
1BA256,0184,BridgeRefine-L1-seed2026,2026,0.924464,22.221785,0.061446,preds.pt#1369
1BA256,0185,BridgeRefine-L1-seed2026,2026,0.931426,22.799701,0.059134,preds.pt#1370
1BA256,0186,BridgeRefine-L1-seed2026,2026,0.927513,22.589633,0.060584,preds.pt#1371
1BA256,0187,BridgeRefine-L1-seed2026,2026,0.839410,19.906032,0.066663,preds.pt#1372
1BA256,0188,BridgeRefine-L1-seed2026,2026,0.867372,20.997162,0.073470,preds.pt#1373
1BA256,0189,BridgeRefine-L1-seed2026,2026,0.931823,23.268359,0.048142,preds.pt#1374
1BA256,0190,BridgeRefine-L1-seed2026,2026,0.889738,21.924017,0.064908,preds.pt#1375
1BA256,0191,BridgeRefine-L1-seed2026,2026,0.882366,21.361313,0.073555,preds.pt#1376
1BA256,0192,BridgeRefine-L1-seed2026,2026,0.887511,21.723064,0.065520,preds.pt#1377
1BA256,0193,BridgeRefine-L1-seed2026,2026,0.924159,22.981106,0.062499,preds.pt#1378
1BA256,0194,BridgeRefine-L1-seed2026,2026,0.920547,23.355182,0.067060,preds.pt#1379
1BA256,0195,BridgeRefine-L1-seed2026,2026,0.925453,23.621213,0.080685,preds.pt#1380
1BA256,0196,BridgeRefine-L1-seed2026,2026,0.938268,25.376021,0.073171,preds.pt#1381
1BA256,0197,BridgeRefine-L1-seed2026,2026,0.940467,24.843094,0.076160,preds.pt#1382
1BA256,0198,BridgeRefine-L1-seed2026,2026,0.944536,25.884353,0.063366,preds.pt#1383
1BA256,0199,BridgeRefine-L1-seed2026,2026,0.958238,25.851833,0.054328,preds.pt#1384
1BA256,0200,BridgeRefine-L1-seed2026,2026,0.946932,25.799318,0.069163,preds.pt#1385
1BA256,0201,BridgeRefine-L1-seed2026,2026,0.940154,28.112265,0.086608,preds.pt#1386
1BA256,0202,BridgeRefine-L1-seed2026,2026,0.944767,30.606295,0.080319,preds.pt#1387
1BA256,0203,BridgeRefine-L1-seed2026,2026,0.942757,30.642227,0.097682,preds.pt#1388
1BA328,0001,BridgeRefine-L1-seed2026,2026,0.974340,38.591075,0.081038,preds.pt#1389
1BA328,0002,BridgeRefine-L1-seed2026,2026,0.970971,36.829890,0.079107,preds.pt#1390
1BA328,0003,BridgeRefine-L1-seed2026,2026,0.975044,36.559299,0.089429,preds.pt#1391
1BA328,0004,BridgeRefine-L1-seed2026,2026,0.976659,33.180430,0.110332,preds.pt#1392
1BA328,0005,BridgeRefine-L1-seed2026,2026,0.962551,28.637957,0.103329,preds.pt#1393
1BA328,0006,BridgeRefine-L1-seed2026,2026,0.942519,27.214487,0.103294,preds.pt#1394
1BA328,0007,BridgeRefine-L1-seed2026,2026,0.953846,26.039395,0.086960,preds.pt#1395
1BA328,0008,BridgeRefine-L1-seed2026,2026,0.939880,26.082739,0.084163,preds.pt#1396
1BA328,0009,BridgeRefine-L1-seed2026,2026,0.947908,25.479485,0.098444,preds.pt#1397
1BA328,0010,BridgeRefine-L1-seed2026,2026,0.943892,24.173566,0.107234,preds.pt#1398
1BA328,0011,BridgeRefine-L1-seed2026,2026,0.935107,24.120949,0.121923,preds.pt#1399
1BA328,0012,BridgeRefine-L1-seed2026,2026,0.934504,23.603762,0.114146,preds.pt#1400
1BA328,0013,BridgeRefine-L1-seed2026,2026,0.935285,23.040318,0.097292,preds.pt#1401
1BA328,0014,BridgeRefine-L1-seed2026,2026,0.938039,23.378722,0.096660,preds.pt#1402
1BA328,0015,BridgeRefine-L1-seed2026,2026,0.924604,21.160497,0.107071,preds.pt#1403
1BA328,0016,BridgeRefine-L1-seed2026,2026,0.927244,22.855536,0.097417,preds.pt#1404
1BA328,0017,BridgeRefine-L1-seed2026,2026,0.909965,20.791629,0.101476,preds.pt#1405
1BA328,0018,BridgeRefine-L1-seed2026,2026,0.907279,21.426593,0.100083,preds.pt#1406
1BA328,0019,BridgeRefine-L1-seed2026,2026,0.921379,21.051459,0.090575,preds.pt#1407
1BA328,0020,BridgeRefine-L1-seed2026,2026,0.894019,18.953691,0.122691,preds.pt#1408
1BA328,0021,BridgeRefine-L1-seed2026,2026,0.907160,20.380536,0.115403,preds.pt#1409
1BA328,0022,BridgeRefine-L1-seed2026,2026,0.896782,19.698826,0.107772,preds.pt#1410
1BA328,0023,BridgeRefine-L1-seed2026,2026,0.892364,19.677837,0.116483,preds.pt#1411
1BA328,0024,BridgeRefine-L1-seed2026,2026,0.891164,19.202017,0.112661,preds.pt#1412
1BA328,0025,BridgeRefine-L1-seed2026,2026,0.888994,19.153126,0.109999,preds.pt#1413
1BA328,0026,BridgeRefine-L1-seed2026,2026,0.896970,19.598689,0.103359,preds.pt#1414
1BA328,0027,BridgeRefine-L1-seed2026,2026,0.875567,19.133615,0.124316,preds.pt#1415
1BA328,0028,BridgeRefine-L1-seed2026,2026,0.881696,19.702328,0.112731,preds.pt#1416
1BA328,0029,BridgeRefine-L1-seed2026,2026,0.870361,19.265130,0.119482,preds.pt#1417
1BA328,0030,BridgeRefine-L1-seed2026,2026,0.865282,19.730316,0.132326,preds.pt#1418
1BA328,0031,BridgeRefine-L1-seed2026,2026,0.849019,18.346905,0.142687,preds.pt#1419
1BA328,0032,BridgeRefine-L1-seed2026,2026,0.862182,18.914696,0.115976,preds.pt#1420
1BA328,0033,BridgeRefine-L1-seed2026,2026,0.842084,17.847184,0.131684,preds.pt#1421
1BA328,0034,BridgeRefine-L1-seed2026,2026,0.846040,18.249688,0.114920,preds.pt#1422
1BA328,0035,BridgeRefine-L1-seed2026,2026,0.854470,18.695292,0.120009,preds.pt#1423
1BA328,0036,BridgeRefine-L1-seed2026,2026,0.836540,18.055240,0.150745,preds.pt#1424
1BA328,0037,BridgeRefine-L1-seed2026,2026,0.821094,17.848462,0.173484,preds.pt#1425
1BA328,0038,BridgeRefine-L1-seed2026,2026,0.817616,17.428226,0.178571,preds.pt#1426
1BA328,0039,BridgeRefine-L1-seed2026,2026,0.804138,17.059018,0.184277,preds.pt#1427
1BA328,0040,BridgeRefine-L1-seed2026,2026,0.809893,17.041917,0.179342,preds.pt#1428
1BA328,0041,BridgeRefine-L1-seed2026,2026,0.801493,16.423920,0.205159,preds.pt#1429
1BA328,0042,BridgeRefine-L1-seed2026,2026,0.752944,14.923354,0.220395,preds.pt#1430
1BA328,0043,BridgeRefine-L1-seed2026,2026,0.807369,16.807333,0.182987,preds.pt#1431
1BA328,0044,BridgeRefine-L1-seed2026,2026,0.770437,15.539115,0.196142,preds.pt#1432
1BA328,0045,BridgeRefine-L1-seed2026,2026,0.784292,16.106245,0.193544,preds.pt#1433
1BA328,0046,BridgeRefine-L1-seed2026,2026,0.757537,15.103201,0.206551,preds.pt#1434
1BA328,0047,BridgeRefine-L1-seed2026,2026,0.759632,14.810620,0.220443,preds.pt#1435
1BA328,0048,BridgeRefine-L1-seed2026,2026,0.766923,15.021214,0.217511,preds.pt#1436
1BA328,0049,BridgeRefine-L1-seed2026,2026,0.737292,14.209857,0.237301,preds.pt#1437
1BA328,0050,BridgeRefine-L1-seed2026,2026,0.746926,14.853036,0.216113,preds.pt#1438
1BA328,0051,BridgeRefine-L1-seed2026,2026,0.755771,14.586816,0.197143,preds.pt#1439
1BA328,0052,BridgeRefine-L1-seed2026,2026,0.749925,14.749651,0.186738,preds.pt#1440
1BA328,0053,BridgeRefine-L1-seed2026,2026,0.767592,15.462754,0.166420,preds.pt#1441
1BA328,0054,BridgeRefine-L1-seed2026,2026,0.761601,15.056258,0.171319,preds.pt#1442
1BA328,0055,BridgeRefine-L1-seed2026,2026,0.760466,15.523610,0.188392,preds.pt#1443
1BA328,0056,BridgeRefine-L1-seed2026,2026,0.770173,15.791996,0.151613,preds.pt#1444
1BA328,0057,BridgeRefine-L1-seed2026,2026,0.776182,16.638783,0.160308,preds.pt#1445
1BA328,0058,BridgeRefine-L1-seed2026,2026,0.786443,17.311914,0.148379,preds.pt#1446
1BA328,0059,BridgeRefine-L1-seed2026,2026,0.792688,17.668509,0.156423,preds.pt#1447
1BA328,0060,BridgeRefine-L1-seed2026,2026,0.782022,17.410767,0.157520,preds.pt#1448
1BA328,0061,BridgeRefine-L1-seed2026,2026,0.793693,18.024508,0.151751,preds.pt#1449
1BA328,0062,BridgeRefine-L1-seed2026,2026,0.794741,18.098413,0.127965,preds.pt#1450
1BA328,0063,BridgeRefine-L1-seed2026,2026,0.815847,19.085239,0.120684,preds.pt#1451
1BA328,0064,BridgeRefine-L1-seed2026,2026,0.796825,17.992300,0.141727,preds.pt#1452
1BA328,0065,BridgeRefine-L1-seed2026,2026,0.812834,18.787308,0.139204,preds.pt#1453
1BA328,0066,BridgeRefine-L1-seed2026,2026,0.806517,18.656846,0.137696,preds.pt#1454
1BA328,0067,BridgeRefine-L1-seed2026,2026,0.807265,18.771879,0.134331,preds.pt#1455
1BA328,0068,BridgeRefine-L1-seed2026,2026,0.798749,18.552653,0.130680,preds.pt#1456
1BA328,0069,BridgeRefine-L1-seed2026,2026,0.782909,18.431227,0.148420,preds.pt#1457
1BA328,0070,BridgeRefine-L1-seed2026,2026,0.787691,18.231532,0.157531,preds.pt#1458
1BA328,0071,BridgeRefine-L1-seed2026,2026,0.797907,18.628168,0.156530,preds.pt#1459
1BA328,0072,BridgeRefine-L1-seed2026,2026,0.794509,18.590892,0.143739,preds.pt#1460
1BA328,0073,BridgeRefine-L1-seed2026,2026,0.791593,18.917081,0.163178,preds.pt#1461
1BA328,0074,BridgeRefine-L1-seed2026,2026,0.786891,18.740248,0.161672,preds.pt#1462
1BA328,0075,BridgeRefine-L1-seed2026,2026,0.782817,18.149127,0.176020,preds.pt#1463
1BA328,0076,BridgeRefine-L1-seed2026,2026,0.776734,18.198698,0.163560,preds.pt#1464
1BA328,0077,BridgeRefine-L1-seed2026,2026,0.790803,18.920943,0.153304,preds.pt#1465
1BA328,0078,BridgeRefine-L1-seed2026,2026,0.790704,18.814817,0.144797,preds.pt#1466
1BA328,0079,BridgeRefine-L1-seed2026,2026,0.780329,18.472363,0.158483,preds.pt#1467
1BA328,0080,BridgeRefine-L1-seed2026,2026,0.778475,18.425749,0.151820,preds.pt#1468
1BA328,0081,BridgeRefine-L1-seed2026,2026,0.782463,18.548491,0.154505,preds.pt#1469
1BA328,0082,BridgeRefine-L1-seed2026,2026,0.793634,18.962920,0.152071,preds.pt#1470
1BA328,0083,BridgeRefine-L1-seed2026,2026,0.794367,19.135907,0.150401,preds.pt#1471
1BA328,0084,BridgeRefine-L1-seed2026,2026,0.793655,19.394828,0.152664,preds.pt#1472
1BA328,0085,BridgeRefine-L1-seed2026,2026,0.785664,19.253830,0.157695,preds.pt#1473
1BA328,0086,BridgeRefine-L1-seed2026,2026,0.792206,19.445627,0.153318,preds.pt#1474
1BA328,0087,BridgeRefine-L1-seed2026,2026,0.790126,19.559044,0.154263,preds.pt#1475
1BA328,0088,BridgeRefine-L1-seed2026,2026,0.773484,18.961543,0.158238,preds.pt#1476
1BA328,0089,BridgeRefine-L1-seed2026,2026,0.778044,19.035038,0.155907,preds.pt#1477
1BA328,0090,BridgeRefine-L1-seed2026,2026,0.791451,19.478645,0.147718,preds.pt#1478
1BA328,0091,BridgeRefine-L1-seed2026,2026,0.799411,19.483898,0.130932,preds.pt#1479
1BA328,0092,BridgeRefine-L1-seed2026,2026,0.793827,19.425876,0.130530,preds.pt#1480
1BA328,0093,BridgeRefine-L1-seed2026,2026,0.796477,19.412951,0.134605,preds.pt#1481
1BA328,0094,BridgeRefine-L1-seed2026,2026,0.800260,19.416358,0.120330,preds.pt#1482
1BA328,0095,BridgeRefine-L1-seed2026,2026,0.802901,19.200062,0.123643,preds.pt#1483
1BA328,0096,BridgeRefine-L1-seed2026,2026,0.812638,19.531444,0.120495,preds.pt#1484
1BA328,0097,BridgeRefine-L1-seed2026,2026,0.818704,19.751767,0.096964,preds.pt#1485
1BA328,0098,BridgeRefine-L1-seed2026,2026,0.825491,19.793230,0.106165,preds.pt#1486
1BA328,0099,BridgeRefine-L1-seed2026,2026,0.826562,19.766743,0.102661,preds.pt#1487
1BA328,0100,BridgeRefine-L1-seed2026,2026,0.819859,19.434776,0.110140,preds.pt#1488
1BA328,0101,BridgeRefine-L1-seed2026,2026,0.819496,19.237788,0.099877,preds.pt#1489
1BA328,0102,BridgeRefine-L1-seed2026,2026,0.835434,19.635048,0.092876,preds.pt#1490
1BA328,0103,BridgeRefine-L1-seed2026,2026,0.837338,19.865561,0.090904,preds.pt#1491
1BA328,0104,BridgeRefine-L1-seed2026,2026,0.841530,20.102614,0.082519,preds.pt#1492
1BA328,0105,BridgeRefine-L1-seed2026,2026,0.828376,19.729742,0.088313,preds.pt#1493
1BA328,0106,BridgeRefine-L1-seed2026,2026,0.831239,19.879011,0.081740,preds.pt#1494
1BA328,0107,BridgeRefine-L1-seed2026,2026,0.844924,20.165600,0.075190,preds.pt#1495
1BA328,0108,BridgeRefine-L1-seed2026,2026,0.835336,19.799716,0.091453,preds.pt#1496
1BA328,0109,BridgeRefine-L1-seed2026,2026,0.824170,19.286247,0.090059,preds.pt#1497
1BA328,0110,BridgeRefine-L1-seed2026,2026,0.831720,19.590059,0.086393,preds.pt#1498
1BA328,0111,BridgeRefine-L1-seed2026,2026,0.835435,19.610222,0.086458,preds.pt#1499
1BA328,0112,BridgeRefine-L1-seed2026,2026,0.843896,19.775549,0.091214,preds.pt#1500
1BA328,0113,BridgeRefine-L1-seed2026,2026,0.833255,19.703380,0.103427,preds.pt#1501
1BA328,0114,BridgeRefine-L1-seed2026,2026,0.829325,18.594829,0.085087,preds.pt#1502
1BA328,0115,BridgeRefine-L1-seed2026,2026,0.848885,19.939895,0.078626,preds.pt#1503
1BA328,0116,BridgeRefine-L1-seed2026,2026,0.851628,20.102573,0.078614,preds.pt#1504
1BA328,0117,BridgeRefine-L1-seed2026,2026,0.832180,19.317108,0.073660,preds.pt#1505
1BA328,0118,BridgeRefine-L1-seed2026,2026,0.837732,19.918300,0.074089,preds.pt#1506
1BA328,0119,BridgeRefine-L1-seed2026,2026,0.844015,19.670770,0.069630,preds.pt#1507
1BA328,0120,BridgeRefine-L1-seed2026,2026,0.842415,19.846256,0.071504,preds.pt#1508
1BA328,0121,BridgeRefine-L1-seed2026,2026,0.850470,20.089778,0.067740,preds.pt#1509
1BA328,0122,BridgeRefine-L1-seed2026,2026,0.859567,20.519096,0.061634,preds.pt#1510
1BA328,0123,BridgeRefine-L1-seed2026,2026,0.854187,20.441898,0.059356,preds.pt#1511
1BA328,0124,BridgeRefine-L1-seed2026,2026,0.861362,20.941257,0.054663,preds.pt#1512
1BA328,0125,BridgeRefine-L1-seed2026,2026,0.860127,20.863960,0.061136,preds.pt#1513
1BA328,0126,BridgeRefine-L1-seed2026,2026,0.864170,20.778217,0.064410,preds.pt#1514
1BA328,0127,BridgeRefine-L1-seed2026,2026,0.878628,21.643373,0.056423,preds.pt#1515
1BA328,0128,BridgeRefine-L1-seed2026,2026,0.877657,21.463894,0.060741,preds.pt#1516
1BA328,0129,BridgeRefine-L1-seed2026,2026,0.878672,21.599839,0.060096,preds.pt#1517
1BA328,0130,BridgeRefine-L1-seed2026,2026,0.877334,21.795973,0.060194,preds.pt#1518
1BA328,0131,BridgeRefine-L1-seed2026,2026,0.888827,22.229752,0.064322,preds.pt#1519
1BA328,0132,BridgeRefine-L1-seed2026,2026,0.895563,22.583267,0.059476,preds.pt#1520
1BA328,0133,BridgeRefine-L1-seed2026,2026,0.889086,22.305906,0.065612,preds.pt#1521
1BA328,0134,BridgeRefine-L1-seed2026,2026,0.896217,22.385948,0.062394,preds.pt#1522
1BA328,0135,BridgeRefine-L1-seed2026,2026,0.892358,22.643978,0.062930,preds.pt#1523
1BA328,0136,BridgeRefine-L1-seed2026,2026,0.884928,22.050393,0.056318,preds.pt#1524
1BA328,0137,BridgeRefine-L1-seed2026,2026,0.897734,22.582415,0.055267,preds.pt#1525
1BA328,0138,BridgeRefine-L1-seed2026,2026,0.900473,22.524630,0.050601,preds.pt#1526
1BA328,0139,BridgeRefine-L1-seed2026,2026,0.905504,22.757136,0.043348,preds.pt#1527
1BA328,0140,BridgeRefine-L1-seed2026,2026,0.894924,22.139089,0.047730,preds.pt#1528
1BA328,0141,BridgeRefine-L1-seed2026,2026,0.897158,22.108568,0.054170,preds.pt#1529
1BA328,0142,BridgeRefine-L1-seed2026,2026,0.901401,22.331774,0.049183,preds.pt#1530
1BA328,0143,BridgeRefine-L1-seed2026,2026,0.899738,21.974484,0.050923,preds.pt#1531
1BA328,0144,BridgeRefine-L1-seed2026,2026,0.892473,22.116907,0.056826,preds.pt#1532
1BA328,0145,BridgeRefine-L1-seed2026,2026,0.895508,22.199005,0.059652,preds.pt#1533
1BA328,0146,BridgeRefine-L1-seed2026,2026,0.900428,22.433012,0.049300,preds.pt#1534
1BA328,0147,BridgeRefine-L1-seed2026,2026,0.897909,22.378722,0.054014,preds.pt#1535
1BA328,0148,BridgeRefine-L1-seed2026,2026,0.899163,22.096832,0.055573,preds.pt#1536
1BA328,0149,BridgeRefine-L1-seed2026,2026,0.898675,22.062704,0.053908,preds.pt#1537
1BA328,0150,BridgeRefine-L1-seed2026,2026,0.901702,21.813105,0.047865,preds.pt#1538
1BA328,0151,BridgeRefine-L1-seed2026,2026,0.895040,21.258441,0.051647,preds.pt#1539
1BA328,0152,BridgeRefine-L1-seed2026,2026,0.891039,21.116079,0.050499,preds.pt#1540
1BA328,0153,BridgeRefine-L1-seed2026,2026,0.894399,20.689711,0.060667,preds.pt#1541
1BA328,0154,BridgeRefine-L1-seed2026,2026,0.895938,20.674581,0.056962,preds.pt#1542
1BA328,0155,BridgeRefine-L1-seed2026,2026,0.904228,21.284067,0.046805,preds.pt#1543
1BA328,0156,BridgeRefine-L1-seed2026,2026,0.908827,21.296963,0.050967,preds.pt#1544
1BA328,0157,BridgeRefine-L1-seed2026,2026,0.911428,21.368012,0.041740,preds.pt#1545
1BA328,0158,BridgeRefine-L1-seed2026,2026,0.912097,21.622398,0.046881,preds.pt#1546
1BA328,0159,BridgeRefine-L1-seed2026,2026,0.911439,21.280511,0.047128,preds.pt#1547
1BA328,0160,BridgeRefine-L1-seed2026,2026,0.915617,21.598429,0.043982,preds.pt#1548
1BA328,0161,BridgeRefine-L1-seed2026,2026,0.918445,21.676184,0.036343,preds.pt#1549
1BA328,0162,BridgeRefine-L1-seed2026,2026,0.918687,21.670377,0.040045,preds.pt#1550
1BA328,0163,BridgeRefine-L1-seed2026,2026,0.907829,20.660874,0.040756,preds.pt#1551
1BA328,0164,BridgeRefine-L1-seed2026,2026,0.911080,20.807681,0.042642,preds.pt#1552
1BA328,0165,BridgeRefine-L1-seed2026,2026,0.914867,20.964912,0.042508,preds.pt#1553
1BA328,0166,BridgeRefine-L1-seed2026,2026,0.914731,20.966717,0.036160,preds.pt#1554
1BA328,0167,BridgeRefine-L1-seed2026,2026,0.906080,20.593674,0.040563,preds.pt#1555
1BA328,0168,BridgeRefine-L1-seed2026,2026,0.912218,21.009453,0.040796,preds.pt#1556
1BA328,0169,BridgeRefine-L1-seed2026,2026,0.919937,21.700957,0.040486,preds.pt#1557
1BA328,0170,BridgeRefine-L1-seed2026,2026,0.914189,20.981648,0.045329,preds.pt#1558
1BA328,0171,BridgeRefine-L1-seed2026,2026,0.916259,20.998750,0.039668,preds.pt#1559
1BA328,0172,BridgeRefine-L1-seed2026,2026,0.914457,20.839111,0.039739,preds.pt#1560
1BA328,0173,BridgeRefine-L1-seed2026,2026,0.910516,20.646300,0.045933,preds.pt#1561
1BA328,0174,BridgeRefine-L1-seed2026,2026,0.919006,21.341665,0.039247,preds.pt#1562
1BA328,0175,BridgeRefine-L1-seed2026,2026,0.916103,20.876271,0.044587,preds.pt#1563
1BA328,0176,BridgeRefine-L1-seed2026,2026,0.924390,21.809373,0.044813,preds.pt#1564
1BA328,0177,BridgeRefine-L1-seed2026,2026,0.920056,21.862411,0.046126,preds.pt#1565
1BA328,0178,BridgeRefine-L1-seed2026,2026,0.931044,22.645796,0.037323,preds.pt#1566
1BA328,0179,BridgeRefine-L1-seed2026,2026,0.930474,22.910823,0.036910,preds.pt#1567
1BA328,0180,BridgeRefine-L1-seed2026,2026,0.932793,22.823710,0.040784,preds.pt#1568
1BA328,0181,BridgeRefine-L1-seed2026,2026,0.926347,22.504731,0.045243,preds.pt#1569
1BA328,0182,BridgeRefine-L1-seed2026,2026,0.925689,22.833934,0.053942,preds.pt#1570
1BA328,0183,BridgeRefine-L1-seed2026,2026,0.931875,23.501525,0.055501,preds.pt#1571
1BA328,0184,BridgeRefine-L1-seed2026,2026,0.922419,23.423121,0.046705,preds.pt#1572
1BA328,0185,BridgeRefine-L1-seed2026,2026,0.922099,23.908756,0.049862,preds.pt#1573
1BA328,0186,BridgeRefine-L1-seed2026,2026,0.910639,23.764608,0.059369,preds.pt#1574
1BA328,0187,BridgeRefine-L1-seed2026,2026,0.904791,23.501479,0.080549,preds.pt#1575
1BA328,0188,BridgeRefine-L1-seed2026,2026,0.887705,23.188674,0.064024,preds.pt#1576
1BA328,0189,BridgeRefine-L1-seed2026,2026,0.890597,23.462584,0.086842,preds.pt#1577
1BA328,0190,BridgeRefine-L1-seed2026,2026,0.881778,22.951026,0.096947,preds.pt#1578
1BA328,0191,BridgeRefine-L1-seed2026,2026,0.909718,25.410948,0.067020,preds.pt#1579
1BA328,0192,BridgeRefine-L1-seed2026,2026,0.920303,26.768635,0.071015,preds.pt#1580
1BA328,0193,BridgeRefine-L1-seed2026,2026,0.923127,26.909438,0.058125,preds.pt#1581
1BA328,0194,BridgeRefine-L1-seed2026,2026,0.932736,28.700472,0.057053,preds.pt#1582
1BA328,0195,BridgeRefine-L1-seed2026,2026,0.940400,30.578577,0.049415,preds.pt#1583
1BA328,0196,BridgeRefine-L1-seed2026,2026,0.933581,29.842046,0.076899,preds.pt#1584
1BA328,0197,BridgeRefine-L1-seed2026,2026,0.937069,32.040287,0.083073,preds.pt#1585
1BA328,0198,BridgeRefine-L1-seed2026,2026,0.919753,28.771271,0.103570,preds.pt#1586
1BB002,0000,BridgeRefine-L1-seed2026,2026,0.563458,10.978948,0.564576,preds.pt#1587
1BB002,0001,BridgeRefine-L1-seed2026,2026,0.583147,11.128508,0.492090,preds.pt#1588
1BB002,0002,BridgeRefine-L1-seed2026,2026,0.594493,11.308310,0.457913,preds.pt#1589
1BB002,0003,BridgeRefine-L1-seed2026,2026,0.610550,11.756222,0.413659,preds.pt#1590
1BB002,0004,BridgeRefine-L1-seed2026,2026,0.622629,12.610066,0.379269,preds.pt#1591
1BB002,0005,BridgeRefine-L1-seed2026,2026,0.641350,13.525761,0.359413,preds.pt#1592
1BB002,0006,BridgeRefine-L1-seed2026,2026,0.634525,13.866938,0.324593,preds.pt#1593
1BB002,0007,BridgeRefine-L1-seed2026,2026,0.684693,15.912980,0.233415,preds.pt#1594
1BB002,0008,BridgeRefine-L1-seed2026,2026,0.709867,17.472536,0.187694,preds.pt#1595
1BB002,0009,BridgeRefine-L1-seed2026,2026,0.741447,17.875935,0.159809,preds.pt#1596
1BB002,0010,BridgeRefine-L1-seed2026,2026,0.739371,17.462092,0.170832,preds.pt#1597
1BB002,0011,BridgeRefine-L1-seed2026,2026,0.745000,17.666044,0.165457,preds.pt#1598
1BB002,0012,BridgeRefine-L1-seed2026,2026,0.721995,16.908495,0.188927,preds.pt#1599
1BB002,0013,BridgeRefine-L1-seed2026,2026,0.735386,17.416326,0.189591,preds.pt#1600
1BB002,0014,BridgeRefine-L1-seed2026,2026,0.740849,17.468876,0.178936,preds.pt#1601
1BB002,0015,BridgeRefine-L1-seed2026,2026,0.742000,17.635405,0.175488,preds.pt#1602
1BB002,0016,BridgeRefine-L1-seed2026,2026,0.746622,17.809863,0.176130,preds.pt#1603
1BB002,0017,BridgeRefine-L1-seed2026,2026,0.741985,17.490954,0.183090,preds.pt#1604
1BB002,0018,BridgeRefine-L1-seed2026,2026,0.732772,17.316794,0.186537,preds.pt#1605
1BB002,0019,BridgeRefine-L1-seed2026,2026,0.734617,17.242417,0.185342,preds.pt#1606
1BB002,0020,BridgeRefine-L1-seed2026,2026,0.745656,17.423364,0.169740,preds.pt#1607
1BB002,0021,BridgeRefine-L1-seed2026,2026,0.736531,16.856935,0.183632,preds.pt#1608
1BB002,0022,BridgeRefine-L1-seed2026,2026,0.746939,17.430822,0.164821,preds.pt#1609
1BB002,0023,BridgeRefine-L1-seed2026,2026,0.758624,17.503087,0.155198,preds.pt#1610
1BB002,0024,BridgeRefine-L1-seed2026,2026,0.752825,17.310915,0.150487,preds.pt#1611
1BB002,0025,BridgeRefine-L1-seed2026,2026,0.764984,17.778276,0.149873,preds.pt#1612
1BB002,0026,BridgeRefine-L1-seed2026,2026,0.753869,17.596795,0.171693,preds.pt#1613
1BB002,0027,BridgeRefine-L1-seed2026,2026,0.750619,17.316691,0.171210,preds.pt#1614
1BB002,0028,BridgeRefine-L1-seed2026,2026,0.771038,17.758510,0.166287,preds.pt#1615
1BB002,0029,BridgeRefine-L1-seed2026,2026,0.779065,18.188047,0.158368,preds.pt#1616
1BB002,0030,BridgeRefine-L1-seed2026,2026,0.787361,18.662644,0.165536,preds.pt#1617
1BB002,0031,BridgeRefine-L1-seed2026,2026,0.780138,17.982249,0.140480,preds.pt#1618
1BB002,0032,BridgeRefine-L1-seed2026,2026,0.794603,18.415001,0.138093,preds.pt#1619
1BB002,0033,BridgeRefine-L1-seed2026,2026,0.798639,18.309814,0.144055,preds.pt#1620
1BB002,0034,BridgeRefine-L1-seed2026,2026,0.794466,18.420014,0.139241,preds.pt#1621
1BB002,0035,BridgeRefine-L1-seed2026,2026,0.788983,18.312258,0.139926,preds.pt#1622
1BB002,0036,BridgeRefine-L1-seed2026,2026,0.790773,18.459698,0.133194,preds.pt#1623
1BB002,0037,BridgeRefine-L1-seed2026,2026,0.783337,18.226010,0.122745,preds.pt#1624
1BB002,0038,BridgeRefine-L1-seed2026,2026,0.781989,18.107421,0.123779,preds.pt#1625
1BB002,0039,BridgeRefine-L1-seed2026,2026,0.783097,18.298274,0.132268,preds.pt#1626
1BB002,0040,BridgeRefine-L1-seed2026,2026,0.784356,18.293708,0.134588,preds.pt#1627
1BB002,0041,BridgeRefine-L1-seed2026,2026,0.770419,17.820354,0.149711,preds.pt#1628
1BB002,0042,BridgeRefine-L1-seed2026,2026,0.775381,17.889259,0.150181,preds.pt#1629
1BB002,0043,BridgeRefine-L1-seed2026,2026,0.782056,18.153006,0.154666,preds.pt#1630
1BB002,0044,BridgeRefine-L1-seed2026,2026,0.780619,18.224571,0.158249,preds.pt#1631
1BB002,0045,BridgeRefine-L1-seed2026,2026,0.780007,18.352248,0.154367,preds.pt#1632
1BB002,0046,BridgeRefine-L1-seed2026,2026,0.794619,18.748561,0.147858,preds.pt#1633
1BB002,0047,BridgeRefine-L1-seed2026,2026,0.785337,18.482279,0.140307,preds.pt#1634
1BB002,0048,BridgeRefine-L1-seed2026,2026,0.792700,18.668265,0.142576,preds.pt#1635
1BB002,0049,BridgeRefine-L1-seed2026,2026,0.785156,18.704708,0.127915,preds.pt#1636
1BB002,0050,BridgeRefine-L1-seed2026,2026,0.791071,18.806630,0.122696,preds.pt#1637
1BB002,0051,BridgeRefine-L1-seed2026,2026,0.787307,18.486581,0.141039,preds.pt#1638
1BB002,0052,BridgeRefine-L1-seed2026,2026,0.789596,18.514278,0.137613,preds.pt#1639
1BB002,0053,BridgeRefine-L1-seed2026,2026,0.789173,18.505942,0.150270,preds.pt#1640
1BB002,0054,BridgeRefine-L1-seed2026,2026,0.783730,18.432906,0.146077,preds.pt#1641
1BB002,0055,BridgeRefine-L1-seed2026,2026,0.771303,18.082293,0.137673,preds.pt#1642
1BB002,0056,BridgeRefine-L1-seed2026,2026,0.771795,18.215834,0.151022,preds.pt#1643
1BB002,0057,BridgeRefine-L1-seed2026,2026,0.765538,18.023476,0.148239,preds.pt#1644
1BB002,0058,BridgeRefine-L1-seed2026,2026,0.768695,18.424781,0.157127,preds.pt#1645
1BB002,0059,BridgeRefine-L1-seed2026,2026,0.766974,18.290581,0.146486,preds.pt#1646
1BB002,0060,BridgeRefine-L1-seed2026,2026,0.768677,18.550400,0.156589,preds.pt#1647
1BB002,0061,BridgeRefine-L1-seed2026,2026,0.755684,18.209295,0.156719,preds.pt#1648
1BB002,0062,BridgeRefine-L1-seed2026,2026,0.755077,18.265254,0.163947,preds.pt#1649
1BB002,0063,BridgeRefine-L1-seed2026,2026,0.757782,18.247431,0.171301,preds.pt#1650
1BB002,0064,BridgeRefine-L1-seed2026,2026,0.754972,18.277322,0.169538,preds.pt#1651
1BB002,0065,BridgeRefine-L1-seed2026,2026,0.755857,18.309156,0.168947,preds.pt#1652
1BB002,0066,BridgeRefine-L1-seed2026,2026,0.749368,17.859753,0.154247,preds.pt#1653
1BB002,0067,BridgeRefine-L1-seed2026,2026,0.763221,18.127830,0.156773,preds.pt#1654
1BB002,0068,BridgeRefine-L1-seed2026,2026,0.759409,18.258361,0.149873,preds.pt#1655
1BB002,0069,BridgeRefine-L1-seed2026,2026,0.756317,17.998280,0.152625,preds.pt#1656
1BB002,0070,BridgeRefine-L1-seed2026,2026,0.757639,18.024989,0.135168,preds.pt#1657
1BB002,0071,BridgeRefine-L1-seed2026,2026,0.747917,17.997344,0.140929,preds.pt#1658
1BB002,0072,BridgeRefine-L1-seed2026,2026,0.759128,18.409974,0.133974,preds.pt#1659
1BB002,0073,BridgeRefine-L1-seed2026,2026,0.752816,18.248716,0.144460,preds.pt#1660
1BB002,0074,BridgeRefine-L1-seed2026,2026,0.730600,17.903305,0.135438,preds.pt#1661
1BB002,0075,BridgeRefine-L1-seed2026,2026,0.733556,18.073030,0.111105,preds.pt#1662
1BB002,0076,BridgeRefine-L1-seed2026,2026,0.728563,17.948307,0.103083,preds.pt#1663
1BB002,0077,BridgeRefine-L1-seed2026,2026,0.732734,18.085153,0.115199,preds.pt#1664
1BB002,0078,BridgeRefine-L1-seed2026,2026,0.733682,18.327690,0.114809,preds.pt#1665
1BB002,0079,BridgeRefine-L1-seed2026,2026,0.737263,18.409128,0.124442,preds.pt#1666
1BB002,0080,BridgeRefine-L1-seed2026,2026,0.723043,17.829829,0.115823,preds.pt#1667
1BB002,0081,BridgeRefine-L1-seed2026,2026,0.752706,18.841544,0.104803,preds.pt#1668
1BB002,0082,BridgeRefine-L1-seed2026,2026,0.747978,18.622126,0.099071,preds.pt#1669
1BB002,0083,BridgeRefine-L1-seed2026,2026,0.749842,18.436324,0.104108,preds.pt#1670
1BB002,0084,BridgeRefine-L1-seed2026,2026,0.742431,18.364022,0.104141,preds.pt#1671
1BB002,0085,BridgeRefine-L1-seed2026,2026,0.751242,18.411132,0.091976,preds.pt#1672
1BB002,0086,BridgeRefine-L1-seed2026,2026,0.760412,18.715307,0.088251,preds.pt#1673
1BB002,0087,BridgeRefine-L1-seed2026,2026,0.775718,19.024536,0.090005,preds.pt#1674
1BB002,0088,BridgeRefine-L1-seed2026,2026,0.780144,19.183141,0.095026,preds.pt#1675
1BB002,0089,BridgeRefine-L1-seed2026,2026,0.780446,19.214032,0.102557,preds.pt#1676
1BB002,0090,BridgeRefine-L1-seed2026,2026,0.765848,18.592546,0.095845,preds.pt#1677
1BB002,0091,BridgeRefine-L1-seed2026,2026,0.781028,18.992643,0.090620,preds.pt#1678
1BB002,0092,BridgeRefine-L1-seed2026,2026,0.798046,19.661921,0.091536,preds.pt#1679
1BB002,0093,BridgeRefine-L1-seed2026,2026,0.790018,19.444189,0.090218,preds.pt#1680
1BB002,0094,BridgeRefine-L1-seed2026,2026,0.793180,19.682545,0.093039,preds.pt#1681
1BB002,0095,BridgeRefine-L1-seed2026,2026,0.794200,19.755659,0.099791,preds.pt#1682
1BB002,0096,BridgeRefine-L1-seed2026,2026,0.804705,20.014365,0.083784,preds.pt#1683
1BB002,0097,BridgeRefine-L1-seed2026,2026,0.803773,19.995663,0.085788,preds.pt#1684
1BB002,0098,BridgeRefine-L1-seed2026,2026,0.799984,19.619776,0.088647,preds.pt#1685
1BB002,0099,BridgeRefine-L1-seed2026,2026,0.820578,20.191012,0.086522,preds.pt#1686
1BB002,0100,BridgeRefine-L1-seed2026,2026,0.819014,20.432432,0.077984,preds.pt#1687
1BB002,0101,BridgeRefine-L1-seed2026,2026,0.816600,20.448973,0.072982,preds.pt#1688
1BB002,0102,BridgeRefine-L1-seed2026,2026,0.824411,20.698475,0.084065,preds.pt#1689
1BB002,0103,BridgeRefine-L1-seed2026,2026,0.835677,20.990131,0.079848,preds.pt#1690
1BB002,0104,BridgeRefine-L1-seed2026,2026,0.832818,20.767923,0.073274,preds.pt#1691
1BB002,0105,BridgeRefine-L1-seed2026,2026,0.827199,20.650235,0.062507,preds.pt#1692
1BB002,0106,BridgeRefine-L1-seed2026,2026,0.824886,20.887846,0.066460,preds.pt#1693
1BB002,0107,BridgeRefine-L1-seed2026,2026,0.828310,21.047874,0.069083,preds.pt#1694
1BB002,0108,BridgeRefine-L1-seed2026,2026,0.823716,20.756062,0.061108,preds.pt#1695
1BB002,0109,BridgeRefine-L1-seed2026,2026,0.829353,20.923655,0.065765,preds.pt#1696
1BB002,0110,BridgeRefine-L1-seed2026,2026,0.835506,21.115320,0.064438,preds.pt#1697
1BB002,0111,BridgeRefine-L1-seed2026,2026,0.821174,20.828454,0.066628,preds.pt#1698
1BB002,0112,BridgeRefine-L1-seed2026,2026,0.819107,20.515589,0.067619,preds.pt#1699
1BB002,0113,BridgeRefine-L1-seed2026,2026,0.815721,20.806454,0.071332,preds.pt#1700
1BB002,0114,BridgeRefine-L1-seed2026,2026,0.817441,20.896483,0.062216,preds.pt#1701
1BB002,0115,BridgeRefine-L1-seed2026,2026,0.812319,20.379060,0.063535,preds.pt#1702
1BB002,0116,BridgeRefine-L1-seed2026,2026,0.815936,20.326791,0.064237,preds.pt#1703
1BB002,0117,BridgeRefine-L1-seed2026,2026,0.819901,20.464484,0.067068,preds.pt#1704
1BB002,0118,BridgeRefine-L1-seed2026,2026,0.826037,20.534709,0.064406,preds.pt#1705
1BB002,0119,BridgeRefine-L1-seed2026,2026,0.822363,20.590112,0.067224,preds.pt#1706
1BB002,0120,BridgeRefine-L1-seed2026,2026,0.802643,19.747015,0.071338,preds.pt#1707
1BB002,0121,BridgeRefine-L1-seed2026,2026,0.816941,20.291572,0.056790,preds.pt#1708
1BB002,0122,BridgeRefine-L1-seed2026,2026,0.823810,20.735421,0.064178,preds.pt#1709
1BB002,0123,BridgeRefine-L1-seed2026,2026,0.819767,20.285467,0.059704,preds.pt#1710
1BB002,0124,BridgeRefine-L1-seed2026,2026,0.819770,20.197324,0.060054,preds.pt#1711
1BB002,0125,BridgeRefine-L1-seed2026,2026,0.826542,20.378313,0.058599,preds.pt#1712
1BB002,0126,BridgeRefine-L1-seed2026,2026,0.840456,20.785510,0.065358,preds.pt#1713
1BB002,0127,BridgeRefine-L1-seed2026,2026,0.849826,21.024663,0.052129,preds.pt#1714
1BB002,0128,BridgeRefine-L1-seed2026,2026,0.831755,20.436203,0.047992,preds.pt#1715
1BB002,0129,BridgeRefine-L1-seed2026,2026,0.831290,20.373385,0.055991,preds.pt#1716
1BB002,0130,BridgeRefine-L1-seed2026,2026,0.828149,20.541215,0.053876,preds.pt#1717
1BB002,0131,BridgeRefine-L1-seed2026,2026,0.831831,20.701620,0.051226,preds.pt#1718
1BB002,0132,BridgeRefine-L1-seed2026,2026,0.835288,20.710474,0.046063,preds.pt#1719
1BB002,0133,BridgeRefine-L1-seed2026,2026,0.842469,21.138956,0.052322,preds.pt#1720
1BB002,0134,BridgeRefine-L1-seed2026,2026,0.847487,21.258505,0.050403,preds.pt#1721
1BB002,0135,BridgeRefine-L1-seed2026,2026,0.847013,21.237583,0.054230,preds.pt#1722
1BB002,0136,BridgeRefine-L1-seed2026,2026,0.846056,21.279465,0.052347,preds.pt#1723
1BB002,0137,BridgeRefine-L1-seed2026,2026,0.838608,21.084271,0.039452,preds.pt#1724
1BB002,0138,BridgeRefine-L1-seed2026,2026,0.836369,21.039643,0.044903,preds.pt#1725
1BB002,0139,BridgeRefine-L1-seed2026,2026,0.851842,21.486868,0.053913,preds.pt#1726
1BB002,0140,BridgeRefine-L1-seed2026,2026,0.845348,21.574481,0.041262,preds.pt#1727
1BB002,0141,BridgeRefine-L1-seed2026,2026,0.844621,21.397634,0.046387,preds.pt#1728
1BB002,0142,BridgeRefine-L1-seed2026,2026,0.851292,21.439360,0.050572,preds.pt#1729
1BB002,0143,BridgeRefine-L1-seed2026,2026,0.852587,21.405225,0.045914,preds.pt#1730
1BB002,0144,BridgeRefine-L1-seed2026,2026,0.854093,21.273815,0.042182,preds.pt#1731
1BB002,0145,BridgeRefine-L1-seed2026,2026,0.868239,21.679162,0.037333,preds.pt#1732
1BB002,0146,BridgeRefine-L1-seed2026,2026,0.848165,20.913133,0.044451,preds.pt#1733
1BB002,0147,BridgeRefine-L1-seed2026,2026,0.865191,21.688919,0.036298,preds.pt#1734
1BB002,0148,BridgeRefine-L1-seed2026,2026,0.869248,21.681491,0.035649,preds.pt#1735
1BB002,0149,BridgeRefine-L1-seed2026,2026,0.870739,21.247180,0.038379,preds.pt#1736
1BB002,0150,BridgeRefine-L1-seed2026,2026,0.874022,21.689624,0.039221,preds.pt#1737
1BB002,0151,BridgeRefine-L1-seed2026,2026,0.869006,21.634115,0.049585,preds.pt#1738
1BB002,0152,BridgeRefine-L1-seed2026,2026,0.865388,21.511034,0.039157,preds.pt#1739
1BB002,0153,BridgeRefine-L1-seed2026,2026,0.855170,21.726014,0.041180,preds.pt#1740
1BB002,0154,BridgeRefine-L1-seed2026,2026,0.868248,22.102691,0.040518,preds.pt#1741
1BB002,0155,BridgeRefine-L1-seed2026,2026,0.864690,21.805235,0.038153,preds.pt#1742
1BB002,0156,BridgeRefine-L1-seed2026,2026,0.872464,22.398341,0.040427,preds.pt#1743
1BB002,0157,BridgeRefine-L1-seed2026,2026,0.880967,22.120923,0.035636,preds.pt#1744
1BB002,0158,BridgeRefine-L1-seed2026,2026,0.882563,21.773724,0.034914,preds.pt#1745
1BB002,0159,BridgeRefine-L1-seed2026,2026,0.872461,21.564627,0.045410,preds.pt#1746
1BB002,0160,BridgeRefine-L1-seed2026,2026,0.873339,22.062796,0.049237,preds.pt#1747
1BB002,0161,BridgeRefine-L1-seed2026,2026,0.872894,22.721730,0.046375,preds.pt#1748
1BB002,0162,BridgeRefine-L1-seed2026,2026,0.886855,24.708458,0.041709,preds.pt#1749
1BB002,0163,BridgeRefine-L1-seed2026,2026,0.882549,24.643481,0.049833,preds.pt#1750
1BB002,0164,BridgeRefine-L1-seed2026,2026,0.877027,25.427397,0.035564,preds.pt#1751
1BB002,0165,BridgeRefine-L1-seed2026,2026,0.868208,23.065130,0.060571,preds.pt#1752
1BB002,0166,BridgeRefine-L1-seed2026,2026,0.860773,24.412461,0.041176,preds.pt#1753
1BB002,0167,BridgeRefine-L1-seed2026,2026,0.779857,23.077725,0.069145,preds.pt#1754
1BB002,0168,BridgeRefine-L1-seed2026,2026,0.771420,23.178995,0.107526,preds.pt#1755
1BB002,0169,BridgeRefine-L1-seed2026,2026,0.771146,24.681121,0.046598,preds.pt#1756
1BB003,0000,BridgeRefine-L1-seed2026,2026,0.721951,20.810563,0.451884,preds.pt#1757
1BB003,0001,BridgeRefine-L1-seed2026,2026,0.760626,19.078816,0.397668,preds.pt#1758
1BB003,0002,BridgeRefine-L1-seed2026,2026,0.762213,21.041428,0.367653,preds.pt#1759
1BB003,0003,BridgeRefine-L1-seed2026,2026,0.740519,21.282031,0.359300,preds.pt#1760
1BB003,0004,BridgeRefine-L1-seed2026,2026,0.711464,19.289100,0.354400,preds.pt#1761
1BB003,0005,BridgeRefine-L1-seed2026,2026,0.732710,19.047400,0.340520,preds.pt#1762
1BB003,0006,BridgeRefine-L1-seed2026,2026,0.718273,19.307861,0.326071,preds.pt#1763
1BB003,0007,BridgeRefine-L1-seed2026,2026,0.737797,17.879238,0.289081,preds.pt#1764
1BB003,0008,BridgeRefine-L1-seed2026,2026,0.660236,16.386196,0.325524,preds.pt#1765
1BB003,0009,BridgeRefine-L1-seed2026,2026,0.697726,16.493508,0.295310,preds.pt#1766
1BB003,0010,BridgeRefine-L1-seed2026,2026,0.654385,14.789262,0.321789,preds.pt#1767
1BB003,0011,BridgeRefine-L1-seed2026,2026,0.690399,15.406123,0.304431,preds.pt#1768
1BB003,0012,BridgeRefine-L1-seed2026,2026,0.662264,14.843686,0.273861,preds.pt#1769
1BB003,0013,BridgeRefine-L1-seed2026,2026,0.687838,13.637604,0.305206,preds.pt#1770
1BB003,0014,BridgeRefine-L1-seed2026,2026,0.656163,14.764312,0.251987,preds.pt#1771
1BB003,0015,BridgeRefine-L1-seed2026,2026,0.662784,14.964290,0.219721,preds.pt#1772
1BB003,0016,BridgeRefine-L1-seed2026,2026,0.660627,14.100008,0.248671,preds.pt#1773
1BB003,0017,BridgeRefine-L1-seed2026,2026,0.649304,12.927984,0.290977,preds.pt#1774
1BB003,0018,BridgeRefine-L1-seed2026,2026,0.641930,13.305178,0.299685,preds.pt#1775
1BB003,0019,BridgeRefine-L1-seed2026,2026,0.617626,12.944175,0.296408,preds.pt#1776
1BB003,0020,BridgeRefine-L1-seed2026,2026,0.655152,15.208429,0.208127,preds.pt#1777
1BB003,0021,BridgeRefine-L1-seed2026,2026,0.643931,14.477296,0.247793,preds.pt#1778
1BB003,0022,BridgeRefine-L1-seed2026,2026,0.670926,15.743559,0.221920,preds.pt#1779
1BB003,0023,BridgeRefine-L1-seed2026,2026,0.628870,12.862396,0.315967,preds.pt#1780
1BB003,0024,BridgeRefine-L1-seed2026,2026,0.634313,13.012968,0.323871,preds.pt#1781
1BB003,0025,BridgeRefine-L1-seed2026,2026,0.673409,14.366065,0.253439,preds.pt#1782
1BB003,0026,BridgeRefine-L1-seed2026,2026,0.698992,16.107395,0.213783,preds.pt#1783
1BB003,0027,BridgeRefine-L1-seed2026,2026,0.664700,13.255747,0.278413,preds.pt#1784
1BB003,0028,BridgeRefine-L1-seed2026,2026,0.718546,16.646105,0.166119,preds.pt#1785
1BB003,0029,BridgeRefine-L1-seed2026,2026,0.664062,13.172384,0.267857,preds.pt#1786
1BB003,0030,BridgeRefine-L1-seed2026,2026,0.710423,15.867026,0.199522,preds.pt#1787
1BB003,0031,BridgeRefine-L1-seed2026,2026,0.730071,16.971146,0.185563,preds.pt#1788
1BB003,0032,BridgeRefine-L1-seed2026,2026,0.704156,15.796747,0.229406,preds.pt#1789
1BB003,0033,BridgeRefine-L1-seed2026,2026,0.729846,17.250719,0.187112,preds.pt#1790
1BB003,0034,BridgeRefine-L1-seed2026,2026,0.672918,14.177724,0.265476,preds.pt#1791
1BB003,0035,BridgeRefine-L1-seed2026,2026,0.736737,17.298894,0.184901,preds.pt#1792
1BB003,0036,BridgeRefine-L1-seed2026,2026,0.739158,17.302627,0.170582,preds.pt#1793
1BB003,0037,BridgeRefine-L1-seed2026,2026,0.652120,13.434261,0.241321,preds.pt#1794
1BB003,0038,BridgeRefine-L1-seed2026,2026,0.744821,17.512707,0.159460,preds.pt#1795
1BB003,0039,BridgeRefine-L1-seed2026,2026,0.681225,14.516165,0.232504,preds.pt#1796
1BB003,0040,BridgeRefine-L1-seed2026,2026,0.691312,14.888771,0.230865,preds.pt#1797
1BB003,0041,BridgeRefine-L1-seed2026,2026,0.740927,17.554358,0.162264,preds.pt#1798
1BB003,0042,BridgeRefine-L1-seed2026,2026,0.738645,17.363532,0.160338,preds.pt#1799
1BB003,0043,BridgeRefine-L1-seed2026,2026,0.690894,14.801705,0.238619,preds.pt#1800
1BB003,0044,BridgeRefine-L1-seed2026,2026,0.752455,17.697867,0.151812,preds.pt#1801
1BB003,0045,BridgeRefine-L1-seed2026,2026,0.755795,17.667057,0.150281,preds.pt#1802
1BB003,0046,BridgeRefine-L1-seed2026,2026,0.751080,17.371542,0.164676,preds.pt#1803
1BB003,0047,BridgeRefine-L1-seed2026,2026,0.762823,17.783190,0.165677,preds.pt#1804
1BB003,0048,BridgeRefine-L1-seed2026,2026,0.758158,17.576077,0.156758,preds.pt#1805
1BB003,0049,BridgeRefine-L1-seed2026,2026,0.760870,17.186155,0.156000,preds.pt#1806
1BB003,0050,BridgeRefine-L1-seed2026,2026,0.759744,17.082390,0.169123,preds.pt#1807
1BB003,0051,BridgeRefine-L1-seed2026,2026,0.765086,17.436237,0.152160,preds.pt#1808
1BB003,0052,BridgeRefine-L1-seed2026,2026,0.767747,17.728884,0.143822,preds.pt#1809
1BB003,0053,BridgeRefine-L1-seed2026,2026,0.767935,17.759881,0.162144,preds.pt#1810
1BB003,0054,BridgeRefine-L1-seed2026,2026,0.763413,17.640913,0.169158,preds.pt#1811
1BB003,0055,BridgeRefine-L1-seed2026,2026,0.770641,17.976246,0.155899,preds.pt#1812
1BB003,0056,BridgeRefine-L1-seed2026,2026,0.771464,18.286806,0.150231,preds.pt#1813
1BB003,0057,BridgeRefine-L1-seed2026,2026,0.765503,18.154526,0.157790,preds.pt#1814
1BB003,0058,BridgeRefine-L1-seed2026,2026,0.764074,18.263981,0.170096,preds.pt#1815
1BB003,0059,BridgeRefine-L1-seed2026,2026,0.765894,18.248834,0.149975,preds.pt#1816
1BB003,0060,BridgeRefine-L1-seed2026,2026,0.764344,18.072184,0.149089,preds.pt#1817
1BB003,0061,BridgeRefine-L1-seed2026,2026,0.768287,18.064026,0.133318,preds.pt#1818
1BB003,0062,BridgeRefine-L1-seed2026,2026,0.757518,17.727491,0.140873,preds.pt#1819
1BB003,0063,BridgeRefine-L1-seed2026,2026,0.767954,17.697258,0.134726,preds.pt#1820
1BB003,0064,BridgeRefine-L1-seed2026,2026,0.768476,17.650755,0.124841,preds.pt#1821
1BB003,0065,BridgeRefine-L1-seed2026,2026,0.766547,17.571565,0.130940,preds.pt#1822
1BB003,0066,BridgeRefine-L1-seed2026,2026,0.776935,17.831612,0.124620,preds.pt#1823
1BB003,0067,BridgeRefine-L1-seed2026,2026,0.780461,17.893231,0.141400,preds.pt#1824
1BB003,0068,BridgeRefine-L1-seed2026,2026,0.771167,17.849132,0.140937,preds.pt#1825
1BB003,0069,BridgeRefine-L1-seed2026,2026,0.769285,17.784282,0.123953,preds.pt#1826
1BB003,0070,BridgeRefine-L1-seed2026,2026,0.774610,18.114339,0.135528,preds.pt#1827
1BB003,0071,BridgeRefine-L1-seed2026,2026,0.780442,18.316099,0.127183,preds.pt#1828
1BB003,0072,BridgeRefine-L1-seed2026,2026,0.770053,18.130432,0.125477,preds.pt#1829
1BB003,0073,BridgeRefine-L1-seed2026,2026,0.768404,18.171309,0.124935,preds.pt#1830
1BB003,0074,BridgeRefine-L1-seed2026,2026,0.772013,18.311393,0.120613,preds.pt#1831
1BB003,0075,BridgeRefine-L1-seed2026,2026,0.773875,18.571777,0.115746,preds.pt#1832
1BB003,0076,BridgeRefine-L1-seed2026,2026,0.774407,18.732188,0.112964,preds.pt#1833
1BB003,0077,BridgeRefine-L1-seed2026,2026,0.759032,18.404414,0.127450,preds.pt#1834
1BB003,0078,BridgeRefine-L1-seed2026,2026,0.741319,17.998340,0.124396,preds.pt#1835
1BB003,0079,BridgeRefine-L1-seed2026,2026,0.725698,17.735602,0.119311,preds.pt#1836
1BB003,0080,BridgeRefine-L1-seed2026,2026,0.734571,17.969659,0.114986,preds.pt#1837
1BB003,0081,BridgeRefine-L1-seed2026,2026,0.745048,18.293287,0.112542,preds.pt#1838
1BB003,0082,BridgeRefine-L1-seed2026,2026,0.745578,18.064870,0.112582,preds.pt#1839
1BB003,0083,BridgeRefine-L1-seed2026,2026,0.750168,18.327761,0.114883,preds.pt#1840
1BB003,0084,BridgeRefine-L1-seed2026,2026,0.748308,18.268640,0.102957,preds.pt#1841
1BB003,0085,BridgeRefine-L1-seed2026,2026,0.754180,18.087482,0.104236,preds.pt#1842
1BB003,0086,BridgeRefine-L1-seed2026,2026,0.756473,18.082369,0.095707,preds.pt#1843
1BB003,0087,BridgeRefine-L1-seed2026,2026,0.768530,18.501751,0.095133,preds.pt#1844
1BB003,0088,BridgeRefine-L1-seed2026,2026,0.788617,18.926668,0.089674,preds.pt#1845
1BB003,0089,BridgeRefine-L1-seed2026,2026,0.783772,18.679809,0.094586,preds.pt#1846
1BB003,0090,BridgeRefine-L1-seed2026,2026,0.793270,18.786909,0.090425,preds.pt#1847
1BB003,0091,BridgeRefine-L1-seed2026,2026,0.792314,18.640775,0.083057,preds.pt#1848
1BB003,0092,BridgeRefine-L1-seed2026,2026,0.789601,18.586088,0.085324,preds.pt#1849
1BB003,0093,BridgeRefine-L1-seed2026,2026,0.794174,19.116566,0.084197,preds.pt#1850
1BB003,0094,BridgeRefine-L1-seed2026,2026,0.802853,19.188395,0.079158,preds.pt#1851
1BB003,0095,BridgeRefine-L1-seed2026,2026,0.802876,19.124415,0.083095,preds.pt#1852
1BB003,0096,BridgeRefine-L1-seed2026,2026,0.809285,19.301433,0.094711,preds.pt#1853
1BB003,0097,BridgeRefine-L1-seed2026,2026,0.797721,19.135028,0.100875,preds.pt#1854
1BB003,0098,BridgeRefine-L1-seed2026,2026,0.790017,18.952930,0.102726,preds.pt#1855
1BB003,0099,BridgeRefine-L1-seed2026,2026,0.780536,19.028090,0.088140,preds.pt#1856
1BB003,0100,BridgeRefine-L1-seed2026,2026,0.783003,19.029412,0.099537,preds.pt#1857
1BB003,0101,BridgeRefine-L1-seed2026,2026,0.777572,19.074727,0.087681,preds.pt#1858
1BB003,0102,BridgeRefine-L1-seed2026,2026,0.774289,18.933272,0.103115,preds.pt#1859
1BB003,0103,BridgeRefine-L1-seed2026,2026,0.766644,18.950531,0.097236,preds.pt#1860
1BB003,0104,BridgeRefine-L1-seed2026,2026,0.775652,19.040091,0.082149,preds.pt#1861
1BB003,0105,BridgeRefine-L1-seed2026,2026,0.792250,19.532869,0.088430,preds.pt#1862
1BB003,0106,BridgeRefine-L1-seed2026,2026,0.784238,19.381602,0.076055,preds.pt#1863
1BB003,0107,BridgeRefine-L1-seed2026,2026,0.796112,19.599727,0.079686,preds.pt#1864
1BB003,0108,BridgeRefine-L1-seed2026,2026,0.794348,19.606917,0.091268,preds.pt#1865
1BB003,0109,BridgeRefine-L1-seed2026,2026,0.781078,19.291430,0.094815,preds.pt#1866
1BB003,0110,BridgeRefine-L1-seed2026,2026,0.799966,19.613930,0.088145,preds.pt#1867
1BB003,0111,BridgeRefine-L1-seed2026,2026,0.738563,18.127543,0.094788,preds.pt#1868
1BB003,0112,BridgeRefine-L1-seed2026,2026,0.744286,18.376545,0.091490,preds.pt#1869
1BB003,0113,BridgeRefine-L1-seed2026,2026,0.734808,18.262510,0.093088,preds.pt#1870
1BB003,0114,BridgeRefine-L1-seed2026,2026,0.754783,18.497567,0.087430,preds.pt#1871
1BB003,0115,BridgeRefine-L1-seed2026,2026,0.748430,18.620500,0.090868,preds.pt#1872
1BB003,0116,BridgeRefine-L1-seed2026,2026,0.740950,18.662326,0.092924,preds.pt#1873
1BB003,0117,BridgeRefine-L1-seed2026,2026,0.745095,18.545510,0.088931,preds.pt#1874
1BB003,0118,BridgeRefine-L1-seed2026,2026,0.735221,18.269248,0.088928,preds.pt#1875
1BB003,0119,BridgeRefine-L1-seed2026,2026,0.732423,18.272286,0.087110,preds.pt#1876
1BB003,0120,BridgeRefine-L1-seed2026,2026,0.755520,18.710490,0.084246,preds.pt#1877
1BB003,0121,BridgeRefine-L1-seed2026,2026,0.748767,18.569130,0.078356,preds.pt#1878
1BB003,0122,BridgeRefine-L1-seed2026,2026,0.740400,18.384668,0.080969,preds.pt#1879
1BB003,0123,BridgeRefine-L1-seed2026,2026,0.770223,19.050646,0.081734,preds.pt#1880
1BB003,0124,BridgeRefine-L1-seed2026,2026,0.782809,19.430425,0.067172,preds.pt#1881
1BB003,0125,BridgeRefine-L1-seed2026,2026,0.788736,19.710015,0.076948,preds.pt#1882
1BB003,0126,BridgeRefine-L1-seed2026,2026,0.794598,19.724848,0.072036,preds.pt#1883
1BB003,0127,BridgeRefine-L1-seed2026,2026,0.795560,19.670225,0.077345,preds.pt#1884
1BB003,0128,BridgeRefine-L1-seed2026,2026,0.805161,19.956840,0.067932,preds.pt#1885
1BB003,0129,BridgeRefine-L1-seed2026,2026,0.813469,20.020364,0.070796,preds.pt#1886
1BB003,0130,BridgeRefine-L1-seed2026,2026,0.800062,19.883434,0.069349,preds.pt#1887
1BB003,0131,BridgeRefine-L1-seed2026,2026,0.818236,20.429853,0.064490,preds.pt#1888
1BB003,0132,BridgeRefine-L1-seed2026,2026,0.810907,20.227659,0.068452,preds.pt#1889
1BB003,0133,BridgeRefine-L1-seed2026,2026,0.813297,20.485526,0.063867,preds.pt#1890
1BB003,0134,BridgeRefine-L1-seed2026,2026,0.811616,20.230379,0.064317,preds.pt#1891
1BB003,0135,BridgeRefine-L1-seed2026,2026,0.801023,19.859254,0.066476,preds.pt#1892
1BB003,0136,BridgeRefine-L1-seed2026,2026,0.806938,20.003556,0.060401,preds.pt#1893
1BB003,0137,BridgeRefine-L1-seed2026,2026,0.806340,20.062685,0.072394,preds.pt#1894
1BB003,0138,BridgeRefine-L1-seed2026,2026,0.802574,19.860782,0.067158,preds.pt#1895
1BB003,0139,BridgeRefine-L1-seed2026,2026,0.782546,19.393107,0.059019,preds.pt#1896
1BB003,0140,BridgeRefine-L1-seed2026,2026,0.790430,19.783990,0.061853,preds.pt#1897
1BB003,0141,BridgeRefine-L1-seed2026,2026,0.812275,20.410175,0.055011,preds.pt#1898
1BB003,0142,BridgeRefine-L1-seed2026,2026,0.789033,19.705551,0.063423,preds.pt#1899
1BB003,0143,BridgeRefine-L1-seed2026,2026,0.795971,19.771608,0.072371,preds.pt#1900
1BB003,0144,BridgeRefine-L1-seed2026,2026,0.797363,19.970564,0.071673,preds.pt#1901
1BB003,0145,BridgeRefine-L1-seed2026,2026,0.803879,19.928974,0.058610,preds.pt#1902
1BB003,0146,BridgeRefine-L1-seed2026,2026,0.800722,19.869379,0.050327,preds.pt#1903
1BB003,0147,BridgeRefine-L1-seed2026,2026,0.786780,19.477153,0.059314,preds.pt#1904
1BB003,0148,BridgeRefine-L1-seed2026,2026,0.790223,19.343267,0.059727,preds.pt#1905
1BB003,0149,BridgeRefine-L1-seed2026,2026,0.789889,19.259565,0.067117,preds.pt#1906
1BB003,0150,BridgeRefine-L1-seed2026,2026,0.787171,19.251020,0.057350,preds.pt#1907
1BB003,0151,BridgeRefine-L1-seed2026,2026,0.779451,18.988879,0.054867,preds.pt#1908
1BB003,0152,BridgeRefine-L1-seed2026,2026,0.803538,19.329053,0.055491,preds.pt#1909
1BB003,0153,BridgeRefine-L1-seed2026,2026,0.800937,19.136154,0.064223,preds.pt#1910
1BB003,0154,BridgeRefine-L1-seed2026,2026,0.796957,18.985050,0.061304,preds.pt#1911
1BB003,0155,BridgeRefine-L1-seed2026,2026,0.796643,18.932167,0.068465,preds.pt#1912
1BB003,0156,BridgeRefine-L1-seed2026,2026,0.798322,18.978992,0.059138,preds.pt#1913
1BB003,0157,BridgeRefine-L1-seed2026,2026,0.782141,18.517151,0.065245,preds.pt#1914
1BB003,0158,BridgeRefine-L1-seed2026,2026,0.785064,18.368613,0.068911,preds.pt#1915
1BB003,0159,BridgeRefine-L1-seed2026,2026,0.782375,18.406103,0.068496,preds.pt#1916
1BB003,0160,BridgeRefine-L1-seed2026,2026,0.788581,18.275415,0.072963,preds.pt#1917
1BB003,0161,BridgeRefine-L1-seed2026,2026,0.783741,18.261670,0.073439,preds.pt#1918
1BB003,0162,BridgeRefine-L1-seed2026,2026,0.793715,18.289807,0.061483,preds.pt#1919
1BB003,0163,BridgeRefine-L1-seed2026,2026,0.796545,18.283083,0.062240,preds.pt#1920
1BB003,0164,BridgeRefine-L1-seed2026,2026,0.782497,17.996254,0.068044,preds.pt#1921
1BB003,0165,BridgeRefine-L1-seed2026,2026,0.772380,17.978970,0.073909,preds.pt#1922
1BB003,0166,BridgeRefine-L1-seed2026,2026,0.795475,18.463254,0.059218,preds.pt#1923
1BB003,0167,BridgeRefine-L1-seed2026,2026,0.788860,18.570597,0.065062,preds.pt#1924
1BB003,0168,BridgeRefine-L1-seed2026,2026,0.795912,18.805362,0.067511,preds.pt#1925
1BB003,0169,BridgeRefine-L1-seed2026,2026,0.808523,19.044229,0.063115,preds.pt#1926
1BB003,0170,BridgeRefine-L1-seed2026,2026,0.812795,19.243110,0.067996,preds.pt#1927
1BB003,0171,BridgeRefine-L1-seed2026,2026,0.818003,19.902778,0.060389,preds.pt#1928
1BB003,0172,BridgeRefine-L1-seed2026,2026,0.846011,20.546924,0.053412,preds.pt#1929
1BB003,0173,BridgeRefine-L1-seed2026,2026,0.837182,20.766855,0.053735,preds.pt#1930
1BB003,0174,BridgeRefine-L1-seed2026,2026,0.862069,20.922711,0.053898,preds.pt#1931
1BB003,0175,BridgeRefine-L1-seed2026,2026,0.864411,21.089205,0.055779,preds.pt#1932
1BB003,0176,BridgeRefine-L1-seed2026,2026,0.869224,20.588760,0.051255,preds.pt#1933
1BB003,0177,BridgeRefine-L1-seed2026,2026,0.876610,20.792847,0.055192,preds.pt#1934
1BB003,0178,BridgeRefine-L1-seed2026,2026,0.864386,20.588549,0.068441,preds.pt#1935
1BB003,0179,BridgeRefine-L1-seed2026,2026,0.865192,20.954833,0.067253,preds.pt#1936
1BB003,0180,BridgeRefine-L1-seed2026,2026,0.864790,21.269955,0.053279,preds.pt#1937
1BB003,0181,BridgeRefine-L1-seed2026,2026,0.875999,21.817946,0.063349,preds.pt#1938
1BB003,0182,BridgeRefine-L1-seed2026,2026,0.862167,20.212503,0.058765,preds.pt#1939
1BB003,0183,BridgeRefine-L1-seed2026,2026,0.877469,20.542933,0.049271,preds.pt#1940
1BB003,0184,BridgeRefine-L1-seed2026,2026,0.875086,21.359373,0.052779,preds.pt#1941
1BB003,0185,BridgeRefine-L1-seed2026,2026,0.892120,22.256569,0.049464,preds.pt#1942
1BB003,0186,BridgeRefine-L1-seed2026,2026,0.884286,22.920097,0.051745,preds.pt#1943
1BB003,0187,BridgeRefine-L1-seed2026,2026,0.871459,23.205166,0.060626,preds.pt#1944
1BB003,0188,BridgeRefine-L1-seed2026,2026,0.881613,25.999177,0.033595,preds.pt#1945
1BB003,0189,BridgeRefine-L1-seed2026,2026,0.850106,25.865381,0.031763,preds.pt#1946
1BB003,0190,BridgeRefine-L1-seed2026,2026,0.860235,26.235130,0.029561,preds.pt#1947
1BB003,0191,BridgeRefine-L1-seed2026,2026,0.859735,25.954711,0.045089,preds.pt#1948
1BB003,0192,BridgeRefine-L1-seed2026,2026,0.825379,25.330107,0.046805,preds.pt#1949
1BB003,0193,BridgeRefine-L1-seed2026,2026,0.795347,22.981882,0.063362,preds.pt#1950
1BB008,0000,BridgeRefine-L1-seed2026,2026,0.592357,11.905263,0.461738,preds.pt#1951
1BB008,0001,BridgeRefine-L1-seed2026,2026,0.622094,13.687295,0.337639,preds.pt#1952
1BB008,0002,BridgeRefine-L1-seed2026,2026,0.678792,16.911718,0.202604,preds.pt#1953
1BB008,0003,BridgeRefine-L1-seed2026,2026,0.686970,17.029422,0.192650,preds.pt#1954
1BB008,0004,BridgeRefine-L1-seed2026,2026,0.692479,17.155474,0.194279,preds.pt#1955
1BB008,0005,BridgeRefine-L1-seed2026,2026,0.665381,15.670475,0.215559,preds.pt#1956
1BB008,0006,BridgeRefine-L1-seed2026,2026,0.684311,16.846862,0.195555,preds.pt#1957
1BB008,0007,BridgeRefine-L1-seed2026,2026,0.682446,16.770204,0.192545,preds.pt#1958
1BB008,0008,BridgeRefine-L1-seed2026,2026,0.678382,16.666982,0.195397,preds.pt#1959
1BB008,0009,BridgeRefine-L1-seed2026,2026,0.679092,16.493376,0.220534,preds.pt#1960
1BB008,0010,BridgeRefine-L1-seed2026,2026,0.694368,16.725974,0.195711,preds.pt#1961
1BB008,0011,BridgeRefine-L1-seed2026,2026,0.685099,16.847062,0.195352,preds.pt#1962
1BB008,0012,BridgeRefine-L1-seed2026,2026,0.700250,17.162547,0.179438,preds.pt#1963
1BB008,0013,BridgeRefine-L1-seed2026,2026,0.682242,16.318528,0.206108,preds.pt#1964
1BB008,0014,BridgeRefine-L1-seed2026,2026,0.657757,14.842391,0.251793,preds.pt#1965
1BB008,0015,BridgeRefine-L1-seed2026,2026,0.677261,15.566689,0.214043,preds.pt#1966
1BB008,0016,BridgeRefine-L1-seed2026,2026,0.704793,16.432160,0.200660,preds.pt#1967
1BB008,0017,BridgeRefine-L1-seed2026,2026,0.733143,17.807874,0.169203,preds.pt#1968
1BB008,0018,BridgeRefine-L1-seed2026,2026,0.662252,14.604051,0.232800,preds.pt#1969
1BB008,0019,BridgeRefine-L1-seed2026,2026,0.734928,17.877447,0.174011,preds.pt#1970
1BB008,0020,BridgeRefine-L1-seed2026,2026,0.733494,17.669269,0.188478,preds.pt#1971
1BB008,0021,BridgeRefine-L1-seed2026,2026,0.725132,17.409309,0.189332,preds.pt#1972
1BB008,0022,BridgeRefine-L1-seed2026,2026,0.729591,17.662979,0.193995,preds.pt#1973
1BB008,0023,BridgeRefine-L1-seed2026,2026,0.733402,17.742596,0.192865,preds.pt#1974
1BB008,0024,BridgeRefine-L1-seed2026,2026,0.744749,18.111419,0.173202,preds.pt#1975
1BB008,0025,BridgeRefine-L1-seed2026,2026,0.747317,18.048421,0.162396,preds.pt#1976
1BB008,0026,BridgeRefine-L1-seed2026,2026,0.747072,17.882254,0.165690,preds.pt#1977
1BB008,0027,BridgeRefine-L1-seed2026,2026,0.750979,17.832487,0.173082,preds.pt#1978
1BB008,0028,BridgeRefine-L1-seed2026,2026,0.750937,17.855999,0.166099,preds.pt#1979
1BB008,0029,BridgeRefine-L1-seed2026,2026,0.753451,18.096272,0.159222,preds.pt#1980
1BB008,0030,BridgeRefine-L1-seed2026,2026,0.749700,17.888161,0.150416,preds.pt#1981
1BB008,0031,BridgeRefine-L1-seed2026,2026,0.756750,18.054477,0.151933,preds.pt#1982
1BB008,0032,BridgeRefine-L1-seed2026,2026,0.744428,17.647311,0.158914,preds.pt#1983
1BB008,0033,BridgeRefine-L1-seed2026,2026,0.756604,18.093363,0.166944,preds.pt#1984
1BB008,0034,BridgeRefine-L1-seed2026,2026,0.755660,18.026579,0.158534,preds.pt#1985
1BB008,0035,BridgeRefine-L1-seed2026,2026,0.755289,17.954702,0.153783,preds.pt#1986
1BB008,0036,BridgeRefine-L1-seed2026,2026,0.753656,17.865940,0.152076,preds.pt#1987
1BB008,0037,BridgeRefine-L1-seed2026,2026,0.759313,18.082705,0.137964,preds.pt#1988
1BB008,0038,BridgeRefine-L1-seed2026,2026,0.764955,18.513175,0.142349,preds.pt#1989
1BB008,0039,BridgeRefine-L1-seed2026,2026,0.772146,18.659090,0.141744,preds.pt#1990
1BB008,0040,BridgeRefine-L1-seed2026,2026,0.772847,18.739834,0.126383,preds.pt#1991
1BB008,0041,BridgeRefine-L1-seed2026,2026,0.770555,18.902571,0.152276,preds.pt#1992
1BB008,0042,BridgeRefine-L1-seed2026,2026,0.769407,18.958259,0.151233,preds.pt#1993
1BB008,0043,BridgeRefine-L1-seed2026,2026,0.770642,18.815201,0.136889,preds.pt#1994
1BB008,0044,BridgeRefine-L1-seed2026,2026,0.766934,18.546482,0.139705,preds.pt#1995
1BB008,0045,BridgeRefine-L1-seed2026,2026,0.767199,18.456437,0.128357,preds.pt#1996
1BB008,0046,BridgeRefine-L1-seed2026,2026,0.771396,18.564081,0.138143,preds.pt#1997
1BB008,0047,BridgeRefine-L1-seed2026,2026,0.785334,18.840317,0.119285,preds.pt#1998
1BB008,0048,BridgeRefine-L1-seed2026,2026,0.779874,18.544629,0.103987,preds.pt#1999
1BB008,0049,BridgeRefine-L1-seed2026,2026,0.767361,18.249200,0.124574,preds.pt#2000
1BB008,0050,BridgeRefine-L1-seed2026,2026,0.767829,18.156859,0.141782,preds.pt#2001
1BB008,0051,BridgeRefine-L1-seed2026,2026,0.761450,18.106940,0.144113,preds.pt#2002
1BB008,0052,BridgeRefine-L1-seed2026,2026,0.768398,18.505230,0.136382,preds.pt#2003
1BB008,0053,BridgeRefine-L1-seed2026,2026,0.756159,18.284615,0.144779,preds.pt#2004
1BB008,0054,BridgeRefine-L1-seed2026,2026,0.759298,18.476569,0.140455,preds.pt#2005
1BB008,0055,BridgeRefine-L1-seed2026,2026,0.753463,18.393472,0.155124,preds.pt#2006
1BB008,0056,BridgeRefine-L1-seed2026,2026,0.751038,18.495647,0.155581,preds.pt#2007
1BB008,0057,BridgeRefine-L1-seed2026,2026,0.754934,18.537574,0.145950,preds.pt#2008
1BB008,0058,BridgeRefine-L1-seed2026,2026,0.742718,18.144945,0.143079,preds.pt#2009
1BB008,0059,BridgeRefine-L1-seed2026,2026,0.744126,18.431961,0.134812,preds.pt#2010
1BB008,0060,BridgeRefine-L1-seed2026,2026,0.736981,18.194285,0.134767,preds.pt#2011
1BB008,0061,BridgeRefine-L1-seed2026,2026,0.742975,18.226564,0.142767,preds.pt#2012
1BB008,0062,BridgeRefine-L1-seed2026,2026,0.730397,17.853697,0.165323,preds.pt#2013
1BB008,0063,BridgeRefine-L1-seed2026,2026,0.734915,18.058912,0.154511,preds.pt#2014
1BB008,0064,BridgeRefine-L1-seed2026,2026,0.723387,17.766723,0.154789,preds.pt#2015
1BB008,0065,BridgeRefine-L1-seed2026,2026,0.720313,17.953900,0.166311,preds.pt#2016
1BB008,0066,BridgeRefine-L1-seed2026,2026,0.712158,18.076853,0.155438,preds.pt#2017
1BB008,0067,BridgeRefine-L1-seed2026,2026,0.707727,17.957308,0.161870,preds.pt#2018
1BB008,0068,BridgeRefine-L1-seed2026,2026,0.694246,17.810272,0.184825,preds.pt#2019
1BB008,0069,BridgeRefine-L1-seed2026,2026,0.701957,17.996235,0.167303,preds.pt#2020
1BB008,0070,BridgeRefine-L1-seed2026,2026,0.707582,17.950406,0.155909,preds.pt#2021
1BB008,0071,BridgeRefine-L1-seed2026,2026,0.714387,17.944204,0.135128,preds.pt#2022
1BB008,0072,BridgeRefine-L1-seed2026,2026,0.700665,17.616190,0.143306,preds.pt#2023
1BB008,0073,BridgeRefine-L1-seed2026,2026,0.712278,17.752242,0.145393,preds.pt#2024
1BB008,0074,BridgeRefine-L1-seed2026,2026,0.708597,17.719346,0.156380,preds.pt#2025
1BB008,0075,BridgeRefine-L1-seed2026,2026,0.711003,17.392558,0.136889,preds.pt#2026
1BB008,0076,BridgeRefine-L1-seed2026,2026,0.716135,17.550702,0.135907,preds.pt#2027
1BB008,0077,BridgeRefine-L1-seed2026,2026,0.711307,17.707577,0.139039,preds.pt#2028
1BB008,0078,BridgeRefine-L1-seed2026,2026,0.716658,17.902649,0.144098,preds.pt#2029
1BB008,0079,BridgeRefine-L1-seed2026,2026,0.718966,17.966879,0.132900,preds.pt#2030
1BB008,0080,BridgeRefine-L1-seed2026,2026,0.717622,17.696324,0.125690,preds.pt#2031
1BB008,0081,BridgeRefine-L1-seed2026,2026,0.714121,17.926126,0.126697,preds.pt#2032
1BB008,0082,BridgeRefine-L1-seed2026,2026,0.705187,17.836919,0.132609,preds.pt#2033
1BB008,0083,BridgeRefine-L1-seed2026,2026,0.708184,17.991975,0.126275,preds.pt#2034
1BB008,0084,BridgeRefine-L1-seed2026,2026,0.701630,18.129854,0.132651,preds.pt#2035
1BB008,0085,BridgeRefine-L1-seed2026,2026,0.655118,17.240021,0.135266,preds.pt#2036
1BB008,0086,BridgeRefine-L1-seed2026,2026,0.661016,17.130420,0.130691,preds.pt#2037
1BB008,0087,BridgeRefine-L1-seed2026,2026,0.657850,17.181941,0.114054,preds.pt#2038
1BB008,0088,BridgeRefine-L1-seed2026,2026,0.674402,17.365340,0.109090,preds.pt#2039
1BB008,0089,BridgeRefine-L1-seed2026,2026,0.673066,17.494749,0.111910,preds.pt#2040
1BB008,0090,BridgeRefine-L1-seed2026,2026,0.678457,17.454445,0.106215,preds.pt#2041
1BB008,0091,BridgeRefine-L1-seed2026,2026,0.671448,17.252669,0.104035,preds.pt#2042
1BB008,0092,BridgeRefine-L1-seed2026,2026,0.680356,17.299944,0.106580,preds.pt#2043
1BB008,0093,BridgeRefine-L1-seed2026,2026,0.690753,17.552407,0.112544,preds.pt#2044
1BB008,0094,BridgeRefine-L1-seed2026,2026,0.692889,17.443595,0.109606,preds.pt#2045
1BB008,0095,BridgeRefine-L1-seed2026,2026,0.711410,17.931244,0.100886,preds.pt#2046
1BB008,0096,BridgeRefine-L1-seed2026,2026,0.706468,17.884568,0.107381,preds.pt#2047
1BB008,0097,BridgeRefine-L1-seed2026,2026,0.707125,18.037106,0.109311,preds.pt#2048
1BB008,0098,BridgeRefine-L1-seed2026,2026,0.714139,18.103555,0.109645,preds.pt#2049
1BB008,0099,BridgeRefine-L1-seed2026,2026,0.708512,18.042367,0.098916,preds.pt#2050
1BB008,0100,BridgeRefine-L1-seed2026,2026,0.707662,18.001693,0.094675,preds.pt#2051
1BB008,0101,BridgeRefine-L1-seed2026,2026,0.727814,18.353819,0.092623,preds.pt#2052
1BB008,0102,BridgeRefine-L1-seed2026,2026,0.734222,18.565636,0.100972,preds.pt#2053
1BB008,0103,BridgeRefine-L1-seed2026,2026,0.736203,18.545543,0.105697,preds.pt#2054
1BB008,0104,BridgeRefine-L1-seed2026,2026,0.748502,18.708027,0.105019,preds.pt#2055
1BB008,0105,BridgeRefine-L1-seed2026,2026,0.733014,18.278623,0.092700,preds.pt#2056
1BB008,0106,BridgeRefine-L1-seed2026,2026,0.734178,18.387808,0.096774,preds.pt#2057
1BB008,0107,BridgeRefine-L1-seed2026,2026,0.731915,18.313301,0.091085,preds.pt#2058
1BB008,0108,BridgeRefine-L1-seed2026,2026,0.741488,18.534211,0.089459,preds.pt#2059
1BB008,0109,BridgeRefine-L1-seed2026,2026,0.750952,18.555509,0.083027,preds.pt#2060
1BB008,0110,BridgeRefine-L1-seed2026,2026,0.743205,18.463142,0.086570,preds.pt#2061
1BB008,0111,BridgeRefine-L1-seed2026,2026,0.768750,19.194705,0.090679,preds.pt#2062
1BB008,0112,BridgeRefine-L1-seed2026,2026,0.777711,19.525047,0.086303,preds.pt#2063
1BB008,0113,BridgeRefine-L1-seed2026,2026,0.759886,19.176884,0.071920,preds.pt#2064
1BB008,0114,BridgeRefine-L1-seed2026,2026,0.768700,19.480054,0.060523,preds.pt#2065
1BB008,0115,BridgeRefine-L1-seed2026,2026,0.757451,19.278482,0.063327,preds.pt#2066
1BB008,0116,BridgeRefine-L1-seed2026,2026,0.762040,19.245811,0.066915,preds.pt#2067
1BB008,0117,BridgeRefine-L1-seed2026,2026,0.761731,19.366838,0.069854,preds.pt#2068
1BB008,0118,BridgeRefine-L1-seed2026,2026,0.767752,19.506288,0.071838,preds.pt#2069
1BB008,0119,BridgeRefine-L1-seed2026,2026,0.772205,19.552045,0.069323,preds.pt#2070
1BB008,0120,BridgeRefine-L1-seed2026,2026,0.754559,19.172019,0.073677,preds.pt#2071
1BB008,0121,BridgeRefine-L1-seed2026,2026,0.757936,19.010328,0.078150,preds.pt#2072
1BB008,0122,BridgeRefine-L1-seed2026,2026,0.752288,18.776193,0.078174,preds.pt#2073
1BB008,0123,BridgeRefine-L1-seed2026,2026,0.760300,18.788217,0.069850,preds.pt#2074
1BB008,0124,BridgeRefine-L1-seed2026,2026,0.746974,18.438453,0.067588,preds.pt#2075
1BB008,0125,BridgeRefine-L1-seed2026,2026,0.746657,18.525834,0.076405,preds.pt#2076
1BB008,0126,BridgeRefine-L1-seed2026,2026,0.747004,18.308943,0.079531,preds.pt#2077
1BB008,0127,BridgeRefine-L1-seed2026,2026,0.768623,18.685216,0.076435,preds.pt#2078
1BB008,0128,BridgeRefine-L1-seed2026,2026,0.761531,18.454255,0.073317,preds.pt#2079
1BB008,0129,BridgeRefine-L1-seed2026,2026,0.771491,18.711051,0.077472,preds.pt#2080
1BB008,0130,BridgeRefine-L1-seed2026,2026,0.764944,18.705288,0.074905,preds.pt#2081
1BB008,0131,BridgeRefine-L1-seed2026,2026,0.767014,18.794256,0.065037,preds.pt#2082
1BB008,0132,BridgeRefine-L1-seed2026,2026,0.754990,18.658336,0.061523,preds.pt#2083
1BB008,0133,BridgeRefine-L1-seed2026,2026,0.767785,18.918527,0.062936,preds.pt#2084
1BB008,0134,BridgeRefine-L1-seed2026,2026,0.772320,18.988417,0.056623,preds.pt#2085
1BB008,0135,BridgeRefine-L1-seed2026,2026,0.772571,18.961542,0.055796,preds.pt#2086
1BB008,0136,BridgeRefine-L1-seed2026,2026,0.779360,18.964979,0.065100,preds.pt#2087
1BB008,0137,BridgeRefine-L1-seed2026,2026,0.794933,19.459821,0.059749,preds.pt#2088
1BB008,0138,BridgeRefine-L1-seed2026,2026,0.808561,19.762822,0.052127,preds.pt#2089
1BB008,0139,BridgeRefine-L1-seed2026,2026,0.811378,19.675538,0.060245,preds.pt#2090
1BB008,0140,BridgeRefine-L1-seed2026,2026,0.811576,19.708846,0.056838,preds.pt#2091
1BB008,0141,BridgeRefine-L1-seed2026,2026,0.792428,19.252236,0.064526,preds.pt#2092
1BB008,0142,BridgeRefine-L1-seed2026,2026,0.803555,19.446132,0.060356,preds.pt#2093
1BB008,0143,BridgeRefine-L1-seed2026,2026,0.800823,19.502253,0.054360,preds.pt#2094
1BB008,0144,BridgeRefine-L1-seed2026,2026,0.806664,19.596037,0.055624,preds.pt#2095
1BB008,0145,BridgeRefine-L1-seed2026,2026,0.823075,19.941203,0.048575,preds.pt#2096
1BB008,0146,BridgeRefine-L1-seed2026,2026,0.819987,19.843873,0.046592,preds.pt#2097
1BB008,0147,BridgeRefine-L1-seed2026,2026,0.818706,19.806832,0.045259,preds.pt#2098
1BB008,0148,BridgeRefine-L1-seed2026,2026,0.823104,20.070707,0.049690,preds.pt#2099
1BB008,0149,BridgeRefine-L1-seed2026,2026,0.824827,20.264221,0.054051,preds.pt#2100
1BB008,0150,BridgeRefine-L1-seed2026,2026,0.822079,20.183008,0.054905,preds.pt#2101
1BB008,0151,BridgeRefine-L1-seed2026,2026,0.823233,20.262688,0.048887,preds.pt#2102
1BB008,0152,BridgeRefine-L1-seed2026,2026,0.823632,20.184350,0.042879,preds.pt#2103
1BB008,0153,BridgeRefine-L1-seed2026,2026,0.830303,20.098357,0.049602,preds.pt#2104
1BB008,0154,BridgeRefine-L1-seed2026,2026,0.830591,20.326136,0.052450,preds.pt#2105
1BB008,0155,BridgeRefine-L1-seed2026,2026,0.819997,20.101449,0.050069,preds.pt#2106
1BB008,0156,BridgeRefine-L1-seed2026,2026,0.835114,20.365370,0.057470,preds.pt#2107
1BB008,0157,BridgeRefine-L1-seed2026,2026,0.828947,20.433865,0.051416,preds.pt#2108
1BB008,0158,BridgeRefine-L1-seed2026,2026,0.826987,20.397721,0.046656,preds.pt#2109
1BB008,0159,BridgeRefine-L1-seed2026,2026,0.830732,20.532513,0.035704,preds.pt#2110
1BB008,0160,BridgeRefine-L1-seed2026,2026,0.834440,20.564607,0.043016,preds.pt#2111
1BB008,0161,BridgeRefine-L1-seed2026,2026,0.815910,20.475198,0.047284,preds.pt#2112
1BB008,0162,BridgeRefine-L1-seed2026,2026,0.816570,20.491594,0.049951,preds.pt#2113
1BB008,0163,BridgeRefine-L1-seed2026,2026,0.804294,19.909165,0.032941,preds.pt#2114
1BB008,0164,BridgeRefine-L1-seed2026,2026,0.787932,20.160859,0.048434,preds.pt#2115
1BB008,0165,BridgeRefine-L1-seed2026,2026,0.778455,19.706535,0.060678,preds.pt#2116
1BB008,0166,BridgeRefine-L1-seed2026,2026,0.774470,19.774547,0.064803,preds.pt#2117
1BB008,0167,BridgeRefine-L1-seed2026,2026,0.752303,19.231091,0.089764,preds.pt#2118
1BB008,0168,BridgeRefine-L1-seed2026,2026,0.748659,19.261869,0.102338,preds.pt#2119
1BB008,0169,BridgeRefine-L1-seed2026,2026,0.738923,19.304053,0.112614,preds.pt#2120
1BB008,0170,BridgeRefine-L1-seed2026,2026,0.747344,19.595322,0.113946,preds.pt#2121
1BB008,0171,BridgeRefine-L1-seed2026,2026,0.771144,20.396222,0.075793,preds.pt#2122
1BB008,0172,BridgeRefine-L1-seed2026,2026,0.754195,19.718314,0.086471,preds.pt#2123
1BB008,0173,BridgeRefine-L1-seed2026,2026,0.771715,19.593474,0.086988,preds.pt#2124
1BB008,0174,BridgeRefine-L1-seed2026,2026,0.789796,20.361141,0.090345,preds.pt#2125
1BB008,0175,BridgeRefine-L1-seed2026,2026,0.775060,21.144448,0.086104,preds.pt#2126
1BB008,0176,BridgeRefine-L1-seed2026,2026,0.753610,24.706502,0.047034,preds.pt#2127
1BB008,0177,BridgeRefine-L1-seed2026,2026,0.672314,21.051212,0.076733,preds.pt#2128
1BB200,0000,BridgeRefine-L1-seed2026,2026,0.603846,13.508298,0.472707,preds.pt#2129
1BB200,0001,BridgeRefine-L1-seed2026,2026,0.607641,13.005915,0.478778,preds.pt#2130
1BB200,0002,BridgeRefine-L1-seed2026,2026,0.620329,13.151023,0.476745,preds.pt#2131
1BB200,0003,BridgeRefine-L1-seed2026,2026,0.618688,13.944194,0.463416,preds.pt#2132
1BB200,0004,BridgeRefine-L1-seed2026,2026,0.619642,13.839377,0.442686,preds.pt#2133
1BB200,0005,BridgeRefine-L1-seed2026,2026,0.633680,14.026476,0.400286,preds.pt#2134
1BB200,0006,BridgeRefine-L1-seed2026,2026,0.643116,14.136357,0.410043,preds.pt#2135
1BB200,0007,BridgeRefine-L1-seed2026,2026,0.649154,13.854252,0.372713,preds.pt#2136
1BB200,0008,BridgeRefine-L1-seed2026,2026,0.641045,13.616160,0.344440,preds.pt#2137
1BB200,0009,BridgeRefine-L1-seed2026,2026,0.638155,13.672705,0.340895,preds.pt#2138
1BB200,0010,BridgeRefine-L1-seed2026,2026,0.650163,13.945270,0.301602,preds.pt#2139
1BB200,0011,BridgeRefine-L1-seed2026,2026,0.665771,14.260539,0.289910,preds.pt#2140
1BB200,0012,BridgeRefine-L1-seed2026,2026,0.676989,14.025268,0.290636,preds.pt#2141
1BB200,0013,BridgeRefine-L1-seed2026,2026,0.678464,14.674265,0.256081,preds.pt#2142
1BB200,0014,BridgeRefine-L1-seed2026,2026,0.688308,15.339439,0.257703,preds.pt#2143
1BB200,0015,BridgeRefine-L1-seed2026,2026,0.698083,15.469145,0.250667,preds.pt#2144
1BB200,0016,BridgeRefine-L1-seed2026,2026,0.709058,16.011587,0.221491,preds.pt#2145
1BB200,0017,BridgeRefine-L1-seed2026,2026,0.717258,16.469151,0.238801,preds.pt#2146
1BB200,0018,BridgeRefine-L1-seed2026,2026,0.725846,17.393974,0.208577,preds.pt#2147
1BB200,0019,BridgeRefine-L1-seed2026,2026,0.724910,16.682201,0.207895,preds.pt#2148
1BB200,0020,BridgeRefine-L1-seed2026,2026,0.731279,16.954025,0.203926,preds.pt#2149
1BB200,0021,BridgeRefine-L1-seed2026,2026,0.719758,16.544209,0.199243,preds.pt#2150
1BB200,0022,BridgeRefine-L1-seed2026,2026,0.722163,16.919357,0.194713,preds.pt#2151
1BB200,0023,BridgeRefine-L1-seed2026,2026,0.729053,17.187706,0.187478,preds.pt#2152
1BB200,0024,BridgeRefine-L1-seed2026,2026,0.718909,16.693907,0.206091,preds.pt#2153
1BB200,0025,BridgeRefine-L1-seed2026,2026,0.729386,17.062201,0.190075,preds.pt#2154
1BB200,0026,BridgeRefine-L1-seed2026,2026,0.738102,17.674224,0.183311,preds.pt#2155
1BB200,0027,BridgeRefine-L1-seed2026,2026,0.728572,17.757304,0.172806,preds.pt#2156
1BB200,0028,BridgeRefine-L1-seed2026,2026,0.723741,17.531381,0.159474,preds.pt#2157
1BB200,0029,BridgeRefine-L1-seed2026,2026,0.731175,18.118202,0.164771,preds.pt#2158
1BB200,0030,BridgeRefine-L1-seed2026,2026,0.730975,18.013590,0.165126,preds.pt#2159
1BB200,0031,BridgeRefine-L1-seed2026,2026,0.728594,17.938500,0.167011,preds.pt#2160
1BB200,0032,BridgeRefine-L1-seed2026,2026,0.723127,17.514293,0.160817,preds.pt#2161
1BB200,0033,BridgeRefine-L1-seed2026,2026,0.725223,17.793718,0.158112,preds.pt#2162
1BB200,0034,BridgeRefine-L1-seed2026,2026,0.720519,17.415058,0.157162,preds.pt#2163
1BB200,0035,BridgeRefine-L1-seed2026,2026,0.727531,17.911442,0.162726,preds.pt#2164
1BB200,0036,BridgeRefine-L1-seed2026,2026,0.731225,17.938147,0.146638,preds.pt#2165
1BB200,0037,BridgeRefine-L1-seed2026,2026,0.736820,17.833705,0.146985,preds.pt#2166
1BB200,0038,BridgeRefine-L1-seed2026,2026,0.736597,17.815323,0.137844,preds.pt#2167
1BB200,0039,BridgeRefine-L1-seed2026,2026,0.733282,17.577401,0.141369,preds.pt#2168
1BB200,0040,BridgeRefine-L1-seed2026,2026,0.742314,17.709440,0.139054,preds.pt#2169
1BB200,0041,BridgeRefine-L1-seed2026,2026,0.744519,17.789004,0.149344,preds.pt#2170
1BB200,0042,BridgeRefine-L1-seed2026,2026,0.740723,17.316090,0.147910,preds.pt#2171
1BB200,0043,BridgeRefine-L1-seed2026,2026,0.749703,17.755386,0.150236,preds.pt#2172
1BB200,0044,BridgeRefine-L1-seed2026,2026,0.741066,17.359425,0.156597,preds.pt#2173
1BB200,0045,BridgeRefine-L1-seed2026,2026,0.740736,17.266287,0.156438,preds.pt#2174
1BB200,0046,BridgeRefine-L1-seed2026,2026,0.764855,17.960723,0.148900,preds.pt#2175
1BB200,0047,BridgeRefine-L1-seed2026,2026,0.766564,18.030750,0.156347,preds.pt#2176
1BB200,0048,BridgeRefine-L1-seed2026,2026,0.756243,17.790822,0.154420,preds.pt#2177
1BB200,0049,BridgeRefine-L1-seed2026,2026,0.744110,17.512019,0.144488,preds.pt#2178
1BB200,0050,BridgeRefine-L1-seed2026,2026,0.742566,17.744852,0.140595,preds.pt#2179
1BB200,0051,BridgeRefine-L1-seed2026,2026,0.746933,17.853036,0.171703,preds.pt#2180
1BB200,0052,BridgeRefine-L1-seed2026,2026,0.749103,18.136330,0.162981,preds.pt#2181
1BB200,0053,BridgeRefine-L1-seed2026,2026,0.751455,18.094902,0.171003,preds.pt#2182
1BB200,0054,BridgeRefine-L1-seed2026,2026,0.742896,18.188718,0.166503,preds.pt#2183
1BB200,0055,BridgeRefine-L1-seed2026,2026,0.747051,18.168135,0.168288,preds.pt#2184
1BB200,0056,BridgeRefine-L1-seed2026,2026,0.746099,17.907483,0.163632,preds.pt#2185
1BB200,0057,BridgeRefine-L1-seed2026,2026,0.749544,18.009556,0.175553,preds.pt#2186
1BB200,0058,BridgeRefine-L1-seed2026,2026,0.746179,17.886979,0.171078,preds.pt#2187
1BB200,0059,BridgeRefine-L1-seed2026,2026,0.751007,18.038880,0.171308,preds.pt#2188
1BB200,0060,BridgeRefine-L1-seed2026,2026,0.751136,18.097049,0.156107,preds.pt#2189
1BB200,0061,BridgeRefine-L1-seed2026,2026,0.756817,18.269180,0.146219,preds.pt#2190
1BB200,0062,BridgeRefine-L1-seed2026,2026,0.762085,18.528103,0.156955,preds.pt#2191
1BB200,0063,BridgeRefine-L1-seed2026,2026,0.759307,18.541570,0.166583,preds.pt#2192
1BB200,0064,BridgeRefine-L1-seed2026,2026,0.763435,18.568595,0.149365,preds.pt#2193
1BB200,0065,BridgeRefine-L1-seed2026,2026,0.760100,18.218855,0.139257,preds.pt#2194
1BB200,0066,BridgeRefine-L1-seed2026,2026,0.770568,18.457797,0.143238,preds.pt#2195
1BB200,0067,BridgeRefine-L1-seed2026,2026,0.762621,18.416207,0.139037,preds.pt#2196
1BB200,0068,BridgeRefine-L1-seed2026,2026,0.760310,18.285037,0.131610,preds.pt#2197
1BB200,0069,BridgeRefine-L1-seed2026,2026,0.753628,18.094164,0.159028,preds.pt#2198
1BB200,0070,BridgeRefine-L1-seed2026,2026,0.752206,18.063295,0.154019,preds.pt#2199
1BB200,0071,BridgeRefine-L1-seed2026,2026,0.748510,18.010920,0.139255,preds.pt#2200
1BB200,0072,BridgeRefine-L1-seed2026,2026,0.728573,17.509708,0.143826,preds.pt#2201
1BB200,0073,BridgeRefine-L1-seed2026,2026,0.721858,17.483931,0.129312,preds.pt#2202
1BB200,0074,BridgeRefine-L1-seed2026,2026,0.712163,17.392682,0.130930,preds.pt#2203
1BB200,0075,BridgeRefine-L1-seed2026,2026,0.661676,17.162691,0.129138,preds.pt#2204
1BB200,0076,BridgeRefine-L1-seed2026,2026,0.665618,16.997538,0.140087,preds.pt#2205
1BB200,0077,BridgeRefine-L1-seed2026,2026,0.672564,16.955134,0.119976,preds.pt#2206
1BB200,0078,BridgeRefine-L1-seed2026,2026,0.658970,16.658900,0.142860,preds.pt#2207
1BB200,0079,BridgeRefine-L1-seed2026,2026,0.658168,16.504955,0.146158,preds.pt#2208
1BB200,0080,BridgeRefine-L1-seed2026,2026,0.638949,16.073820,0.155661,preds.pt#2209
1BB200,0081,BridgeRefine-L1-seed2026,2026,0.631866,15.919664,0.165726,preds.pt#2210
1BB200,0082,BridgeRefine-L1-seed2026,2026,0.650731,16.295393,0.144609,preds.pt#2211
1BB200,0083,BridgeRefine-L1-seed2026,2026,0.659268,16.650546,0.135197,preds.pt#2212
1BB200,0084,BridgeRefine-L1-seed2026,2026,0.670293,16.958596,0.127124,preds.pt#2213
1BB200,0085,BridgeRefine-L1-seed2026,2026,0.691954,17.371022,0.109960,preds.pt#2214
1BB200,0086,BridgeRefine-L1-seed2026,2026,0.703659,17.532317,0.107781,preds.pt#2215
1BB200,0087,BridgeRefine-L1-seed2026,2026,0.717535,17.662255,0.120733,preds.pt#2216
1BB200,0088,BridgeRefine-L1-seed2026,2026,0.727598,17.754354,0.128425,preds.pt#2217
1BB200,0089,BridgeRefine-L1-seed2026,2026,0.744868,18.010027,0.117618,preds.pt#2218
1BB200,0090,BridgeRefine-L1-seed2026,2026,0.742456,18.018947,0.107620,preds.pt#2219
1BB200,0091,BridgeRefine-L1-seed2026,2026,0.729204,17.925238,0.109867,preds.pt#2220
1BB200,0092,BridgeRefine-L1-seed2026,2026,0.743028,18.395826,0.105545,preds.pt#2221
1BB200,0093,BridgeRefine-L1-seed2026,2026,0.750458,18.588158,0.109635,preds.pt#2222
1BB200,0094,BridgeRefine-L1-seed2026,2026,0.770676,18.742391,0.097831,preds.pt#2223
1BB200,0095,BridgeRefine-L1-seed2026,2026,0.779847,18.892639,0.100161,preds.pt#2224
1BB200,0096,BridgeRefine-L1-seed2026,2026,0.786113,19.072600,0.085652,preds.pt#2225
1BB200,0097,BridgeRefine-L1-seed2026,2026,0.784044,18.905243,0.087509,preds.pt#2226
1BB200,0098,BridgeRefine-L1-seed2026,2026,0.794246,18.988705,0.087378,preds.pt#2227
1BB200,0099,BridgeRefine-L1-seed2026,2026,0.788855,18.848090,0.085402,preds.pt#2228
1BB200,0100,BridgeRefine-L1-seed2026,2026,0.789456,18.808554,0.088803,preds.pt#2229
1BB200,0101,BridgeRefine-L1-seed2026,2026,0.795205,18.889928,0.080087,preds.pt#2230
1BB200,0102,BridgeRefine-L1-seed2026,2026,0.791782,19.025799,0.080663,preds.pt#2231
1BB200,0103,BridgeRefine-L1-seed2026,2026,0.792214,19.150427,0.083264,preds.pt#2232
1BB200,0104,BridgeRefine-L1-seed2026,2026,0.795276,19.170634,0.089672,preds.pt#2233
1BB200,0105,BridgeRefine-L1-seed2026,2026,0.795068,19.126924,0.082752,preds.pt#2234
1BB200,0106,BridgeRefine-L1-seed2026,2026,0.796378,19.010251,0.081036,preds.pt#2235
1BB200,0107,BridgeRefine-L1-seed2026,2026,0.812380,19.440374,0.073822,preds.pt#2236
1BB200,0108,BridgeRefine-L1-seed2026,2026,0.794492,18.918074,0.082849,preds.pt#2237
1BB200,0109,BridgeRefine-L1-seed2026,2026,0.797970,19.037549,0.076868,preds.pt#2238
1BB200,0110,BridgeRefine-L1-seed2026,2026,0.801164,19.257704,0.076484,preds.pt#2239
1BB200,0111,BridgeRefine-L1-seed2026,2026,0.815400,19.696638,0.072439,preds.pt#2240
1BB200,0112,BridgeRefine-L1-seed2026,2026,0.815031,19.560842,0.070063,preds.pt#2241
1BB200,0113,BridgeRefine-L1-seed2026,2026,0.806402,19.305572,0.079982,preds.pt#2242
1BB200,0114,BridgeRefine-L1-seed2026,2026,0.809690,19.654740,0.079872,preds.pt#2243
1BB200,0115,BridgeRefine-L1-seed2026,2026,0.810751,19.601666,0.072164,preds.pt#2244
1BB200,0116,BridgeRefine-L1-seed2026,2026,0.809123,19.696059,0.068127,preds.pt#2245
1BB200,0117,BridgeRefine-L1-seed2026,2026,0.815288,19.877770,0.060074,preds.pt#2246
1BB200,0118,BridgeRefine-L1-seed2026,2026,0.813669,19.796070,0.057017,preds.pt#2247
1BB200,0119,BridgeRefine-L1-seed2026,2026,0.828144,20.157586,0.052483,preds.pt#2248
1BB200,0120,BridgeRefine-L1-seed2026,2026,0.827020,20.177723,0.050915,preds.pt#2249
1BB200,0121,BridgeRefine-L1-seed2026,2026,0.831289,20.219327,0.051309,preds.pt#2250
1BB200,0122,BridgeRefine-L1-seed2026,2026,0.827289,20.152948,0.051046,preds.pt#2251
1BB200,0123,BridgeRefine-L1-seed2026,2026,0.812286,20.051836,0.058989,preds.pt#2252
1BB200,0124,BridgeRefine-L1-seed2026,2026,0.811681,19.922064,0.055960,preds.pt#2253
1BB200,0125,BridgeRefine-L1-seed2026,2026,0.800140,19.683500,0.058115,preds.pt#2254
1BB200,0126,BridgeRefine-L1-seed2026,2026,0.805031,19.988423,0.067535,preds.pt#2255
1BB200,0127,BridgeRefine-L1-seed2026,2026,0.803849,19.979855,0.063694,preds.pt#2256
1BB200,0128,BridgeRefine-L1-seed2026,2026,0.812613,20.009260,0.060491,preds.pt#2257
1BB200,0129,BridgeRefine-L1-seed2026,2026,0.808426,19.929030,0.066881,preds.pt#2258
1BB200,0130,BridgeRefine-L1-seed2026,2026,0.837687,20.454505,0.056518,preds.pt#2259
1BB200,0131,BridgeRefine-L1-seed2026,2026,0.838777,20.497429,0.059331,preds.pt#2260
1BB200,0132,BridgeRefine-L1-seed2026,2026,0.832518,20.396465,0.064382,preds.pt#2261
1BB200,0133,BridgeRefine-L1-seed2026,2026,0.828935,20.160702,0.063203,preds.pt#2262
1BB200,0134,BridgeRefine-L1-seed2026,2026,0.833753,20.396926,0.064616,preds.pt#2263
1BB200,0135,BridgeRefine-L1-seed2026,2026,0.819556,20.107931,0.074191,preds.pt#2264
1BB200,0136,BridgeRefine-L1-seed2026,2026,0.809709,20.064818,0.068440,preds.pt#2265
1BB200,0137,BridgeRefine-L1-seed2026,2026,0.811009,19.687605,0.067933,preds.pt#2266
1BB200,0138,BridgeRefine-L1-seed2026,2026,0.829680,20.458041,0.061012,preds.pt#2267
1BB200,0139,BridgeRefine-L1-seed2026,2026,0.826879,20.448255,0.069580,preds.pt#2268
1BB200,0140,BridgeRefine-L1-seed2026,2026,0.842905,20.735989,0.076718,preds.pt#2269
1BB200,0141,BridgeRefine-L1-seed2026,2026,0.845283,20.763214,0.078396,preds.pt#2270
1BB200,0142,BridgeRefine-L1-seed2026,2026,0.846633,20.401116,0.072027,preds.pt#2271
1BB200,0143,BridgeRefine-L1-seed2026,2026,0.856449,20.615595,0.077801,preds.pt#2272
1BB200,0144,BridgeRefine-L1-seed2026,2026,0.844764,20.443129,0.079259,preds.pt#2273
1BB200,0145,BridgeRefine-L1-seed2026,2026,0.844052,20.154864,0.073319,preds.pt#2274
1BB200,0146,BridgeRefine-L1-seed2026,2026,0.849344,20.664629,0.067426,preds.pt#2275
1BB200,0147,BridgeRefine-L1-seed2026,2026,0.856939,20.890953,0.057970,preds.pt#2276
1BB200,0148,BridgeRefine-L1-seed2026,2026,0.854647,20.796229,0.051775,preds.pt#2277
1BB200,0149,BridgeRefine-L1-seed2026,2026,0.860319,20.998821,0.053903,preds.pt#2278
1BB200,0150,BridgeRefine-L1-seed2026,2026,0.841253,20.443288,0.051728,preds.pt#2279
1BB200,0151,BridgeRefine-L1-seed2026,2026,0.857814,20.853703,0.051506,preds.pt#2280
1BB200,0152,BridgeRefine-L1-seed2026,2026,0.853675,20.799821,0.053339,preds.pt#2281
1BB200,0153,BridgeRefine-L1-seed2026,2026,0.842155,20.634277,0.048410,preds.pt#2282
1BB200,0154,BridgeRefine-L1-seed2026,2026,0.844680,20.376264,0.054062,preds.pt#2283
1BB200,0155,BridgeRefine-L1-seed2026,2026,0.843613,20.344886,0.054144,preds.pt#2284
1BB200,0156,BridgeRefine-L1-seed2026,2026,0.844060,20.330553,0.050990,preds.pt#2285
1BB200,0157,BridgeRefine-L1-seed2026,2026,0.835859,20.286925,0.052629,preds.pt#2286
1BB200,0158,BridgeRefine-L1-seed2026,2026,0.852027,20.591795,0.064473,preds.pt#2287
1BB200,0159,BridgeRefine-L1-seed2026,2026,0.845242,20.635496,0.064765,preds.pt#2288
1BB200,0160,BridgeRefine-L1-seed2026,2026,0.840272,20.473538,0.063645,preds.pt#2289
1BB200,0161,BridgeRefine-L1-seed2026,2026,0.844282,20.524550,0.060554,preds.pt#2290
1BB200,0162,BridgeRefine-L1-seed2026,2026,0.843403,20.602750,0.071565,preds.pt#2291
1BB200,0163,BridgeRefine-L1-seed2026,2026,0.857503,20.887905,0.062441,preds.pt#2292
1BB200,0164,BridgeRefine-L1-seed2026,2026,0.849874,20.764380,0.063874,preds.pt#2293
1BB200,0165,BridgeRefine-L1-seed2026,2026,0.846887,20.737005,0.061471,preds.pt#2294
1BB200,0166,BridgeRefine-L1-seed2026,2026,0.845538,20.502696,0.063946,preds.pt#2295
1BB200,0167,BridgeRefine-L1-seed2026,2026,0.851111,20.672491,0.069986,preds.pt#2296
1BB200,0168,BridgeRefine-L1-seed2026,2026,0.846262,20.480791,0.070791,preds.pt#2297
1BB200,0169,BridgeRefine-L1-seed2026,2026,0.855140,20.602860,0.063180,preds.pt#2298
1BB200,0170,BridgeRefine-L1-seed2026,2026,0.861811,20.646705,0.068639,preds.pt#2299
1BB200,0171,BridgeRefine-L1-seed2026,2026,0.849761,19.953330,0.073785,preds.pt#2300
1BB200,0172,BridgeRefine-L1-seed2026,2026,0.844187,19.882685,0.085299,preds.pt#2301
1BB200,0173,BridgeRefine-L1-seed2026,2026,0.842232,20.022732,0.091557,preds.pt#2302
1BB200,0174,BridgeRefine-L1-seed2026,2026,0.842040,20.233862,0.098847,preds.pt#2303
1BB200,0175,BridgeRefine-L1-seed2026,2026,0.842774,20.681565,0.080502,preds.pt#2304
1BB200,0176,BridgeRefine-L1-seed2026,2026,0.848978,20.450420,0.091496,preds.pt#2305
1BB200,0177,BridgeRefine-L1-seed2026,2026,0.854883,20.837714,0.079327,preds.pt#2306
1BB200,0178,BridgeRefine-L1-seed2026,2026,0.856218,20.988650,0.066219,preds.pt#2307
1BB200,0179,BridgeRefine-L1-seed2026,2026,0.861080,20.946618,0.071178,preds.pt#2308
1BB200,0180,BridgeRefine-L1-seed2026,2026,0.872244,21.032039,0.063872,preds.pt#2309
1BB200,0181,BridgeRefine-L1-seed2026,2026,0.880822,21.130900,0.091028,preds.pt#2310
1BB200,0182,BridgeRefine-L1-seed2026,2026,0.862022,20.642795,0.086472,preds.pt#2311
1BB200,0183,BridgeRefine-L1-seed2026,2026,0.855378,19.961826,0.099094,preds.pt#2312
1BB200,0184,BridgeRefine-L1-seed2026,2026,0.862750,20.153707,0.102921,preds.pt#2313
1BB200,0185,BridgeRefine-L1-seed2026,2026,0.834538,20.394905,0.113650,preds.pt#2314
1BB200,0186,BridgeRefine-L1-seed2026,2026,0.746239,22.346993,0.114225,preds.pt#2315
1BB200,0187,BridgeRefine-L1-seed2026,2026,0.708896,23.511030,0.132977,preds.pt#2316
1BB200,0188,BridgeRefine-L1-seed2026,2026,0.697458,23.876777,0.160424,preds.pt#2317
1BB205,0000,BridgeRefine-L1-seed2026,2026,0.718865,18.440001,0.443006,preds.pt#2318
1BB205,0001,BridgeRefine-L1-seed2026,2026,0.592990,17.116325,0.518218,preds.pt#2319
1BB205,0002,BridgeRefine-L1-seed2026,2026,0.593738,17.723880,0.484204,preds.pt#2320
1BB205,0003,BridgeRefine-L1-seed2026,2026,0.709347,17.103989,0.409206,preds.pt#2321
1BB205,0004,BridgeRefine-L1-seed2026,2026,0.709302,16.782969,0.407907,preds.pt#2322
1BB205,0005,BridgeRefine-L1-seed2026,2026,0.692292,17.491861,0.401081,preds.pt#2323
1BB205,0006,BridgeRefine-L1-seed2026,2026,0.559010,17.207895,0.521198,preds.pt#2324
1BB205,0007,BridgeRefine-L1-seed2026,2026,0.546789,16.009749,0.510825,preds.pt#2325
1BB205,0008,BridgeRefine-L1-seed2026,2026,0.606063,18.017372,0.459568,preds.pt#2326
1BB205,0009,BridgeRefine-L1-seed2026,2026,0.670357,19.010485,0.411418,preds.pt#2327
1BB205,0010,BridgeRefine-L1-seed2026,2026,0.595253,18.855285,0.450264,preds.pt#2328
1BB205,0011,BridgeRefine-L1-seed2026,2026,0.607510,18.490715,0.408045,preds.pt#2329
1BB205,0012,BridgeRefine-L1-seed2026,2026,0.573828,18.464825,0.426736,preds.pt#2330
1BB205,0013,BridgeRefine-L1-seed2026,2026,0.573337,18.217616,0.431880,preds.pt#2331
1BB205,0014,BridgeRefine-L1-seed2026,2026,0.573045,17.854367,0.417909,preds.pt#2332
1BB205,0015,BridgeRefine-L1-seed2026,2026,0.531807,15.912562,0.448931,preds.pt#2333
1BB205,0016,BridgeRefine-L1-seed2026,2026,0.549958,17.754214,0.456488,preds.pt#2334
1BB205,0017,BridgeRefine-L1-seed2026,2026,0.674739,19.005705,0.357410,preds.pt#2335
1BB205,0018,BridgeRefine-L1-seed2026,2026,0.602908,18.402811,0.407841,preds.pt#2336
1BB205,0019,BridgeRefine-L1-seed2026,2026,0.709828,18.635169,0.306581,preds.pt#2337
1BB205,0020,BridgeRefine-L1-seed2026,2026,0.632620,18.277922,0.367009,preds.pt#2338
1BB205,0021,BridgeRefine-L1-seed2026,2026,0.616906,17.206601,0.357476,preds.pt#2339
1BB205,0022,BridgeRefine-L1-seed2026,2026,0.606665,16.862792,0.374667,preds.pt#2340
1BB205,0023,BridgeRefine-L1-seed2026,2026,0.621602,16.475164,0.376244,preds.pt#2341
1BB205,0024,BridgeRefine-L1-seed2026,2026,0.659732,17.244159,0.357025,preds.pt#2342
1BB205,0025,BridgeRefine-L1-seed2026,2026,0.667551,15.832124,0.334109,preds.pt#2343
1BB205,0026,BridgeRefine-L1-seed2026,2026,0.680504,15.578283,0.345040,preds.pt#2344
1BB205,0027,BridgeRefine-L1-seed2026,2026,0.672565,15.671793,0.355013,preds.pt#2345
1BB205,0028,BridgeRefine-L1-seed2026,2026,0.678015,14.771342,0.379265,preds.pt#2346
1BB205,0029,BridgeRefine-L1-seed2026,2026,0.672952,14.497248,0.389434,preds.pt#2347
1BB205,0030,BridgeRefine-L1-seed2026,2026,0.665683,14.444643,0.400021,preds.pt#2348
1BB205,0031,BridgeRefine-L1-seed2026,2026,0.650673,14.139279,0.384116,preds.pt#2349
1BB205,0032,BridgeRefine-L1-seed2026,2026,0.621100,14.180996,0.360289,preds.pt#2350
1BB205,0033,BridgeRefine-L1-seed2026,2026,0.619712,13.771620,0.364942,preds.pt#2351
1BB205,0034,BridgeRefine-L1-seed2026,2026,0.627275,13.653089,0.360522,preds.pt#2352
1BB205,0035,BridgeRefine-L1-seed2026,2026,0.622826,13.551136,0.350066,preds.pt#2353
1BB205,0036,BridgeRefine-L1-seed2026,2026,0.623168,13.582744,0.337873,preds.pt#2354
1BB205,0037,BridgeRefine-L1-seed2026,2026,0.640141,14.725978,0.303327,preds.pt#2355
1BB205,0038,BridgeRefine-L1-seed2026,2026,0.655892,14.560364,0.291501,preds.pt#2356
1BB205,0039,BridgeRefine-L1-seed2026,2026,0.649589,14.214676,0.296978,preds.pt#2357
1BB205,0040,BridgeRefine-L1-seed2026,2026,0.662248,15.207306,0.291695,preds.pt#2358
1BB205,0041,BridgeRefine-L1-seed2026,2026,0.653879,14.730940,0.288221,preds.pt#2359
1BB205,0042,BridgeRefine-L1-seed2026,2026,0.646928,13.924014,0.284603,preds.pt#2360
1BB205,0043,BridgeRefine-L1-seed2026,2026,0.650375,13.996132,0.304028,preds.pt#2361
1BB205,0044,BridgeRefine-L1-seed2026,2026,0.639704,14.086749,0.304748,preds.pt#2362
1BB205,0045,BridgeRefine-L1-seed2026,2026,0.613296,13.328830,0.331409,preds.pt#2363
1BB205,0046,BridgeRefine-L1-seed2026,2026,0.639067,14.569810,0.245263,preds.pt#2364
1BB205,0047,BridgeRefine-L1-seed2026,2026,0.618071,13.765603,0.281847,preds.pt#2365
1BB205,0048,BridgeRefine-L1-seed2026,2026,0.605898,13.567307,0.268737,preds.pt#2366
1BB205,0049,BridgeRefine-L1-seed2026,2026,0.620408,13.925084,0.258360,preds.pt#2367
1BB205,0050,BridgeRefine-L1-seed2026,2026,0.613380,13.519737,0.292759,preds.pt#2368
1BB205,0051,BridgeRefine-L1-seed2026,2026,0.601021,12.942779,0.285056,preds.pt#2369
1BB205,0052,BridgeRefine-L1-seed2026,2026,0.595975,12.690238,0.284397,preds.pt#2370
1BB205,0053,BridgeRefine-L1-seed2026,2026,0.657149,14.533719,0.238584,preds.pt#2371
1BB205,0054,BridgeRefine-L1-seed2026,2026,0.672008,15.313746,0.220481,preds.pt#2372
1BB205,0055,BridgeRefine-L1-seed2026,2026,0.619014,13.772861,0.268072,preds.pt#2373
1BB205,0056,BridgeRefine-L1-seed2026,2026,0.636751,13.949307,0.247827,preds.pt#2374
1BB205,0057,BridgeRefine-L1-seed2026,2026,0.634689,13.978451,0.239560,preds.pt#2375
1BB205,0058,BridgeRefine-L1-seed2026,2026,0.692834,15.773144,0.178084,preds.pt#2376
1BB205,0059,BridgeRefine-L1-seed2026,2026,0.710210,16.146425,0.159469,preds.pt#2377
1BB205,0060,BridgeRefine-L1-seed2026,2026,0.716206,16.463755,0.176150,preds.pt#2378
1BB205,0061,BridgeRefine-L1-seed2026,2026,0.714199,16.531744,0.186349,preds.pt#2379
1BB205,0062,BridgeRefine-L1-seed2026,2026,0.700227,16.131160,0.181163,preds.pt#2380
1BB205,0063,BridgeRefine-L1-seed2026,2026,0.707494,16.322973,0.166256,preds.pt#2381
1BB205,0064,BridgeRefine-L1-seed2026,2026,0.700972,16.000231,0.184490,preds.pt#2382
1BB205,0065,BridgeRefine-L1-seed2026,2026,0.699796,15.955616,0.212246,preds.pt#2383
1BB205,0066,BridgeRefine-L1-seed2026,2026,0.700459,16.097190,0.210710,preds.pt#2384
1BB205,0067,BridgeRefine-L1-seed2026,2026,0.699604,16.067142,0.221987,preds.pt#2385
1BB205,0068,BridgeRefine-L1-seed2026,2026,0.708096,16.221709,0.221478,preds.pt#2386
1BB205,0069,BridgeRefine-L1-seed2026,2026,0.712805,16.456917,0.215459,preds.pt#2387
1BB205,0070,BridgeRefine-L1-seed2026,2026,0.701279,16.259402,0.186503,preds.pt#2388
1BB205,0071,BridgeRefine-L1-seed2026,2026,0.709783,16.617808,0.194258,preds.pt#2389
1BB205,0072,BridgeRefine-L1-seed2026,2026,0.716596,16.904035,0.193454,preds.pt#2390
1BB205,0073,BridgeRefine-L1-seed2026,2026,0.730397,17.081089,0.188882,preds.pt#2391
1BB205,0074,BridgeRefine-L1-seed2026,2026,0.733904,17.042523,0.177619,preds.pt#2392
1BB205,0075,BridgeRefine-L1-seed2026,2026,0.744034,17.127940,0.175267,preds.pt#2393
1BB205,0076,BridgeRefine-L1-seed2026,2026,0.746446,17.031778,0.173907,preds.pt#2394
1BB205,0077,BridgeRefine-L1-seed2026,2026,0.741461,16.875350,0.176784,preds.pt#2395
1BB205,0078,BridgeRefine-L1-seed2026,2026,0.745336,17.106673,0.158845,preds.pt#2396
1BB205,0079,BridgeRefine-L1-seed2026,2026,0.734668,16.932216,0.146981,preds.pt#2397
1BB205,0080,BridgeRefine-L1-seed2026,2026,0.735535,16.886287,0.134681,preds.pt#2398
1BB205,0081,BridgeRefine-L1-seed2026,2026,0.738768,16.908474,0.134570,preds.pt#2399
1BB205,0082,BridgeRefine-L1-seed2026,2026,0.733551,16.992236,0.139212,preds.pt#2400
1BB205,0083,BridgeRefine-L1-seed2026,2026,0.728053,17.036382,0.144420,preds.pt#2401
1BB205,0084,BridgeRefine-L1-seed2026,2026,0.735039,17.052702,0.145927,preds.pt#2402
1BB205,0085,BridgeRefine-L1-seed2026,2026,0.732740,17.037736,0.122283,preds.pt#2403
1BB205,0086,BridgeRefine-L1-seed2026,2026,0.729176,17.253780,0.132898,preds.pt#2404
1BB205,0087,BridgeRefine-L1-seed2026,2026,0.732086,17.272130,0.142044,preds.pt#2405
1BB205,0088,BridgeRefine-L1-seed2026,2026,0.724709,17.174760,0.151216,preds.pt#2406
1BB205,0089,BridgeRefine-L1-seed2026,2026,0.720875,17.276816,0.144391,preds.pt#2407
1BB205,0090,BridgeRefine-L1-seed2026,2026,0.713808,17.100234,0.160148,preds.pt#2408
1BB205,0091,BridgeRefine-L1-seed2026,2026,0.712353,17.249255,0.158712,preds.pt#2409
1BB205,0092,BridgeRefine-L1-seed2026,2026,0.711412,17.146554,0.168843,preds.pt#2410
1BB205,0093,BridgeRefine-L1-seed2026,2026,0.696036,17.081507,0.158639,preds.pt#2411
1BB205,0094,BridgeRefine-L1-seed2026,2026,0.702618,17.271000,0.163594,preds.pt#2412
1BB205,0095,BridgeRefine-L1-seed2026,2026,0.700386,17.191299,0.156003,preds.pt#2413
1BB205,0096,BridgeRefine-L1-seed2026,2026,0.699677,17.258147,0.152679,preds.pt#2414
1BB205,0097,BridgeRefine-L1-seed2026,2026,0.692756,16.918209,0.154650,preds.pt#2415
1BB205,0098,BridgeRefine-L1-seed2026,2026,0.700254,17.173533,0.147020,preds.pt#2416
1BB205,0099,BridgeRefine-L1-seed2026,2026,0.693646,17.273521,0.139891,preds.pt#2417
1BB205,0100,BridgeRefine-L1-seed2026,2026,0.703637,17.350245,0.147373,preds.pt#2418
1BB205,0101,BridgeRefine-L1-seed2026,2026,0.717477,17.589905,0.130166,preds.pt#2419
1BB205,0102,BridgeRefine-L1-seed2026,2026,0.711166,17.355886,0.136886,preds.pt#2420
1BB205,0103,BridgeRefine-L1-seed2026,2026,0.729114,17.569700,0.125166,preds.pt#2421
1BB205,0104,BridgeRefine-L1-seed2026,2026,0.733568,17.392177,0.129729,preds.pt#2422
1BB205,0105,BridgeRefine-L1-seed2026,2026,0.737117,17.382570,0.121656,preds.pt#2423
1BB205,0106,BridgeRefine-L1-seed2026,2026,0.738058,17.404250,0.127193,preds.pt#2424
1BB205,0107,BridgeRefine-L1-seed2026,2026,0.745201,17.477406,0.131191,preds.pt#2425
1BB205,0108,BridgeRefine-L1-seed2026,2026,0.730773,17.737596,0.148494,preds.pt#2426
1BB205,0109,BridgeRefine-L1-seed2026,2026,0.755049,18.282109,0.132467,preds.pt#2427
1BB205,0110,BridgeRefine-L1-seed2026,2026,0.757683,18.187119,0.131745,preds.pt#2428
1BB205,0111,BridgeRefine-L1-seed2026,2026,0.761477,18.438045,0.133691,preds.pt#2429
1BB205,0112,BridgeRefine-L1-seed2026,2026,0.773088,18.687814,0.128477,preds.pt#2430
1BB205,0113,BridgeRefine-L1-seed2026,2026,0.769592,18.305529,0.128218,preds.pt#2431
1BB205,0114,BridgeRefine-L1-seed2026,2026,0.775852,18.664842,0.125760,preds.pt#2432
1BB205,0115,BridgeRefine-L1-seed2026,2026,0.769746,18.668854,0.126711,preds.pt#2433
1BB205,0116,BridgeRefine-L1-seed2026,2026,0.765105,18.099978,0.124890,preds.pt#2434
1BB205,0117,BridgeRefine-L1-seed2026,2026,0.757056,17.896929,0.123024,preds.pt#2435
1BB205,0118,BridgeRefine-L1-seed2026,2026,0.745612,17.683982,0.118756,preds.pt#2436
1BB205,0119,BridgeRefine-L1-seed2026,2026,0.748183,17.520172,0.126874,preds.pt#2437
1BB205,0120,BridgeRefine-L1-seed2026,2026,0.746287,17.701554,0.119341,preds.pt#2438
1BB205,0121,BridgeRefine-L1-seed2026,2026,0.752878,17.715968,0.131420,preds.pt#2439
1BB205,0122,BridgeRefine-L1-seed2026,2026,0.760018,18.167184,0.121670,preds.pt#2440
1BB205,0123,BridgeRefine-L1-seed2026,2026,0.758635,18.373854,0.132129,preds.pt#2441
1BB205,0124,BridgeRefine-L1-seed2026,2026,0.770937,18.788682,0.116211,preds.pt#2442
1BB205,0125,BridgeRefine-L1-seed2026,2026,0.761123,18.809428,0.106798,preds.pt#2443
1BB205,0126,BridgeRefine-L1-seed2026,2026,0.763721,18.844524,0.120196,preds.pt#2444
1BB205,0127,BridgeRefine-L1-seed2026,2026,0.772440,19.096260,0.113056,preds.pt#2445
1BB205,0128,BridgeRefine-L1-seed2026,2026,0.771520,19.036005,0.120071,preds.pt#2446
1BB205,0129,BridgeRefine-L1-seed2026,2026,0.765895,19.003177,0.132601,preds.pt#2447
1BB205,0130,BridgeRefine-L1-seed2026,2026,0.762168,18.868561,0.130696,preds.pt#2448
1BB205,0131,BridgeRefine-L1-seed2026,2026,0.760904,19.010218,0.126513,preds.pt#2449
1BB205,0132,BridgeRefine-L1-seed2026,2026,0.713318,18.218885,0.112699,preds.pt#2450
1BB205,0133,BridgeRefine-L1-seed2026,2026,0.717761,18.339915,0.122251,preds.pt#2451
1BB205,0134,BridgeRefine-L1-seed2026,2026,0.720136,18.378577,0.120002,preds.pt#2452
1BB205,0135,BridgeRefine-L1-seed2026,2026,0.709530,18.382199,0.119619,preds.pt#2453
1BB205,0136,BridgeRefine-L1-seed2026,2026,0.710547,18.442068,0.104110,preds.pt#2454
1BB205,0137,BridgeRefine-L1-seed2026,2026,0.705622,18.318817,0.101307,preds.pt#2455
1BB205,0138,BridgeRefine-L1-seed2026,2026,0.713700,18.427617,0.101624,preds.pt#2456
1BB205,0139,BridgeRefine-L1-seed2026,2026,0.718474,18.757894,0.104175,preds.pt#2457
1BB205,0140,BridgeRefine-L1-seed2026,2026,0.730917,19.034260,0.096001,preds.pt#2458
1BB205,0141,BridgeRefine-L1-seed2026,2026,0.727487,18.756434,0.101660,preds.pt#2459
1BB205,0142,BridgeRefine-L1-seed2026,2026,0.727827,18.827999,0.108606,preds.pt#2460
1BB205,0143,BridgeRefine-L1-seed2026,2026,0.741318,19.039322,0.108467,preds.pt#2461
1BB205,0144,BridgeRefine-L1-seed2026,2026,0.755979,19.310576,0.099341,preds.pt#2462
1BB205,0145,BridgeRefine-L1-seed2026,2026,0.764922,19.622165,0.082609,preds.pt#2463
1BB205,0146,BridgeRefine-L1-seed2026,2026,0.772570,19.748627,0.084286,preds.pt#2464
1BB205,0147,BridgeRefine-L1-seed2026,2026,0.768181,19.764982,0.082368,preds.pt#2465
1BB205,0148,BridgeRefine-L1-seed2026,2026,0.766721,19.621833,0.086770,preds.pt#2466
1BB205,0149,BridgeRefine-L1-seed2026,2026,0.766098,19.729791,0.084030,preds.pt#2467
1BB205,0150,BridgeRefine-L1-seed2026,2026,0.783321,20.035906,0.081414,preds.pt#2468
1BB205,0151,BridgeRefine-L1-seed2026,2026,0.774410,19.884364,0.085130,preds.pt#2469
1BB205,0152,BridgeRefine-L1-seed2026,2026,0.769698,19.864334,0.078187,preds.pt#2470
1BB205,0153,BridgeRefine-L1-seed2026,2026,0.775930,19.752625,0.082145,preds.pt#2471
1BB205,0154,BridgeRefine-L1-seed2026,2026,0.766254,19.445559,0.086624,preds.pt#2472
1BB205,0155,BridgeRefine-L1-seed2026,2026,0.765069,19.401010,0.082104,preds.pt#2473
1BB205,0156,BridgeRefine-L1-seed2026,2026,0.752897,19.107863,0.082452,preds.pt#2474
1BB205,0157,BridgeRefine-L1-seed2026,2026,0.755987,19.312072,0.079700,preds.pt#2475
1BB205,0158,BridgeRefine-L1-seed2026,2026,0.744349,19.295399,0.076420,preds.pt#2476
1BB205,0159,BridgeRefine-L1-seed2026,2026,0.752377,19.473566,0.073279,preds.pt#2477
1BB205,0160,BridgeRefine-L1-seed2026,2026,0.757463,19.370095,0.083644,preds.pt#2478
1BB205,0161,BridgeRefine-L1-seed2026,2026,0.768097,19.432696,0.087587,preds.pt#2479
1BB205,0162,BridgeRefine-L1-seed2026,2026,0.771677,19.388553,0.082708,preds.pt#2480
1BB205,0163,BridgeRefine-L1-seed2026,2026,0.774592,19.406300,0.073419,preds.pt#2481
1BB205,0164,BridgeRefine-L1-seed2026,2026,0.779474,19.597018,0.063270,preds.pt#2482
1BB205,0165,BridgeRefine-L1-seed2026,2026,0.777327,19.639850,0.057592,preds.pt#2483
1BB205,0166,BridgeRefine-L1-seed2026,2026,0.787501,19.795887,0.055606,preds.pt#2484
1BB205,0167,BridgeRefine-L1-seed2026,2026,0.793861,19.914892,0.062678,preds.pt#2485
1BB205,0168,BridgeRefine-L1-seed2026,2026,0.800629,20.115847,0.065585,preds.pt#2486
1BB205,0169,BridgeRefine-L1-seed2026,2026,0.800185,20.044468,0.056708,preds.pt#2487
1BB205,0170,BridgeRefine-L1-seed2026,2026,0.803935,20.090788,0.070111,preds.pt#2488
1BB205,0171,BridgeRefine-L1-seed2026,2026,0.805671,20.196710,0.070461,preds.pt#2489
1BB205,0172,BridgeRefine-L1-seed2026,2026,0.794237,19.811156,0.057739,preds.pt#2490
1BB205,0173,BridgeRefine-L1-seed2026,2026,0.799863,19.713996,0.064203,preds.pt#2491
1BB205,0174,BridgeRefine-L1-seed2026,2026,0.820204,20.240290,0.060574,preds.pt#2492
1BB205,0175,BridgeRefine-L1-seed2026,2026,0.814777,19.920482,0.064415,preds.pt#2493
1BB205,0176,BridgeRefine-L1-seed2026,2026,0.814829,19.915387,0.072279,preds.pt#2494
1BB205,0177,BridgeRefine-L1-seed2026,2026,0.824891,19.956482,0.051931,preds.pt#2495
1BB205,0178,BridgeRefine-L1-seed2026,2026,0.838984,20.292568,0.053188,preds.pt#2496
1BB205,0179,BridgeRefine-L1-seed2026,2026,0.838736,20.106519,0.050962,preds.pt#2497
1BB205,0180,BridgeRefine-L1-seed2026,2026,0.836491,19.903883,0.061550,preds.pt#2498
1BB205,0181,BridgeRefine-L1-seed2026,2026,0.836615,19.921280,0.057405,preds.pt#2499
1BB205,0182,BridgeRefine-L1-seed2026,2026,0.832675,19.529993,0.052652,preds.pt#2500
1BB205,0183,BridgeRefine-L1-seed2026,2026,0.820497,19.489100,0.052993,preds.pt#2501
1BB205,0184,BridgeRefine-L1-seed2026,2026,0.829770,19.710727,0.049232,preds.pt#2502
1BB205,0185,BridgeRefine-L1-seed2026,2026,0.823474,19.495091,0.049340,preds.pt#2503
1BB205,0186,BridgeRefine-L1-seed2026,2026,0.823636,19.330809,0.054378,preds.pt#2504
1BB205,0187,BridgeRefine-L1-seed2026,2026,0.823423,19.295028,0.047751,preds.pt#2505
1BB205,0188,BridgeRefine-L1-seed2026,2026,0.832578,19.262331,0.053795,preds.pt#2506
1BB205,0189,BridgeRefine-L1-seed2026,2026,0.836756,19.245496,0.058229,preds.pt#2507
1BB205,0190,BridgeRefine-L1-seed2026,2026,0.843078,19.606557,0.055683,preds.pt#2508
1BB205,0191,BridgeRefine-L1-seed2026,2026,0.842458,19.464356,0.060878,preds.pt#2509
1BB205,0192,BridgeRefine-L1-seed2026,2026,0.835350,19.147224,0.066472,preds.pt#2510
1BB205,0193,BridgeRefine-L1-seed2026,2026,0.836123,19.383718,0.055525,preds.pt#2511
1BB205,0194,BridgeRefine-L1-seed2026,2026,0.835383,19.397153,0.052546,preds.pt#2512
1BB205,0195,BridgeRefine-L1-seed2026,2026,0.835239,19.358951,0.054298,preds.pt#2513
1BB205,0196,BridgeRefine-L1-seed2026,2026,0.818832,19.206569,0.050311,preds.pt#2514
1BB205,0197,BridgeRefine-L1-seed2026,2026,0.815179,19.307265,0.060860,preds.pt#2515
1BB205,0198,BridgeRefine-L1-seed2026,2026,0.817887,19.349864,0.055582,preds.pt#2516
1BB205,0199,BridgeRefine-L1-seed2026,2026,0.798439,19.155004,0.048876,preds.pt#2517
1BB205,0200,BridgeRefine-L1-seed2026,2026,0.806349,19.287122,0.053801,preds.pt#2518
1BB205,0201,BridgeRefine-L1-seed2026,2026,0.810656,19.490545,0.059626,preds.pt#2519
1BB205,0202,BridgeRefine-L1-seed2026,2026,0.811733,19.671842,0.078401,preds.pt#2520
1BB205,0203,BridgeRefine-L1-seed2026,2026,0.816469,19.898685,0.064045,preds.pt#2521
1BB205,0204,BridgeRefine-L1-seed2026,2026,0.813156,19.721235,0.076444,preds.pt#2522
1BB205,0205,BridgeRefine-L1-seed2026,2026,0.825024,19.629277,0.063992,preds.pt#2523
1BB205,0206,BridgeRefine-L1-seed2026,2026,0.835096,19.782524,0.068853,preds.pt#2524
1BB205,0207,BridgeRefine-L1-seed2026,2026,0.828998,19.481946,0.083053,preds.pt#2525
1BB205,0208,BridgeRefine-L1-seed2026,2026,0.846177,20.461070,0.084579,preds.pt#2526
1BB205,0209,BridgeRefine-L1-seed2026,2026,0.862593,20.058030,0.068328,preds.pt#2527
1BB205,0210,BridgeRefine-L1-seed2026,2026,0.875012,20.811163,0.071642,preds.pt#2528
1BB205,0211,BridgeRefine-L1-seed2026,2026,0.885231,20.668860,0.073609,preds.pt#2529
1BB205,0212,BridgeRefine-L1-seed2026,2026,0.880694,22.196566,0.069295,preds.pt#2530
1BB205,0213,BridgeRefine-L1-seed2026,2026,0.887387,24.066261,0.064730,preds.pt#2531
1BB205,0214,BridgeRefine-L1-seed2026,2026,0.888138,26.013003,0.065238,preds.pt#2532
1BB205,0215,BridgeRefine-L1-seed2026,2026,0.803513,23.493875,0.077765,preds.pt#2533
1BB205,0216,BridgeRefine-L1-seed2026,2026,0.791070,22.883087,0.079460,preds.pt#2534
1BB205,0217,BridgeRefine-L1-seed2026,2026,0.797915,24.938826,0.120205,preds.pt#2535
1BC007,0002,BridgeRefine-L1-seed2026,2026,0.981732,46.746626,0.078403,preds.pt#2536
1BC007,0003,BridgeRefine-L1-seed2026,2026,0.972298,39.845373,0.071170,preds.pt#2537
1BC007,0004,BridgeRefine-L1-seed2026,2026,0.973014,34.841371,0.082855,preds.pt#2538
1BC007,0005,BridgeRefine-L1-seed2026,2026,0.961930,30.806945,0.145486,preds.pt#2539
1BC007,0006,BridgeRefine-L1-seed2026,2026,0.941682,28.075042,0.186522,preds.pt#2540
1BC007,0007,BridgeRefine-L1-seed2026,2026,0.933629,26.530147,0.150664,preds.pt#2541
1BC007,0008,BridgeRefine-L1-seed2026,2026,0.914216,26.239280,0.178431,preds.pt#2542
1BC007,0009,BridgeRefine-L1-seed2026,2026,0.849183,22.985007,0.238917,preds.pt#2543
1BC007,0010,BridgeRefine-L1-seed2026,2026,0.867238,23.895793,0.183945,preds.pt#2544
1BC007,0011,BridgeRefine-L1-seed2026,2026,0.842240,22.869750,0.186655,preds.pt#2545
1BC007,0012,BridgeRefine-L1-seed2026,2026,0.823501,22.574208,0.183565,preds.pt#2546
1BC007,0013,BridgeRefine-L1-seed2026,2026,0.817381,22.336078,0.204696,preds.pt#2547
1BC007,0014,BridgeRefine-L1-seed2026,2026,0.797461,21.697743,0.215138,preds.pt#2548
1BC007,0015,BridgeRefine-L1-seed2026,2026,0.803641,21.970872,0.203032,preds.pt#2549
1BC007,0016,BridgeRefine-L1-seed2026,2026,0.779189,21.170478,0.198965,preds.pt#2550
1BC007,0017,BridgeRefine-L1-seed2026,2026,0.777338,20.927393,0.200990,preds.pt#2551
1BC007,0018,BridgeRefine-L1-seed2026,2026,0.794369,21.127556,0.212006,preds.pt#2552
1BC007,0019,BridgeRefine-L1-seed2026,2026,0.776279,20.877020,0.201471,preds.pt#2553
1BC007,0020,BridgeRefine-L1-seed2026,2026,0.748581,20.101737,0.209175,preds.pt#2554
1BC007,0021,BridgeRefine-L1-seed2026,2026,0.747245,19.775999,0.220648,preds.pt#2555
1BC007,0022,BridgeRefine-L1-seed2026,2026,0.726818,19.402380,0.223814,preds.pt#2556
1BC007,0023,BridgeRefine-L1-seed2026,2026,0.732158,19.468317,0.238432,preds.pt#2557
1BC007,0024,BridgeRefine-L1-seed2026,2026,0.729161,19.349720,0.250783,preds.pt#2558
1BC007,0025,BridgeRefine-L1-seed2026,2026,0.706152,18.687972,0.259107,preds.pt#2559
1BC007,0026,BridgeRefine-L1-seed2026,2026,0.706657,18.631269,0.254253,preds.pt#2560
1BC007,0027,BridgeRefine-L1-seed2026,2026,0.698049,18.383335,0.247995,preds.pt#2561
1BC007,0028,BridgeRefine-L1-seed2026,2026,0.691856,17.974923,0.275733,preds.pt#2562
1BC007,0029,BridgeRefine-L1-seed2026,2026,0.688146,18.408114,0.223917,preds.pt#2563
1BC007,0030,BridgeRefine-L1-seed2026,2026,0.706902,18.337381,0.230169,preds.pt#2564
1BC007,0031,BridgeRefine-L1-seed2026,2026,0.697723,18.430124,0.235758,preds.pt#2565
1BC007,0032,BridgeRefine-L1-seed2026,2026,0.722808,18.474777,0.233047,preds.pt#2566
1BC007,0033,BridgeRefine-L1-seed2026,2026,0.702431,18.006442,0.222649,preds.pt#2567
1BC007,0034,BridgeRefine-L1-seed2026,2026,0.714863,18.078405,0.187554,preds.pt#2568
1BC007,0035,BridgeRefine-L1-seed2026,2026,0.712769,17.789747,0.190162,preds.pt#2569
1BC007,0036,BridgeRefine-L1-seed2026,2026,0.739963,18.164330,0.166693,preds.pt#2570
1BC007,0037,BridgeRefine-L1-seed2026,2026,0.737749,18.062432,0.208454,preds.pt#2571
1BC007,0038,BridgeRefine-L1-seed2026,2026,0.741968,18.091325,0.203511,preds.pt#2572
1BC007,0039,BridgeRefine-L1-seed2026,2026,0.753053,18.007260,0.212735,preds.pt#2573
1BC007,0040,BridgeRefine-L1-seed2026,2026,0.758227,17.830228,0.212294,preds.pt#2574
1BC007,0041,BridgeRefine-L1-seed2026,2026,0.766970,17.941401,0.207705,preds.pt#2575
1BC007,0042,BridgeRefine-L1-seed2026,2026,0.781214,18.267949,0.169922,preds.pt#2576
1BC007,0043,BridgeRefine-L1-seed2026,2026,0.785269,18.305156,0.161250,preds.pt#2577
1BC007,0044,BridgeRefine-L1-seed2026,2026,0.781194,18.000513,0.166205,preds.pt#2578
1BC007,0045,BridgeRefine-L1-seed2026,2026,0.785451,18.178476,0.149495,preds.pt#2579
1BC007,0046,BridgeRefine-L1-seed2026,2026,0.789791,18.357177,0.157686,preds.pt#2580
1BC007,0047,BridgeRefine-L1-seed2026,2026,0.787221,18.082426,0.141793,preds.pt#2581
1BC007,0048,BridgeRefine-L1-seed2026,2026,0.785811,18.201607,0.149907,preds.pt#2582
1BC007,0049,BridgeRefine-L1-seed2026,2026,0.786605,18.261811,0.145444,preds.pt#2583
1BC007,0050,BridgeRefine-L1-seed2026,2026,0.781110,18.337694,0.155443,preds.pt#2584
1BC007,0051,BridgeRefine-L1-seed2026,2026,0.773921,17.977164,0.153359,preds.pt#2585
1BC007,0052,BridgeRefine-L1-seed2026,2026,0.775337,17.833890,0.149725,preds.pt#2586
1BC007,0053,BridgeRefine-L1-seed2026,2026,0.773693,17.962420,0.139352,preds.pt#2587
1BC007,0054,BridgeRefine-L1-seed2026,2026,0.784238,18.116351,0.148641,preds.pt#2588
1BC007,0055,BridgeRefine-L1-seed2026,2026,0.796472,18.377738,0.138875,preds.pt#2589
1BC007,0056,BridgeRefine-L1-seed2026,2026,0.797818,18.612483,0.131036,preds.pt#2590
1BC007,0057,BridgeRefine-L1-seed2026,2026,0.799477,18.833300,0.138995,preds.pt#2591
1BC007,0058,BridgeRefine-L1-seed2026,2026,0.798627,18.734944,0.144379,preds.pt#2592
1BC007,0059,BridgeRefine-L1-seed2026,2026,0.808549,19.120929,0.144035,preds.pt#2593
1BC007,0060,BridgeRefine-L1-seed2026,2026,0.809117,19.031627,0.130648,preds.pt#2594
1BC007,0061,BridgeRefine-L1-seed2026,2026,0.791034,18.745303,0.135072,preds.pt#2595
1BC007,0062,BridgeRefine-L1-seed2026,2026,0.802957,19.106509,0.130600,preds.pt#2596
1BC007,0063,BridgeRefine-L1-seed2026,2026,0.803371,19.167893,0.132497,preds.pt#2597
1BC007,0064,BridgeRefine-L1-seed2026,2026,0.808288,19.388367,0.110235,preds.pt#2598
1BC007,0065,BridgeRefine-L1-seed2026,2026,0.807380,19.347118,0.093932,preds.pt#2599
1BC007,0066,BridgeRefine-L1-seed2026,2026,0.807446,19.292828,0.100458,preds.pt#2600
1BC007,0067,BridgeRefine-L1-seed2026,2026,0.803638,19.224227,0.112772,preds.pt#2601
1BC007,0068,BridgeRefine-L1-seed2026,2026,0.806948,19.412202,0.122901,preds.pt#2602
1BC007,0069,BridgeRefine-L1-seed2026,2026,0.796692,19.217176,0.122018,preds.pt#2603
1BC007,0070,BridgeRefine-L1-seed2026,2026,0.790045,18.964527,0.127566,preds.pt#2604
1BC007,0071,BridgeRefine-L1-seed2026,2026,0.794261,19.027096,0.149491,preds.pt#2605
1BC007,0072,BridgeRefine-L1-seed2026,2026,0.784075,18.762340,0.147379,preds.pt#2606
1BC007,0073,BridgeRefine-L1-seed2026,2026,0.769307,18.684400,0.144977,preds.pt#2607
1BC007,0074,BridgeRefine-L1-seed2026,2026,0.754545,18.521997,0.154965,preds.pt#2608
1BC007,0075,BridgeRefine-L1-seed2026,2026,0.755796,18.392374,0.161969,preds.pt#2609
1BC007,0076,BridgeRefine-L1-seed2026,2026,0.756316,18.303286,0.152630,preds.pt#2610
1BC007,0077,BridgeRefine-L1-seed2026,2026,0.759403,18.367853,0.152738,preds.pt#2611
1BC007,0078,BridgeRefine-L1-seed2026,2026,0.768450,18.391179,0.159851,preds.pt#2612
1BC007,0079,BridgeRefine-L1-seed2026,2026,0.768401,18.334831,0.155824,preds.pt#2613
1BC007,0080,BridgeRefine-L1-seed2026,2026,0.781346,18.667509,0.146071,preds.pt#2614
1BC007,0081,BridgeRefine-L1-seed2026,2026,0.775742,18.523229,0.152287,preds.pt#2615
1BC007,0082,BridgeRefine-L1-seed2026,2026,0.774724,18.352469,0.138928,preds.pt#2616
1BC007,0083,BridgeRefine-L1-seed2026,2026,0.782177,18.623187,0.123960,preds.pt#2617
1BC007,0084,BridgeRefine-L1-seed2026,2026,0.777008,18.681988,0.135643,preds.pt#2618
1BC007,0085,BridgeRefine-L1-seed2026,2026,0.785634,18.738995,0.136845,preds.pt#2619
1BC007,0086,BridgeRefine-L1-seed2026,2026,0.785735,18.854011,0.120981,preds.pt#2620
1BC007,0087,BridgeRefine-L1-seed2026,2026,0.782220,18.995033,0.106447,preds.pt#2621
1BC007,0088,BridgeRefine-L1-seed2026,2026,0.770934,18.589748,0.129090,preds.pt#2622
1BC007,0089,BridgeRefine-L1-seed2026,2026,0.774331,18.513230,0.117980,preds.pt#2623
1BC007,0090,BridgeRefine-L1-seed2026,2026,0.803741,19.104014,0.101959,preds.pt#2624
1BC007,0091,BridgeRefine-L1-seed2026,2026,0.814761,19.328432,0.106496,preds.pt#2625
1BC007,0092,BridgeRefine-L1-seed2026,2026,0.811518,19.468089,0.102139,preds.pt#2626
1BC007,0093,BridgeRefine-L1-seed2026,2026,0.810003,19.258203,0.100387,preds.pt#2627
1BC007,0094,BridgeRefine-L1-seed2026,2026,0.810637,19.085493,0.096389,preds.pt#2628
1BC007,0095,BridgeRefine-L1-seed2026,2026,0.818457,19.584927,0.092106,preds.pt#2629
1BC007,0096,BridgeRefine-L1-seed2026,2026,0.816451,19.408306,0.084620,preds.pt#2630
1BC007,0097,BridgeRefine-L1-seed2026,2026,0.826250,19.815784,0.081991,preds.pt#2631
1BC007,0098,BridgeRefine-L1-seed2026,2026,0.820104,19.504661,0.083861,preds.pt#2632
1BC007,0099,BridgeRefine-L1-seed2026,2026,0.824286,20.027348,0.088130,preds.pt#2633
1BC007,0100,BridgeRefine-L1-seed2026,2026,0.809183,19.300029,0.086049,preds.pt#2634
1BC007,0101,BridgeRefine-L1-seed2026,2026,0.813238,19.359542,0.084757,preds.pt#2635
1BC007,0102,BridgeRefine-L1-seed2026,2026,0.826325,19.939005,0.076825,preds.pt#2636
1BC007,0103,BridgeRefine-L1-seed2026,2026,0.820412,19.531979,0.076756,preds.pt#2637
1BC007,0104,BridgeRefine-L1-seed2026,2026,0.829637,20.013514,0.079050,preds.pt#2638
1BC007,0105,BridgeRefine-L1-seed2026,2026,0.824337,19.993310,0.093368,preds.pt#2639
1BC007,0106,BridgeRefine-L1-seed2026,2026,0.822944,19.882995,0.090801,preds.pt#2640
1BC007,0107,BridgeRefine-L1-seed2026,2026,0.837850,20.415474,0.090847,preds.pt#2641
1BC007,0108,BridgeRefine-L1-seed2026,2026,0.840053,20.389898,0.093668,preds.pt#2642
1BC007,0109,BridgeRefine-L1-seed2026,2026,0.836922,20.660389,0.087257,preds.pt#2643
1BC007,0110,BridgeRefine-L1-seed2026,2026,0.856305,21.174358,0.086605,preds.pt#2644
1BC007,0111,BridgeRefine-L1-seed2026,2026,0.857947,21.387660,0.084225,preds.pt#2645
1BC007,0112,BridgeRefine-L1-seed2026,2026,0.835977,20.573806,0.064478,preds.pt#2646
1BC007,0113,BridgeRefine-L1-seed2026,2026,0.831651,20.401695,0.062541,preds.pt#2647
1BC007,0114,BridgeRefine-L1-seed2026,2026,0.835576,20.646253,0.064952,preds.pt#2648
1BC007,0115,BridgeRefine-L1-seed2026,2026,0.828734,21.285572,0.058796,preds.pt#2649
1BC007,0116,BridgeRefine-L1-seed2026,2026,0.839416,20.782469,0.054834,preds.pt#2650
1BC007,0117,BridgeRefine-L1-seed2026,2026,0.837345,20.768397,0.061580,preds.pt#2651
1BC007,0118,BridgeRefine-L1-seed2026,2026,0.831326,20.312494,0.059442,preds.pt#2652
1BC007,0119,BridgeRefine-L1-seed2026,2026,0.845034,20.782731,0.058646,preds.pt#2653
1BC007,0120,BridgeRefine-L1-seed2026,2026,0.823077,20.334328,0.061928,preds.pt#2654
1BC007,0121,BridgeRefine-L1-seed2026,2026,0.827365,20.327131,0.061020,preds.pt#2655
1BC007,0122,BridgeRefine-L1-seed2026,2026,0.828351,20.564202,0.063737,preds.pt#2656
1BC007,0123,BridgeRefine-L1-seed2026,2026,0.817406,20.030447,0.070766,preds.pt#2657
1BC007,0124,BridgeRefine-L1-seed2026,2026,0.829724,20.380757,0.061250,preds.pt#2658
1BC007,0125,BridgeRefine-L1-seed2026,2026,0.824432,20.182847,0.065896,preds.pt#2659
1BC007,0126,BridgeRefine-L1-seed2026,2026,0.823667,19.716427,0.059045,preds.pt#2660
1BC007,0127,BridgeRefine-L1-seed2026,2026,0.818683,19.579083,0.061902,preds.pt#2661
1BC007,0128,BridgeRefine-L1-seed2026,2026,0.814509,19.405350,0.070157,preds.pt#2662
1BC007,0129,BridgeRefine-L1-seed2026,2026,0.813365,19.358657,0.070527,preds.pt#2663
1BC007,0130,BridgeRefine-L1-seed2026,2026,0.808828,19.068189,0.071228,preds.pt#2664
1BC007,0131,BridgeRefine-L1-seed2026,2026,0.818679,19.315426,0.075508,preds.pt#2665
1BC007,0132,BridgeRefine-L1-seed2026,2026,0.820571,19.029665,0.063734,preds.pt#2666
1BC007,0133,BridgeRefine-L1-seed2026,2026,0.816564,18.709228,0.059002,preds.pt#2667
1BC007,0134,BridgeRefine-L1-seed2026,2026,0.814350,18.766169,0.051012,preds.pt#2668
1BC007,0135,BridgeRefine-L1-seed2026,2026,0.827528,19.201124,0.052964,preds.pt#2669
1BC007,0136,BridgeRefine-L1-seed2026,2026,0.812031,18.868538,0.058806,preds.pt#2670
1BC007,0137,BridgeRefine-L1-seed2026,2026,0.815003,18.558376,0.059810,preds.pt#2671
1BC007,0138,BridgeRefine-L1-seed2026,2026,0.823161,18.638477,0.052122,preds.pt#2672
1BC007,0139,BridgeRefine-L1-seed2026,2026,0.820769,18.596907,0.050060,preds.pt#2673
1BC007,0140,BridgeRefine-L1-seed2026,2026,0.825835,18.564221,0.053526,preds.pt#2674
1BC007,0141,BridgeRefine-L1-seed2026,2026,0.825492,18.628815,0.052420,preds.pt#2675
1BC007,0142,BridgeRefine-L1-seed2026,2026,0.805733,18.335630,0.050001,preds.pt#2676
1BC007,0143,BridgeRefine-L1-seed2026,2026,0.798260,18.148399,0.045690,preds.pt#2677
1BC007,0144,BridgeRefine-L1-seed2026,2026,0.798006,18.380670,0.049179,preds.pt#2678
1BC007,0145,BridgeRefine-L1-seed2026,2026,0.818303,18.531561,0.053204,preds.pt#2679
1BC007,0146,BridgeRefine-L1-seed2026,2026,0.813981,18.603020,0.053111,preds.pt#2680
1BC007,0147,BridgeRefine-L1-seed2026,2026,0.832244,18.714485,0.041445,preds.pt#2681
1BC007,0148,BridgeRefine-L1-seed2026,2026,0.829715,18.692001,0.041314,preds.pt#2682
1BC007,0149,BridgeRefine-L1-seed2026,2026,0.825453,18.541146,0.050569,preds.pt#2683
1BC007,0150,BridgeRefine-L1-seed2026,2026,0.814937,18.392167,0.047226,preds.pt#2684
1BC007,0151,BridgeRefine-L1-seed2026,2026,0.837995,18.754127,0.043677,preds.pt#2685
1BC007,0152,BridgeRefine-L1-seed2026,2026,0.836048,18.851011,0.043673,preds.pt#2686
1BC007,0153,BridgeRefine-L1-seed2026,2026,0.836232,19.079906,0.042937,preds.pt#2687
1BC007,0154,BridgeRefine-L1-seed2026,2026,0.828893,18.966623,0.051211,preds.pt#2688
1BC007,0155,BridgeRefine-L1-seed2026,2026,0.860081,19.808149,0.050838,preds.pt#2689
1BC007,0156,BridgeRefine-L1-seed2026,2026,0.857088,19.723697,0.050513,preds.pt#2690
1BC007,0157,BridgeRefine-L1-seed2026,2026,0.864656,20.194400,0.042757,preds.pt#2691
1BC007,0158,BridgeRefine-L1-seed2026,2026,0.873592,20.437145,0.048411,preds.pt#2692
1BC007,0159,BridgeRefine-L1-seed2026,2026,0.882089,20.717712,0.042906,preds.pt#2693
1BC007,0160,BridgeRefine-L1-seed2026,2026,0.890658,21.063614,0.046731,preds.pt#2694
1BC007,0161,BridgeRefine-L1-seed2026,2026,0.885883,21.025759,0.048867,preds.pt#2695
1BC007,0162,BridgeRefine-L1-seed2026,2026,0.896931,21.280220,0.043716,preds.pt#2696
1BC007,0163,BridgeRefine-L1-seed2026,2026,0.898142,21.619363,0.051925,preds.pt#2697
1BC007,0164,BridgeRefine-L1-seed2026,2026,0.903305,21.823159,0.053185,preds.pt#2698
1BC007,0165,BridgeRefine-L1-seed2026,2026,0.903030,22.295300,0.055434,preds.pt#2699
1BC007,0166,BridgeRefine-L1-seed2026,2026,0.913775,22.487974,0.050464,preds.pt#2700
1BC007,0167,BridgeRefine-L1-seed2026,2026,0.915570,23.142100,0.060586,preds.pt#2701
1BC007,0168,BridgeRefine-L1-seed2026,2026,0.911868,23.399058,0.074283,preds.pt#2702
1BC007,0169,BridgeRefine-L1-seed2026,2026,0.920682,23.995395,0.059714,preds.pt#2703
1BC007,0170,BridgeRefine-L1-seed2026,2026,0.887687,22.249400,0.093383,preds.pt#2704
1BC007,0171,BridgeRefine-L1-seed2026,2026,0.905365,23.691620,0.080265,preds.pt#2705
1BC007,0172,BridgeRefine-L1-seed2026,2026,0.915808,24.846526,0.088678,preds.pt#2706
1BC007,0173,BridgeRefine-L1-seed2026,2026,0.919896,25.521009,0.058716,preds.pt#2707
1BC007,0174,BridgeRefine-L1-seed2026,2026,0.925839,26.050106,0.051100,preds.pt#2708
1BC007,0175,BridgeRefine-L1-seed2026,2026,0.925077,25.304493,0.057033,preds.pt#2709
1BC007,0176,BridgeRefine-L1-seed2026,2026,0.929492,26.032041,0.071652,preds.pt#2710
1BC007,0177,BridgeRefine-L1-seed2026,2026,0.929930,26.224343,0.073968,preds.pt#2711
1BC007,0178,BridgeRefine-L1-seed2026,2026,0.924528,24.487204,0.075429,preds.pt#2712
1BC007,0179,BridgeRefine-L1-seed2026,2026,0.912128,23.988136,0.087228,preds.pt#2713
1BC007,0180,BridgeRefine-L1-seed2026,2026,0.911383,23.787184,0.108735,preds.pt#2714
1BC007,0181,BridgeRefine-L1-seed2026,2026,0.933234,25.283072,0.102040,preds.pt#2715
1BC007,0182,BridgeRefine-L1-seed2026,2026,0.941846,27.964667,0.063137,preds.pt#2716
1BC007,0183,BridgeRefine-L1-seed2026,2026,0.933749,26.769100,0.055797,preds.pt#2717
1BC007,0184,BridgeRefine-L1-seed2026,2026,0.942217,27.932712,0.063708,preds.pt#2718
1BC007,0185,BridgeRefine-L1-seed2026,2026,0.949309,30.416313,0.066875,preds.pt#2719
1BC014,0005,BridgeRefine-L1-seed2026,2026,0.975376,40.810234,0.103188,preds.pt#2720
1BC014,0006,BridgeRefine-L1-seed2026,2026,0.971142,38.110502,0.103891,preds.pt#2721
1BC014,0007,BridgeRefine-L1-seed2026,2026,0.962550,34.490664,0.135732,preds.pt#2722
1BC014,0008,BridgeRefine-L1-seed2026,2026,0.950146,30.273237,0.203498,preds.pt#2723
1BC014,0009,BridgeRefine-L1-seed2026,2026,0.952053,28.776039,0.191711,preds.pt#2724
1BC014,0010,BridgeRefine-L1-seed2026,2026,0.943742,27.053889,0.158929,preds.pt#2725
1BC014,0011,BridgeRefine-L1-seed2026,2026,0.924998,26.457467,0.195954,preds.pt#2726
1BC014,0012,BridgeRefine-L1-seed2026,2026,0.902585,24.401049,0.193345,preds.pt#2727
1BC014,0013,BridgeRefine-L1-seed2026,2026,0.876179,22.979738,0.202562,preds.pt#2728
1BC014,0014,BridgeRefine-L1-seed2026,2026,0.856558,22.050099,0.241130,preds.pt#2729
1BC014,0015,BridgeRefine-L1-seed2026,2026,0.839580,21.460791,0.233689,preds.pt#2730
1BC014,0016,BridgeRefine-L1-seed2026,2026,0.828205,20.758479,0.232638,preds.pt#2731
1BC014,0017,BridgeRefine-L1-seed2026,2026,0.802940,19.550712,0.260865,preds.pt#2732
1BC014,0018,BridgeRefine-L1-seed2026,2026,0.782121,20.015281,0.256014,preds.pt#2733
1BC014,0019,BridgeRefine-L1-seed2026,2026,0.767813,20.348320,0.255082,preds.pt#2734
1BC014,0020,BridgeRefine-L1-seed2026,2026,0.757577,19.753895,0.244630,preds.pt#2735
1BC014,0021,BridgeRefine-L1-seed2026,2026,0.720157,19.194298,0.231952,preds.pt#2736
1BC014,0022,BridgeRefine-L1-seed2026,2026,0.695492,17.872275,0.240802,preds.pt#2737
1BC014,0023,BridgeRefine-L1-seed2026,2026,0.704737,18.059320,0.223138,preds.pt#2738
1BC014,0024,BridgeRefine-L1-seed2026,2026,0.688377,17.701219,0.217828,preds.pt#2739
1BC014,0025,BridgeRefine-L1-seed2026,2026,0.656625,17.221416,0.226765,preds.pt#2740
1BC014,0026,BridgeRefine-L1-seed2026,2026,0.707835,18.309724,0.243533,preds.pt#2741
1BC014,0027,BridgeRefine-L1-seed2026,2026,0.660980,16.984550,0.247619,preds.pt#2742
1BC014,0028,BridgeRefine-L1-seed2026,2026,0.655811,16.783263,0.238293,preds.pt#2743
1BC014,0029,BridgeRefine-L1-seed2026,2026,0.651501,16.884061,0.234918,preds.pt#2744
1BC014,0030,BridgeRefine-L1-seed2026,2026,0.670292,17.702310,0.251365,preds.pt#2745
1BC014,0031,BridgeRefine-L1-seed2026,2026,0.685347,18.201279,0.269178,preds.pt#2746
1BC014,0032,BridgeRefine-L1-seed2026,2026,0.670412,17.801997,0.246743,preds.pt#2747
1BC014,0033,BridgeRefine-L1-seed2026,2026,0.655213,17.428946,0.265148,preds.pt#2748
1BC014,0034,BridgeRefine-L1-seed2026,2026,0.667012,17.683645,0.246333,preds.pt#2749
1BC014,0035,BridgeRefine-L1-seed2026,2026,0.664454,17.949414,0.232777,preds.pt#2750
1BC014,0036,BridgeRefine-L1-seed2026,2026,0.657819,17.390708,0.241294,preds.pt#2751
1BC014,0037,BridgeRefine-L1-seed2026,2026,0.648250,16.805754,0.244242,preds.pt#2752
1BC014,0038,BridgeRefine-L1-seed2026,2026,0.663222,16.994733,0.213121,preds.pt#2753
1BC014,0039,BridgeRefine-L1-seed2026,2026,0.664811,16.820887,0.227362,preds.pt#2754
1BC014,0040,BridgeRefine-L1-seed2026,2026,0.656921,16.267325,0.229333,preds.pt#2755
1BC014,0041,BridgeRefine-L1-seed2026,2026,0.680601,16.900776,0.225507,preds.pt#2756
1BC014,0042,BridgeRefine-L1-seed2026,2026,0.553480,14.042068,0.286109,preds.pt#2757
1BC014,0043,BridgeRefine-L1-seed2026,2026,0.665214,16.419033,0.231446,preds.pt#2758
1BC014,0044,BridgeRefine-L1-seed2026,2026,0.680285,16.597582,0.232712,preds.pt#2759
1BC014,0045,BridgeRefine-L1-seed2026,2026,0.550825,13.662101,0.305295,preds.pt#2760
1BC014,0046,BridgeRefine-L1-seed2026,2026,0.660578,15.957166,0.241324,preds.pt#2761
1BC014,0047,BridgeRefine-L1-seed2026,2026,0.652207,16.053852,0.221885,preds.pt#2762
1BC014,0048,BridgeRefine-L1-seed2026,2026,0.596107,14.385886,0.258691,preds.pt#2763
1BC014,0049,BridgeRefine-L1-seed2026,2026,0.578498,14.123270,0.262354,preds.pt#2764
1BC014,0050,BridgeRefine-L1-seed2026,2026,0.705021,16.788089,0.202034,preds.pt#2765
1BC014,0051,BridgeRefine-L1-seed2026,2026,0.566710,14.020752,0.267252,preds.pt#2766
1BC014,0052,BridgeRefine-L1-seed2026,2026,0.569428,13.777600,0.288962,preds.pt#2767
1BC014,0053,BridgeRefine-L1-seed2026,2026,0.695831,16.900134,0.215472,preds.pt#2768
1BC014,0054,BridgeRefine-L1-seed2026,2026,0.575091,13.912439,0.292485,preds.pt#2769
1BC014,0055,BridgeRefine-L1-seed2026,2026,0.573648,13.823674,0.293058,preds.pt#2770
1BC014,0056,BridgeRefine-L1-seed2026,2026,0.706559,16.935264,0.226587,preds.pt#2771
1BC014,0057,BridgeRefine-L1-seed2026,2026,0.584608,14.457708,0.264399,preds.pt#2772
1BC014,0058,BridgeRefine-L1-seed2026,2026,0.581566,13.961109,0.270480,preds.pt#2773
1BC014,0059,BridgeRefine-L1-seed2026,2026,0.610655,14.502546,0.257088,preds.pt#2774
1BC014,0060,BridgeRefine-L1-seed2026,2026,0.591484,14.070640,0.281821,preds.pt#2775
1BC014,0061,BridgeRefine-L1-seed2026,2026,0.595096,13.958498,0.292377,preds.pt#2776
1BC014,0062,BridgeRefine-L1-seed2026,2026,0.594373,13.875832,0.294526,preds.pt#2777
1BC014,0063,BridgeRefine-L1-seed2026,2026,0.594351,13.742439,0.283944,preds.pt#2778
1BC014,0064,BridgeRefine-L1-seed2026,2026,0.600376,13.843335,0.281707,preds.pt#2779
1BC014,0065,BridgeRefine-L1-seed2026,2026,0.608963,14.063562,0.285571,preds.pt#2780
1BC014,0066,BridgeRefine-L1-seed2026,2026,0.606627,13.741931,0.283228,preds.pt#2781
1BC014,0067,BridgeRefine-L1-seed2026,2026,0.615639,14.010304,0.254249,preds.pt#2782
1BC014,0068,BridgeRefine-L1-seed2026,2026,0.609810,14.060258,0.266639,preds.pt#2783
1BC014,0069,BridgeRefine-L1-seed2026,2026,0.609261,13.834417,0.279144,preds.pt#2784
1BC014,0070,BridgeRefine-L1-seed2026,2026,0.607421,13.917534,0.282786,preds.pt#2785
1BC014,0071,BridgeRefine-L1-seed2026,2026,0.646400,15.172215,0.252297,preds.pt#2786
1BC014,0072,BridgeRefine-L1-seed2026,2026,0.611412,14.070023,0.278477,preds.pt#2787
1BC014,0073,BridgeRefine-L1-seed2026,2026,0.652883,15.578482,0.226109,preds.pt#2788
1BC014,0074,BridgeRefine-L1-seed2026,2026,0.608997,14.066075,0.261250,preds.pt#2789
1BC014,0075,BridgeRefine-L1-seed2026,2026,0.637576,15.116887,0.233935,preds.pt#2790
1BC014,0076,BridgeRefine-L1-seed2026,2026,0.696372,16.312104,0.192115,preds.pt#2791
1BC014,0077,BridgeRefine-L1-seed2026,2026,0.645152,15.717282,0.223640,preds.pt#2792
1BC014,0078,BridgeRefine-L1-seed2026,2026,0.611537,14.859640,0.253035,preds.pt#2793
1BC014,0079,BridgeRefine-L1-seed2026,2026,0.610222,14.700007,0.269751,preds.pt#2794
1BC014,0080,BridgeRefine-L1-seed2026,2026,0.642641,15.788323,0.244459,preds.pt#2795
1BC014,0081,BridgeRefine-L1-seed2026,2026,0.641846,15.833772,0.246757,preds.pt#2796
1BC014,0082,BridgeRefine-L1-seed2026,2026,0.663106,16.436754,0.235946,preds.pt#2797
1BC014,0083,BridgeRefine-L1-seed2026,2026,0.633529,15.233073,0.237750,preds.pt#2798
1BC014,0084,BridgeRefine-L1-seed2026,2026,0.688661,16.880706,0.216699,preds.pt#2799
1BC014,0085,BridgeRefine-L1-seed2026,2026,0.639567,15.303241,0.248666,preds.pt#2800
1BC014,0086,BridgeRefine-L1-seed2026,2026,0.664026,15.831385,0.234143,preds.pt#2801
1BC014,0087,BridgeRefine-L1-seed2026,2026,0.645552,15.324796,0.243351,preds.pt#2802
1BC014,0088,BridgeRefine-L1-seed2026,2026,0.738157,17.818724,0.188731,preds.pt#2803
1BC014,0089,BridgeRefine-L1-seed2026,2026,0.757833,18.030583,0.172403,preds.pt#2804
1BC014,0090,BridgeRefine-L1-seed2026,2026,0.731505,17.573314,0.179845,preds.pt#2805
1BC014,0091,BridgeRefine-L1-seed2026,2026,0.729706,17.493441,0.174971,preds.pt#2806
1BC014,0092,BridgeRefine-L1-seed2026,2026,0.760099,18.311396,0.150106,preds.pt#2807
1BC014,0093,BridgeRefine-L1-seed2026,2026,0.737489,17.865893,0.176859,preds.pt#2808
1BC014,0094,BridgeRefine-L1-seed2026,2026,0.744299,18.043711,0.157824,preds.pt#2809
1BC014,0095,BridgeRefine-L1-seed2026,2026,0.753335,18.126297,0.154633,preds.pt#2810
1BC014,0096,BridgeRefine-L1-seed2026,2026,0.750796,18.164660,0.163452,preds.pt#2811
1BC014,0097,BridgeRefine-L1-seed2026,2026,0.744646,17.925501,0.158701,preds.pt#2812
1BC014,0098,BridgeRefine-L1-seed2026,2026,0.767457,18.337111,0.157171,preds.pt#2813
1BC014,0099,BridgeRefine-L1-seed2026,2026,0.767873,18.257953,0.153386,preds.pt#2814
1BC014,0100,BridgeRefine-L1-seed2026,2026,0.758426,18.163044,0.149451,preds.pt#2815
1BC014,0101,BridgeRefine-L1-seed2026,2026,0.783713,18.764405,0.136708,preds.pt#2816
1BC014,0102,BridgeRefine-L1-seed2026,2026,0.773424,18.594258,0.153547,preds.pt#2817
1BC014,0103,BridgeRefine-L1-seed2026,2026,0.777463,18.696101,0.158385,preds.pt#2818
1BC014,0104,BridgeRefine-L1-seed2026,2026,0.785060,18.558217,0.153534,preds.pt#2819
1BC014,0105,BridgeRefine-L1-seed2026,2026,0.792932,19.039695,0.145403,preds.pt#2820
1BC014,0106,BridgeRefine-L1-seed2026,2026,0.774363,18.435066,0.136926,preds.pt#2821
1BC014,0107,BridgeRefine-L1-seed2026,2026,0.778318,18.418026,0.140438,preds.pt#2822
1BC014,0108,BridgeRefine-L1-seed2026,2026,0.788033,18.672333,0.149465,preds.pt#2823
1BC014,0109,BridgeRefine-L1-seed2026,2026,0.774633,18.343618,0.153395,preds.pt#2824
1BC014,0110,BridgeRefine-L1-seed2026,2026,0.782677,18.316369,0.138026,preds.pt#2825
1BC014,0111,BridgeRefine-L1-seed2026,2026,0.721120,18.059125,0.128111,preds.pt#2826
1BC014,0112,BridgeRefine-L1-seed2026,2026,0.738280,17.797424,0.116332,preds.pt#2827
1BC014,0113,BridgeRefine-L1-seed2026,2026,0.748724,17.633457,0.114713,preds.pt#2828
1BC014,0114,BridgeRefine-L1-seed2026,2026,0.743901,17.759297,0.121216,preds.pt#2829
1BC014,0115,BridgeRefine-L1-seed2026,2026,0.734096,17.697517,0.113410,preds.pt#2830
1BC014,0116,BridgeRefine-L1-seed2026,2026,0.764493,17.947451,0.107379,preds.pt#2831
1BC014,0117,BridgeRefine-L1-seed2026,2026,0.747245,18.412640,0.126426,preds.pt#2832
1BC014,0118,BridgeRefine-L1-seed2026,2026,0.757944,17.899144,0.120267,preds.pt#2833
1BC014,0119,BridgeRefine-L1-seed2026,2026,0.776509,18.059936,0.106024,preds.pt#2834
1BC014,0120,BridgeRefine-L1-seed2026,2026,0.764796,18.109882,0.118973,preds.pt#2835
1BC014,0121,BridgeRefine-L1-seed2026,2026,0.752538,18.187793,0.106731,preds.pt#2836
1BC014,0122,BridgeRefine-L1-seed2026,2026,0.777519,18.053273,0.098149,preds.pt#2837
1BC014,0123,BridgeRefine-L1-seed2026,2026,0.734661,18.154446,0.103094,preds.pt#2838
1BC014,0124,BridgeRefine-L1-seed2026,2026,0.741865,17.970755,0.100140,preds.pt#2839
1BC014,0125,BridgeRefine-L1-seed2026,2026,0.745994,18.211404,0.091551,preds.pt#2840
1BC014,0126,BridgeRefine-L1-seed2026,2026,0.749564,17.875213,0.097998,preds.pt#2841
1BC014,0127,BridgeRefine-L1-seed2026,2026,0.751267,17.608406,0.090972,preds.pt#2842
1BC014,0128,BridgeRefine-L1-seed2026,2026,0.786002,18.211016,0.075152,preds.pt#2843
1BC014,0129,BridgeRefine-L1-seed2026,2026,0.763372,18.169412,0.093559,preds.pt#2844
1BC014,0130,BridgeRefine-L1-seed2026,2026,0.741683,17.928158,0.099948,preds.pt#2845
1BC014,0131,BridgeRefine-L1-seed2026,2026,0.785291,18.027845,0.091190,preds.pt#2846
1BC014,0132,BridgeRefine-L1-seed2026,2026,0.754487,17.829013,0.104377,preds.pt#2847
1BC014,0133,BridgeRefine-L1-seed2026,2026,0.761542,18.121571,0.108018,preds.pt#2848
1BC014,0134,BridgeRefine-L1-seed2026,2026,0.766171,18.372221,0.090915,preds.pt#2849
1BC014,0135,BridgeRefine-L1-seed2026,2026,0.769171,18.826036,0.096232,preds.pt#2850
1BC014,0136,BridgeRefine-L1-seed2026,2026,0.780870,19.134749,0.101657,preds.pt#2851
1BC014,0137,BridgeRefine-L1-seed2026,2026,0.807657,19.698419,0.078121,preds.pt#2852
1BC014,0138,BridgeRefine-L1-seed2026,2026,0.729559,18.828656,0.093816,preds.pt#2853
1BC014,0139,BridgeRefine-L1-seed2026,2026,0.733438,18.964611,0.091888,preds.pt#2854
1BC014,0140,BridgeRefine-L1-seed2026,2026,0.748381,19.730449,0.084688,preds.pt#2855
1BC014,0141,BridgeRefine-L1-seed2026,2026,0.737170,19.100844,0.088211,preds.pt#2856
1BC014,0142,BridgeRefine-L1-seed2026,2026,0.741223,19.486501,0.092890,preds.pt#2857
1BC014,0143,BridgeRefine-L1-seed2026,2026,0.744510,19.278931,0.096803,preds.pt#2858
1BC014,0144,BridgeRefine-L1-seed2026,2026,0.740855,19.077156,0.121794,preds.pt#2859
1BC014,0145,BridgeRefine-L1-seed2026,2026,0.742462,19.147611,0.108021,preds.pt#2860
1BC014,0146,BridgeRefine-L1-seed2026,2026,0.747625,19.226648,0.092062,preds.pt#2861
1BC014,0147,BridgeRefine-L1-seed2026,2026,0.749934,19.442128,0.101440,preds.pt#2862
1BC014,0148,BridgeRefine-L1-seed2026,2026,0.748761,19.328138,0.102971,preds.pt#2863
1BC014,0149,BridgeRefine-L1-seed2026,2026,0.752892,19.378286,0.088340,preds.pt#2864
1BC014,0150,BridgeRefine-L1-seed2026,2026,0.754012,19.455416,0.117432,preds.pt#2865
1BC014,0151,BridgeRefine-L1-seed2026,2026,0.748126,19.256080,0.104039,preds.pt#2866
1BC014,0152,BridgeRefine-L1-seed2026,2026,0.760321,19.480608,0.095717,preds.pt#2867
1BC014,0153,BridgeRefine-L1-seed2026,2026,0.749448,18.994192,0.128390,preds.pt#2868
1BC014,0154,BridgeRefine-L1-seed2026,2026,0.757915,19.395241,0.107643,preds.pt#2869
1BC014,0155,BridgeRefine-L1-seed2026,2026,0.745335,18.584910,0.094620,preds.pt#2870
1BC014,0156,BridgeRefine-L1-seed2026,2026,0.738432,18.620054,0.125518,preds.pt#2871
1BC014,0157,BridgeRefine-L1-seed2026,2026,0.767859,19.541985,0.109105,preds.pt#2872
1BC014,0158,BridgeRefine-L1-seed2026,2026,0.784976,19.786805,0.096735,preds.pt#2873
1BC014,0159,BridgeRefine-L1-seed2026,2026,0.759942,19.282465,0.120376,preds.pt#2874
1BC014,0160,BridgeRefine-L1-seed2026,2026,0.733163,18.193184,0.127334,preds.pt#2875
1BC014,0161,BridgeRefine-L1-seed2026,2026,0.800551,20.154929,0.095762,preds.pt#2876
1BC014,0162,BridgeRefine-L1-seed2026,2026,0.737281,18.421005,0.136713,preds.pt#2877
1BC014,0163,BridgeRefine-L1-seed2026,2026,0.757729,18.968729,0.118495,preds.pt#2878
1BC014,0164,BridgeRefine-L1-seed2026,2026,0.766086,19.096610,0.114104,preds.pt#2879
1BC014,0165,BridgeRefine-L1-seed2026,2026,0.708198,17.336022,0.153921,preds.pt#2880
1BC014,0166,BridgeRefine-L1-seed2026,2026,0.724413,17.722424,0.135012,preds.pt#2881
1BC014,0167,BridgeRefine-L1-seed2026,2026,0.748529,18.281291,0.127567,preds.pt#2882
1BC014,0168,BridgeRefine-L1-seed2026,2026,0.703633,17.010576,0.161063,preds.pt#2883
1BC014,0169,BridgeRefine-L1-seed2026,2026,0.753271,18.494082,0.150824,preds.pt#2884
1BC014,0170,BridgeRefine-L1-seed2026,2026,0.742040,17.822673,0.131687,preds.pt#2885
1BC014,0171,BridgeRefine-L1-seed2026,2026,0.720953,17.131133,0.151818,preds.pt#2886
1BC014,0172,BridgeRefine-L1-seed2026,2026,0.733243,17.475067,0.158165,preds.pt#2887
1BC014,0173,BridgeRefine-L1-seed2026,2026,0.791487,19.044229,0.150534,preds.pt#2888
1BC014,0174,BridgeRefine-L1-seed2026,2026,0.752209,18.208395,0.154962,preds.pt#2889
1BC014,0175,BridgeRefine-L1-seed2026,2026,0.770073,18.759637,0.153934,preds.pt#2890
1BC014,0176,BridgeRefine-L1-seed2026,2026,0.760325,18.265948,0.150503,preds.pt#2891
1BC014,0177,BridgeRefine-L1-seed2026,2026,0.775819,18.640108,0.150061,preds.pt#2892
1BC014,0178,BridgeRefine-L1-seed2026,2026,0.826602,20.466326,0.137346,preds.pt#2893
1BC014,0179,BridgeRefine-L1-seed2026,2026,0.776241,18.249276,0.147559,preds.pt#2894
1BC014,0180,BridgeRefine-L1-seed2026,2026,0.823868,20.074033,0.176823,preds.pt#2895
1BC014,0181,BridgeRefine-L1-seed2026,2026,0.845700,21.518523,0.152920,preds.pt#2896
1BC014,0182,BridgeRefine-L1-seed2026,2026,0.822058,20.039600,0.168722,preds.pt#2897
1BC014,0183,BridgeRefine-L1-seed2026,2026,0.855393,22.359523,0.166645,preds.pt#2898
1BC014,0184,BridgeRefine-L1-seed2026,2026,0.889270,24.573849,0.139307,preds.pt#2899
1BC014,0185,BridgeRefine-L1-seed2026,2026,0.891132,23.357996,0.160223,preds.pt#2900
1BC014,0186,BridgeRefine-L1-seed2026,2026,0.912996,26.277116,0.175398,preds.pt#2901
1BC014,0187,BridgeRefine-L1-seed2026,2026,0.917270,26.101710,0.138482,preds.pt#2902
1BC014,0188,BridgeRefine-L1-seed2026,2026,0.879743,21.205370,0.198447,preds.pt#2903
1BC014,0189,BridgeRefine-L1-seed2026,2026,0.913865,22.075781,0.167163,preds.pt#2904
1BC014,0190,BridgeRefine-L1-seed2026,2026,0.936414,27.395354,0.119297,preds.pt#2905
1BC050,0000,BridgeRefine-L1-seed2026,2026,0.934829,29.739191,0.159302,preds.pt#2906
1BC050,0001,BridgeRefine-L1-seed2026,2026,0.868069,25.247751,0.201109,preds.pt#2907
1BC050,0002,BridgeRefine-L1-seed2026,2026,0.831354,22.743896,0.226542,preds.pt#2908
1BC050,0003,BridgeRefine-L1-seed2026,2026,0.757569,21.060779,0.182265,preds.pt#2909
1BC050,0004,BridgeRefine-L1-seed2026,2026,0.772022,22.061532,0.203459,preds.pt#2910
1BC050,0005,BridgeRefine-L1-seed2026,2026,0.767597,21.575310,0.222449,preds.pt#2911
1BC050,0006,BridgeRefine-L1-seed2026,2026,0.720059,20.188893,0.194027,preds.pt#2912
1BC050,0007,BridgeRefine-L1-seed2026,2026,0.729607,19.929892,0.214454,preds.pt#2913
1BC050,0008,BridgeRefine-L1-seed2026,2026,0.697956,18.724323,0.238513,preds.pt#2914
1BC050,0009,BridgeRefine-L1-seed2026,2026,0.690110,18.724892,0.215010,preds.pt#2915
1BC050,0010,BridgeRefine-L1-seed2026,2026,0.723717,19.326166,0.217637,preds.pt#2916
1BC050,0011,BridgeRefine-L1-seed2026,2026,0.731382,19.459519,0.210949,preds.pt#2917
1BC050,0012,BridgeRefine-L1-seed2026,2026,0.736816,19.568778,0.186606,preds.pt#2918
1BC050,0013,BridgeRefine-L1-seed2026,2026,0.730765,19.622389,0.192853,preds.pt#2919
1BC050,0014,BridgeRefine-L1-seed2026,2026,0.742697,19.336355,0.195254,preds.pt#2920
1BC050,0015,BridgeRefine-L1-seed2026,2026,0.754976,19.949507,0.216295,preds.pt#2921
1BC050,0016,BridgeRefine-L1-seed2026,2026,0.746285,19.732501,0.207489,preds.pt#2922
1BC050,0017,BridgeRefine-L1-seed2026,2026,0.762894,19.604886,0.201896,preds.pt#2923
1BC050,0018,BridgeRefine-L1-seed2026,2026,0.757415,19.002408,0.191848,preds.pt#2924
1BC050,0019,BridgeRefine-L1-seed2026,2026,0.765554,19.784006,0.191637,preds.pt#2925
1BC050,0020,BridgeRefine-L1-seed2026,2026,0.764677,19.435872,0.188600,preds.pt#2926
1BC050,0021,BridgeRefine-L1-seed2026,2026,0.764081,19.247705,0.176034,preds.pt#2927
1BC050,0022,BridgeRefine-L1-seed2026,2026,0.769194,19.321841,0.183455,preds.pt#2928
1BC050,0023,BridgeRefine-L1-seed2026,2026,0.759141,18.946641,0.186786,preds.pt#2929
1BC050,0024,BridgeRefine-L1-seed2026,2026,0.764461,18.875189,0.177489,preds.pt#2930
1BC050,0025,BridgeRefine-L1-seed2026,2026,0.775579,18.764765,0.173279,preds.pt#2931
1BC050,0026,BridgeRefine-L1-seed2026,2026,0.781144,18.813043,0.187049,preds.pt#2932
1BC050,0027,BridgeRefine-L1-seed2026,2026,0.779929,18.939087,0.169929,preds.pt#2933
1BC050,0028,BridgeRefine-L1-seed2026,2026,0.773684,18.774985,0.166979,preds.pt#2934
1BC050,0029,BridgeRefine-L1-seed2026,2026,0.790191,18.966412,0.149665,preds.pt#2935
1BC050,0030,BridgeRefine-L1-seed2026,2026,0.794313,19.016745,0.133900,preds.pt#2936
1BC050,0031,BridgeRefine-L1-seed2026,2026,0.795528,19.024203,0.131107,preds.pt#2937
1BC050,0032,BridgeRefine-L1-seed2026,2026,0.789201,18.781678,0.133295,preds.pt#2938
1BC050,0033,BridgeRefine-L1-seed2026,2026,0.801577,18.740588,0.131625,preds.pt#2939
1BC050,0034,BridgeRefine-L1-seed2026,2026,0.798536,18.846735,0.138799,preds.pt#2940
1BC050,0035,BridgeRefine-L1-seed2026,2026,0.805052,19.048381,0.136848,preds.pt#2941
1BC050,0036,BridgeRefine-L1-seed2026,2026,0.805133,18.763187,0.137178,preds.pt#2942
1BC050,0037,BridgeRefine-L1-seed2026,2026,0.802673,18.935236,0.148868,preds.pt#2943
1BC050,0038,BridgeRefine-L1-seed2026,2026,0.800537,18.843305,0.161398,preds.pt#2944
1BC050,0039,BridgeRefine-L1-seed2026,2026,0.806952,18.801350,0.142931,preds.pt#2945
1BC050,0040,BridgeRefine-L1-seed2026,2026,0.805019,18.927231,0.144070,preds.pt#2946
1BC050,0041,BridgeRefine-L1-seed2026,2026,0.812119,19.287760,0.153528,preds.pt#2947
1BC050,0042,BridgeRefine-L1-seed2026,2026,0.809311,19.140157,0.144257,preds.pt#2948
1BC050,0043,BridgeRefine-L1-seed2026,2026,0.805147,19.095368,0.148597,preds.pt#2949
1BC050,0044,BridgeRefine-L1-seed2026,2026,0.809882,18.989544,0.148480,preds.pt#2950
1BC050,0045,BridgeRefine-L1-seed2026,2026,0.806859,19.065876,0.152623,preds.pt#2951
1BC050,0046,BridgeRefine-L1-seed2026,2026,0.804285,19.066682,0.147093,preds.pt#2952
1BC050,0047,BridgeRefine-L1-seed2026,2026,0.815799,19.320097,0.148965,preds.pt#2953
1BC050,0048,BridgeRefine-L1-seed2026,2026,0.808849,19.177748,0.128663,preds.pt#2954
1BC050,0049,BridgeRefine-L1-seed2026,2026,0.823993,19.786854,0.122082,preds.pt#2955
1BC050,0050,BridgeRefine-L1-seed2026,2026,0.816064,19.494143,0.131896,preds.pt#2956
1BC050,0051,BridgeRefine-L1-seed2026,2026,0.809212,19.116379,0.120714,preds.pt#2957
1BC050,0052,BridgeRefine-L1-seed2026,2026,0.804397,19.125659,0.116540,preds.pt#2958
1BC050,0053,BridgeRefine-L1-seed2026,2026,0.802698,18.785869,0.107472,preds.pt#2959
1BC050,0054,BridgeRefine-L1-seed2026,2026,0.809179,19.322128,0.110339,preds.pt#2960
1BC050,0055,BridgeRefine-L1-seed2026,2026,0.811157,19.205498,0.107445,preds.pt#2961
1BC050,0056,BridgeRefine-L1-seed2026,2026,0.802246,19.020752,0.102688,preds.pt#2962
1BC050,0057,BridgeRefine-L1-seed2026,2026,0.807560,19.413554,0.095388,preds.pt#2963
1BC050,0058,BridgeRefine-L1-seed2026,2026,0.799064,19.174970,0.103018,preds.pt#2964
1BC050,0059,BridgeRefine-L1-seed2026,2026,0.788306,19.090549,0.112455,preds.pt#2965
1BC050,0060,BridgeRefine-L1-seed2026,2026,0.779919,18.755780,0.110821,preds.pt#2966
1BC050,0061,BridgeRefine-L1-seed2026,2026,0.788822,18.935396,0.096154,preds.pt#2967
1BC050,0062,BridgeRefine-L1-seed2026,2026,0.772477,18.649496,0.109575,preds.pt#2968
1BC050,0063,BridgeRefine-L1-seed2026,2026,0.767603,18.575270,0.122808,preds.pt#2969
1BC050,0064,BridgeRefine-L1-seed2026,2026,0.778886,19.140978,0.106106,preds.pt#2970
1BC050,0065,BridgeRefine-L1-seed2026,2026,0.782768,19.176809,0.103237,preds.pt#2971
1BC050,0066,BridgeRefine-L1-seed2026,2026,0.766202,18.887811,0.109318,preds.pt#2972
1BC050,0067,BridgeRefine-L1-seed2026,2026,0.765630,19.003847,0.110776,preds.pt#2973
1BC050,0068,BridgeRefine-L1-seed2026,2026,0.778251,19.220016,0.098395,preds.pt#2974
1BC050,0069,BridgeRefine-L1-seed2026,2026,0.792705,19.527642,0.094266,preds.pt#2975
1BC050,0070,BridgeRefine-L1-seed2026,2026,0.804903,19.702318,0.096619,preds.pt#2976
1BC050,0071,BridgeRefine-L1-seed2026,2026,0.802193,19.300411,0.097437,preds.pt#2977
1BC050,0072,BridgeRefine-L1-seed2026,2026,0.786341,18.801127,0.099236,preds.pt#2978
1BC050,0073,BridgeRefine-L1-seed2026,2026,0.778877,19.153389,0.105655,preds.pt#2979
1BC050,0074,BridgeRefine-L1-seed2026,2026,0.809282,19.526994,0.096964,preds.pt#2980
1BC050,0075,BridgeRefine-L1-seed2026,2026,0.798953,19.637972,0.095478,preds.pt#2981
1BC050,0076,BridgeRefine-L1-seed2026,2026,0.788961,19.346452,0.096437,preds.pt#2982
1BC050,0077,BridgeRefine-L1-seed2026,2026,0.791991,19.687799,0.087226,preds.pt#2983
1BC050,0078,BridgeRefine-L1-seed2026,2026,0.804728,19.826144,0.099974,preds.pt#2984
1BC050,0079,BridgeRefine-L1-seed2026,2026,0.808470,19.833784,0.110954,preds.pt#2985
1BC050,0080,BridgeRefine-L1-seed2026,2026,0.812495,20.022277,0.115230,preds.pt#2986
1BC050,0081,BridgeRefine-L1-seed2026,2026,0.823811,20.202717,0.106813,preds.pt#2987
1BC050,0082,BridgeRefine-L1-seed2026,2026,0.833058,20.478326,0.104182,preds.pt#2988
1BC050,0083,BridgeRefine-L1-seed2026,2026,0.818143,19.911053,0.099879,preds.pt#2989
1BC050,0084,BridgeRefine-L1-seed2026,2026,0.841378,20.932196,0.103908,preds.pt#2990
1BC050,0085,BridgeRefine-L1-seed2026,2026,0.830312,20.686679,0.105649,preds.pt#2991
1BC050,0086,BridgeRefine-L1-seed2026,2026,0.842916,20.878478,0.079325,preds.pt#2992
1BC050,0087,BridgeRefine-L1-seed2026,2026,0.838144,20.829869,0.097394,preds.pt#2993
1BC050,0088,BridgeRefine-L1-seed2026,2026,0.828184,20.400092,0.097590,preds.pt#2994
1BC050,0089,BridgeRefine-L1-seed2026,2026,0.828846,20.514851,0.106456,preds.pt#2995
1BC050,0090,BridgeRefine-L1-seed2026,2026,0.827604,20.249767,0.092741,preds.pt#2996
1BC050,0091,BridgeRefine-L1-seed2026,2026,0.833374,20.344176,0.085880,preds.pt#2997
1BC050,0092,BridgeRefine-L1-seed2026,2026,0.832333,20.423877,0.096295,preds.pt#2998
1BC050,0093,BridgeRefine-L1-seed2026,2026,0.839526,20.699330,0.087677,preds.pt#2999
1BC050,0094,BridgeRefine-L1-seed2026,2026,0.838549,20.865791,0.078085,preds.pt#3000
1BC050,0095,BridgeRefine-L1-seed2026,2026,0.815481,19.957549,0.088465,preds.pt#3001
1BC050,0096,BridgeRefine-L1-seed2026,2026,0.793350,19.471861,0.097506,preds.pt#3002
1BC050,0097,BridgeRefine-L1-seed2026,2026,0.819011,20.396070,0.086767,preds.pt#3003
1BC050,0098,BridgeRefine-L1-seed2026,2026,0.827646,20.409998,0.089403,preds.pt#3004
1BC050,0099,BridgeRefine-L1-seed2026,2026,0.829048,20.516892,0.091175,preds.pt#3005
1BC050,0100,BridgeRefine-L1-seed2026,2026,0.826114,20.199928,0.086220,preds.pt#3006
1BC050,0101,BridgeRefine-L1-seed2026,2026,0.823338,20.327421,0.077668,preds.pt#3007
1BC050,0102,BridgeRefine-L1-seed2026,2026,0.830531,20.463307,0.078031,preds.pt#3008
1BC050,0103,BridgeRefine-L1-seed2026,2026,0.812888,20.121634,0.077390,preds.pt#3009
1BC050,0104,BridgeRefine-L1-seed2026,2026,0.824197,20.322539,0.089205,preds.pt#3010
1BC050,0105,BridgeRefine-L1-seed2026,2026,0.817556,20.273394,0.078077,preds.pt#3011
1BC050,0106,BridgeRefine-L1-seed2026,2026,0.813443,19.676834,0.081872,preds.pt#3012
1BC050,0107,BridgeRefine-L1-seed2026,2026,0.827504,20.158186,0.089186,preds.pt#3013
1BC050,0108,BridgeRefine-L1-seed2026,2026,0.829578,20.266740,0.087346,preds.pt#3014
1BC050,0109,BridgeRefine-L1-seed2026,2026,0.832853,20.268417,0.073758,preds.pt#3015
1BC050,0110,BridgeRefine-L1-seed2026,2026,0.834057,20.384850,0.068247,preds.pt#3016
1BC050,0111,BridgeRefine-L1-seed2026,2026,0.824069,20.309804,0.087895,preds.pt#3017
1BC050,0112,BridgeRefine-L1-seed2026,2026,0.832005,20.628232,0.079966,preds.pt#3018
1BC050,0113,BridgeRefine-L1-seed2026,2026,0.830594,20.694637,0.072913,preds.pt#3019
1BC050,0114,BridgeRefine-L1-seed2026,2026,0.829525,20.625038,0.071518,preds.pt#3020
1BC050,0115,BridgeRefine-L1-seed2026,2026,0.828507,20.472706,0.067201,preds.pt#3021
1BC050,0116,BridgeRefine-L1-seed2026,2026,0.825116,20.208630,0.068012,preds.pt#3022
1BC050,0117,BridgeRefine-L1-seed2026,2026,0.842505,20.748626,0.052458,preds.pt#3023
1BC050,0118,BridgeRefine-L1-seed2026,2026,0.830952,20.256719,0.056285,preds.pt#3024
1BC050,0119,BridgeRefine-L1-seed2026,2026,0.838693,20.684167,0.053731,preds.pt#3025
1BC050,0120,BridgeRefine-L1-seed2026,2026,0.847588,20.746064,0.053477,preds.pt#3026
1BC050,0121,BridgeRefine-L1-seed2026,2026,0.854577,20.935849,0.053963,preds.pt#3027
1BC050,0122,BridgeRefine-L1-seed2026,2026,0.862561,20.956345,0.050600,preds.pt#3028
1BC050,0123,BridgeRefine-L1-seed2026,2026,0.857002,20.556871,0.051467,preds.pt#3029
1BC050,0124,BridgeRefine-L1-seed2026,2026,0.869761,21.017895,0.045928,preds.pt#3030
1BC050,0125,BridgeRefine-L1-seed2026,2026,0.874269,20.980557,0.043616,preds.pt#3031
1BC050,0126,BridgeRefine-L1-seed2026,2026,0.872295,20.866833,0.045517,preds.pt#3032
1BC050,0127,BridgeRefine-L1-seed2026,2026,0.875563,20.676945,0.054885,preds.pt#3033
1BC050,0128,BridgeRefine-L1-seed2026,2026,0.877519,21.037326,0.042202,preds.pt#3034
1BC050,0129,BridgeRefine-L1-seed2026,2026,0.871364,20.645585,0.044079,preds.pt#3035
1BC050,0130,BridgeRefine-L1-seed2026,2026,0.877072,20.751509,0.042815,preds.pt#3036
1BC050,0131,BridgeRefine-L1-seed2026,2026,0.876535,20.622160,0.048509,preds.pt#3037
1BC050,0132,BridgeRefine-L1-seed2026,2026,0.875328,20.518333,0.044409,preds.pt#3038
1BC050,0133,BridgeRefine-L1-seed2026,2026,0.878236,20.681254,0.039862,preds.pt#3039
1BC050,0134,BridgeRefine-L1-seed2026,2026,0.892867,21.196401,0.037356,preds.pt#3040
1BC050,0135,BridgeRefine-L1-seed2026,2026,0.890732,21.028136,0.039649,preds.pt#3041
1BC050,0136,BridgeRefine-L1-seed2026,2026,0.886998,21.108639,0.040699,preds.pt#3042
1BC050,0137,BridgeRefine-L1-seed2026,2026,0.896979,21.546839,0.050694,preds.pt#3043
1BC050,0138,BridgeRefine-L1-seed2026,2026,0.897907,21.886390,0.037835,preds.pt#3044
1BC050,0139,BridgeRefine-L1-seed2026,2026,0.904075,22.311376,0.041335,preds.pt#3045
1BC050,0140,BridgeRefine-L1-seed2026,2026,0.904079,22.293241,0.037595,preds.pt#3046
1BC050,0141,BridgeRefine-L1-seed2026,2026,0.897406,22.265492,0.034162,preds.pt#3047
1BC050,0142,BridgeRefine-L1-seed2026,2026,0.904177,22.328874,0.038347,preds.pt#3048
1BC050,0143,BridgeRefine-L1-seed2026,2026,0.896181,22.303585,0.047191,preds.pt#3049
1BC050,0144,BridgeRefine-L1-seed2026,2026,0.904632,22.592010,0.049560,preds.pt#3050
1BC050,0145,BridgeRefine-L1-seed2026,2026,0.909691,22.080733,0.043016,preds.pt#3051
1BC050,0146,BridgeRefine-L1-seed2026,2026,0.908360,22.049659,0.046864,preds.pt#3052
1BC050,0147,BridgeRefine-L1-seed2026,2026,0.908879,22.389547,0.056118,preds.pt#3053
1BC050,0148,BridgeRefine-L1-seed2026,2026,0.910312,22.620416,0.057038,preds.pt#3054
1BC050,0149,BridgeRefine-L1-seed2026,2026,0.917694,23.064369,0.055301,preds.pt#3055
1BC050,0150,BridgeRefine-L1-seed2026,2026,0.918713,23.438750,0.065829,preds.pt#3056
1BC050,0151,BridgeRefine-L1-seed2026,2026,0.915943,23.709067,0.080527,preds.pt#3057
1BC050,0152,BridgeRefine-L1-seed2026,2026,0.916280,23.701567,0.081503,preds.pt#3058
1BC050,0153,BridgeRefine-L1-seed2026,2026,0.913105,23.832924,0.059862,preds.pt#3059
1BC050,0154,BridgeRefine-L1-seed2026,2026,0.909905,23.822943,0.085067,preds.pt#3060
1BC050,0155,BridgeRefine-L1-seed2026,2026,0.925172,24.507952,0.075471,preds.pt#3061
1BC050,0156,BridgeRefine-L1-seed2026,2026,0.917146,24.984744,0.086413,preds.pt#3062
1BC050,0157,BridgeRefine-L1-seed2026,2026,0.922422,25.299617,0.090279,preds.pt#3063
1BC050,0158,BridgeRefine-L1-seed2026,2026,0.926985,26.681138,0.090520,preds.pt#3064
1BC050,0159,BridgeRefine-L1-seed2026,2026,0.937295,27.139521,0.072050,preds.pt#3065
1BC050,0160,BridgeRefine-L1-seed2026,2026,0.935744,26.833423,0.093838,preds.pt#3066
1BC050,0161,BridgeRefine-L1-seed2026,2026,0.937837,27.023288,0.084754,preds.pt#3067
1BC050,0162,BridgeRefine-L1-seed2026,2026,0.931260,28.477094,0.111626,preds.pt#3068
1BC050,0163,BridgeRefine-L1-seed2026,2026,0.952244,30.579023,0.095308,preds.pt#3069
1BC050,0164,BridgeRefine-L1-seed2026,2026,0.953040,31.190583,0.074721,preds.pt#3070
1BC066,0000,BridgeRefine-L1-seed2026,2026,0.949894,32.600400,0.078117,preds.pt#3071
1BC066,0001,BridgeRefine-L1-seed2026,2026,0.901034,25.741078,0.232017,preds.pt#3072
1BC066,0002,BridgeRefine-L1-seed2026,2026,0.864521,24.233217,0.277391,preds.pt#3073
1BC066,0003,BridgeRefine-L1-seed2026,2026,0.832949,22.836764,0.280378,preds.pt#3074
1BC066,0004,BridgeRefine-L1-seed2026,2026,0.772403,21.110481,0.243684,preds.pt#3075
1BC066,0005,BridgeRefine-L1-seed2026,2026,0.724971,19.432031,0.243322,preds.pt#3076
1BC066,0006,BridgeRefine-L1-seed2026,2026,0.688497,17.916862,0.215631,preds.pt#3077
1BC066,0007,BridgeRefine-L1-seed2026,2026,0.662486,17.069755,0.204220,preds.pt#3078
1BC066,0008,BridgeRefine-L1-seed2026,2026,0.675243,17.064397,0.197717,preds.pt#3079
1BC066,0009,BridgeRefine-L1-seed2026,2026,0.663134,16.723662,0.211567,preds.pt#3080
1BC066,0010,BridgeRefine-L1-seed2026,2026,0.667017,16.756600,0.197979,preds.pt#3081
1BC066,0011,BridgeRefine-L1-seed2026,2026,0.678251,16.833766,0.204235,preds.pt#3082
1BC066,0012,BridgeRefine-L1-seed2026,2026,0.701079,17.146878,0.194698,preds.pt#3083
1BC066,0013,BridgeRefine-L1-seed2026,2026,0.698662,17.206766,0.201363,preds.pt#3084
1BC066,0014,BridgeRefine-L1-seed2026,2026,0.701580,17.374389,0.195581,preds.pt#3085
1BC066,0015,BridgeRefine-L1-seed2026,2026,0.701741,17.448359,0.182471,preds.pt#3086
1BC066,0016,BridgeRefine-L1-seed2026,2026,0.705360,17.730275,0.198808,preds.pt#3087
1BC066,0017,BridgeRefine-L1-seed2026,2026,0.706256,17.569763,0.211419,preds.pt#3088
1BC066,0018,BridgeRefine-L1-seed2026,2026,0.701899,17.576100,0.219812,preds.pt#3089
1BC066,0019,BridgeRefine-L1-seed2026,2026,0.708306,17.586407,0.218590,preds.pt#3090
1BC066,0020,BridgeRefine-L1-seed2026,2026,0.707962,17.477868,0.201326,preds.pt#3091
1BC066,0021,BridgeRefine-L1-seed2026,2026,0.711608,17.268081,0.200685,preds.pt#3092
1BC066,0022,BridgeRefine-L1-seed2026,2026,0.713897,17.078640,0.224250,preds.pt#3093
1BC066,0023,BridgeRefine-L1-seed2026,2026,0.719463,17.063640,0.202312,preds.pt#3094
1BC066,0024,BridgeRefine-L1-seed2026,2026,0.728453,17.167872,0.195171,preds.pt#3095
1BC066,0025,BridgeRefine-L1-seed2026,2026,0.728031,17.007184,0.197130,preds.pt#3096
1BC066,0026,BridgeRefine-L1-seed2026,2026,0.730607,16.707121,0.189429,preds.pt#3097
1BC066,0027,BridgeRefine-L1-seed2026,2026,0.726050,16.600793,0.171187,preds.pt#3098
1BC066,0028,BridgeRefine-L1-seed2026,2026,0.717031,16.289049,0.174835,preds.pt#3099
1BC066,0029,BridgeRefine-L1-seed2026,2026,0.718256,16.358597,0.157873,preds.pt#3100
1BC066,0030,BridgeRefine-L1-seed2026,2026,0.731725,16.569116,0.160547,preds.pt#3101
1BC066,0031,BridgeRefine-L1-seed2026,2026,0.732495,16.483830,0.159127,preds.pt#3102
1BC066,0032,BridgeRefine-L1-seed2026,2026,0.734716,16.367214,0.168262,preds.pt#3103
1BC066,0033,BridgeRefine-L1-seed2026,2026,0.742326,16.468355,0.167692,preds.pt#3104
1BC066,0034,BridgeRefine-L1-seed2026,2026,0.746578,16.542960,0.177567,preds.pt#3105
1BC066,0035,BridgeRefine-L1-seed2026,2026,0.747430,16.717199,0.171908,preds.pt#3106
1BC066,0036,BridgeRefine-L1-seed2026,2026,0.744801,16.566464,0.157022,preds.pt#3107
1BC066,0037,BridgeRefine-L1-seed2026,2026,0.739190,16.571985,0.144096,preds.pt#3108
1BC066,0038,BridgeRefine-L1-seed2026,2026,0.746681,16.577829,0.146372,preds.pt#3109
1BC066,0039,BridgeRefine-L1-seed2026,2026,0.753861,16.968888,0.148319,preds.pt#3110
1BC066,0040,BridgeRefine-L1-seed2026,2026,0.753510,16.992074,0.152677,preds.pt#3111
1BC066,0041,BridgeRefine-L1-seed2026,2026,0.760019,17.217429,0.163956,preds.pt#3112
1BC066,0042,BridgeRefine-L1-seed2026,2026,0.761709,17.321012,0.148695,preds.pt#3113
1BC066,0043,BridgeRefine-L1-seed2026,2026,0.761171,17.362022,0.150932,preds.pt#3114
1BC066,0044,BridgeRefine-L1-seed2026,2026,0.754311,17.111954,0.151818,preds.pt#3115
1BC066,0045,BridgeRefine-L1-seed2026,2026,0.759113,17.072851,0.169805,preds.pt#3116
1BC066,0046,BridgeRefine-L1-seed2026,2026,0.751201,17.005537,0.163017,preds.pt#3117
1BC066,0047,BridgeRefine-L1-seed2026,2026,0.759499,17.026374,0.158669,preds.pt#3118
1BC066,0048,BridgeRefine-L1-seed2026,2026,0.762830,17.158667,0.154061,preds.pt#3119
1BC066,0049,BridgeRefine-L1-seed2026,2026,0.772005,17.247620,0.151083,preds.pt#3120
1BC066,0050,BridgeRefine-L1-seed2026,2026,0.775717,17.440380,0.136182,preds.pt#3121
1BC066,0051,BridgeRefine-L1-seed2026,2026,0.770230,17.183077,0.136083,preds.pt#3122
1BC066,0052,BridgeRefine-L1-seed2026,2026,0.768021,17.336601,0.138706,preds.pt#3123
1BC066,0053,BridgeRefine-L1-seed2026,2026,0.767243,17.253881,0.150858,preds.pt#3124
1BC066,0054,BridgeRefine-L1-seed2026,2026,0.770093,17.180833,0.155602,preds.pt#3125
1BC066,0055,BridgeRefine-L1-seed2026,2026,0.768738,17.099867,0.155310,preds.pt#3126
1BC066,0056,BridgeRefine-L1-seed2026,2026,0.771061,17.096882,0.155156,preds.pt#3127
1BC066,0057,BridgeRefine-L1-seed2026,2026,0.758505,16.876742,0.152824,preds.pt#3128
1BC066,0058,BridgeRefine-L1-seed2026,2026,0.757756,16.882081,0.165697,preds.pt#3129
1BC066,0059,BridgeRefine-L1-seed2026,2026,0.758951,16.978096,0.173131,preds.pt#3130
1BC066,0060,BridgeRefine-L1-seed2026,2026,0.751107,16.869136,0.171167,preds.pt#3131
1BC066,0061,BridgeRefine-L1-seed2026,2026,0.749375,16.778697,0.179613,preds.pt#3132
1BC066,0062,BridgeRefine-L1-seed2026,2026,0.743108,16.566459,0.171282,preds.pt#3133
1BC066,0063,BridgeRefine-L1-seed2026,2026,0.739202,16.625564,0.167495,preds.pt#3134
1BC066,0064,BridgeRefine-L1-seed2026,2026,0.742520,16.702504,0.172160,preds.pt#3135
1BC066,0065,BridgeRefine-L1-seed2026,2026,0.734293,16.480774,0.172396,preds.pt#3136
1BC066,0066,BridgeRefine-L1-seed2026,2026,0.745646,16.572561,0.169005,preds.pt#3137
1BC066,0067,BridgeRefine-L1-seed2026,2026,0.756012,16.759995,0.141923,preds.pt#3138
1BC066,0068,BridgeRefine-L1-seed2026,2026,0.752315,16.746654,0.137380,preds.pt#3139
1BC066,0069,BridgeRefine-L1-seed2026,2026,0.748593,16.805457,0.139373,preds.pt#3140
1BC066,0070,BridgeRefine-L1-seed2026,2026,0.746179,16.776454,0.146632,preds.pt#3141
1BC066,0071,BridgeRefine-L1-seed2026,2026,0.745584,17.001660,0.153607,preds.pt#3142
1BC066,0072,BridgeRefine-L1-seed2026,2026,0.761776,17.328099,0.148800,preds.pt#3143
1BC066,0073,BridgeRefine-L1-seed2026,2026,0.753477,17.120336,0.132403,preds.pt#3144
1BC066,0074,BridgeRefine-L1-seed2026,2026,0.771288,17.326687,0.125937,preds.pt#3145
1BC066,0075,BridgeRefine-L1-seed2026,2026,0.784080,17.683375,0.127024,preds.pt#3146
1BC066,0076,BridgeRefine-L1-seed2026,2026,0.762780,17.447031,0.126106,preds.pt#3147
1BC066,0077,BridgeRefine-L1-seed2026,2026,0.768270,17.415935,0.124725,preds.pt#3148
1BC066,0078,BridgeRefine-L1-seed2026,2026,0.769942,17.502112,0.112853,preds.pt#3149
1BC066,0079,BridgeRefine-L1-seed2026,2026,0.763669,17.168030,0.134714,preds.pt#3150
1BC066,0080,BridgeRefine-L1-seed2026,2026,0.767294,17.347164,0.127517,preds.pt#3151
1BC066,0081,BridgeRefine-L1-seed2026,2026,0.769360,17.636485,0.118571,preds.pt#3152
1BC066,0082,BridgeRefine-L1-seed2026,2026,0.780520,17.863135,0.122609,preds.pt#3153
1BC066,0083,BridgeRefine-L1-seed2026,2026,0.801498,18.226304,0.111287,preds.pt#3154
1BC066,0084,BridgeRefine-L1-seed2026,2026,0.801941,18.404416,0.118351,preds.pt#3155
1BC066,0085,BridgeRefine-L1-seed2026,2026,0.812345,18.585398,0.118093,preds.pt#3156
1BC066,0086,BridgeRefine-L1-seed2026,2026,0.795499,18.142977,0.119027,preds.pt#3157
1BC066,0087,BridgeRefine-L1-seed2026,2026,0.792547,17.966621,0.114580,preds.pt#3158
1BC066,0088,BridgeRefine-L1-seed2026,2026,0.807922,18.599383,0.111456,preds.pt#3159
1BC066,0089,BridgeRefine-L1-seed2026,2026,0.814210,18.619861,0.107952,preds.pt#3160
1BC066,0090,BridgeRefine-L1-seed2026,2026,0.817749,18.886990,0.116472,preds.pt#3161
1BC066,0091,BridgeRefine-L1-seed2026,2026,0.834550,19.269213,0.088524,preds.pt#3162
1BC066,0092,BridgeRefine-L1-seed2026,2026,0.829321,19.101638,0.097686,preds.pt#3163
1BC066,0093,BridgeRefine-L1-seed2026,2026,0.832149,19.012827,0.099834,preds.pt#3164
1BC066,0094,BridgeRefine-L1-seed2026,2026,0.826598,18.882744,0.097643,preds.pt#3165
1BC066,0095,BridgeRefine-L1-seed2026,2026,0.827807,18.877514,0.093003,preds.pt#3166
1BC066,0096,BridgeRefine-L1-seed2026,2026,0.823553,18.903947,0.105268,preds.pt#3167
1BC066,0097,BridgeRefine-L1-seed2026,2026,0.821044,18.758090,0.103300,preds.pt#3168
1BC066,0098,BridgeRefine-L1-seed2026,2026,0.810894,18.543285,0.115620,preds.pt#3169
1BC066,0099,BridgeRefine-L1-seed2026,2026,0.811991,18.673508,0.121722,preds.pt#3170
1BC066,0100,BridgeRefine-L1-seed2026,2026,0.811318,18.484353,0.124424,preds.pt#3171
1BC066,0101,BridgeRefine-L1-seed2026,2026,0.819253,18.788280,0.108395,preds.pt#3172
1BC066,0102,BridgeRefine-L1-seed2026,2026,0.818239,18.813157,0.107913,preds.pt#3173
1BC066,0103,BridgeRefine-L1-seed2026,2026,0.829011,19.255090,0.100643,preds.pt#3174
1BC066,0104,BridgeRefine-L1-seed2026,2026,0.830983,19.211372,0.095849,preds.pt#3175
1BC066,0105,BridgeRefine-L1-seed2026,2026,0.822409,19.159674,0.109192,preds.pt#3176
1BC066,0106,BridgeRefine-L1-seed2026,2026,0.823869,19.229185,0.108635,preds.pt#3177
1BC066,0107,BridgeRefine-L1-seed2026,2026,0.830575,19.437406,0.085444,preds.pt#3178
1BC066,0108,BridgeRefine-L1-seed2026,2026,0.826407,19.187436,0.093052,preds.pt#3179
1BC066,0109,BridgeRefine-L1-seed2026,2026,0.834865,19.613490,0.087409,preds.pt#3180
1BC066,0110,BridgeRefine-L1-seed2026,2026,0.821322,19.378281,0.088995,preds.pt#3181
1BC066,0111,BridgeRefine-L1-seed2026,2026,0.818403,19.096431,0.100072,preds.pt#3182
1BC066,0112,BridgeRefine-L1-seed2026,2026,0.831913,19.762795,0.082580,preds.pt#3183
1BC066,0113,BridgeRefine-L1-seed2026,2026,0.803286,18.996964,0.083783,preds.pt#3184
1BC066,0114,BridgeRefine-L1-seed2026,2026,0.811156,19.087791,0.108060,preds.pt#3185
1BC066,0115,BridgeRefine-L1-seed2026,2026,0.802698,18.884152,0.125542,preds.pt#3186
1BC066,0116,BridgeRefine-L1-seed2026,2026,0.817271,19.261128,0.105582,preds.pt#3187
1BC066,0117,BridgeRefine-L1-seed2026,2026,0.813057,19.297468,0.106181,preds.pt#3188
1BC066,0118,BridgeRefine-L1-seed2026,2026,0.796219,17.991288,0.088149,preds.pt#3189
1BC066,0119,BridgeRefine-L1-seed2026,2026,0.803309,18.247679,0.084098,preds.pt#3190
1BC066,0120,BridgeRefine-L1-seed2026,2026,0.806978,18.292057,0.084543,preds.pt#3191
1BC066,0121,BridgeRefine-L1-seed2026,2026,0.813978,18.209256,0.079414,preds.pt#3192
1BC066,0122,BridgeRefine-L1-seed2026,2026,0.823875,18.603431,0.084077,preds.pt#3193
1BC066,0123,BridgeRefine-L1-seed2026,2026,0.815513,18.277243,0.081246,preds.pt#3194
1BC066,0124,BridgeRefine-L1-seed2026,2026,0.823086,18.310921,0.075319,preds.pt#3195
1BC066,0125,BridgeRefine-L1-seed2026,2026,0.822964,18.163847,0.068201,preds.pt#3196
1BC066,0126,BridgeRefine-L1-seed2026,2026,0.835494,18.597712,0.064076,preds.pt#3197
1BC066,0127,BridgeRefine-L1-seed2026,2026,0.828956,18.233169,0.077303,preds.pt#3198
1BC066,0128,BridgeRefine-L1-seed2026,2026,0.828162,18.253093,0.073101,preds.pt#3199
1BC066,0129,BridgeRefine-L1-seed2026,2026,0.825645,18.168038,0.073174,preds.pt#3200
1BC066,0130,BridgeRefine-L1-seed2026,2026,0.828711,18.185956,0.067304,preds.pt#3201
1BC066,0131,BridgeRefine-L1-seed2026,2026,0.826359,18.046032,0.063700,preds.pt#3202
1BC066,0132,BridgeRefine-L1-seed2026,2026,0.831129,18.254509,0.065764,preds.pt#3203
1BC066,0133,BridgeRefine-L1-seed2026,2026,0.825791,18.242488,0.066350,preds.pt#3204
1BC066,0134,BridgeRefine-L1-seed2026,2026,0.827999,18.081906,0.064634,preds.pt#3205
1BC066,0135,BridgeRefine-L1-seed2026,2026,0.818031,17.967293,0.061790,preds.pt#3206
1BC066,0136,BridgeRefine-L1-seed2026,2026,0.814192,17.777900,0.060760,preds.pt#3207
1BC066,0137,BridgeRefine-L1-seed2026,2026,0.806803,17.626478,0.068418,preds.pt#3208
1BC066,0138,BridgeRefine-L1-seed2026,2026,0.818418,17.831028,0.067506,preds.pt#3209
1BC066,0139,BridgeRefine-L1-seed2026,2026,0.807405,17.612371,0.066520,preds.pt#3210
1BC066,0140,BridgeRefine-L1-seed2026,2026,0.811912,17.793047,0.061802,preds.pt#3211
1BC066,0141,BridgeRefine-L1-seed2026,2026,0.807620,17.615712,0.065990,preds.pt#3212
1BC066,0142,BridgeRefine-L1-seed2026,2026,0.809469,17.777916,0.063277,preds.pt#3213
1BC066,0143,BridgeRefine-L1-seed2026,2026,0.808804,17.867208,0.053665,preds.pt#3214
1BC066,0144,BridgeRefine-L1-seed2026,2026,0.801196,17.539604,0.055320,preds.pt#3215
1BC066,0145,BridgeRefine-L1-seed2026,2026,0.827821,17.986443,0.053329,preds.pt#3216
1BC066,0146,BridgeRefine-L1-seed2026,2026,0.824191,18.046422,0.052114,preds.pt#3217
1BC066,0147,BridgeRefine-L1-seed2026,2026,0.825902,17.983071,0.062661,preds.pt#3218
1BC066,0148,BridgeRefine-L1-seed2026,2026,0.822563,18.073519,0.065941,preds.pt#3219
1BC066,0149,BridgeRefine-L1-seed2026,2026,0.827962,18.237413,0.056611,preds.pt#3220
1BC066,0150,BridgeRefine-L1-seed2026,2026,0.839486,18.592785,0.058782,preds.pt#3221
1BC066,0151,BridgeRefine-L1-seed2026,2026,0.796074,17.870104,0.073200,preds.pt#3222
1BC066,0152,BridgeRefine-L1-seed2026,2026,0.826106,18.304495,0.066809,preds.pt#3223
1BC066,0153,BridgeRefine-L1-seed2026,2026,0.826540,18.503633,0.080488,preds.pt#3224
1BC066,0154,BridgeRefine-L1-seed2026,2026,0.823510,18.360944,0.076315,preds.pt#3225
1BC066,0155,BridgeRefine-L1-seed2026,2026,0.828200,18.574172,0.083055,preds.pt#3226
1BC066,0156,BridgeRefine-L1-seed2026,2026,0.836267,18.650819,0.073752,preds.pt#3227
1BC066,0157,BridgeRefine-L1-seed2026,2026,0.844790,19.265984,0.074034,preds.pt#3228
1BC066,0158,BridgeRefine-L1-seed2026,2026,0.850027,19.234492,0.077854,preds.pt#3229
1BC066,0159,BridgeRefine-L1-seed2026,2026,0.860776,19.504711,0.087464,preds.pt#3230
1BC066,0160,BridgeRefine-L1-seed2026,2026,0.876758,20.476963,0.081676,preds.pt#3231
1BC066,0161,BridgeRefine-L1-seed2026,2026,0.868293,19.859750,0.086151,preds.pt#3232
1BC066,0162,BridgeRefine-L1-seed2026,2026,0.859599,19.765309,0.100850,preds.pt#3233
1BC066,0163,BridgeRefine-L1-seed2026,2026,0.864235,19.814816,0.118207,preds.pt#3234
1BC066,0164,BridgeRefine-L1-seed2026,2026,0.891791,20.911566,0.110415,preds.pt#3235
1BC066,0165,BridgeRefine-L1-seed2026,2026,0.907367,21.817091,0.099043,preds.pt#3236
1BC066,0166,BridgeRefine-L1-seed2026,2026,0.916040,22.337694,0.102000,preds.pt#3237
1BC066,0167,BridgeRefine-L1-seed2026,2026,0.924862,23.794475,0.081423,preds.pt#3238
1BC066,0168,BridgeRefine-L1-seed2026,2026,0.907958,23.154276,0.092321,preds.pt#3239
1BC066,0169,BridgeRefine-L1-seed2026,2026,0.935789,25.472934,0.065416,preds.pt#3240
1BC066,0170,BridgeRefine-L1-seed2026,2026,0.934663,25.591599,0.054198,preds.pt#3241
1BC066,0171,BridgeRefine-L1-seed2026,2026,0.939426,26.974628,0.051365,preds.pt#3242
1BC066,0172,BridgeRefine-L1-seed2026,2026,0.927550,25.220374,0.070781,preds.pt#3243
1BC066,0173,BridgeRefine-L1-seed2026,2026,0.936180,27.445859,0.101981,preds.pt#3244
1BC080,0001,BridgeRefine-L1-seed2026,2026,0.919681,26.997024,0.154082,preds.pt#3245
1BC080,0002,BridgeRefine-L1-seed2026,2026,0.910586,26.831154,0.181229,preds.pt#3246
1BC080,0003,BridgeRefine-L1-seed2026,2026,0.901670,26.517917,0.192696,preds.pt#3247
1BC080,0004,BridgeRefine-L1-seed2026,2026,0.821400,24.162794,0.252530,preds.pt#3248
1BC080,0005,BridgeRefine-L1-seed2026,2026,0.758576,15.849883,0.291807,preds.pt#3249
1BC080,0006,BridgeRefine-L1-seed2026,2026,0.755865,16.641857,0.280053,preds.pt#3250
1BC080,0007,BridgeRefine-L1-seed2026,2026,0.724262,18.210277,0.296663,preds.pt#3251
1BC080,0008,BridgeRefine-L1-seed2026,2026,0.709689,19.024702,0.271687,preds.pt#3252
1BC080,0009,BridgeRefine-L1-seed2026,2026,0.708614,17.078249,0.264733,preds.pt#3253
1BC080,0010,BridgeRefine-L1-seed2026,2026,0.591738,15.516180,0.244209,preds.pt#3254
1BC080,0011,BridgeRefine-L1-seed2026,2026,0.610368,15.754241,0.229556,preds.pt#3255
1BC080,0012,BridgeRefine-L1-seed2026,2026,0.613492,15.922133,0.190834,preds.pt#3256
1BC080,0013,BridgeRefine-L1-seed2026,2026,0.657735,16.511934,0.155666,preds.pt#3257
1BC080,0014,BridgeRefine-L1-seed2026,2026,0.655833,16.007714,0.165538,preds.pt#3258
1BC080,0015,BridgeRefine-L1-seed2026,2026,0.665928,15.880427,0.166039,preds.pt#3259
1BC080,0016,BridgeRefine-L1-seed2026,2026,0.652387,15.600368,0.166372,preds.pt#3260
1BC080,0017,BridgeRefine-L1-seed2026,2026,0.658172,15.436421,0.180332,preds.pt#3261
1BC080,0018,BridgeRefine-L1-seed2026,2026,0.667846,15.249324,0.181256,preds.pt#3262
1BC080,0019,BridgeRefine-L1-seed2026,2026,0.668747,15.269229,0.183437,preds.pt#3263
1BC080,0020,BridgeRefine-L1-seed2026,2026,0.681351,15.316813,0.185644,preds.pt#3264
1BC080,0021,BridgeRefine-L1-seed2026,2026,0.673900,15.293301,0.181991,preds.pt#3265
1BC080,0022,BridgeRefine-L1-seed2026,2026,0.680996,15.394380,0.180708,preds.pt#3266
1BC080,0023,BridgeRefine-L1-seed2026,2026,0.695899,15.392186,0.169569,preds.pt#3267
1BC080,0024,BridgeRefine-L1-seed2026,2026,0.693206,15.499604,0.158932,preds.pt#3268
1BC080,0025,BridgeRefine-L1-seed2026,2026,0.706320,15.811306,0.152735,preds.pt#3269
1BC080,0026,BridgeRefine-L1-seed2026,2026,0.707936,15.632586,0.146012,preds.pt#3270
1BC080,0027,BridgeRefine-L1-seed2026,2026,0.707461,15.820465,0.146476,preds.pt#3271
1BC080,0028,BridgeRefine-L1-seed2026,2026,0.713100,15.921812,0.153529,preds.pt#3272
1BC080,0029,BridgeRefine-L1-seed2026,2026,0.739401,16.349524,0.149605,preds.pt#3273
1BC080,0030,BridgeRefine-L1-seed2026,2026,0.721421,15.910405,0.154681,preds.pt#3274
1BC080,0031,BridgeRefine-L1-seed2026,2026,0.722457,15.876465,0.149873,preds.pt#3275
1BC080,0032,BridgeRefine-L1-seed2026,2026,0.721437,16.002275,0.140527,preds.pt#3276
1BC080,0033,BridgeRefine-L1-seed2026,2026,0.728043,16.111873,0.142404,preds.pt#3277
1BC080,0034,BridgeRefine-L1-seed2026,2026,0.735947,16.157661,0.145678,preds.pt#3278
1BC080,0035,BridgeRefine-L1-seed2026,2026,0.745246,16.473127,0.144733,preds.pt#3279
1BC080,0036,BridgeRefine-L1-seed2026,2026,0.734706,16.076774,0.136712,preds.pt#3280
1BC080,0037,BridgeRefine-L1-seed2026,2026,0.738232,16.066331,0.128506,preds.pt#3281
1BC080,0038,BridgeRefine-L1-seed2026,2026,0.733873,16.017238,0.130189,preds.pt#3282
1BC080,0039,BridgeRefine-L1-seed2026,2026,0.738463,16.159773,0.133695,preds.pt#3283
1BC080,0040,BridgeRefine-L1-seed2026,2026,0.734544,16.071852,0.130608,preds.pt#3284
1BC080,0041,BridgeRefine-L1-seed2026,2026,0.744562,16.104727,0.135207,preds.pt#3285
1BC080,0042,BridgeRefine-L1-seed2026,2026,0.749429,16.230231,0.144537,preds.pt#3286
1BC080,0043,BridgeRefine-L1-seed2026,2026,0.745814,16.291300,0.138885,preds.pt#3287
1BC080,0044,BridgeRefine-L1-seed2026,2026,0.748056,16.395386,0.136186,preds.pt#3288
1BC080,0045,BridgeRefine-L1-seed2026,2026,0.754813,16.501041,0.143687,preds.pt#3289
1BC080,0046,BridgeRefine-L1-seed2026,2026,0.748220,16.713793,0.154526,preds.pt#3290
1BC080,0047,BridgeRefine-L1-seed2026,2026,0.754901,16.731399,0.140716,preds.pt#3291
1BC080,0048,BridgeRefine-L1-seed2026,2026,0.758645,16.941130,0.144359,preds.pt#3292
1BC080,0049,BridgeRefine-L1-seed2026,2026,0.736792,16.537191,0.136983,preds.pt#3293
1BC080,0050,BridgeRefine-L1-seed2026,2026,0.730813,16.769953,0.120558,preds.pt#3294
1BC080,0051,BridgeRefine-L1-seed2026,2026,0.737281,16.919622,0.118748,preds.pt#3295
1BC080,0052,BridgeRefine-L1-seed2026,2026,0.739507,17.037700,0.108176,preds.pt#3296
1BC080,0053,BridgeRefine-L1-seed2026,2026,0.743840,17.085935,0.119232,preds.pt#3297
1BC080,0054,BridgeRefine-L1-seed2026,2026,0.740110,17.001378,0.106649,preds.pt#3298
1BC080,0055,BridgeRefine-L1-seed2026,2026,0.741264,16.935406,0.111046,preds.pt#3299
1BC080,0056,BridgeRefine-L1-seed2026,2026,0.764743,17.376653,0.110255,preds.pt#3300
1BC080,0057,BridgeRefine-L1-seed2026,2026,0.769759,17.429420,0.108842,preds.pt#3301
1BC080,0058,BridgeRefine-L1-seed2026,2026,0.769394,17.582680,0.117513,preds.pt#3302
1BC080,0059,BridgeRefine-L1-seed2026,2026,0.766651,17.343997,0.115695,preds.pt#3303
1BC080,0060,BridgeRefine-L1-seed2026,2026,0.773311,17.297810,0.118914,preds.pt#3304
1BC080,0061,BridgeRefine-L1-seed2026,2026,0.774702,17.527942,0.129039,preds.pt#3305
1BC080,0062,BridgeRefine-L1-seed2026,2026,0.773433,17.365695,0.117016,preds.pt#3306
1BC080,0063,BridgeRefine-L1-seed2026,2026,0.772300,17.419660,0.099314,preds.pt#3307
1BC080,0064,BridgeRefine-L1-seed2026,2026,0.784136,17.735700,0.089516,preds.pt#3308
1BC080,0065,BridgeRefine-L1-seed2026,2026,0.789049,17.965692,0.095948,preds.pt#3309
1BC080,0066,BridgeRefine-L1-seed2026,2026,0.781652,17.851574,0.096806,preds.pt#3310
1BC080,0067,BridgeRefine-L1-seed2026,2026,0.775264,17.502658,0.088942,preds.pt#3311
1BC080,0068,BridgeRefine-L1-seed2026,2026,0.786165,17.777417,0.093194,preds.pt#3312
1BC080,0069,BridgeRefine-L1-seed2026,2026,0.766404,17.265072,0.087237,preds.pt#3313
1BC080,0070,BridgeRefine-L1-seed2026,2026,0.786801,17.711586,0.073810,preds.pt#3314
1BC080,0071,BridgeRefine-L1-seed2026,2026,0.765527,17.530658,0.083379,preds.pt#3315
1BC080,0072,BridgeRefine-L1-seed2026,2026,0.777793,17.861674,0.100765,preds.pt#3316
1BC080,0073,BridgeRefine-L1-seed2026,2026,0.770414,17.750527,0.104021,preds.pt#3317
1BC080,0074,BridgeRefine-L1-seed2026,2026,0.774261,17.882148,0.094947,preds.pt#3318
1BC080,0075,BridgeRefine-L1-seed2026,2026,0.770760,17.763592,0.087305,preds.pt#3319
1BC080,0076,BridgeRefine-L1-seed2026,2026,0.772953,17.846373,0.091294,preds.pt#3320
1BC080,0077,BridgeRefine-L1-seed2026,2026,0.791673,18.262832,0.091893,preds.pt#3321
1BC080,0078,BridgeRefine-L1-seed2026,2026,0.776200,17.970866,0.103204,preds.pt#3322
1BC080,0079,BridgeRefine-L1-seed2026,2026,0.791204,18.327809,0.110474,preds.pt#3323
1BC080,0080,BridgeRefine-L1-seed2026,2026,0.796491,18.390085,0.109624,preds.pt#3324
1BC080,0081,BridgeRefine-L1-seed2026,2026,0.797763,18.601435,0.107800,preds.pt#3325
1BC080,0082,BridgeRefine-L1-seed2026,2026,0.811025,18.797435,0.105752,preds.pt#3326
1BC080,0083,BridgeRefine-L1-seed2026,2026,0.814728,18.948400,0.097292,preds.pt#3327
1BC080,0084,BridgeRefine-L1-seed2026,2026,0.803722,18.828739,0.091568,preds.pt#3328
1BC080,0085,BridgeRefine-L1-seed2026,2026,0.808054,19.149697,0.096884,preds.pt#3329
1BC080,0086,BridgeRefine-L1-seed2026,2026,0.812940,19.192984,0.087043,preds.pt#3330
1BC080,0087,BridgeRefine-L1-seed2026,2026,0.815151,19.176969,0.083416,preds.pt#3331
1BC080,0088,BridgeRefine-L1-seed2026,2026,0.831341,19.653944,0.085721,preds.pt#3332
1BC080,0089,BridgeRefine-L1-seed2026,2026,0.827544,19.553584,0.083403,preds.pt#3333
1BC080,0090,BridgeRefine-L1-seed2026,2026,0.832178,19.594803,0.080855,preds.pt#3334
1BC080,0091,BridgeRefine-L1-seed2026,2026,0.843629,19.885120,0.073759,preds.pt#3335
1BC080,0092,BridgeRefine-L1-seed2026,2026,0.827149,19.531653,0.079749,preds.pt#3336
1BC080,0093,BridgeRefine-L1-seed2026,2026,0.831747,19.741878,0.080028,preds.pt#3337
1BC080,0094,BridgeRefine-L1-seed2026,2026,0.831937,19.681731,0.082225,preds.pt#3338
1BC080,0095,BridgeRefine-L1-seed2026,2026,0.851501,20.294656,0.076929,preds.pt#3339
1BC080,0096,BridgeRefine-L1-seed2026,2026,0.837727,19.745731,0.087400,preds.pt#3340
1BC080,0097,BridgeRefine-L1-seed2026,2026,0.843945,19.992572,0.072771,preds.pt#3341
1BC080,0098,BridgeRefine-L1-seed2026,2026,0.849187,20.118976,0.071154,preds.pt#3342
1BC080,0099,BridgeRefine-L1-seed2026,2026,0.844537,19.937801,0.068346,preds.pt#3343
1BC080,0100,BridgeRefine-L1-seed2026,2026,0.832089,19.667704,0.074906,preds.pt#3344
1BC080,0101,BridgeRefine-L1-seed2026,2026,0.832687,19.874047,0.078669,preds.pt#3345
1BC080,0102,BridgeRefine-L1-seed2026,2026,0.842864,20.030682,0.060464,preds.pt#3346
1BC080,0103,BridgeRefine-L1-seed2026,2026,0.840767,19.929500,0.074009,preds.pt#3347
1BC080,0104,BridgeRefine-L1-seed2026,2026,0.832900,19.606873,0.070716,preds.pt#3348
1BC080,0105,BridgeRefine-L1-seed2026,2026,0.836301,19.627064,0.060300,preds.pt#3349
1BC080,0106,BridgeRefine-L1-seed2026,2026,0.836828,19.846811,0.062577,preds.pt#3350
1BC080,0107,BridgeRefine-L1-seed2026,2026,0.837849,19.758527,0.068151,preds.pt#3351
1BC080,0108,BridgeRefine-L1-seed2026,2026,0.848657,19.861781,0.067699,preds.pt#3352
1BC080,0109,BridgeRefine-L1-seed2026,2026,0.839417,19.428952,0.057215,preds.pt#3353
1BC080,0110,BridgeRefine-L1-seed2026,2026,0.843082,19.529656,0.052432,preds.pt#3354
1BC080,0111,BridgeRefine-L1-seed2026,2026,0.844868,19.524591,0.055413,preds.pt#3355
1BC080,0112,BridgeRefine-L1-seed2026,2026,0.833947,19.403800,0.060233,preds.pt#3356
1BC080,0113,BridgeRefine-L1-seed2026,2026,0.829267,19.294626,0.067055,preds.pt#3357
1BC080,0114,BridgeRefine-L1-seed2026,2026,0.842995,19.660727,0.066833,preds.pt#3358
1BC080,0115,BridgeRefine-L1-seed2026,2026,0.835853,19.335108,0.060185,preds.pt#3359
1BC080,0116,BridgeRefine-L1-seed2026,2026,0.845564,19.732443,0.045058,preds.pt#3360
1BC080,0117,BridgeRefine-L1-seed2026,2026,0.834696,19.435889,0.054114,preds.pt#3361
1BC080,0118,BridgeRefine-L1-seed2026,2026,0.845143,19.640883,0.055980,preds.pt#3362
1BC080,0119,BridgeRefine-L1-seed2026,2026,0.847387,19.642769,0.052827,preds.pt#3363
1BC080,0120,BridgeRefine-L1-seed2026,2026,0.852276,19.704598,0.051190,preds.pt#3364
1BC080,0121,BridgeRefine-L1-seed2026,2026,0.844756,19.468918,0.053968,preds.pt#3365
1BC080,0122,BridgeRefine-L1-seed2026,2026,0.851116,19.544587,0.057382,preds.pt#3366
1BC080,0123,BridgeRefine-L1-seed2026,2026,0.863442,19.845590,0.051991,preds.pt#3367
1BC080,0124,BridgeRefine-L1-seed2026,2026,0.852053,19.498492,0.061372,preds.pt#3368
1BC080,0125,BridgeRefine-L1-seed2026,2026,0.845129,19.272162,0.059918,preds.pt#3369
1BC080,0126,BridgeRefine-L1-seed2026,2026,0.857095,19.459200,0.051295,preds.pt#3370
1BC080,0127,BridgeRefine-L1-seed2026,2026,0.864183,19.659513,0.050948,preds.pt#3371
1BC080,0128,BridgeRefine-L1-seed2026,2026,0.855559,19.292571,0.053676,preds.pt#3372
1BC080,0129,BridgeRefine-L1-seed2026,2026,0.865378,19.702652,0.050221,preds.pt#3373
1BC080,0130,BridgeRefine-L1-seed2026,2026,0.856831,19.192802,0.049845,preds.pt#3374
1BC080,0131,BridgeRefine-L1-seed2026,2026,0.861001,19.393924,0.054262,preds.pt#3375
1BC080,0132,BridgeRefine-L1-seed2026,2026,0.866341,19.424602,0.051371,preds.pt#3376
1BC080,0133,BridgeRefine-L1-seed2026,2026,0.872840,19.842714,0.051816,preds.pt#3377
1BC080,0134,BridgeRefine-L1-seed2026,2026,0.858210,19.169696,0.058246,preds.pt#3378
1BC080,0135,BridgeRefine-L1-seed2026,2026,0.858249,19.273836,0.055009,preds.pt#3379
1BC080,0136,BridgeRefine-L1-seed2026,2026,0.859524,19.279276,0.051533,preds.pt#3380
1BC080,0137,BridgeRefine-L1-seed2026,2026,0.869289,19.706306,0.056048,preds.pt#3381
1BC080,0138,BridgeRefine-L1-seed2026,2026,0.871848,19.731707,0.057783,preds.pt#3382
1BC080,0139,BridgeRefine-L1-seed2026,2026,0.866087,19.524724,0.055083,preds.pt#3383
1BC080,0140,BridgeRefine-L1-seed2026,2026,0.848656,19.069041,0.061799,preds.pt#3384
1BC080,0141,BridgeRefine-L1-seed2026,2026,0.854326,19.267661,0.068355,preds.pt#3385
1BC080,0142,BridgeRefine-L1-seed2026,2026,0.845320,19.184987,0.067259,preds.pt#3386
1BC080,0143,BridgeRefine-L1-seed2026,2026,0.836065,18.972766,0.084776,preds.pt#3387
1BC080,0144,BridgeRefine-L1-seed2026,2026,0.867144,19.973468,0.072844,preds.pt#3388
1BC080,0145,BridgeRefine-L1-seed2026,2026,0.871308,20.117493,0.077595,preds.pt#3389
1BC080,0146,BridgeRefine-L1-seed2026,2026,0.863895,19.858028,0.088078,preds.pt#3390
1BC080,0147,BridgeRefine-L1-seed2026,2026,0.864189,20.007272,0.100771,preds.pt#3391
1BC080,0148,BridgeRefine-L1-seed2026,2026,0.872854,20.206198,0.101259,preds.pt#3392
1BC080,0149,BridgeRefine-L1-seed2026,2026,0.872374,20.428198,0.087287,preds.pt#3393
1BC080,0150,BridgeRefine-L1-seed2026,2026,0.868494,20.467556,0.104962,preds.pt#3394
1BC080,0151,BridgeRefine-L1-seed2026,2026,0.865350,19.989579,0.120866,preds.pt#3395
1BC080,0152,BridgeRefine-L1-seed2026,2026,0.864301,20.017418,0.125869,preds.pt#3396
1BC080,0153,BridgeRefine-L1-seed2026,2026,0.875583,20.638125,0.152529,preds.pt#3397
1BC080,0154,BridgeRefine-L1-seed2026,2026,0.884322,21.339892,0.159739,preds.pt#3398
1BC080,0155,BridgeRefine-L1-seed2026,2026,0.880984,21.220522,0.154018,preds.pt#3399
1BC080,0156,BridgeRefine-L1-seed2026,2026,0.885742,21.707937,0.186286,preds.pt#3400
1BC080,0157,BridgeRefine-L1-seed2026,2026,0.906307,23.615710,0.196241,preds.pt#3401
1BC080,0158,BridgeRefine-L1-seed2026,2026,0.905035,23.373775,0.199304,preds.pt#3402
1BC080,0159,BridgeRefine-L1-seed2026,2026,0.893683,22.449037,0.219279,preds.pt#3403
1BC080,0160,BridgeRefine-L1-seed2026,2026,0.926578,25.668959,0.147017,preds.pt#3404
1BC080,0161,BridgeRefine-L1-seed2026,2026,0.935949,26.055615,0.150789,preds.pt#3405
1BC080,0162,BridgeRefine-L1-seed2026,2026,0.920135,24.201354,0.161236,preds.pt#3406
1BC080,0163,BridgeRefine-L1-seed2026,2026,0.923239,24.558800,0.180099,preds.pt#3407
1BC080,0164,BridgeRefine-L1-seed2026,2026,0.910541,23.910796,0.178985,preds.pt#3408
1BC080,0165,BridgeRefine-L1-seed2026,2026,0.909010,23.666062,0.171208,preds.pt#3409
1BC080,0166,BridgeRefine-L1-seed2026,2026,0.867209,20.280956,0.219116,preds.pt#3410
1BC080,0167,BridgeRefine-L1-seed2026,2026,0.882555,21.981624,0.226610,preds.pt#3411
1BC080,0168,BridgeRefine-L1-seed2026,2026,0.892366,21.745574,0.220481,preds.pt#3412
1BC080,0169,BridgeRefine-L1-seed2026,2026,0.904992,23.232841,0.165708,preds.pt#3413
1BC080,0170,BridgeRefine-L1-seed2026,2026,0.924200,23.782204,0.129184,preds.pt#3414
