patient,slice,index,prediction_path
1BA012,0002,0,preds.pt#0
1BA012,0003,1,preds.pt#1
1BA012,0004,2,preds.pt#2
1BA012,0005,3,preds.pt#3
1BA012,0006,4,preds.pt#4
1BA012,0007,5,preds.pt#5
1BA012,0008,6,preds.pt#6
1BA012,0009,7,preds.pt#7
1BA012,0010,8,preds.pt#8
1BA012,0011,9,preds.pt#9
1BA012,0012,10,preds.pt#10
1BA012,0013,11,preds.pt#11
1BA012,0014,12,preds.pt#12
1BA012,0015,13,preds.pt#13
1BA012,0016,14,preds.pt#14
1BA012,0017,15,preds.pt#15
1BA012,0018,16,preds.pt#16
1BA012,0019,17,preds.pt#17
1BA012,0020,18,preds.pt#18
1BA012,0021,19,preds.pt#19
1BA012,0022,20,preds.pt#20
1BA012,0023,21,preds.pt#21
1BA012,0024,22,preds.pt#22
1BA012,0025,23,preds.pt#23
1BA012,0026,24,preds.pt#24
1BA012,0027,25,preds.pt#25
1BA012,0028,26,preds.pt#26
1BA012,0029,27,preds.pt#27
1BA012,0030,28,preds.pt#28
1BA012,0031,29,preds.pt#29
1BA012,0032,30,preds.pt#30
1BA012,0033,31,preds.pt#31
1BA012,0034,32,preds.pt#32
1BA012,0035,33,preds.pt#33
1BA012,0036,34,preds.pt#34
1BA012,0037,35,preds.pt#35
1BA012,0038,36,preds.pt#36
1BA012,0039,37,preds.pt#37
1BA012,0040,38,preds.pt#38
1BA012,0041,39,preds.pt#39
1BA012,0042,40,preds.pt#40
1BA012,0043,41,preds.pt#41
1BA012,0044,42,preds.pt#42
1BA012,0045,43,preds.pt#43
1BA012,0046,44,preds.pt#44
1BA012,0047,45,preds.pt#45
1BA012,0048,46,preds.pt#46
1BA012,0049,47,preds.pt#47
1BA012,0050,48,preds.pt#48
1BA012,0051,49,preds.pt#49
1BA012,0052,50,preds.pt#50
1BA012,0053,51,preds.pt#51
1BA012,0054,52,preds.pt#52
1BA012,0055,53,preds.pt#53
1BA012,0056,54,preds.pt#54
1BA012,0057,55,preds.pt#55
1BA012,0058,56,preds.pt#56
1BA012,0059,57,preds.pt#57
1BA012,0060,58,preds.pt#58
1BA012,0061,59,preds.pt#59
1BA012,0062,60,preds.pt#60
1BA012,0063,61,preds.pt#61
1BA012,0064,62,preds.pt#62
1BA012,0065,63,preds.pt#63
1BA012,0066,64,preds.pt#64
1BA012,0067,65,preds.pt#65
1BA012,0068,66,preds.pt#66
1BA012,0069,67,preds.pt#67
1BA012,0070,68,preds.pt#68
1BA012,0071,69,preds.pt#69
1BA012,0072,70,preds.pt#70
1BA012,0073,71,preds.pt#71
1BA012,0074,72,preds.pt#72
1BA012,0075,73,preds.pt#73
1BA012,0076,74,preds.pt#74
1BA012,0077,75,preds.pt#75
1BA012,0078,76,preds.pt#76
1BA012,0079,77,preds.pt#77
1BA012,0080,78,preds.pt#78
1BA012,0081,79,preds.pt#79
1BA012,0082,80,preds.pt#80
1BA012,0083,81,preds.pt#81
1BA012,0084,82,preds.pt#82
1BA012,0085,83,preds.pt#83
1BA012,0086,84,preds.pt#84
1BA012,0087,85,preds.pt#85
1BA012,0088,86,preds.pt#86
1BA012,0089,87,preds.pt#87
1BA012,0090,88,preds.pt#88
1BA012,0091,89,preds.pt#89
1BA012,0092,90,preds.pt#90
1BA012,0093,91,preds.pt#91
1BA012,0094,92,preds.pt#92
1BA012,0095,93,preds.pt#93
1BA012,0096,94,preds.pt#94
1BA012,0097,95,preds.pt#95
1BA012,0098,96,preds.pt#96
1BA012,0099,97,preds.pt#97
1BA012,0100,98,preds.pt#98
1BA012,0101,99,preds.pt#99
1BA012,0102,100,preds.pt#100
1BA012,0103,101,preds.pt#101
1BA012,0104,102,preds.pt#102
1BA012,0105,103,preds.pt#103
1BA012,0106,104,preds.pt#104
1BA012,0107,105,preds.pt#105
1BA012,0108,106,preds.pt#106
1BA012,0109,107,preds.pt#107
1BA012,0110,108,preds.pt#108
1BA012,0111,109,preds.pt#109
1BA012,0112,110,preds.pt#110
1BA012,0113,111,preds.pt#111
1BA012,0114,112,preds.pt#112
1BA012,0115,113,preds.pt#113
1BA012,0116,114,preds.pt#114
1BA012,0117,115,preds.pt#115
1BA012,0118,116,preds.pt#116
1BA012,0119,117,preds.pt#117
1BA012,0120,118,preds.pt#118
1BA012,0121,119,preds.pt#119
1BA012,0122,120,preds.pt#120
1BA012,0123,121,preds.pt#121
1BA012,0124,122,preds.pt#122
1BA012,0125,123,preds.pt#123
1BA012,0126,124,preds.pt#124
1BA012,0127,125,preds.pt#125
1BA012,0128,126,preds.pt#126
1BA012,0129,127,preds.pt#127
1BA012,0130,128,preds.pt#128
1BA012,0131,129,preds.pt#129
1BA012,0132,130,preds.pt#130
1BA012,0133,131,preds.pt#131
1BA012,0134,132,preds.pt#132
1BA012,0135,133,preds.pt#133
1BA012,0136,134,preds.pt#134
1BA012,0137,135,preds.pt#135
1BA012,0138,136,preds.pt#136
1BA012,0139,137,preds.pt#137
1BA012,0140,138,preds.pt#138
1BA012,0141,139,preds.pt#139
1BA012,0142,140,preds.pt#140
1BA012,0143,141,preds.pt#141
1BA012,0144,142,preds.pt#142
1BA012,0145,143,preds.pt#143
1BA012,0146,144,preds.pt#144
1BA012,0147,145,preds.pt#145
1BA012,0148,146,preds.pt#146
1BA012,0149,147,preds.pt#147
1BA012,0150,148,preds.pt#148
1BA012,0151,149,preds.pt#149
1BA012,0152,150,preds.pt#150
1BA012,0153,151,preds.pt#151
1BA012,0154,152,preds.pt#152
1BA012,0155,153,preds.pt#153
1BA012,0156,154,preds.pt#154
1BA012,0157,155,preds.pt#155
1BA012,0158,156,preds.pt#156
1BA012,0159,157,preds.pt#157
1BA012,0160,158,preds.pt#158
1BA012,0161,159,preds.pt#159
1BA012,0162,160,preds.pt#160
1BA012,0163,161,preds.pt#161
1BA012,0164,162,preds.pt#162
1BA012,0165,163,preds.pt#163
1BA012,0166,164,preds.pt#164
1BA012,0167,165,preds.pt#165
1BA012,0168,166,preds.pt#166
1BA012,0169,167,preds.pt#167
1BA012,0170,168,preds.pt#168
1BA012,0171,169,preds.pt#169
1BA012,0172,170,preds.pt#170
1BA012,0173,171,preds.pt#171
1BA012,0174,172,preds.pt#172
1BA012,0175,173,preds.pt#173
1BA012,0176,174,preds.pt#174
1BA012,0177,175,preds.pt#175
1BA012,0178,176,preds.pt#176
1BA012,0179,177,preds.pt#177
1BA012,0180,178,preds.pt#178
1BA012,0181,179,preds.pt#179
1BA012,0182,180,preds.pt#180
1BA012,0183,181,preds.pt#181
1BA012,0184,182,preds.pt#182
1BA012,0185,183,preds.pt#183
1BA012,0186,184,preds.pt#184
1BA012,0187,185,preds.pt#185
1BA012,0188,186,preds.pt#186
1BA012,0189,187,preds.pt#187
1BA012,0190,188,preds.pt#188
1BA012,0191,189,preds.pt#189
1BA012,0192,190,preds.pt#190
1BA012,0194,191,preds.pt#191
1BA091,0001,192,preds.pt#192
1BA091,0002,193,preds.pt#193
1BA091,0003,194,preds.pt#194
1BA091,0004,195,preds.pt#195
1BA091,0005,196,preds.pt#196
1BA091,0006,197,preds.pt#197
1BA091,0007,198,preds.pt#198
1BA091,0008,199,preds.pt#199
1BA091,0009,200,preds.pt#200
1BA091,0010,201,preds.pt#201
1BA091,0011,202,preds.pt#202
1BA091,0012,203,preds.pt#203
1BA091,0013,204,preds.pt#204
1BA091,0014,205,preds.pt#205
1BA091,0015,206,preds.pt#206
1BA091,0016,207,preds.pt#207
1BA091,0017,208,preds.pt#208
1BA091,0018,209,preds.pt#209
1BA091,0019,210,preds.pt#210
1BA091,0020,211,preds.pt#211
1BA091,0021,212,preds.pt#212
1BA091,0022,213,preds.pt#213
1BA091,0023,214,preds.pt#214
1BA091,0024,215,preds.pt#215
1BA091,0025,216,preds.pt#216
1BA091,0026,217,preds.pt#217
1BA091,0027,218,preds.pt#218
1BA091,0028,219,preds.pt#219
1BA091,0029,220,preds.pt#220
1BA091,0030,221,preds.pt#221
1BA091,0031,222,preds.pt#222
1BA091,0032,223,preds.pt#223
1BA091,0033,224,preds.pt#224
1BA091,0034,225,preds.pt#225
1BA091,0035,226,preds.pt#226
1BA091,0036,227,preds.pt#227
1BA091,0037,228,preds.pt#228
1BA091,0038,229,preds.pt#229
1BA091,0039,230,preds.pt#230
1BA091,0040,231,preds.pt#231
1BA091,0041,232,preds.pt#232
1BA091,0042,233,preds.pt#233
1BA091,0043,234,preds.pt#234
1BA091,0044,235,preds.pt#235
1BA091,0045,236,preds.pt#236
1BA091,0046,237,preds.pt#237
1BA091,0047,238,preds.pt#238
1BA091,0048,239,preds.pt#239
1BA091,0049,240,preds.pt#240
1BA091,0050,241,preds.pt#241
1BA091,0051,242,preds.pt#242
1BA091,0052,243,preds.pt#243
1BA091,0053,244,preds.pt#244
1BA091,0054,245,preds.pt#245
1BA091,0055,246,preds.pt#246
1BA091,0056,247,preds.pt#247
1BA091,0057,248,preds.pt#248
1BA091,0058,249,preds.pt#249
1BA091,0059,250,preds.pt#250
1BA091,0060,251,preds.pt#251
1BA091,0061,252,preds.pt#252
1BA091,0062,253,preds.pt#253
1BA091,0063,254,preds.pt#254
1BA091,0064,255,preds.pt#255
1BA091,0065,256,preds.pt#256
1BA091,0066,257,preds.pt#257
1BA091,0067,258,preds.pt#258
1BA091,0068,259,preds.pt#259
1BA091,0069,260,preds.pt#260
1BA091,0070,261,preds.pt#261
1BA091,0071,262,preds.pt#262
1BA091,0072,263,preds.pt#263
1BA091,0073,264,preds.pt#264
1BA091,0074,265,preds.pt#265
1BA091,0075,266,preds.pt#266
1BA091,0076,267,preds.pt#267
1BA091,0077,268,preds.pt#268
1BA091,0078,269,preds.pt#269
1BA091,0079,270,preds.pt#270
1BA091,0080,271,preds.pt#271
1BA091,0081,272,preds.pt#272
1BA091,0082,273,preds.pt#273
1BA091,0083,274,preds.pt#274
1BA091,0084,275,preds.pt#275
1BA091,0085,276,preds.pt#276
1BA091,0086,277,preds.pt#277
1BA091,0087,278,preds.pt#278
1BA091,0088,279,preds.pt#279
1BA091,0089,280,preds.pt#280
1BA091,0090,281,preds.pt#281
1BA091,0091,282,preds.pt#282
1BA091,0092,283,preds.pt#283
1BA091,0093,284,preds.pt#284
1BA091,0094,285,preds.pt#285
1BA091,0095,286,preds.pt#286
1BA091,0096,287,preds.pt#287
1BA091,0097,288,preds.pt#288
1BA091,0098,289,preds.pt#289
1BA091,0099,290,preds.pt#290
1BA091,0100,291,preds.pt#291
1BA091,0101,292,preds.pt#292
1BA091,0102,293,preds.pt#293
1BA091,0103,294,preds.pt#294
1BA091,0104,295,preds.pt#295
1BA091,0105,296,preds.pt#296
1BA091,0106,297,preds.pt#297
1BA091,0107,298,preds.pt#298
1BA091,0108,299,preds.pt#299
1BA091,0109,300,preds.pt#300
1BA091,0110,301,preds.pt#301
1BA091,0111,302,preds.pt#302
1BA091,0112,303,preds.pt#303
1BA091,0113,304,preds.pt#304
1BA091,0114,305,preds.pt#305
1BA091,0115,306,preds.pt#306
1BA091,0116,307,preds.pt#307
1BA091,0117,308,preds.pt#308
1BA091,0118,309,preds.pt#309
1BA091,0119,310,preds.pt#310
1BA091,0120,311,preds.pt#311
1BA091,0121,312,preds.pt#312
1BA091,0122,313,preds.pt#313
1BA091,0123,314,preds.pt#314
1BA091,0124,315,preds.pt#315
1BA091,0125,316,preds.pt#316
1BA091,0126,317,preds.pt#317
1BA091,0127,318,preds.pt#318
1BA091,0128,319,preds.pt#319
1BA091,0129,320,preds.pt#320
1BA091,0130,321,preds.pt#321
1BA091,0131,322,preds.pt#322
1BA091,0132,323,preds.pt#323
1BA091,0133,324,preds.pt#324
1BA091,0134,325,preds.pt#325
1BA091,0135,326,preds.pt#326
1BA091,0136,327,preds.pt#327
1BA091,0137,328,preds.pt#328
1BA091,0138,329,preds.pt#329
1BA091,0139,330,preds.pt#330
1BA091,0140,331,preds.pt#331
1BA091,0141,332,preds.pt#332
1BA091,0142,333,preds.pt#333
1BA091,0143,334,preds.pt#334
1BA091,0144,335,preds.pt#335
1BA091,0145,336,preds.pt#336
1BA091,0146,337,preds.pt#337
1BA091,0147,338,preds.pt#338
1BA091,0148,339,preds.pt#339
1BA091,0149,340,preds.pt#340
1BA091,0150,341,preds.pt#341
1BA091,0151,342,preds.pt#342
1BA091,0152,343,preds.pt#343
1BA091,0153,344,preds.pt#344
1BA091,0154,345,preds.pt#345
1BA091,0155,346,preds.pt#346
1BA091,0156,347,preds.pt#347
1BA091,0157,348,preds.pt#348
1BA091,0158,349,preds.pt#349
1BA091,0159,350,preds.pt#350
1BA091,0160,351,preds.pt#351
1BA091,0161,352,preds.pt#352
1BA091,0162,353,preds.pt#353
1BA091,0163,354,preds.pt#354
1BA091,0164,355,preds.pt#355
1BA091,0165,356,preds.pt#356
1BA091,0166,357,preds.pt#357
1BA091,0167,358,preds.pt#358
1BA091,0168,359,preds.pt#359
1BA091,0169,360,preds.pt#360
1BA091,0170,361,preds.pt#361
1BA091,0171,362,preds.pt#362
1BA091,0172,363,preds.pt#363
1BA091,0173,364,preds.pt#364
1BA091,0174,365,preds.pt#365
1BA091,0175,366,preds.pt#366
1BA091,0176,367,preds.pt#367
1BA091,0177,368,preds.pt#368
1BA091,0178,369,preds.pt#369
1BA091,0179,370,preds.pt#370
1BA091,0180,371,preds.pt#371
1BA091,0181,372,preds.pt#372
1BA091,0182,373,preds.pt#373
1BA091,0183,374,preds.pt#374
1BA091,0184,375,preds.pt#375
1BA091,0185,376,preds.pt#376
1BA091,0186,377,preds.pt#377
1BA091,0187,378,preds.pt#378
1BA091,0188,379,preds.pt#379
1BA091,0189,380,preds.pt#380
1BA091,0190,381,preds.pt#381
1BA091,0191,382,preds.pt#382
1BA091,0192,383,preds.pt#383
1BA091,0193,384,preds.pt#384
1BA091,0194,385,preds.pt#385
1BA091,0195,386,preds.pt#386
1BA091,0196,387,preds.pt#387
1BA091,0197,388,preds.pt#388
1BA091,0198,389,preds.pt#389
1BA091,0199,390,preds.pt#390
1BA091,0200,391,preds.pt#391
1BA091,0201,392,preds.pt#392
1BA091,0202,393,preds.pt#393
1BA091,0203,394,preds.pt#394
1BA091,0204,395,preds.pt#395
1BA091,0205,396,preds.pt#396
1BA091,0206,397,preds.pt#397
1BA091,0207,398,preds.pt#398
1BA100,0000,399,preds.pt#399
1BA100,0001,400,preds.pt#400
1BA100,0002,401,preds.pt#401
1BA100,0003,402,preds.pt#402
1BA100,0004,403,preds.pt#403
1BA100,0005,404,preds.pt#404
1BA100,0006,405,preds.pt#405
1BA100,0007,406,preds.pt#406
1BA100,0008,407,preds.pt#407
1BA100,0009,408,preds.pt#408
1BA100,0010,409,preds.pt#409
1BA100,0011,410,preds.pt#410
1BA100,0012,411,preds.pt#411
1BA100,0013,412,preds.pt#412
1BA100,0014,413,preds.pt#413
1BA100,0015,414,preds.pt#414
1BA100,0016,415,preds.pt#415
1BA100,0017,416,preds.pt#416
1BA100,0018,417,preds.pt#417
1BA100,0019,418,preds.pt#418
1BA100,0020,419,preds.pt#419
1BA100,0021,420,preds.pt#420
1BA100,0022,421,preds.pt#421
1BA100,0023,422,preds.pt#422
1BA100,0024,423,preds.pt#423
1BA100,0025,424,preds.pt#424
1BA100,0026,425,preds.pt#425
1BA100,0027,426,preds.pt#426
1BA100,0028,427,preds.pt#427
1BA100,0029,428,preds.pt#428
1BA100,0030,429,preds.pt#429
1BA100,0031,430,preds.pt#430
1BA100,0032,431,preds.pt#431
1BA100,0033,432,preds.pt#432
1BA100,0034,433,preds.pt#433
1BA100,0035,434,preds.pt#434
1BA100,0036,435,preds.pt#435
1BA100,0037,436,preds.pt#436
1BA100,0038,437,preds.pt#437
1BA100,0039,438,preds.pt#438
1BA100,0040,439,preds.pt#439
1BA100,0041,440,preds.pt#440
1BA100,0042,441,preds.pt#441
1BA100,0043,442,preds.pt#442
1BA100,0044,443,preds.pt#443
1BA100,0045,444,preds.pt#444
1BA100,0046,445,preds.pt#445
1BA100,0047,446,preds.pt#446
1BA100,0048,447,preds.pt#447
1BA100,0049,448,preds.pt#448
1BA100,0050,449,preds.pt#449
1BA100,0051,450,preds.pt#450
1BA100,0052,451,preds.pt#451
1BA100,0053,452,preds.pt#452
1BA100,0054,453,preds.pt#453
1BA100,0055,454,preds.pt#454
1BA100,0056,455,preds.pt#455
1BA100,0057,456,preds.pt#456
1BA100,0058,457,preds.pt#457
1BA100,0059,458,preds.pt#458
1BA100,0060,459,preds.pt#459
1BA100,0061,460,preds.pt#460
1BA100,0062,461,preds.pt#461
1BA100,0063,462,preds.pt#462
1BA100,0064,463,preds.pt#463
1BA100,0065,464,preds.pt#464
1BA100,0066,465,preds.pt#465
1BA100,0067,466,preds.pt#466
1BA100,0068,467,preds.pt#467
1BA100,0069,468,preds.pt#468
1BA100,0070,469,preds.pt#469
1BA100,0071,470,preds.pt#470
1BA100,0072,471,preds.pt#471
1BA100,0073,472,preds.pt#472
1BA100,0074,473,preds.pt#473
1BA100,0075,474,preds.pt#474
1BA100,0076,475,preds.pt#475
1BA100,0077,476,preds.pt#476
1BA100,0078,477,preds.pt#477
1BA100,0079,478,preds.pt#478
1BA100,0080,479,preds.pt#479
1BA100,0081,480,preds.pt#480
1BA100,0082,481,preds.pt#481
1BA100,0083,482,preds.pt#482
1BA100,0084,483,preds.pt#483
1BA100,0085,484,preds.pt#484
1BA100,0086,485,preds.pt#485
1BA100,0087,486,preds.pt#486
1BA100,0088,487,preds.pt#487
1BA100,0089,488,preds.pt#488
1BA100,0090,489,preds.pt#489
1BA100,0091,490,preds.pt#490
1BA100,0092,491,preds.pt#491
1BA100,0093,492,preds.pt#492
1BA100,0094,493,preds.pt#493
1BA100,0095,494,preds.pt#494
1BA100,0096,495,preds.pt#495
1BA100,0097,496,preds.pt#496
1BA100,0098,497,preds.pt#497
1BA100,0099,498,preds.pt#498
1BA100,0100,499,preds.pt#499
1BA100,0101,500,preds.pt#500
1BA100,0102,501,preds.pt#501
1BA100,0103,502,preds.pt#502
1BA100,0104,503,preds.pt#503
1BA100,0105,504,preds.pt#504
1BA100,0106,505,preds.pt#505
1BA100,0107,506,preds.pt#506
1BA100,0108,507,preds.pt#507
1BA100,0109,508,preds.pt#508
1BA100,0110,509,preds.pt#509
1BA100,0111,510,preds.pt#510
1BA100,0112,511,preds.pt#511
1BA100,0113,512,preds.pt#512
1BA100,0114,513,preds.pt#513
1BA100,0115,514,preds.pt#514
1BA100,0116,515,preds.pt#515
1BA100,0117,516,preds.pt#516
1BA100,0118,517,preds.pt#517
1BA100,0119,518,preds.pt#518
1BA100,0120,519,preds.pt#519
1BA100,0121,520,preds.pt#520
1BA100,0122,521,preds.pt#521
1BA100,0123,522,preds.pt#522
1BA100,0124,523,preds.pt#523
1BA100,0125,524,preds.pt#524
1BA100,0126,525,preds.pt#525
1BA100,0127,526,preds.pt#526
1BA100,0128,527,preds.pt#527
1BA100,0129,528,preds.pt#528
1BA100,0130,529,preds.pt#529
1BA100,0131,530,preds.pt#530
1BA100,0132,531,preds.pt#531
1BA100,0133,532,preds.pt#532
1BA100,0134,533,preds.pt#533
1BA100,0135,534,preds.pt#534
1BA100,0136,535,preds.pt#535
1BA100,0137,536,preds.pt#536
1BA100,0138,537,preds.pt#537
1BA100,0139,538,preds.pt#538
1BA100,0140,539,preds.pt#539
1BA100,0141,540,preds.pt#540
1BA100,0142,541,preds.pt#541
1BA100,0143,542,preds.pt#542
1BA100,0144,543,preds.pt#543
1BA100,0145,544,preds.pt#544
1BA100,0146,545,preds.pt#545
1BA100,0147,546,preds.pt#546
1BA100,0148,547,preds.pt#547
1BA100,0149,548,preds.pt#548
1BA100,0150,549,preds.pt#549
1BA100,0151,550,preds.pt#550
1BA100,0152,551,preds.pt#551
1BA100,0153,552,preds.pt#552
1BA100,0154,553,preds.pt#553
1BA100,0155,554,preds.pt#554
1BA100,0156,555,preds.pt#555
1BA100,0157,556,preds.pt#556
1BA100,0158,557,preds.pt#557
1BA100,0159,558,preds.pt#558
1BA100,0160,559,preds.pt#559
1BA100,0161,560,preds.pt#560
1BA100,0162,561,preds.pt#561
1BA100,0163,562,preds.pt#562
1BA100,0164,563,preds.pt#563
1BA100,0165,564,preds.pt#564
1BA100,0166,565,preds.pt#565
1BA100,0167,566,preds.pt#566
1BA100,0168,567,preds.pt#567
1BA100,0169,568,preds.pt#568
1BA100,0170,569,preds.pt#569
1BA100,0171,570,preds.pt#570
1BA100,0172,571,preds.pt#571
1BA100,0173,572,preds.pt#572
1BA100,0174,573,preds.pt#573
1BA100,0175,574,preds.pt#574
1BA100,0176,575,preds.pt#575
1BA100,0177,576,preds.pt#576
1BA100,0178,577,preds.pt#577
1BA100,0179,578,preds.pt#578
1BA100,0180,579,preds.pt#579
1BA100,0181,580,preds.pt#580
1BA100,0182,581,preds.pt#581
1BA100,0183,582,preds.pt#582
1BA100,0184,583,preds.pt#583
1BA100,0185,584,preds.pt#584
1BA100,0186,585,preds.pt#585
1BA100,0187,586,preds.pt#586
1BA116,0000,587,preds.pt#587
1BA116,0001,588,preds.pt#588
1BA116,0002,589,preds.pt#589
1BA116,0003,590,preds.pt#590
1BA116,0004,591,preds.pt#591
1BA116,0005,592,preds.pt#592
1BA116,0006,593,preds.pt#593
1BA116,0007,594,preds.pt#594
1BA116,0008,595,preds.pt#595
1BA116,0009,596,preds.pt#596
1BA116,0010,597,preds.pt#597
1BA116,0011,598,preds.pt#598
1BA116,0012,599,preds.pt#599
1BA116,0013,600,preds.pt#600
1BA116,0014,601,preds.pt#601
1BA116,0015,602,preds.pt#602
1BA116,0016,603,preds.pt#603
1BA116,0017,604,preds.pt#604
1BA116,0018,605,preds.pt#605
1BA116,0019,606,preds.pt#606
1BA116,0020,607,preds.pt#607
1BA116,0021,608,preds.pt#608
1BA116,0022,609,preds.pt#609
1BA116,0023,610,preds.pt#610
1BA116,0024,611,preds.pt#611
1BA116,0025,612,preds.pt#612
1BA116,0026,613,preds.pt#613
1BA116,0027,614,preds.pt#614
1BA116,0028,615,preds.pt#615
1BA116,0029,616,preds.pt#616
1BA116,0030,617,preds.pt#617
1BA116,0031,618,preds.pt#618
1BA116,0032,619,preds.pt#619
1BA116,0033,620,preds.pt#620
1BA116,0034,621,preds.pt#621
1BA116,0035,622,preds.pt#622
1BA116,0036,623,preds.pt#623
1BA116,0037,624,preds.pt#624
1BA116,0038,625,preds.pt#625
1BA116,0039,626,preds.pt#626
1BA116,0040,627,preds.pt#627
1BA116,0041,628,preds.pt#628
1BA116,0042,629,preds.pt#629
1BA116,0043,630,preds.pt#630
1BA116,0044,631,preds.pt#631
1BA116,0045,632,preds.pt#632
1BA116,0046,633,preds.pt#633
1BA116,0047,634,preds.pt#634
1BA116,0048,635,preds.pt#635
1BA116,0049,636,preds.pt#636
1BA116,0050,637,preds.pt#637
1BA116,0051,638,preds.pt#638
1BA116,0052,639,preds.pt#639
1BA116,0053,640,preds.pt#640
1BA116,0054,641,preds.pt#641
1BA116,0055,642,preds.pt#642
1BA116,0056,643,preds.pt#643
1BA116,0057,644,preds.pt#644
1BA116,0058,645,preds.pt#645
1BA116,0059,646,preds.pt#646
1BA116,0060,647,preds.pt#647
1BA116,0061,648,preds.pt#648
1BA116,0062,649,preds.pt#649
1BA116,0063,650,preds.pt#650
1BA116,0064,651,preds.pt#651
1BA116,0065,652,preds.pt#652
1BA116,0066,653,preds.pt#653
1BA116,0067,654,preds.pt#654
1BA116,0068,655,preds.pt#655
1BA116,0069,656,preds.pt#656
1BA116,0070,657,preds.pt#657
1BA116,0071,658,preds.pt#658
1BA116,0072,659,preds.pt#659
1BA116,0073,660,preds.pt#660
1BA116,0074,661,preds.pt#661
1BA116,0075,662,preds.pt#662
1BA116,0076,663,preds.pt#663
1BA116,0077,664,preds.pt#664
1BA116,0078,665,preds.pt#665
1BA116,0079,666,preds.pt#666
1BA116,0080,667,preds.pt#667
1BA116,0081,668,preds.pt#668
1BA116,0082,669,preds.pt#669
1BA116,0083,670,preds.pt#670
1BA116,0084,671,preds.pt#671
1BA116,0085,672,preds.pt#672
1BA116,0086,673,preds.pt#673
1BA116,0087,674,preds.pt#674
1BA116,0088,675,preds.pt#675
1BA116,0089,676,preds.pt#676
1BA116,0090,677,preds.pt#677
1BA116,0091,678,preds.pt#678
1BA116,0092,679,preds.pt#679
1BA116,0093,680,preds.pt#680
1BA116,0094,681,preds.pt#681
1BA116,0095,682,preds.pt#682
1BA116,0096,683,preds.pt#683
1BA116,0097,684,preds.pt#684
1BA116,0098,685,preds.pt#685
1BA116,0099,686,preds.pt#686
1BA116,0100,687,preds.pt#687
1BA116,0101,688,preds.pt#688
1BA116,0102,689,preds.pt#689
1BA116,0103,690,preds.pt#690
1BA116,0104,691,preds.pt#691
1BA116,0105,692,preds.pt#692
1BA116,0106,693,preds.pt#693
1BA116,0107,694,preds.pt#694
1BA116,0108,695,preds.pt#695
1BA116,0109,696,preds.pt#696
1BA116,0110,697,preds.pt#697
1BA116,0111,698,preds.pt#698
1BA116,0112,699,preds.pt#699
1BA116,0113,700,preds.pt#700
1BA116,0114,701,preds.pt#701
1BA116,0115,702,preds.pt#702
1BA116,0116,703,preds.pt#703
1BA116,0117,704,preds.pt#704
1BA116,0118,705,preds.pt#705
1BA116,0119,706,preds.pt#706
1BA116,0120,707,preds.pt#707
1BA116,0121,708,preds.pt#708
1BA116,0122,709,preds.pt#709
1BA116,0123,710,preds.pt#710
1BA116,0124,711,preds.pt#711
1BA116,0125,712,preds.pt#712
1BA116,0126,713,preds.pt#713
1BA116,0127,714,preds.pt#714
1BA116,0128,715,preds.pt#715
1BA116,0129,716,preds.pt#716
1BA116,0130,717,preds.pt#717
1BA116,0131,718,preds.pt#718
1BA116,0132,719,preds.pt#719
1BA116,0133,720,preds.pt#720
1BA116,0134,721,preds.pt#721
1BA116,0135,722,preds.pt#722
1BA116,0136,723,preds.pt#723
1BA116,0137,724,preds.pt#724
1BA116,0138,725,preds.pt#725
1BA116,0139,726,preds.pt#726
1BA116,0140,727,preds.pt#727
1BA116,0141,728,preds.pt#728
1BA116,0142,729,preds.pt#729
1BA116,0143,730,preds.pt#730
1BA116,0144,731,preds.pt#731
1BA116,0145,732,preds.pt#732
1BA116,0146,733,preds.pt#733
1BA116,0147,734,preds.pt#734
1BA116,0148,735,preds.pt#735
1BA116,0149,736,preds.pt#736
1BA116,0150,737,preds.pt#737
1BA116,0151,738,preds.pt#738
1BA116,0152,739,preds.pt#739
1BA116,0153,740,preds.pt#740
1BA116,0154,741,preds.pt#741
1BA116,0155,742,preds.pt#742
1BA116,0156,743,preds.pt#743
1BA116,0157,744,preds.pt#744
1BA116,0158,745,preds.pt#745
1BA116,0159,746,preds.pt#746
1BA116,0160,747,preds.pt#747
1BA116,0161,748,preds.pt#748
1BA116,0162,749,preds.pt#749
1BA116,0163,750,preds.pt#750
1BA116,0164,751,preds.pt#751
1BA116,0165,752,preds.pt#752
1BA116,0166,753,preds.pt#753
1BA116,0167,754,preds.pt#754
1BA116,0168,755,preds.pt#755
1BA116,0169,756,preds.pt#756
1BA116,0170,757,preds.pt#757
1BA116,0171,758,preds.pt#758
1BA116,0172,759,preds.pt#759
1BA116,0173,760,preds.pt#760
1BA116,0174,761,preds.pt#761
1BA116,0175,762,preds.pt#762
1BA116,0176,763,preds.pt#763
1BA116,0177,764,preds.pt#764
1BA116,0178,765,preds.pt#765
1BA116,0179,766,preds.pt#766
1BA116,0180,767,preds.pt#767
1BA116,0181,768,preds.pt#768
1BA116,0182,769,preds.pt#769
1BA116,0183,770,preds.pt#770
1BA116,0184,771,preds.pt#771
1BA116,0185,772,preds.pt#772
1BA116,0186,773,preds.pt#773
1BA116,0187,774,preds.pt#774
1BA116,0188,775,preds.pt#775
1BA116,0189,776,preds.pt#776
1BA116,0190,777,preds.pt#777
1BA116,0191,778,preds.pt#778
1BA116,0192,779,preds.pt#779
1BA116,0193,780,preds.pt#780
1BA116,0194,781,preds.pt#781
1BA116,0195,782,preds.pt#782
1BA116,0196,783,preds.pt#783
1BA184,0000,784,preds.pt#784
1BA184,0001,785,preds.pt#785
1BA184,0002,786,preds.pt#786
1BA184,0003,787,preds.pt#787
1BA184,0004,788,preds.pt#788
1BA184,0005,789,preds.pt#789
1BA184,0006,790,preds.pt#790
1BA184,0007,791,preds.pt#791
1BA184,0008,792,preds.pt#792
1BA184,0009,793,preds.pt#793
1BA184,0010,794,preds.pt#794
1BA184,0011,795,preds.pt#795
1BA184,0012,796,preds.pt#796
1BA184,0013,797,preds.pt#797
1BA184,0014,798,preds.pt#798
1BA184,0015,799,preds.pt#799
1BA184,0016,800,preds.pt#800
1BA184,0017,801,preds.pt#801
1BA184,0018,802,preds.pt#802
1BA184,0019,803,preds.pt#803
1BA184,0020,804,preds.pt#804
1BA184,0021,805,preds.pt#805
1BA184,0022,806,preds.pt#806
1BA184,0023,807,preds.pt#807
1BA184,0024,808,preds.pt#808
1BA184,0025,809,preds.pt#809
1BA184,0026,810,preds.pt#810
1BA184,0027,811,preds.pt#811
1BA184,0028,812,preds.pt#812
1BA184,0029,813,preds.pt#813
1BA184,0030,814,preds.pt#814
1BA184,0031,815,preds.pt#815
1BA184,0032,816,preds.pt#816
1BA184,0033,817,preds.pt#817
1BA184,0034,818,preds.pt#818
1BA184,0035,819,preds.pt#819
1BA184,0036,820,preds.pt#820
1BA184,0037,821,preds.pt#821
1BA184,0038,822,preds.pt#822
1BA184,0039,823,preds.pt#823
1BA184,0040,824,preds.pt#824
1BA184,0041,825,preds.pt#825
1BA184,0042,826,preds.pt#826
1BA184,0043,827,preds.pt#827
1BA184,0044,828,preds.pt#828
1BA184,0045,829,preds.pt#829
1BA184,0046,830,preds.pt#830
1BA184,0047,831,preds.pt#831
1BA184,0048,832,preds.pt#832
1BA184,0049,833,preds.pt#833
1BA184,0050,834,preds.pt#834
1BA184,0051,835,preds.pt#835
1BA184,0052,836,preds.pt#836
1BA184,0053,837,preds.pt#837
1BA184,0054,838,preds.pt#838
1BA184,0055,839,preds.pt#839
1BA184,0056,840,preds.pt#840
1BA184,0057,841,preds.pt#841
1BA184,0058,842,preds.pt#842
1BA184,0059,843,preds.pt#843
1BA184,0060,844,preds.pt#844
1BA184,0061,845,preds.pt#845
1BA184,0062,846,preds.pt#846
1BA184,0063,847,preds.pt#847
1BA184,0064,848,preds.pt#848
1BA184,0065,849,preds.pt#849
1BA184,0066,850,preds.pt#850
1BA184,0067,851,preds.pt#851
1BA184,0068,852,preds.pt#852
1BA184,0069,853,preds.pt#853
1BA184,0070,854,preds.pt#854
1BA184,0071,855,preds.pt#855
1BA184,0072,856,preds.pt#856
1BA184,0073,857,preds.pt#857
1BA184,0074,858,preds.pt#858
1BA184,0075,859,preds.pt#859
1BA184,0076,860,preds.pt#860
1BA184,0077,861,preds.pt#861
1BA184,0078,862,preds.pt#862
1BA184,0079,863,preds.pt#863
1BA184,0080,864,preds.pt#864
1BA184,0081,865,preds.pt#865
1BA184,0082,866,preds.pt#866
1BA184,0083,867,preds.pt#867
1BA184,0084,868,preds.pt#868
1BA184,0085,869,preds.pt#869
1BA184,0086,870,preds.pt#870
1BA184,0087,871,preds.pt#871
1BA184,0088,872,preds.pt#872
1BA184,0089,873,preds.pt#873
1BA184,0090,874,preds.pt#874
1BA184,0091,875,preds.pt#875
1BA184,0092,876,preds.pt#876
1BA184,0093,877,preds.pt#877
1BA184,0094,878,preds.pt#878
1BA184,0095,879,preds.pt#879
1BA184,0096,880,preds.pt#880
1BA184,0097,881,preds.pt#881
1BA184,0098,882,preds.pt#882
1BA184,0099,883,preds.pt#883
1BA184,0100,884,preds.pt#884
1BA184,0101,885,preds.pt#885
1BA184,0102,886,preds.pt#886
1BA184,0103,887,preds.pt#887
1BA184,0104,888,preds.pt#888
1BA184,0105,889,preds.pt#889
1BA184,0106,890,preds.pt#890
1BA184,0107,891,preds.pt#891
1BA184,0108,892,preds.pt#892
1BA184,0109,893,preds.pt#893
1BA184,0110,894,preds.pt#894
1BA184,0111,895,preds.pt#895
1BA184,0112,896,preds.pt#896
1BA184,0113,897,preds.pt#897
1BA184,0114,898,preds.pt#898
1BA184,0115,899,preds.pt#899
1BA184,0116,900,preds.pt#900
1BA184,0117,901,preds.pt#901
1BA184,0118,902,preds.pt#902
1BA184,0119,903,preds.pt#903
1BA184,0120,904,preds.pt#904
1BA184,0121,905,preds.pt#905
1BA184,0122,906,preds.pt#906
1BA184,0123,907,preds.pt#907
1BA184,0124,908,preds.pt#908
1BA184,0125,909,preds.pt#909
1BA184,0126,910,preds.pt#910
1BA184,0127,911,preds.pt#911
1BA184,0128,912,preds.pt#912
1BA184,0129,913,preds.pt#913
1BA184,0130,914,preds.pt#914
1BA184,0131,915,preds.pt#915
1BA184,0132,916,preds.pt#916
1BA184,0133,917,preds.pt#917
1BA184,0134,918,preds.pt#918
1BA184,0135,919,preds.pt#919
1BA184,0136,920,preds.pt#920
1BA184,0137,921,preds.pt#921
1BA184,0138,922,preds.pt#922
1BA184,0139,923,preds.pt#923
1BA184,0140,924,preds.pt#924
1BA184,0141,925,preds.pt#925
1BA184,0142,926,preds.pt#926
1BA184,0143,927,preds.pt#927
1BA184,0144,928,preds.pt#928
1BA184,0145,929,preds.pt#929
1BA184,0146,930,preds.pt#930
1BA184,0147,931,preds.pt#931
1BA184,0148,932,preds.pt#932
1BA184,0149,933,preds.pt#933
1BA184,0150,934,preds.pt#934
1BA184,0151,935,preds.pt#935
1BA184,0152,936,preds.pt#936
1BA184,0153,937,preds.pt#937
1BA184,0154,938,preds.pt#938
1BA184,0155,939,preds.pt#939
1BA184,0156,940,preds.pt#940
1BA184,0157,941,preds.pt#941
1BA184,0158,942,preds.pt#942
1BA184,0159,943,preds.pt#943
1BA184,0160,944,preds.pt#944
1BA184,0161,945,preds.pt#945
1BA184,0162,946,preds.pt#946
1BA184,0163,947,preds.pt#947
1BA184,0164,948,preds.pt#948
1BA184,0165,949,preds.pt#949
1BA184,0166,950,preds.pt#950
1BA184,0167,951,preds.pt#951
1BA184,0168,952,preds.pt#952
1BA184,0169,953,preds.pt#953
1BA184,0170,954,preds.pt#954
1BA184,0171,955,preds.pt#955
1BA184,0172,956,preds.pt#956
1BA184,0173,957,preds.pt#957
1BA184,0174,958,preds.pt#958
1BA184,0175,959,preds.pt#959
1BA184,0176,960,preds.pt#960
1BA184,0177,961,preds.pt#961
1BA184,0178,962,preds.pt#962
1BA184,0179,963,preds.pt#963
1BA184,0180,964,preds.pt#964
1BA184,0181,965,preds.pt#965
1BA184,0182,966,preds.pt#966
1BA184,0183,967,preds.pt#967
1BA184,0184,968,preds.pt#968
1BA184,0185,969,preds.pt#969
1BA184,0186,970,preds.pt#970
1BA184,0187,971,preds.pt#971
1BA184,0188,972,preds.pt#972
1BA184,0189,973,preds.pt#973
1BA184,0190,974,preds.pt#974
1BA184,0191,975,preds.pt#975
1BA184,0192,976,preds.pt#976
1BA184,0193,977,preds.pt#977
1BA184,0194,978,preds.pt#978
1BA184,0195,979,preds.pt#979
1BA184,0196,980,preds.pt#980
1BA184,0197,981,preds.pt#981
1BA222,0001,982,preds.pt#982
1BA222,0002,983,preds.pt#983
1BA222,0003,984,preds.pt#984
1BA222,0004,985,preds.pt#985
1BA222,0005,986,preds.pt#986
1BA222,0006,987,preds.pt#987
1BA222,0007,988,preds.pt#988
1BA222,0008,989,preds.pt#989
1BA222,0009,990,preds.pt#990
1BA222,0010,991,preds.pt#991
1BA222,0011,992,preds.pt#992
1BA222,0012,993,preds.pt#993
1BA222,0013,994,preds.pt#994
1BA222,0014,995,preds.pt#995
1BA222,0015,996,preds.pt#996
1BA222,0016,997,preds.pt#997
1BA222,0017,998,preds.pt#998
1BA222,0018,999,preds.pt#999
1BA222,0019,1000,preds.pt#1000
1BA222,0020,1001,preds.pt#1001
1BA222,0021,1002,preds.pt#1002
1BA222,0022,1003,preds.pt#1003
1BA222,0023,1004,preds.pt#1004
1BA222,0024,1005,preds.pt#1005
1BA222,0025,1006,preds.pt#1006
1BA222,0026,1007,preds.pt#1007
1BA222,0027,1008,preds.pt#1008
1BA222,0028,1009,preds.pt#1009
1BA222,0029,1010,preds.pt#1010
1BA222,0030,1011,preds.pt#1011
1BA222,0031,1012,preds.pt#1012
1BA222,0032,1013,preds.pt#1013
1BA222,0033,1014,preds.pt#1014
1BA222,0034,1015,preds.pt#1015
1BA222,0035,1016,preds.pt#1016
1BA222,0036,1017,preds.pt#1017
1BA222,0037,1018,preds.pt#1018
1BA222,0038,1019,preds.pt#1019
1BA222,0039,1020,preds.pt#1020
1BA222,0040,1021,preds.pt#1021
1BA222,0041,1022,preds.pt#1022
1BA222,0042,1023,preds.pt#1023
1BA222,0043,1024,preds.pt#1024
1BA222,0044,1025,preds.pt#1025
1BA222,0045,1026,preds.pt#1026
1BA222,0046,1027,preds.pt#1027
1BA222,0047,1028,preds.pt#1028
1BA222,0048,1029,preds.pt#1029
1BA222,0049,1030,preds.pt#1030
1BA222,0050,1031,preds.pt#1031
1BA222,0051,1032,preds.pt#1032
1BA222,0052,1033,preds.pt#1033
1BA222,0053,1034,preds.pt#1034
1BA222,0054,1035,preds.pt#1035
1BA222,0055,1036,preds.pt#1036
1BA222,0056,1037,preds.pt#1037
1BA222,0057,1038,preds.pt#1038
1BA222,0058,1039,preds.pt#1039
1BA222,0059,1040,preds.pt#1040
1BA222,0060,1041,preds.pt#1041
1BA222,0061,1042,preds.pt#1042
1BA222,0062,1043,preds.pt#1043
1BA222,0063,1044,preds.pt#1044
1BA222,0064,1045,preds.pt#1045
1BA222,0065,1046,preds.pt#1046
1BA222,0066,1047,preds.pt#1047
1BA222,0067,1048,preds.pt#1048
1BA222,0068,1049,preds.pt#1049
1BA222,0069,1050,preds.pt#1050
1BA222,0070,1051,preds.pt#1051
1BA222,0071,1052,preds.pt#1052
1BA222,0072,1053,preds.pt#1053
1BA222,0073,1054,preds.pt#1054
1BA222,0074,1055,preds.pt#1055
1BA222,0075,1056,preds.pt#1056
1BA222,0076,1057,preds.pt#1057
1BA222,0077,1058,preds.pt#1058
1BA222,0078,1059,preds.pt#1059
1BA222,0079,1060,preds.pt#1060
1BA222,0080,1061,preds.pt#1061
1BA222,0081,1062,preds.pt#1062
1BA222,0082,1063,preds.pt#1063
1BA222,0083,1064,preds.pt#1064
1BA222,0084,1065,preds.pt#1065
1BA222,0085,1066,preds.pt#1066
1BA222,0086,1067,preds.pt#1067
1BA222,0087,1068,preds.pt#1068
1BA222,0088,1069,preds.pt#1069
1BA222,0089,1070,preds.pt#1070
1BA222,0090,1071,preds.pt#1071
1BA222,0091,1072,preds.pt#1072
1BA222,0092,1073,preds.pt#1073
1BA222,0093,1074,preds.pt#1074
1BA222,0094,1075,preds.pt#1075
1BA222,0095,1076,preds.pt#1076
1BA222,0096,1077,preds.pt#1077
1BA222,0097,1078,preds.pt#1078
1BA222,0098,1079,preds.pt#1079
1BA222,0099,1080,preds.pt#1080
1BA222,0100,1081,preds.pt#1081
1BA222,0101,1082,preds.pt#1082
1BA222,0102,1083,preds.pt#1083
1BA222,0103,1084,preds.pt#1084
1BA222,0104,1085,preds.pt#1085
1BA222,0105,1086,preds.pt#1086
1BA222,0106,1087,preds.pt#1087
1BA222,0107,1088,preds.pt#1088
1BA222,0108,1089,preds.pt#1089
1BA222,0109,1090,preds.pt#1090
1BA222,0110,1091,preds.pt#1091
1BA222,0111,1092,preds.pt#1092
1BA222,0112,1093,preds.pt#1093
1BA222,0113,1094,preds.pt#1094
1BA222,0114,1095,preds.pt#1095
1BA222,0115,1096,preds.pt#1096
1BA222,0116,1097,preds.pt#1097
1BA222,0117,1098,preds.pt#1098
1BA222,0118,1099,preds.pt#1099
1BA222,0119,1100,preds.pt#1100
1BA222,0120,1101,preds.pt#1101
1BA222,0121,1102,preds.pt#1102
1BA222,0122,1103,preds.pt#1103
1BA222,0123,1104,preds.pt#1104
1BA222,0124,1105,preds.pt#1105
1BA222,0125,1106,preds.pt#1106
1BA222,0126,1107,preds.pt#1107
1BA222,0127,1108,preds.pt#1108
1BA222,0128,1109,preds.pt#1109
1BA222,0129,1110,preds.pt#1110
1BA222,0130,1111,preds.pt#1111
1BA222,0131,1112,preds.pt#1112
1BA222,0132,1113,preds.pt#1113
1BA222,0133,1114,preds.pt#1114
1BA222,0134,1115,preds.pt#1115
1BA222,0135,1116,preds.pt#1116
1BA222,0136,1117,preds.pt#1117
1BA222,0137,1118,preds.pt#1118
1BA222,0138,1119,preds.pt#1119
1BA222,0139,1120,preds.pt#1120
1BA222,0140,1121,preds.pt#1121
1BA222,0141,1122,preds.pt#1122
1BA222,0142,1123,preds.pt#1123
1BA222,0143,1124,preds.pt#1124
1BA222,0144,1125,preds.pt#1125
1BA222,0145,1126,preds.pt#1126
1BA222,0146,1127,preds.pt#1127
1BA222,0147,1128,preds.pt#1128
1BA222,0148,1129,preds.pt#1129
1BA222,0149,1130,preds.pt#1130
1BA222,0150,1131,preds.pt#1131
1BA222,0151,1132,preds.pt#1132
1BA222,0152,1133,preds.pt#1133
1BA222,0153,1134,preds.pt#1134
1BA222,0154,1135,preds.pt#1135
1BA222,0155,1136,preds.pt#1136
1BA222,0156,1137,preds.pt#1137
1BA222,0157,1138,preds.pt#1138
1BA222,0158,1139,preds.pt#1139
1BA222,0159,1140,preds.pt#1140
1BA222,0160,1141,preds.pt#1141
1BA222,0161,1142,preds.pt#1142
1BA222,0162,1143,preds.pt#1143
1BA222,0163,1144,preds.pt#1144
1BA222,0164,1145,preds.pt#1145
1BA222,0165,1146,preds.pt#1146
1BA222,0166,1147,preds.pt#1147
1BA222,0167,1148,preds.pt#1148
1BA222,0168,1149,preds.pt#1149
1BA222,0169,1150,preds.pt#1150
1BA222,0170,1151,preds.pt#1151
1BA222,0171,1152,preds.pt#1152
1BA222,0172,1153,preds.pt#1153
1BA222,0173,1154,preds.pt#1154
1BA222,0174,1155,preds.pt#1155
1BA222,0175,1156,preds.pt#1156
1BA222,0176,1157,preds.pt#1157
1BA222,0177,1158,preds.pt#1158
1BA222,0178,1159,preds.pt#1159
1BA222,0179,1160,preds.pt#1160
1BA222,0180,1161,preds.pt#1161
1BA222,0181,1162,preds.pt#1162
1BA222,0182,1163,preds.pt#1163
1BA222,0183,1164,preds.pt#1164
1BA222,0184,1165,preds.pt#1165
1BA222,0185,1166,preds.pt#1166
1BA222,0186,1167,preds.pt#1167
1BA222,0187,1168,preds.pt#1168
1BA222,0188,1169,preds.pt#1169
1BA222,0189,1170,preds.pt#1170
1BA222,0190,1171,preds.pt#1171
1BA222,0191,1172,preds.pt#1172
1BA222,0192,1173,preds.pt#1173
1BA222,0193,1174,preds.pt#1174
1BA222,0194,1175,preds.pt#1175
1BA222,0195,1176,preds.pt#1176
1BA222,0196,1177,preds.pt#1177
1BA222,0197,1178,preds.pt#1178
1BA222,0198,1179,preds.pt#1179
1BA222,0199,1180,preds.pt#1180
1BA222,0200,1181,preds.pt#1181
1BA222,0201,1182,preds.pt#1182
1BA222,0202,1183,preds.pt#1183
1BA222,0203,1184,preds.pt#1184
1BA256,0000,1185,preds.pt#1185
1BA256,0001,1186,preds.pt#1186
1BA256,0002,1187,preds.pt#1187
1BA256,0003,1188,preds.pt#1188
1BA256,0004,1189,preds.pt#1189
1BA256,0005,1190,preds.pt#1190
1BA256,0006,1191,preds.pt#1191
1BA256,0007,1192,preds.pt#1192
1BA256,0008,1193,preds.pt#1193
1BA256,0009,1194,preds.pt#1194
1BA256,0010,1195,preds.pt#1195
1BA256,0011,1196,preds.pt#1196
1BA256,0012,1197,preds.pt#1197
1BA256,0013,1198,preds.pt#1198
1BA256,0014,1199,preds.pt#1199
1BA256,0015,1200,preds.pt#1200
1BA256,0016,1201,preds.pt#1201
1BA256,0017,1202,preds.pt#1202
1BA256,0018,1203,preds.pt#1203
1BA256,0019,1204,preds.pt#1204
1BA256,0020,1205,preds.pt#1205
1BA256,0021,1206,preds.pt#1206
1BA256,0022,1207,preds.pt#1207
1BA256,0023,1208,preds.pt#1208
1BA256,0024,1209,preds.pt#1209
1BA256,0025,1210,preds.pt#1210
1BA256,0026,1211,preds.pt#1211
1BA256,0027,1212,preds.pt#1212
1BA256,0028,1213,preds.pt#1213
1BA256,0029,1214,preds.pt#1214
1BA256,0030,1215,preds.pt#1215
1BA256,0031,1216,preds.pt#1216
1BA256,0032,1217,preds.pt#1217
1BA256,0033,1218,preds.pt#1218
1BA256,0034,1219,preds.pt#1219
1BA256,0035,1220,preds.pt#1220
1BA256,0036,1221,preds.pt#1221
1BA256,0037,1222,preds.pt#1222
1BA256,0038,1223,preds.pt#1223
1BA256,0039,1224,preds.pt#1224
1BA256,0040,1225,preds.pt#1225
1BA256,0041,1226,preds.pt#1226
1BA256,0042,1227,preds.pt#1227
1BA256,0043,1228,preds.pt#1228
1BA256,0044,1229,preds.pt#1229
1BA256,0045,1230,preds.pt#1230
1BA256,0046,1231,preds.pt#1231
1BA256,0047,1232,preds.pt#1232
1BA256,0048,1233,preds.pt#1233
1BA256,0049,1234,preds.pt#1234
1BA256,0050,1235,preds.pt#1235
1BA256,0051,1236,preds.pt#1236
1BA256,0052,1237,preds.pt#1237
1BA256,0053,1238,preds.pt#1238
1BA256,0054,1239,preds.pt#1239
1BA256,0055,1240,preds.pt#1240
1BA256,0056,1241,preds.pt#1241
1BA256,0057,1242,preds.pt#1242
1BA256,0058,1243,preds.pt#1243
1BA256,0059,1244,preds.pt#1244
1BA256,0060,1245,preds.pt#1245
1BA256,0061,1246,preds.pt#1246
1BA256,0062,1247,preds.pt#1247
1BA256,0063,1248,preds.pt#1248
1BA256,0064,1249,preds.pt#1249
1BA256,0065,1250,preds.pt#1250
1BA256,0066,1251,preds.pt#1251
1BA256,0067,1252,preds.pt#1252
1BA256,0068,1253,preds.pt#1253
1BA256,0069,1254,preds.pt#1254
1BA256,0070,1255,preds.pt#1255
1BA256,0071,1256,preds.pt#1256
1BA256,0072,1257,preds.pt#1257
1BA256,0073,1258,preds.pt#1258
1BA256,0074,1259,preds.pt#1259
1BA256,0075,1260,preds.pt#1260
1BA256,0076,1261,preds.pt#1261
1BA256,0077,1262,preds.pt#1262
1BA256,0078,1263,preds.pt#1263
1BA256,0079,1264,preds.pt#1264
1BA256,0080,1265,preds.pt#1265
1BA256,0081,1266,preds.pt#1266
1BA256,0082,1267,preds.pt#1267
1BA256,0083,1268,preds.pt#1268
1BA256,0084,1269,preds.pt#1269
1BA256,0085,1270,preds.pt#1270
1BA256,0086,1271,preds.pt#1271
1BA256,0087,1272,preds.pt#1272
1BA256,0088,1273,preds.pt#1273
1BA256,0089,1274,preds.pt#1274
1BA256,0090,1275,preds.pt#1275
1BA256,0091,1276,preds.pt#1276
1BA256,0092,1277,preds.pt#1277
1BA256,0093,1278,preds.pt#1278
1BA256,0094,1279,preds.pt#1279
1BA256,0095,1280,preds.pt#1280
1BA256,0096,1281,preds.pt#1281
1BA256,0097,1282,preds.pt#1282
1BA256,0098,1283,preds.pt#1283
1BA256,0099,1284,preds.pt#1284
1BA256,0100,1285,preds.pt#1285
1BA256,0101,1286,preds.pt#1286
1BA256,0102,1287,preds.pt#1287
1BA256,0103,1288,preds.pt#1288
1BA256,0104,1289,preds.pt#1289
1BA256,0105,1290,preds.pt#1290
1BA256,0106,1291,preds.pt#1291
1BA256,0107,1292,preds.pt#1292
1BA256,0108,1293,preds.pt#1293
1BA256,0109,1294,preds.pt#1294
1BA256,0110,1295,preds.pt#1295
1BA256,0111,1296,preds.pt#1296
1BA256,0112,1297,preds.pt#1297
1BA256,0113,1298,preds.pt#1298
1BA256,0114,1299,preds.pt#1299
1BA256,0115,1300,preds.pt#1300
1BA256,0116,1301,preds.pt#1301
1BA256,0117,1302,preds.pt#1302
1BA256,0118,1303,preds.pt#1303
1BA256,0119,1304,preds.pt#1304
1BA256,0120,1305,preds.pt#1305
1BA256,0121,1306,preds.pt#1306
1BA256,0122,1307,preds.pt#1307
1BA256,0123,1308,preds.pt#1308
1BA256,0124,1309,preds.pt#1309
1BA256,0125,1310,preds.pt#1310
1BA256,0126,1311,preds.pt#1311
1BA256,0127,1312,preds.pt#1312
1BA256,0128,1313,preds.pt#1313
1BA256,0129,1314,preds.pt#1314
1BA256,0130,1315,preds.pt#1315
1BA256,0131,1316,preds.pt#1316
1BA256,0132,1317,preds.pt#1317
1BA256,0133,1318,preds.pt#1318
1BA256,0134,1319,preds.pt#1319
1BA256,0135,1320,preds.pt#1320
1BA256,0136,1321,preds.pt#1321
1BA256,0137,1322,preds.pt#1322
1BA256,0138,1323,preds.pt#1323
1BA256,0139,1324,preds.pt#1324
1BA256,0140,1325,preds.pt#1325
1BA256,0141,1326,preds.pt#1326
1BA256,0142,1327,preds.pt#1327
1BA256,0143,1328,preds.pt#1328
1BA256,0144,1329,preds.pt#1329
1BA256,0145,1330,preds.pt#1330
1BA256,0146,1331,preds.pt#1331
1BA256,0147,1332,preds.pt#1332
1BA256,0148,1333,preds.pt#1333
1BA256,0149,1334,preds.pt#1334
1BA256,0150,1335,preds.pt#1335
1BA256,0151,1336,preds.pt#1336
1BA256,0152,1337,preds.pt#1337
1BA256,0153,1338,preds.pt#1338
1BA256,0154,1339,preds.pt#1339
1BA256,0155,1340,preds.pt#1340
1BA256,0156,1341,preds.pt#1341
1BA256,0157,1342,preds.pt#1342
1BA256,0158,1343,preds.pt#1343
1BA256,0159,1344,preds.pt#1344
1BA256,0160,1345,preds.pt#1345
1BA256,0161,1346,preds.pt#1346
1BA256,0162,1347,preds.pt#1347
1BA256,0163,1348,preds.pt#1348
1BA256,0164,1349,preds.pt#1349
1BA256,0165,1350,preds.pt#1350
1BA256,0166,1351,preds.pt#1351
1BA256,0167,1352,preds.pt#1352
1BA256,0168,1353,preds.pt#1353
1BA256,0169,1354,preds.pt#1354
1BA256,0170,1355,preds.pt#1355
1BA256,0171,1356,preds.pt#1356
1BA256,0172,1357,preds.pt#1357
1BA256,0173,1358,preds.pt#1358
1BA256,0174,1359,preds.pt#1359
1BA256,0175,1360,preds.pt#1360
1BA256,0176,1361,preds.pt#1361
1BA256,0177,1362,preds.pt#1362
1BA256,0178,1363,preds.pt#1363
1BA256,0179,1364,preds.pt#1364
1BA256,0180,1365,preds.pt#1365
1BA256,0181,1366,preds.pt#1366
1BA256,0182,1367,preds.pt#1367
1BA256,0183,1368,preds.pt#1368
1BA256,0184,1369,preds.pt#1369
1BA256,0185,1370,preds.pt#1370
1BA256,0186,1371,preds.pt#1371
1BA256,0187,1372,preds.pt#1372
1BA256,0188,1373,preds.pt#1373
1BA256,0189,1374,preds.pt#1374
1BA256,0190,1375,preds.pt#1375
1BA256,0191,1376,preds.pt#1376
1BA256,0192,1377,preds.pt#1377
1BA256,0193,1378,preds.pt#1378
1BA256,0194,1379,preds.pt#1379
1BA256,0195,1380,preds.pt#1380
1BA256,0196,1381,preds.pt#1381
1BA256,0197,1382,preds.pt#1382
1BA256,0198,1383,preds.pt#1383
1BA256,0199,1384,preds.pt#1384
1BA256,0200,1385,preds.pt#1385
1BA256,0201,1386,preds.pt#1386
1BA256,0202,1387,preds.pt#1387
1BA256,0203,1388,preds.pt#1388
1BA328,0001,1389,preds.pt#1389
1BA328,0002,1390,preds.pt#1390
1BA328,0003,1391,preds.pt#1391
1BA328,0004,1392,preds.pt#1392
1BA328,0005,1393,preds.pt#1393
1BA328,0006,1394,preds.pt#1394
1BA328,0007,1395,preds.pt#1395
1BA328,0008,1396,preds.pt#1396
1BA328,0009,1397,preds.pt#1397
1BA328,0010,1398,preds.pt#1398
1BA328,0011,1399,preds.pt#1399
1BA328,0012,1400,preds.pt#1400
1BA328,0013,1401,preds.pt#1401
1BA328,0014,1402,preds.pt#1402
1BA328,0015,1403,preds.pt#1403
1BA328,0016,1404,preds.pt#1404
1BA328,0017,1405,preds.pt#1405
1BA328,0018,1406,preds.pt#1406
1BA328,0019,1407,preds.pt#1407
1BA328,0020,1408,preds.pt#1408
1BA328,0021,1409,preds.pt#1409
1BA328,0022,1410,preds.pt#1410
1BA328,0023,1411,preds.pt#1411
1BA328,0024,1412,preds.pt#1412
1BA328,0025,1413,preds.pt#1413
1BA328,0026,1414,preds.pt#1414
1BA328,0027,1415,preds.pt#1415
1BA328,0028,1416,preds.pt#1416
1BA328,0029,1417,preds.pt#1417
1BA328,0030,1418,preds.pt#1418
1BA328,0031,1419,preds.pt#1419
1BA328,0032,1420,preds.pt#1420
1BA328,0033,1421,preds.pt#1421
1BA328,0034,1422,preds.pt#1422
1BA328,0035,1423,preds.pt#1423
1BA328,0036,1424,preds.pt#1424
1BA328,0037,1425,preds.pt#1425
1BA328,0038,1426,preds.pt#1426
1BA328,0039,1427,preds.pt#1427
1BA328,0040,1428,preds.pt#1428
1BA328,0041,1429,preds.pt#1429
1BA328,0042,1430,preds.pt#1430
1BA328,0043,1431,preds.pt#1431
1BA328,0044,1432,preds.pt#1432
1BA328,0045,1433,preds.pt#1433
1BA328,0046,1434,preds.pt#1434
1BA328,0047,1435,preds.pt#1435
1BA328,0048,1436,preds.pt#1436
1BA328,0049,1437,preds.pt#1437
1BA328,0050,1438,preds.pt#1438
1BA328,0051,1439,preds.pt#1439
1BA328,0052,1440,preds.pt#1440
1BA328,0053,1441,preds.pt#1441
1BA328,0054,1442,preds.pt#1442
1BA328,0055,1443,preds.pt#1443
1BA328,0056,1444,preds.pt#1444
1BA328,0057,1445,preds.pt#1445
1BA328,0058,1446,preds.pt#1446
1BA328,0059,1447,preds.pt#1447
1BA328,0060,1448,preds.pt#1448
1BA328,0061,1449,preds.pt#1449
1BA328,0062,1450,preds.pt#1450
1BA328,0063,1451,preds.pt#1451
1BA328,0064,1452,preds.pt#1452
1BA328,0065,1453,preds.pt#1453
1BA328,0066,1454,preds.pt#1454
1BA328,0067,1455,preds.pt#1455
1BA328,0068,1456,preds.pt#1456
1BA328,0069,1457,preds.pt#1457
1BA328,0070,1458,preds.pt#1458
1BA328,0071,1459,preds.pt#1459
1BA328,0072,1460,preds.pt#1460
1BA328,0073,1461,preds.pt#1461
1BA328,0074,1462,preds.pt#1462
1BA328,0075,1463,preds.pt#1463
1BA328,0076,1464,preds.pt#1464
1BA328,0077,1465,preds.pt#1465
1BA328,0078,1466,preds.pt#1466
1BA328,0079,1467,preds.pt#1467
1BA328,0080,1468,preds.pt#1468
1BA328,0081,1469,preds.pt#1469
1BA328,0082,1470,preds.pt#1470
1BA328,0083,1471,preds.pt#1471
1BA328,0084,1472,preds.pt#1472
1BA328,0085,1473,preds.pt#1473
1BA328,0086,1474,preds.pt#1474
1BA328,0087,1475,preds.pt#1475
1BA328,0088,1476,preds.pt#1476
1BA328,0089,1477,preds.pt#1477
1BA328,0090,1478,preds.pt#1478
1BA328,0091,1479,preds.pt#1479
1BA328,0092,1480,preds.pt#1480
1BA328,0093,1481,preds.pt#1481
1BA328,0094,1482,preds.pt#1482
1BA328,0095,1483,preds.pt#1483
1BA328,0096,1484,preds.pt#1484
1BA328,0097,1485,preds.pt#1485
1BA328,0098,1486,preds.pt#1486
1BA328,0099,1487,preds.pt#1487
1BA328,0100,1488,preds.pt#1488
1BA328,0101,1489,preds.pt#1489
1BA328,0102,1490,preds.pt#1490
1BA328,0103,1491,preds.pt#1491
1BA328,0104,1492,preds.pt#1492
1BA328,0105,1493,preds.pt#1493
1BA328,0106,1494,preds.pt#1494
1BA328,0107,1495,preds.pt#1495
1BA328,0108,1496,preds.pt#1496
1BA328,0109,1497,preds.pt#1497
1BA328,0110,1498,preds.pt#1498
1BA328,0111,1499,preds.pt#1499
1BA328,0112,1500,preds.pt#1500
1BA328,0113,1501,preds.pt#1501
1BA328,0114,1502,preds.pt#1502
1BA328,0115,1503,preds.pt#1503
1BA328,0116,1504,preds.pt#1504
1BA328,0117,1505,preds.pt#1505
1BA328,0118,1506,preds.pt#1506
1BA328,0119,1507,preds.pt#1507
1BA328,0120,1508,preds.pt#1508
1BA328,0121,1509,preds.pt#1509
1BA328,0122,1510,preds.pt#1510
1BA328,0123,1511,preds.pt#1511
1BA328,0124,1512,preds.pt#1512
1BA328,0125,1513,preds.pt#1513
1BA328,0126,1514,preds.pt#1514
1BA328,0127,1515,preds.pt#1515
1BA328,0128,1516,preds.pt#1516
1BA328,0129,1517,preds.pt#1517
1BA328,0130,1518,preds.pt#1518
1BA328,0131,1519,preds.pt#1519
1BA328,0132,1520,preds.pt#1520
1BA328,0133,1521,preds.pt#1521
1BA328,0134,1522,preds.pt#1522
1BA328,0135,1523,preds.pt#1523
1BA328,0136,1524,preds.pt#1524
1BA328,0137,1525,preds.pt#1525
1BA328,0138,1526,preds.pt#1526
1BA328,0139,1527,preds.pt#1527
1BA328,0140,1528,preds.pt#1528
1BA328,0141,1529,preds.pt#1529
1BA328,0142,1530,preds.pt#1530
1BA328,0143,1531,preds.pt#1531
1BA328,0144,1532,preds.pt#1532
1BA328,0145,1533,preds.pt#1533
1BA328,0146,1534,preds.pt#1534
1BA328,0147,1535,preds.pt#1535
1BA328,0148,1536,preds.pt#1536
1BA328,0149,1537,preds.pt#1537
1BA328,0150,1538,preds.pt#1538
1BA328,0151,1539,preds.pt#1539
1BA328,0152,1540,preds.pt#1540
1BA328,0153,1541,preds.pt#1541
1BA328,0154,1542,preds.pt#1542
1BA328,0155,1543,preds.pt#1543
1BA328,0156,1544,preds.pt#1544
1BA328,0157,1545,preds.pt#1545
1BA328,0158,1546,preds.pt#1546
1BA328,0159,1547,preds.pt#1547
1BA328,0160,1548,preds.pt#1548
1BA328,0161,1549,preds.pt#1549
1BA328,0162,1550,preds.pt#1550
1BA328,0163,1551,preds.pt#1551
1BA328,0164,1552,preds.pt#1552
1BA328,0165,1553,preds.pt#1553
1BA328,0166,1554,preds.pt#1554
1BA328,0167,1555,preds.pt#1555
1BA328,0168,1556,preds.pt#1556
1BA328,0169,1557,preds.pt#1557
1BA328,0170,1558,preds.pt#1558
1BA328,0171,1559,preds.pt#1559
1BA328,0172,1560,preds.pt#1560
1BA328,0173,1561,preds.pt#1561
1BA328,0174,1562,preds.pt#1562
1BA328,0175,1563,preds.pt#1563
1BA328,0176,1564,preds.pt#1564
1BA328,0177,1565,preds.pt#1565
1BA328,0178,1566,preds.pt#1566
1BA328,0179,1567,preds.pt#1567
1BA328,0180,1568,preds.pt#1568
1BA328,0181,1569,preds.pt#1569
1BA328,0182,1570,preds.pt#1570
1BA328,0183,1571,preds.pt#1571
1BA328,0184,1572,preds.pt#1572
1BA328,0185,1573,preds.pt#1573
1BA328,0186,1574,preds.pt#1574
1BA328,0187,1575,preds.pt#1575
1BA328,0188,1576,preds.pt#1576
1BA328,0189,1577,preds.pt#1577
1BA328,0190,1578,preds.pt#1578
1BA328,0191,1579,preds.pt#1579
1BA328,0192,1580,preds.pt#1580
1BA328,0193,1581,preds.pt#1581
1BA328,0194,1582,preds.pt#1582
1BA328,0195,1583,preds.pt#1583
1BA328,0196,1584,preds.pt#1584
1BA328,0197,1585,preds.pt#1585
1BA328,0198,1586,preds.pt#1586
1BB002,0000,1587,preds.pt#1587
1BB002,0001,1588,preds.pt#1588
1BB002,0002,1589,preds.pt#1589
1BB002,0003,1590,preds.pt#1590
1BB002,0004,1591,preds.pt#1591
1BB002,0005,1592,preds.pt#1592
1BB002,0006,1593,preds.pt#1593
1BB002,0007,1594,preds.pt#1594
1BB002,0008,1595,preds.pt#1595
1BB002,0009,1596,preds.pt#1596
1BB002,0010,1597,preds.pt#1597
1BB002,0011,1598,preds.pt#1598
1BB002,0012,1599,preds.pt#1599
1BB002,0013,1600,preds.pt#1600
1BB002,0014,1601,preds.pt#1601
1BB002,0015,1602,preds.pt#1602
1BB002,0016,1603,preds.pt#1603
1BB002,0017,1604,preds.pt#1604
1BB002,0018,1605,preds.pt#1605
1BB002,0019,1606,preds.pt#1606
1BB002,0020,1607,preds.pt#1607
1BB002,0021,1608,preds.pt#1608
1BB002,0022,1609,preds.pt#1609
1BB002,0023,1610,preds.pt#1610
1BB002,0024,1611,preds.pt#1611
1BB002,0025,1612,preds.pt#1612
1BB002,0026,1613,preds.pt#1613
1BB002,0027,1614,preds.pt#1614
1BB002,0028,1615,preds.pt#1615
1BB002,0029,1616,preds.pt#1616
1BB002,0030,1617,preds.pt#1617
1BB002,0031,1618,preds.pt#1618
1BB002,0032,1619,preds.pt#1619
1BB002,0033,1620,preds.pt#1620
1BB002,0034,1621,preds.pt#1621
1BB002,0035,1622,preds.pt#1622
1BB002,0036,1623,preds.pt#1623
1BB002,0037,1624,preds.pt#1624
1BB002,0038,1625,preds.pt#1625
1BB002,0039,1626,preds.pt#1626
1BB002,0040,1627,preds.pt#1627
1BB002,0041,1628,preds.pt#1628
1BB002,0042,1629,preds.pt#1629
1BB002,0043,1630,preds.pt#1630
1BB002,0044,1631,preds.pt#1631
1BB002,0045,1632,preds.pt#1632
1BB002,0046,1633,preds.pt#1633
1BB002,0047,1634,preds.pt#1634
1BB002,0048,1635,preds.pt#1635
1BB002,0049,1636,preds.pt#1636
1BB002,0050,1637,preds.pt#1637
1BB002,0051,1638,preds.pt#1638
1BB002,0052,1639,preds.pt#1639
1BB002,0053,1640,preds.pt#1640
1BB002,0054,1641,preds.pt#1641
1BB002,0055,1642,preds.pt#1642
1BB002,0056,1643,preds.pt#1643
1BB002,0057,1644,preds.pt#1644
1BB002,0058,1645,preds.pt#1645
1BB002,0059,1646,preds.pt#1646
1BB002,0060,1647,preds.pt#1647
1BB002,0061,1648,preds.pt#1648
1BB002,0062,1649,preds.pt#1649
1BB002,0063,1650,preds.pt#1650
1BB002,0064,1651,preds.pt#1651
1BB002,0065,1652,preds.pt#1652
1BB002,0066,1653,preds.pt#1653
1BB002,0067,1654,preds.pt#1654
1BB002,0068,1655,preds.pt#1655
1BB002,0069,1656,preds.pt#1656
1BB002,0070,1657,preds.pt#1657
1BB002,0071,1658,preds.pt#1658
1BB002,0072,1659,preds.pt#1659
1BB002,0073,1660,preds.pt#1660
1BB002,0074,1661,preds.pt#1661
1BB002,0075,1662,preds.pt#1662
1BB002,0076,1663,preds.pt#1663
1BB002,0077,1664,preds.pt#1664
1BB002,0078,1665,preds.pt#1665
1BB002,0079,1666,preds.pt#1666
1BB002,0080,1667,preds.pt#1667
1BB002,0081,1668,preds.pt#1668
1BB002,0082,1669,preds.pt#1669
1BB002,0083,1670,preds.pt#1670
1BB002,0084,1671,preds.pt#1671
1BB002,0085,1672,preds.pt#1672
1BB002,0086,1673,preds.pt#1673
1BB002,0087,1674,preds.pt#1674
1BB002,0088,1675,preds.pt#1675
1BB002,0089,1676,preds.pt#1676
1BB002,0090,1677,preds.pt#1677
1BB002,0091,1678,preds.pt#1678
1BB002,0092,1679,preds.pt#1679
1BB002,0093,1680,preds.pt#1680
1BB002,0094,1681,preds.pt#1681
1BB002,0095,1682,preds.pt#1682
1BB002,0096,1683,preds.pt#1683
1BB002,0097,1684,preds.pt#1684
1BB002,0098,1685,preds.pt#1685
1BB002,0099,1686,preds.pt#1686
1BB002,0100,1687,preds.pt#1687
1BB002,0101,1688,preds.pt#1688
1BB002,0102,1689,preds.pt#1689
1BB002,0103,1690,preds.pt#1690
1BB002,0104,1691,preds.pt#1691
1BB002,0105,1692,preds.pt#1692
1BB002,0106,1693,preds.pt#1693
1BB002,0107,1694,preds.pt#1694
1BB002,0108,1695,preds.pt#1695
1BB002,0109,1696,preds.pt#1696
1BB002,0110,1697,preds.pt#1697
1BB002,0111,1698,preds.pt#1698
1BB002,0112,1699,preds.pt#1699
1BB002,0113,1700,preds.pt#1700
1BB002,0114,1701,preds.pt#1701
1BB002,0115,1702,preds.pt#1702
1BB002,0116,1703,preds.pt#1703
1BB002,0117,1704,preds.pt#1704
1BB002,0118,1705,preds.pt#1705
1BB002,0119,1706,preds.pt#1706
1BB002,0120,1707,preds.pt#1707
1BB002,0121,1708,preds.pt#1708
1BB002,0122,1709,preds.pt#1709
1BB002,0123,1710,preds.pt#1710
1BB002,0124,1711,preds.pt#1711
1BB002,0125,1712,preds.pt#1712
1BB002,0126,1713,preds.pt#1713
1BB002,0127,1714,preds.pt#1714
1BB002,0128,1715,preds.pt#1715
1BB002,0129,1716,preds.pt#1716
1BB002,0130,1717,preds.pt#1717
1BB002,0131,1718,preds.pt#1718
1BB002,0132,1719,preds.pt#1719
1BB002,0133,1720,preds.pt#1720
1BB002,0134,1721,preds.pt#1721
1BB002,0135,1722,preds.pt#1722
1BB002,0136,1723,preds.pt#1723
1BB002,0137,1724,preds.pt#1724
1BB002,0138,1725,preds.pt#1725
1BB002,0139,1726,preds.pt#1726
1BB002,0140,1727,preds.pt#1727
1BB002,0141,1728,preds.pt#1728
1BB002,0142,1729,preds.pt#1729
1BB002,0143,1730,preds.pt#1730
1BB002,0144,1731,preds.pt#1731
1BB002,0145,1732,preds.pt#1732
1BB002,0146,1733,preds.pt#1733
1BB002,0147,1734,preds.pt#1734
1BB002,0148,1735,preds.pt#1735
1BB002,0149,1736,preds.pt#1736
1BB002,0150,1737,preds.pt#1737
1BB002,0151,1738,preds.pt#1738
1BB002,0152,1739,preds.pt#1739
1BB002,0153,1740,preds.pt#1740
1BB002,0154,1741,preds.pt#1741
1BB002,0155,1742,preds.pt#1742
1BB002,0156,1743,preds.pt#1743
1BB002,0157,1744,preds.pt#1744
1BB002,0158,1745,preds.pt#1745
1BB002,0159,1746,preds.pt#1746
1BB002,0160,1747,preds.pt#1747
1BB002,0161,1748,preds.pt#1748
1BB002,0162,1749,preds.pt#1749
1BB002,0163,1750,preds.pt#1750
1BB002,0164,1751,preds.pt#1751
1BB002,0165,1752,preds.pt#1752
1BB002,0166,1753,preds.pt#1753
1BB002,0167,1754,preds.pt#1754
1BB002,0168,1755,preds.pt#1755
1BB002,0169,1756,preds.pt#1756
1BB003,0000,1757,preds.pt#1757
1BB003,0001,1758,preds.pt#1758
1BB003,0002,1759,preds.pt#1759
1BB003,0003,1760,preds.pt#1760
1BB003,0004,1761,preds.pt#1761
1BB003,0005,1762,preds.pt#1762
1BB003,0006,1763,preds.pt#1763
1BB003,0007,1764,preds.pt#1764
1BB003,0008,1765,preds.pt#1765
1BB003,0009,1766,preds.pt#1766
1BB003,0010,1767,preds.pt#1767
1BB003,0011,1768,preds.pt#1768
1BB003,0012,1769,preds.pt#1769
1BB003,0013,1770,preds.pt#1770
1BB003,0014,1771,preds.pt#1771
1BB003,0015,1772,preds.pt#1772
1BB003,0016,1773,preds.pt#1773
1BB003,0017,1774,preds.pt#1774
1BB003,0018,1775,preds.pt#1775
1BB003,0019,1776,preds.pt#1776
1BB003,0020,1777,preds.pt#1777
1BB003,0021,1778,preds.pt#1778
1BB003,0022,1779,preds.pt#1779
1BB003,0023,1780,preds.pt#1780
1BB003,0024,1781,preds.pt#1781
1BB003,0025,1782,preds.pt#1782
1BB003,0026,1783,preds.pt#1783
1BB003,0027,1784,preds.pt#1784
1BB003,0028,1785,preds.pt#1785
1BB003,0029,1786,preds.pt#1786
1BB003,0030,1787,preds.pt#1787
1BB003,0031,1788,preds.pt#1788
1BB003,0032,1789,preds.pt#1789
1BB003,0033,1790,preds.pt#1790
1BB003,0034,1791,preds.pt#1791
1BB003,0035,1792,preds.pt#1792
1BB003,0036,1793,preds.pt#1793
1BB003,0037,1794,preds.pt#1794
1BB003,0038,1795,preds.pt#1795
1BB003,0039,1796,preds.pt#1796
1BB003,0040,1797,preds.pt#1797
1BB003,0041,1798,preds.pt#1798
1BB003,0042,1799,preds.pt#1799
1BB003,0043,1800,preds.pt#1800
1BB003,0044,1801,preds.pt#1801
1BB003,0045,1802,preds.pt#1802
1BB003,0046,1803,preds.pt#1803
1BB003,0047,1804,preds.pt#1804
1BB003,0048,1805,preds.pt#1805
1BB003,0049,1806,preds.pt#1806
1BB003,0050,1807,preds.pt#1807
1BB003,0051,1808,preds.pt#1808
1BB003,0052,1809,preds.pt#1809
1BB003,0053,1810,preds.pt#1810
1BB003,0054,1811,preds.pt#1811
1BB003,0055,1812,preds.pt#1812
1BB003,0056,1813,preds.pt#1813
1BB003,0057,1814,preds.pt#1814
1BB003,0058,1815,preds.pt#1815
1BB003,0059,1816,preds.pt#1816
1BB003,0060,1817,preds.pt#1817
1BB003,0061,1818,preds.pt#1818
1BB003,0062,1819,preds.pt#1819
1BB003,0063,1820,preds.pt#1820
1BB003,0064,1821,preds.pt#1821
1BB003,0065,1822,preds.pt#1822
1BB003,0066,1823,preds.pt#1823
1BB003,0067,1824,preds.pt#1824
1BB003,0068,1825,preds.pt#1825
1BB003,0069,1826,preds.pt#1826
1BB003,0070,1827,preds.pt#1827
1BB003,0071,1828,preds.pt#1828
1BB003,0072,1829,preds.pt#1829
1BB003,0073,1830,preds.pt#1830
1BB003,0074,1831,preds.pt#1831
1BB003,0075,1832,preds.pt#1832
1BB003,0076,1833,preds.pt#1833
1BB003,0077,1834,preds.pt#1834
1BB003,0078,1835,preds.pt#1835
1BB003,0079,1836,preds.pt#1836
1BB003,0080,1837,preds.pt#1837
1BB003,0081,1838,preds.pt#1838
1BB003,0082,1839,preds.pt#1839
1BB003,0083,1840,preds.pt#1840
1BB003,0084,1841,preds.pt#1841
1BB003,0085,1842,preds.pt#1842
1BB003,0086,1843,preds.pt#1843
1BB003,0087,1844,preds.pt#1844
1BB003,0088,1845,preds.pt#1845
1BB003,0089,1846,preds.pt#1846
1BB003,0090,1847,preds.pt#1847
1BB003,0091,1848,preds.pt#1848
1BB003,0092,1849,preds.pt#1849
1BB003,0093,1850,preds.pt#1850
1BB003,0094,1851,preds.pt#1851
1BB003,0095,1852,preds.pt#1852
1BB003,0096,1853,preds.pt#1853
1BB003,0097,1854,preds.pt#1854
1BB003,0098,1855,preds.pt#1855
1BB003,0099,1856,preds.pt#1856
1BB003,0100,1857,preds.pt#1857
1BB003,0101,1858,preds.pt#1858
1BB003,0102,1859,preds.pt#1859
1BB003,0103,1860,preds.pt#1860
1BB003,0104,1861,preds.pt#1861
1BB003,0105,1862,preds.pt#1862
1BB003,0106,1863,preds.pt#1863
1BB003,0107,1864,preds.pt#1864
1BB003,0108,1865,preds.pt#1865
1BB003,0109,1866,preds.pt#1866
1BB003,0110,1867,preds.pt#1867
1BB003,0111,1868,preds.pt#1868
1BB003,0112,1869,preds.pt#1869
1BB003,0113,1870,preds.pt#1870
1BB003,0114,1871,preds.pt#1871
1BB003,0115,1872,preds.pt#1872
1BB003,0116,1873,preds.pt#1873
1BB003,0117,1874,preds.pt#1874
1BB003,0118,1875,preds.pt#1875
1BB003,0119,1876,preds.pt#1876
1BB003,0120,1877,preds.pt#1877
1BB003,0121,1878,preds.pt#1878
1BB003,0122,1879,preds.pt#1879
1BB003,0123,1880,preds.pt#1880
1BB003,0124,1881,preds.pt#1881
1BB003,0125,1882,preds.pt#1882
1BB003,0126,1883,preds.pt#1883
1BB003,0127,1884,preds.pt#1884
1BB003,0128,1885,preds.pt#1885
1BB003,0129,1886,preds.pt#1886
1BB003,0130,1887,preds.pt#1887
1BB003,0131,1888,preds.pt#1888
1BB003,0132,1889,preds.pt#1889
1BB003,0133,1890,preds.pt#1890
1BB003,0134,1891,preds.pt#1891
1BB003,0135,1892,preds.pt#1892
1BB003,0136,1893,preds.pt#1893
1BB003,0137,1894,preds.pt#1894
1BB003,0138,1895,preds.pt#1895
1BB003,0139,1896,preds.pt#1896
1BB003,0140,1897,preds.pt#1897
1BB003,0141,1898,preds.pt#1898
1BB003,0142,1899,preds.pt#1899
1BB003,0143,1900,preds.pt#1900
1BB003,0144,1901,preds.pt#1901
1BB003,0145,1902,preds.pt#1902
1BB003,0146,1903,preds.pt#1903
1BB003,0147,1904,preds.pt#1904
1BB003,0148,1905,preds.pt#1905
1BB003,0149,1906,preds.pt#1906
1BB003,0150,1907,preds.pt#1907
1BB003,0151,1908,preds.pt#1908
1BB003,0152,1909,preds.pt#1909
1BB003,0153,1910,preds.pt#1910
1BB003,0154,1911,preds.pt#1911
1BB003,0155,1912,preds.pt#1912
1BB003,0156,1913,preds.pt#1913
1BB003,0157,1914,preds.pt#1914
1BB003,0158,1915,preds.pt#1915
1BB003,0159,1916,preds.pt#1916
1BB003,0160,1917,preds.pt#1917
1BB003,0161,1918,preds.pt#1918
1BB003,0162,1919,preds.pt#1919
1BB003,0163,1920,preds.pt#1920
1BB003,0164,1921,preds.pt#1921
1BB003,0165,1922,preds.pt#1922
1BB003,0166,1923,preds.pt#1923
1BB003,0167,1924,preds.pt#1924
1BB003,0168,1925,preds.pt#1925
1BB003,0169,1926,preds.pt#1926
1BB003,0170,1927,preds.pt#1927
1BB003,0171,1928,preds.pt#1928
1BB003,0172,1929,preds.pt#1929
1BB003,0173,1930,preds.pt#1930
1BB003,0174,1931,preds.pt#1931
1BB003,0175,1932,preds.pt#1932
1BB003,0176,1933,preds.pt#1933
1BB003,0177,1934,preds.pt#1934
1BB003,0178,1935,preds.pt#1935
1BB003,0179,1936,preds.pt#1936
1BB003,0180,1937,preds.pt#1937
1BB003,0181,1938,preds.pt#1938
1BB003,0182,1939,preds.pt#1939
1BB003,0183,1940,preds.pt#1940
1BB003,0184,1941,preds.pt#1941
1BB003,0185,1942,preds.pt#1942
1BB003,0186,1943,preds.pt#1943
1BB003,0187,1944,preds.pt#1944
1BB003,0188,1945,preds.pt#1945
1BB003,0189,1946,preds.pt#1946
1BB003,0190,1947,preds.pt#1947
1BB003,0191,1948,preds.pt#1948
1BB003,0192,1949,preds.pt#1949
1BB003,0193,1950,preds.pt#1950
1BB008,0000,1951,preds.pt#1951
1BB008,0001,1952,preds.pt#1952
1BB008,0002,1953,preds.pt#1953
1BB008,0003,1954,preds.pt#1954
1BB008,0004,1955,preds.pt#1955
1BB008,0005,1956,preds.pt#1956
1BB008,0006,1957,preds.pt#1957
1BB008,0007,1958,preds.pt#1958
1BB008,0008,1959,preds.pt#1959
1BB008,0009,1960,preds.pt#1960
1BB008,0010,1961,preds.pt#1961
1BB008,0011,1962,preds.pt#1962
1BB008,0012,1963,preds.pt#1963
1BB008,0013,1964,preds.pt#1964
1BB008,0014,1965,preds.pt#1965
1BB008,0015,1966,preds.pt#1966
1BB008,0016,1967,preds.pt#1967
1BB008,0017,1968,preds.pt#1968
1BB008,0018,1969,preds.pt#1969
1BB008,0019,1970,preds.pt#1970
1BB008,0020,1971,preds.pt#1971
1BB008,0021,1972,preds.pt#1972
1BB008,0022,1973,preds.pt#1973
1BB008,0023,1974,preds.pt#1974
1BB008,0024,1975,preds.pt#1975
1BB008,0025,1976,preds.pt#1976
1BB008,0026,1977,preds.pt#1977
1BB008,0027,1978,preds.pt#1978
1BB008,0028,1979,preds.pt#1979
1BB008,0029,1980,preds.pt#1980
1BB008,0030,1981,preds.pt#1981
1BB008,0031,1982,preds.pt#1982
1BB008,0032,1983,preds.pt#1983
1BB008,0033,1984,preds.pt#1984
1BB008,0034,1985,preds.pt#1985
1BB008,0035,1986,preds.pt#1986
1BB008,0036,1987,preds.pt#1987
1BB008,0037,1988,preds.pt#1988
1BB008,0038,1989,preds.pt#1989
1BB008,0039,1990,preds.pt#1990
1BB008,0040,1991,preds.pt#1991
1BB008,0041,1992,preds.pt#1992
1BB008,0042,1993,preds.pt#1993
1BB008,0043,1994,preds.pt#1994
1BB008,0044,1995,preds.pt#1995
1BB008,0045,1996,preds.pt#1996
1BB008,0046,1997,preds.pt#1997
1BB008,0047,1998,preds.pt#1998
1BB008,0048,1999,preds.pt#1999
1BB008,0049,2000,preds.pt#2000
1BB008,0050,2001,preds.pt#2001
1BB008,0051,2002,preds.pt#2002
1BB008,0052,2003,preds.pt#2003
1BB008,0053,2004,preds.pt#2004
1BB008,0054,2005,preds.pt#2005
1BB008,0055,2006,preds.pt#2006
1BB008,0056,2007,preds.pt#2007
1BB008,0057,2008,preds.pt#2008
1BB008,0058,2009,preds.pt#2009
1BB008,0059,2010,preds.pt#2010
1BB008,0060,2011,preds.pt#2011
1BB008,0061,2012,preds.pt#2012
1BB008,0062,2013,preds.pt#2013
1BB008,0063,2014,preds.pt#2014
1BB008,0064,2015,preds.pt#2015
1BB008,0065,2016,preds.pt#2016
1BB008,0066,2017,preds.pt#2017
1BB008,0067,2018,preds.pt#2018
1BB008,0068,2019,preds.pt#2019
1BB008,0069,2020,preds.pt#2020
1BB008,0070,2021,preds.pt#2021
1BB008,0071,2022,preds.pt#2022
1BB008,0072,2023,preds.pt#2023
1BB008,0073,2024,preds.pt#2024
1BB008,0074,2025,preds.pt#2025
1BB008,0075,2026,preds.pt#2026
1BB008,0076,2027,preds.pt#2027
1BB008,0077,2028,preds.pt#2028
1BB008,0078,2029,preds.pt#2029
1BB008,0079,2030,preds.pt#2030
1BB008,0080,2031,preds.pt#2031
1BB008,0081,2032,preds.pt#2032
1BB008,0082,2033,preds.pt#2033
1BB008,0083,2034,preds.pt#2034
1BB008,0084,2035,preds.pt#2035
1BB008,0085,2036,preds.pt#2036
1BB008,0086,2037,preds.pt#2037
1BB008,0087,2038,preds.pt#2038
1BB008,0088,2039,preds.pt#2039
1BB008,0089,2040,preds.pt#2040
1BB008,0090,2041,preds.pt#2041
1BB008,0091,2042,preds.pt#2042
1BB008,0092,2043,preds.pt#2043
1BB008,0093,2044,preds.pt#2044
1BB008,0094,2045,preds.pt#2045
1BB008,0095,2046,preds.pt#2046
1BB008,0096,2047,preds.pt#2047
1BB008,0097,2048,preds.pt#2048
1BB008,0098,2049,preds.pt#2049
1BB008,0099,2050,preds.pt#2050
1BB008,0100,2051,preds.pt#2051
1BB008,0101,2052,preds.pt#2052
1BB008,0102,2053,preds.pt#2053
1BB008,0103,2054,preds.pt#2054
1BB008,0104,2055,preds.pt#2055
1BB008,0105,2056,preds.pt#2056
1BB008,0106,2057,preds.pt#2057
1BB008,0107,2058,preds.pt#2058
1BB008,0108,2059,preds.pt#2059
1BB008,0109,2060,preds.pt#2060
1BB008,0110,2061,preds.pt#2061
1BB008,0111,2062,preds.pt#2062
1BB008,0112,2063,preds.pt#2063
1BB008,0113,2064,preds.pt#2064
1BB008,0114,2065,preds.pt#2065
1BB008,0115,2066,preds.pt#2066
1BB008,0116,2067,preds.pt#2067
1BB008,0117,2068,preds.pt#2068
1BB008,0118,2069,preds.pt#2069
1BB008,0119,2070,preds.pt#2070
1BB008,0120,2071,preds.pt#2071
1BB008,0121,2072,preds.pt#2072
1BB008,0122,2073,preds.pt#2073
1BB008,0123,2074,preds.pt#2074
1BB008,0124,2075,preds.pt#2075
1BB008,0125,2076,preds.pt#2076
1BB008,0126,2077,preds.pt#2077
1BB008,0127,2078,preds.pt#2078
1BB008,0128,2079,preds.pt#2079
1BB008,0129,2080,preds.pt#2080
1BB008,0130,2081,preds.pt#2081
1BB008,0131,2082,preds.pt#2082
1BB008,0132,2083,preds.pt#2083
1BB008,0133,2084,preds.pt#2084
1BB008,0134,2085,preds.pt#2085
1BB008,0135,2086,preds.pt#2086
1BB008,0136,2087,preds.pt#2087
1BB008,0137,2088,preds.pt#2088
1BB008,0138,2089,preds.pt#2089
1BB008,0139,2090,preds.pt#2090
1BB008,0140,2091,preds.pt#2091
1BB008,0141,2092,preds.pt#2092
1BB008,0142,2093,preds.pt#2093
1BB008,0143,2094,preds.pt#2094
1BB008,0144,2095,preds.pt#2095
1BB008,0145,2096,preds.pt#2096
1BB008,0146,2097,preds.pt#2097
1BB008,0147,2098,preds.pt#2098
1BB008,0148,2099,preds.pt#2099
1BB008,0149,2100,preds.pt#2100
1BB008,0150,2101,preds.pt#2101
1BB008,0151,2102,preds.pt#2102
1BB008,0152,2103,preds.pt#2103
1BB008,0153,2104,preds.pt#2104
1BB008,0154,2105,preds.pt#2105
1BB008,0155,2106,preds.pt#2106
1BB008,0156,2107,preds.pt#2107
1BB008,0157,2108,preds.pt#2108
1BB008,0158,2109,preds.pt#2109
1BB008,0159,2110,preds.pt#2110
1BB008,0160,2111,preds.pt#2111
1BB008,0161,2112,preds.pt#2112
1BB008,0162,2113,preds.pt#2113
1BB008,0163,2114,preds.pt#2114
1BB008,0164,2115,preds.pt#2115
1BB008,0165,2116,preds.pt#2116
1BB008,0166,2117,preds.pt#2117
1BB008,0167,2118,preds.pt#2118
1BB008,0168,2119,preds.pt#2119
1BB008,0169,2120,preds.pt#2120
1BB008,0170,2121,preds.pt#2121
1BB008,0171,2122,preds.pt#2122
1BB008,0172,2123,preds.pt#2123
1BB008,0173,2124,preds.pt#2124
1BB008,0174,2125,preds.pt#2125
1BB008,0175,2126,preds.pt#2126
1BB008,0176,2127,preds.pt#2127
1BB008,0177,2128,preds.pt#2128
1BB200,0000,2129,preds.pt#2129
1BB200,0001,2130,preds.pt#2130
1BB200,0002,2131,preds.pt#2131
1BB200,0003,2132,preds.pt#2132
1BB200,0004,2133,preds.pt#2133
1BB200,0005,2134,preds.pt#2134
1BB200,0006,2135,preds.pt#2135
1BB200,0007,2136,preds.pt#2136
1BB200,0008,2137,preds.pt#2137
1BB200,0009,2138,preds.pt#2138
1BB200,0010,2139,preds.pt#2139
1BB200,0011,2140,preds.pt#2140
1BB200,0012,2141,preds.pt#2141
1BB200,0013,2142,preds.pt#2142
1BB200,0014,2143,preds.pt#2143
1BB200,0015,2144,preds.pt#2144
1BB200,0016,2145,preds.pt#2145
1BB200,0017,2146,preds.pt#2146
1BB200,0018,2147,preds.pt#2147
1BB200,0019,2148,preds.pt#2148
1BB200,0020,2149,preds.pt#2149
1BB200,0021,2150,preds.pt#2150
1BB200,0022,2151,preds.pt#2151
1BB200,0023,2152,preds.pt#2152
1BB200,0024,2153,preds.pt#2153
1BB200,0025,2154,preds.pt#2154
1BB200,0026,2155,preds.pt#2155
1BB200,0027,2156,preds.pt#2156
1BB200,0028,2157,preds.pt#2157
1BB200,0029,2158,preds.pt#2158
1BB200,0030,2159,preds.pt#2159
1BB200,0031,2160,preds.pt#2160
1BB200,0032,2161,preds.pt#2161
1BB200,0033,2162,preds.pt#2162
1BB200,0034,2163,preds.pt#2163
1BB200,0035,2164,preds.pt#2164
1BB200,0036,2165,preds.pt#2165
1BB200,0037,2166,preds.pt#2166
1BB200,0038,2167,preds.pt#2167
1BB200,0039,2168,preds.pt#2168
1BB200,0040,2169,preds.pt#2169
1BB200,0041,2170,preds.pt#2170
1BB200,0042,2171,preds.pt#2171
1BB200,0043,2172,preds.pt#2172
1BB200,0044,2173,preds.pt#2173
1BB200,0045,2174,preds.pt#2174
1BB200,0046,2175,preds.pt#2175
1BB200,0047,2176,preds.pt#2176
1BB200,0048,2177,preds.pt#2177
1BB200,0049,2178,preds.pt#2178
1BB200,0050,2179,preds.pt#2179
1BB200,0051,2180,preds.pt#2180
1BB200,0052,2181,preds.pt#2181
1BB200,0053,2182,preds.pt#2182
1BB200,0054,2183,preds.pt#2183
1BB200,0055,2184,preds.pt#2184
1BB200,0056,2185,preds.pt#2185
1BB200,0057,2186,preds.pt#2186
1BB200,0058,2187,preds.pt#2187
1BB200,0059,2188,preds.pt#2188
1BB200,0060,2189,preds.pt#2189
1BB200,0061,2190,preds.pt#2190
1BB200,0062,2191,preds.pt#2191
1BB200,0063,2192,preds.pt#2192
1BB200,0064,2193,preds.pt#2193
1BB200,0065,2194,preds.pt#2194
1BB200,0066,2195,preds.pt#2195
1BB200,0067,2196,preds.pt#2196
1BB200,0068,2197,preds.pt#2197
1BB200,0069,2198,preds.pt#2198
1BB200,0070,2199,preds.pt#2199
1BB200,0071,2200,preds.pt#2200
1BB200,0072,2201,preds.pt#2201
1BB200,0073,2202,preds.pt#2202
1BB200,0074,2203,preds.pt#2203
1BB200,0075,2204,preds.pt#2204
1BB200,0076,2205,preds.pt#2205
1BB200,0077,2206,preds.pt#2206
1BB200,0078,2207,preds.pt#2207
1BB200,0079,2208,preds.pt#2208
1BB200,0080,2209,preds.pt#2209
1BB200,0081,2210,preds.pt#2210
1BB200,0082,2211,preds.pt#2211
1BB200,0083,2212,preds.pt#2212
1BB200,0084,2213,preds.pt#2213
1BB200,0085,2214,preds.pt#2214
1BB200,0086,2215,preds.pt#2215
1BB200,0087,2216,preds.pt#2216
1BB200,0088,2217,preds.pt#2217
1BB200,0089,2218,preds.pt#2218
1BB200,0090,2219,preds.pt#2219
1BB200,0091,2220,preds.pt#2220
1BB200,0092,2221,preds.pt#2221
1BB200,0093,2222,preds.pt#2222
1BB200,0094,2223,preds.pt#2223
1BB200,0095,2224,preds.pt#2224
1BB200,0096,2225,preds.pt#2225
1BB200,0097,2226,preds.pt#2226
1BB200,0098,2227,preds.pt#2227
1BB200,0099,2228,preds.pt#2228
1BB200,0100,2229,preds.pt#2229
1BB200,0101,2230,preds.pt#2230
1BB200,0102,2231,preds.pt#2231
1BB200,0103,2232,preds.pt#2232
1BB200,0104,2233,preds.pt#2233
1BB200,0105,2234,preds.pt#2234
1BB200,0106,2235,preds.pt#2235
1BB200,0107,2236,preds.pt#2236
1BB200,0108,2237,preds.pt#2237
1BB200,0109,2238,preds.pt#2238
1BB200,0110,2239,preds.pt#2239
1BB200,0111,2240,preds.pt#2240
1BB200,0112,2241,preds.pt#2241
1BB200,0113,2242,preds.pt#2242
1BB200,0114,2243,preds.pt#2243
1BB200,0115,2244,preds.pt#2244
1BB200,0116,2245,preds.pt#2245
1BB200,0117,2246,preds.pt#2246
1BB200,0118,2247,preds.pt#2247
1BB200,0119,2248,preds.pt#2248
1BB200,0120,2249,preds.pt#2249
1BB200,0121,2250,preds.pt#2250
1BB200,0122,2251,preds.pt#2251
1BB200,0123,2252,preds.pt#2252
1BB200,0124,2253,preds.pt#2253
1BB200,0125,2254,preds.pt#2254
1BB200,0126,2255,preds.pt#2255
1BB200,0127,2256,preds.pt#2256
1BB200,0128,2257,preds.pt#2257
1BB200,0129,2258,preds.pt#2258
1BB200,0130,2259,preds.pt#2259
1BB200,0131,2260,preds.pt#2260
1BB200,0132,2261,preds.pt#2261
1BB200,0133,2262,preds.pt#2262
1BB200,0134,2263,preds.pt#2263
1BB200,0135,2264,preds.pt#2264
1BB200,0136,2265,preds.pt#2265
1BB200,0137,2266,preds.pt#2266
1BB200,0138,2267,preds.pt#2267
1BB200,0139,2268,preds.pt#2268
1BB200,0140,2269,preds.pt#2269
1BB200,0141,2270,preds.pt#2270
1BB200,0142,2271,preds.pt#2271
1BB200,0143,2272,preds.pt#2272
1BB200,0144,2273,preds.pt#2273
1BB200,0145,2274,preds.pt#2274
1BB200,0146,2275,preds.pt#2275
1BB200,0147,2276,preds.pt#2276
1BB200,0148,2277,preds.pt#2277
1BB200,0149,2278,preds.pt#2278
1BB200,0150,2279,preds.pt#2279
1BB200,0151,2280,preds.pt#2280
1BB200,0152,2281,preds.pt#2281
1BB200,0153,2282,preds.pt#2282
1BB200,0154,2283,preds.pt#2283
1BB200,0155,2284,preds.pt#2284
1BB200,0156,2285,preds.pt#2285
1BB200,0157,2286,preds.pt#2286
1BB200,0158,2287,preds.pt#2287
1BB200,0159,2288,preds.pt#2288
1BB200,0160,2289,preds.pt#2289
1BB200,0161,2290,preds.pt#2290
1BB200,0162,2291,preds.pt#2291
1BB200,0163,2292,preds.pt#2292
1BB200,0164,2293,preds.pt#2293
1BB200,0165,2294,preds.pt#2294
1BB200,0166,2295,preds.pt#2295
1BB200,0167,2296,preds.pt#2296
1BB200,0168,2297,preds.pt#2297
1BB200,0169,2298,preds.pt#2298
1BB200,0170,2299,preds.pt#2299
1BB200,0171,2300,preds.pt#2300
1BB200,0172,2301,preds.pt#2301
1BB200,0173,2302,preds.pt#2302
1BB200,0174,2303,preds.pt#2303
1BB200,0175,2304,preds.pt#2304
1BB200,0176,2305,preds.pt#2305
1BB200,0177,2306,preds.pt#2306
1BB200,0178,2307,preds.pt#2307
1BB200,0179,2308,preds.pt#2308
1BB200,0180,2309,preds.pt#2309
1BB200,0181,2310,preds.pt#2310
1BB200,0182,2311,preds.pt#2311
1BB200,0183,2312,preds.pt#2312
1BB200,0184,2313,preds.pt#2313
1BB200,0185,2314,preds.pt#2314
1BB200,0186,2315,preds.pt#2315
1BB200,0187,2316,preds.pt#2316
1BB200,0188,2317,preds.pt#2317
1BB205,0000,2318,preds.pt#2318
1BB205,0001,2319,preds.pt#2319
1BB205,0002,2320,preds.pt#2320
1BB205,0003,2321,preds.pt#2321
1BB205,0004,2322,preds.pt#2322
1BB205,0005,2323,preds.pt#2323
1BB205,0006,2324,preds.pt#2324
1BB205,0007,2325,preds.pt#2325
1BB205,0008,2326,preds.pt#2326
1BB205,0009,2327,preds.pt#2327
1BB205,0010,2328,preds.pt#2328
1BB205,0011,2329,preds.pt#2329
1BB205,0012,2330,preds.pt#2330
1BB205,0013,2331,preds.pt#2331
1BB205,0014,2332,preds.pt#2332
1BB205,0015,2333,preds.pt#2333
1BB205,0016,2334,preds.pt#2334
1BB205,0017,2335,preds.pt#2335
1BB205,0018,2336,preds.pt#2336
1BB205,0019,2337,preds.pt#2337
1BB205,0020,2338,preds.pt#2338
1BB205,0021,2339,preds.pt#2339
1BB205,0022,2340,preds.pt#2340
1BB205,0023,2341,preds.pt#2341
1BB205,0024,2342,preds.pt#2342
1BB205,0025,2343,preds.pt#2343
1BB205,0026,2344,preds.pt#2344
1BB205,0027,2345,preds.pt#2345
1BB205,0028,2346,preds.pt#2346
1BB205,0029,2347,preds.pt#2347
1BB205,0030,2348,preds.pt#2348
1BB205,0031,2349,preds.pt#2349
1BB205,0032,2350,preds.pt#2350
1BB205,0033,2351,preds.pt#2351
1BB205,0034,2352,preds.pt#2352
1BB205,0035,2353,preds.pt#2353
1BB205,0036,2354,preds.pt#2354
1BB205,0037,2355,preds.pt#2355
1BB205,0038,2356,preds.pt#2356
1BB205,0039,2357,preds.pt#2357
1BB205,0040,2358,preds.pt#2358
1BB205,0041,2359,preds.pt#2359
1BB205,0042,2360,preds.pt#2360
1BB205,0043,2361,preds.pt#2361
1BB205,0044,2362,preds.pt#2362
1BB205,0045,2363,preds.pt#2363
1BB205,0046,2364,preds.pt#2364
1BB205,0047,2365,preds.pt#2365
1BB205,0048,2366,preds.pt#2366
1BB205,0049,2367,preds.pt#2367
1BB205,0050,2368,preds.pt#2368
1BB205,0051,2369,preds.pt#2369
1BB205,0052,2370,preds.pt#2370
1BB205,0053,2371,preds.pt#2371
1BB205,0054,2372,preds.pt#2372
1BB205,0055,2373,preds.pt#2373
1BB205,0056,2374,preds.pt#2374
1BB205,0057,2375,preds.pt#2375
1BB205,0058,2376,preds.pt#2376
1BB205,0059,2377,preds.pt#2377
1BB205,0060,2378,preds.pt#2378
1BB205,0061,2379,preds.pt#2379
1BB205,0062,2380,preds.pt#2380
1BB205,0063,2381,preds.pt#2381
1BB205,0064,2382,preds.pt#2382
1BB205,0065,2383,preds.pt#2383
1BB205,0066,2384,preds.pt#2384
1BB205,0067,2385,preds.pt#2385
1BB205,0068,2386,preds.pt#2386
1BB205,0069,2387,preds.pt#2387
1BB205,0070,2388,preds.pt#2388
1BB205,0071,2389,preds.pt#2389
1BB205,0072,2390,preds.pt#2390
1BB205,0073,2391,preds.pt#2391
1BB205,0074,2392,preds.pt#2392
1BB205,0075,2393,preds.pt#2393
1BB205,0076,2394,preds.pt#2394
1BB205,0077,2395,preds.pt#2395
1BB205,0078,2396,preds.pt#2396
1BB205,0079,2397,preds.pt#2397
1BB205,0080,2398,preds.pt#2398
1BB205,0081,2399,preds.pt#2399
1BB205,0082,2400,preds.pt#2400
1BB205,0083,2401,preds.pt#2401
1BB205,0084,2402,preds.pt#2402
1BB205,0085,2403,preds.pt#2403
1BB205,0086,2404,preds.pt#2404
1BB205,0087,2405,preds.pt#2405
1BB205,0088,2406,preds.pt#2406
1BB205,0089,2407,preds.pt#2407
1BB205,0090,2408,preds.pt#2408
1BB205,0091,2409,preds.pt#2409
1BB205,0092,2410,preds.pt#2410
1BB205,0093,2411,preds.pt#2411
1BB205,0094,2412,preds.pt#2412
1BB205,0095,2413,preds.pt#2413
1BB205,0096,2414,preds.pt#2414
1BB205,0097,2415,preds.pt#2415
1BB205,0098,2416,preds.pt#2416
1BB205,0099,2417,preds.pt#2417
1BB205,0100,2418,preds.pt#2418
1BB205,0101,2419,preds.pt#2419
1BB205,0102,2420,preds.pt#2420
1BB205,0103,2421,preds.pt#2421
1BB205,0104,2422,preds.pt#2422
1BB205,0105,2423,preds.pt#2423
1BB205,0106,2424,preds.pt#2424
1BB205,0107,2425,preds.pt#2425
1BB205,0108,2426,preds.pt#2426
1BB205,0109,2427,preds.pt#2427
1BB205,0110,2428,preds.pt#2428
1BB205,0111,2429,preds.pt#2429
1BB205,0112,2430,preds.pt#2430
1BB205,0113,2431,preds.pt#2431
1BB205,0114,2432,preds.pt#2432
1BB205,0115,2433,preds.pt#2433
1BB205,0116,2434,preds.pt#2434
1BB205,0117,2435,preds.pt#2435
1BB205,0118,2436,preds.pt#2436
1BB205,0119,2437,preds.pt#2437
1BB205,0120,2438,preds.pt#2438
1BB205,0121,2439,preds.pt#2439
1BB205,0122,2440,preds.pt#2440
1BB205,0123,2441,preds.pt#2441
1BB205,0124,2442,preds.pt#2442
1BB205,0125,2443,preds.pt#2443
1BB205,0126,2444,preds.pt#2444
1BB205,0127,2445,preds.pt#2445
1BB205,0128,2446,preds.pt#2446
1BB205,0129,2447,preds.pt#2447
1BB205,0130,2448,preds.pt#2448
1BB205,0131,2449,preds.pt#2449
1BB205,0132,2450,preds.pt#2450
1BB205,0133,2451,preds.pt#2451
1BB205,0134,2452,preds.pt#2452
1BB205,0135,2453,preds.pt#2453
1BB205,0136,2454,preds.pt#2454
1BB205,0137,2455,preds.pt#2455
1BB205,0138,2456,preds.pt#2456
1BB205,0139,2457,preds.pt#2457
1BB205,0140,2458,preds.pt#2458
1BB205,0141,2459,preds.pt#2459
1BB205,0142,2460,preds.pt#2460
1BB205,0143,2461,preds.pt#2461
1BB205,0144,2462,preds.pt#2462
1BB205,0145,2463,preds.pt#2463
1BB205,0146,2464,preds.pt#2464
1BB205,0147,2465,preds.pt#2465
1BB205,0148,2466,preds.pt#2466
1BB205,0149,2467,preds.pt#2467
1BB205,0150,2468,preds.pt#2468
1BB205,0151,2469,preds.pt#2469
1BB205,0152,2470,preds.pt#2470
1BB205,0153,2471,preds.pt#2471
1BB205,0154,2472,preds.pt#2472
1BB205,0155,2473,preds.pt#2473
1BB205,0156,2474,preds.pt#2474
1BB205,0157,2475,preds.pt#2475
1BB205,0158,2476,preds.pt#2476
1BB205,0159,2477,preds.pt#2477
1BB205,0160,2478,preds.pt#2478
1BB205,0161,2479,preds.pt#2479
1BB205,0162,2480,preds.pt#2480
1BB205,0163,2481,preds.pt#2481
1BB205,0164,2482,preds.pt#2482
1BB205,0165,2483,preds.pt#2483
1BB205,0166,2484,preds.pt#2484
1BB205,0167,2485,preds.pt#2485
1BB205,0168,2486,preds.pt#2486
1BB205,0169,2487,preds.pt#2487
1BB205,0170,2488,preds.pt#2488
1BB205,0171,2489,preds.pt#2489
1BB205,0172,2490,preds.pt#2490
1BB205,0173,2491,preds.pt#2491
1BB205,0174,2492,preds.pt#2492
1BB205,0175,2493,preds.pt#2493
1BB205,0176,2494,preds.pt#2494
1BB205,0177,2495,preds.pt#2495
1BB205,0178,2496,preds.pt#2496
1BB205,0179,2497,preds.pt#2497
1BB205,0180,2498,preds.pt#2498
1BB205,0181,2499,preds.pt#2499
1BB205,0182,2500,preds.pt#2500
1BB205,0183,2501,preds.pt#2501
1BB205,0184,2502,preds.pt#2502
1BB205,0185,2503,preds.pt#2503
1BB205,0186,2504,preds.pt#2504
1BB205,0187,2505,preds.pt#2505
1BB205,0188,2506,preds.pt#2506
1BB205,0189,2507,preds.pt#2507
1BB205,0190,2508,preds.pt#2508
1BB205,0191,2509,preds.pt#2509
1BB205,0192,2510,preds.pt#2510
1BB205,0193,2511,preds.pt#2511
1BB205,0194,2512,preds.pt#2512
1BB205,0195,2513,preds.pt#2513
1BB205,0196,2514,preds.pt#2514
1BB205,0197,2515,preds.pt#2515
1BB205,0198,2516,preds.pt#2516
1BB205,0199,2517,preds.pt#2517
1BB205,0200,2518,preds.pt#2518
1BB205,0201,2519,preds.pt#2519
1BB205,0202,2520,preds.pt#2520
1BB205,0203,2521,preds.pt#2521
1BB205,0204,2522,preds.pt#2522
1BB205,0205,2523,preds.pt#2523
1BB205,0206,2524,preds.pt#2524
1BB205,0207,2525,preds.pt#2525
1BB205,0208,2526,preds.pt#2526
1BB205,0209,2527,preds.pt#2527
1BB205,0210,2528,preds.pt#2528
1BB205,0211,2529,preds.pt#2529
1BB205,0212,2530,preds.pt#2530
1BB205,0213,2531,preds.pt#2531
1BB205,0214,2532,preds.pt#2532
1BB205,0215,2533,preds.pt#2533
1BB205,0216,2534,preds.pt#2534
1BB205,0217,2535,preds.pt#2535
1BC007,0002,2536,preds.pt#2536
1BC007,0003,2537,preds.pt#2537
1BC007,0004,2538,preds.pt#2538
1BC007,0005,2539,preds.pt#2539
1BC007,0006,2540,preds.pt#2540
1BC007,0007,2541,preds.pt#2541
1BC007,0008,2542,preds.pt#2542
1BC007,0009,2543,preds.pt#2543
1BC007,0010,2544,preds.pt#2544
1BC007,0011,2545,preds.pt#2545
1BC007,0012,2546,preds.pt#2546
1BC007,0013,2547,preds.pt#2547
1BC007,0014,2548,preds.pt#2548
1BC007,0015,2549,preds.pt#2549
1BC007,0016,2550,preds.pt#2550
1BC007,0017,2551,preds.pt#2551
1BC007,0018,2552,preds.pt#2552
1BC007,0019,2553,preds.pt#2553
1BC007,0020,2554,preds.pt#2554
1BC007,0021,2555,preds.pt#2555
1BC007,0022,2556,preds.pt#2556
1BC007,0023,2557,preds.pt#2557
1BC007,0024,2558,preds.pt#2558
1BC007,0025,2559,preds.pt#2559
1BC007,0026,2560,preds.pt#2560
1BC007,0027,2561,preds.pt#2561
1BC007,0028,2562,preds.pt#2562
1BC007,0029,2563,preds.pt#2563
1BC007,0030,2564,preds.pt#2564
1BC007,0031,2565,preds.pt#2565
1BC007,0032,2566,preds.pt#2566
1BC007,0033,2567,preds.pt#2567
1BC007,0034,2568,preds.pt#2568
1BC007,0035,2569,preds.pt#2569
1BC007,0036,2570,preds.pt#2570
1BC007,0037,2571,preds.pt#2571
1BC007,0038,2572,preds.pt#2572
1BC007,0039,2573,preds.pt#2573
1BC007,0040,2574,preds.pt#2574
1BC007,0041,2575,preds.pt#2575
1BC007,0042,2576,preds.pt#2576
1BC007,0043,2577,preds.pt#2577
1BC007,0044,2578,preds.pt#2578
1BC007,0045,2579,preds.pt#2579
1BC007,0046,2580,preds.pt#2580
1BC007,0047,2581,preds.pt#2581
1BC007,0048,2582,preds.pt#2582
1BC007,0049,2583,preds.pt#2583
1BC007,0050,2584,preds.pt#2584
1BC007,0051,2585,preds.pt#2585
1BC007,0052,2586,preds.pt#2586
1BC007,0053,2587,preds.pt#2587
1BC007,0054,2588,preds.pt#2588
1BC007,0055,2589,preds.pt#2589
1BC007,0056,2590,preds.pt#2590
1BC007,0057,2591,preds.pt#2591
1BC007,0058,2592,preds.pt#2592
1BC007,0059,2593,preds.pt#2593
1BC007,0060,2594,preds.pt#2594
1BC007,0061,2595,preds.pt#2595
1BC007,0062,2596,preds.pt#2596
1BC007,0063,2597,preds.pt#2597
1BC007,0064,2598,preds.pt#2598
1BC007,0065,2599,preds.pt#2599
1BC007,0066,2600,preds.pt#2600
1BC007,0067,2601,preds.pt#2601
1BC007,0068,2602,preds.pt#2602
1BC007,0069,2603,preds.pt#2603
1BC007,0070,2604,preds.pt#2604
1BC007,0071,2605,preds.pt#2605
1BC007,0072,2606,preds.pt#2606
1BC007,0073,2607,preds.pt#2607
1BC007,0074,2608,preds.pt#2608
1BC007,0075,2609,preds.pt#2609
1BC007,0076,2610,preds.pt#2610
1BC007,0077,2611,preds.pt#2611
1BC007,0078,2612,preds.pt#2612
1BC007,0079,2613,preds.pt#2613
1BC007,0080,2614,preds.pt#2614
1BC007,0081,2615,preds.pt#2615
1BC007,0082,2616,preds.pt#2616
1BC007,0083,2617,preds.pt#2617
1BC007,0084,2618,preds.pt#2618
1BC007,0085,2619,preds.pt#2619
1BC007,0086,2620,preds.pt#2620
1BC007,0087,2621,preds.pt#2621
1BC007,0088,2622,preds.pt#2622
1BC007,0089,2623,preds.pt#2623
1BC007,0090,2624,preds.pt#2624
1BC007,0091,2625,preds.pt#2625
1BC007,0092,2626,preds.pt#2626
1BC007,0093,2627,preds.pt#2627
1BC007,0094,2628,preds.pt#2628
1BC007,0095,2629,preds.pt#2629
1BC007,0096,2630,preds.pt#2630
1BC007,0097,2631,preds.pt#2631
1BC007,0098,2632,preds.pt#2632
1BC007,0099,2633,preds.pt#2633
1BC007,0100,2634,preds.pt#2634
1BC007,0101,2635,preds.pt#2635
1BC007,0102,2636,preds.pt#2636
1BC007,0103,2637,preds.pt#2637
1BC007,0104,2638,preds.pt#2638
1BC007,0105,2639,preds.pt#2639
1BC007,0106,2640,preds.pt#2640
1BC007,0107,2641,preds.pt#2641
1BC007,0108,2642,preds.pt#2642
1BC007,0109,2643,preds.pt#2643
1BC007,0110,2644,preds.pt#2644
1BC007,0111,2645,preds.pt#2645
1BC007,0112,2646,preds.pt#2646
1BC007,0113,2647,preds.pt#2647
1BC007,0114,2648,preds.pt#2648
1BC007,0115,2649,preds.pt#2649
1BC007,0116,2650,preds.pt#2650
1BC007,0117,2651,preds.pt#2651
1BC007,0118,2652,preds.pt#2652
1BC007,0119,2653,preds.pt#2653
1BC007,0120,2654,preds.pt#2654
1BC007,0121,2655,preds.pt#2655
1BC007,0122,2656,preds.pt#2656
1BC007,0123,2657,preds.pt#2657
1BC007,0124,2658,preds.pt#2658
1BC007,0125,2659,preds.pt#2659
1BC007,0126,2660,preds.pt#2660
1BC007,0127,2661,preds.pt#2661
1BC007,0128,2662,preds.pt#2662
1BC007,0129,2663,preds.pt#2663
1BC007,0130,2664,preds.pt#2664
1BC007,0131,2665,preds.pt#2665
1BC007,0132,2666,preds.pt#2666
1BC007,0133,2667,preds.pt#2667
1BC007,0134,2668,preds.pt#2668
1BC007,0135,2669,preds.pt#2669
1BC007,0136,2670,preds.pt#2670
1BC007,0137,2671,preds.pt#2671
1BC007,0138,2672,preds.pt#2672
1BC007,0139,2673,preds.pt#2673
1BC007,0140,2674,preds.pt#2674
1BC007,0141,2675,preds.pt#2675
1BC007,0142,2676,preds.pt#2676
1BC007,0143,2677,preds.pt#2677
1BC007,0144,2678,preds.pt#2678
1BC007,0145,2679,preds.pt#2679
1BC007,0146,2680,preds.pt#2680
1BC007,0147,2681,preds.pt#2681
1BC007,0148,2682,preds.pt#2682
1BC007,0149,2683,preds.pt#2683
1BC007,0150,2684,preds.pt#2684
1BC007,0151,2685,preds.pt#2685
1BC007,0152,2686,preds.pt#2686
1BC007,0153,2687,preds.pt#2687
1BC007,0154,2688,preds.pt#2688
1BC007,0155,2689,preds.pt#2689
1BC007,0156,2690,preds.pt#2690
1BC007,0157,2691,preds.pt#2691
1BC007,0158,2692,preds.pt#2692
1BC007,0159,2693,preds.pt#2693
1BC007,0160,2694,preds.pt#2694
1BC007,0161,2695,preds.pt#2695
1BC007,0162,2696,preds.pt#2696
1BC007,0163,2697,preds.pt#2697
1BC007,0164,2698,preds.pt#2698
1BC007,0165,2699,preds.pt#2699
1BC007,0166,2700,preds.pt#2700
1BC007,0167,2701,preds.pt#2701
1BC007,0168,2702,preds.pt#2702
1BC007,0169,2703,preds.pt#2703
1BC007,0170,2704,preds.pt#2704
1BC007,0171,2705,preds.pt#2705
1BC007,0172,2706,preds.pt#2706
1BC007,0173,2707,preds.pt#2707
1BC007,0174,2708,preds.pt#2708
1BC007,0175,2709,preds.pt#2709
1BC007,0176,2710,preds.pt#2710
1BC007,0177,2711,preds.pt#2711
1BC007,0178,2712,preds.pt#2712
1BC007,0179,2713,preds.pt#2713
1BC007,0180,2714,preds.pt#2714
1BC007,0181,2715,preds.pt#2715
1BC007,0182,2716,preds.pt#2716
1BC007,0183,2717,preds.pt#2717
1BC007,0184,2718,preds.pt#2718
1BC007,0185,2719,preds.pt#2719
1BC014,0005,2720,preds.pt#2720
1BC014,0006,2721,preds.pt#2721
1BC014,0007,2722,preds.pt#2722
1BC014,0008,2723,preds.pt#2723
1BC014,0009,2724,preds.pt#2724
1BC014,0010,2725,preds.pt#2725
1BC014,0011,2726,preds.pt#2726
1BC014,0012,2727,preds.pt#2727
1BC014,0013,2728,preds.pt#2728
1BC014,0014,2729,preds.pt#2729
1BC014,0015,2730,preds.pt#2730
1BC014,0016,2731,preds.pt#2731
1BC014,0017,2732,preds.pt#2732
1BC014,0018,2733,preds.pt#2733
1BC014,0019,2734,preds.pt#2734
1BC014,0020,2735,preds.pt#2735
1BC014,0021,2736,preds.pt#2736
1BC014,0022,2737,preds.pt#2737
1BC014,0023,2738,preds.pt#2738
1BC014,0024,2739,preds.pt#2739
1BC014,0025,2740,preds.pt#2740
1BC014,0026,2741,preds.pt#2741
1BC014,0027,2742,preds.pt#2742
1BC014,0028,2743,preds.pt#2743
1BC014,0029,2744,preds.pt#2744
1BC014,0030,2745,preds.pt#2745
1BC014,0031,2746,preds.pt#2746
1BC014,0032,2747,preds.pt#2747
1BC014,0033,2748,preds.pt#2748
1BC014,0034,2749,preds.pt#2749
1BC014,0035,2750,preds.pt#2750
1BC014,0036,2751,preds.pt#2751
1BC014,0037,2752,preds.pt#2752
1BC014,0038,2753,preds.pt#2753
1BC014,0039,2754,preds.pt#2754
1BC014,0040,2755,preds.pt#2755
1BC014,0041,2756,preds.pt#2756
1BC014,0042,2757,preds.pt#2757
1BC014,0043,2758,preds.pt#2758
1BC014,0044,2759,preds.pt#2759
1BC014,0045,2760,preds.pt#2760
1BC014,0046,2761,preds.pt#2761
1BC014,0047,2762,preds.pt#2762
1BC014,0048,2763,preds.pt#2763
1BC014,0049,2764,preds.pt#2764
1BC014,0050,2765,preds.pt#2765
1BC014,0051,2766,preds.pt#2766
1BC014,0052,2767,preds.pt#2767
1BC014,0053,2768,preds.pt#2768
1BC014,0054,2769,preds.pt#2769
1BC014,0055,2770,preds.pt#2770
1BC014,0056,2771,preds.pt#2771
1BC014,0057,2772,preds.pt#2772
1BC014,0058,2773,preds.pt#2773
1BC014,0059,2774,preds.pt#2774
1BC014,0060,2775,preds.pt#2775
1BC014,0061,2776,preds.pt#2776
1BC014,0062,2777,preds.pt#2777
1BC014,0063,2778,preds.pt#2778
1BC014,0064,2779,preds.pt#2779
1BC014,0065,2780,preds.pt#2780
1BC014,0066,2781,preds.pt#2781
1BC014,0067,2782,preds.pt#2782
1BC014,0068,2783,preds.pt#2783
1BC014,0069,2784,preds.pt#2784
1BC014,0070,2785,preds.pt#2785
1BC014,0071,2786,preds.pt#2786
1BC014,0072,2787,preds.pt#2787
1BC014,0073,2788,preds.pt#2788
1BC014,0074,2789,preds.pt#2789
1BC014,0075,2790,preds.pt#2790
1BC014,0076,2791,preds.pt#2791
1BC014,0077,2792,preds.pt#2792
1BC014,0078,2793,preds.pt#2793
1BC014,0079,2794,preds.pt#2794
1BC014,0080,2795,preds.pt#2795
1BC014,0081,2796,preds.pt#2796
1BC014,0082,2797,preds.pt#2797
1BC014,0083,2798,preds.pt#2798
1BC014,0084,2799,preds.pt#2799
1BC014,0085,2800,preds.pt#2800
1BC014,0086,2801,preds.pt#2801
1BC014,0087,2802,preds.pt#2802
1BC014,0088,2803,preds.pt#2803
1BC014,0089,2804,preds.pt#2804
1BC014,0090,2805,preds.pt#2805
1BC014,0091,2806,preds.pt#2806
1BC014,0092,2807,preds.pt#2807
1BC014,0093,2808,preds.pt#2808
1BC014,0094,2809,preds.pt#2809
1BC014,0095,2810,preds.pt#2810
1BC014,0096,2811,preds.pt#2811
1BC014,0097,2812,preds.pt#2812
1BC014,0098,2813,preds.pt#2813
1BC014,0099,2814,preds.pt#2814
1BC014,0100,2815,preds.pt#2815
1BC014,0101,2816,preds.pt#2816
1BC014,0102,2817,preds.pt#2817
1BC014,0103,2818,preds.pt#2818
1BC014,0104,2819,preds.pt#2819
1BC014,0105,2820,preds.pt#2820
1BC014,0106,2821,preds.pt#2821
1BC014,0107,2822,preds.pt#2822
1BC014,0108,2823,preds.pt#2823
1BC014,0109,2824,preds.pt#2824
1BC014,0110,2825,preds.pt#2825
1BC014,0111,2826,preds.pt#2826
1BC014,0112,2827,preds.pt#2827
1BC014,0113,2828,preds.pt#2828
1BC014,0114,2829,preds.pt#2829
1BC014,0115,2830,preds.pt#2830
1BC014,0116,2831,preds.pt#2831
1BC014,0117,2832,preds.pt#2832
1BC014,0118,2833,preds.pt#2833
1BC014,0119,2834,preds.pt#2834
1BC014,0120,2835,preds.pt#2835
1BC014,0121,2836,preds.pt#2836
1BC014,0122,2837,preds.pt#2837
1BC014,0123,2838,preds.pt#2838
1BC014,0124,2839,preds.pt#2839
1BC014,0125,2840,preds.pt#2840
1BC014,0126,2841,preds.pt#2841
1BC014,0127,2842,preds.pt#2842
1BC014,0128,2843,preds.pt#2843
1BC014,0129,2844,preds.pt#2844
1BC014,0130,2845,preds.pt#2845
1BC014,0131,2846,preds.pt#2846
1BC014,0132,2847,preds.pt#2847
1BC014,0133,2848,preds.pt#2848
1BC014,0134,2849,preds.pt#2849
1BC014,0135,2850,preds.pt#2850
1BC014,0136,2851,preds.pt#2851
1BC014,0137,2852,preds.pt#2852
1BC014,0138,2853,preds.pt#2853
1BC014,0139,2854,preds.pt#2854
1BC014,0140,2855,preds.pt#2855
1BC014,0141,2856,preds.pt#2856
1BC014,0142,2857,preds.pt#2857
1BC014,0143,2858,preds.pt#2858
1BC014,0144,2859,preds.pt#2859
1BC014,0145,2860,preds.pt#2860
1BC014,0146,2861,preds.pt#2861
1BC014,0147,2862,preds.pt#2862
1BC014,0148,2863,preds.pt#2863
1BC014,0149,2864,preds.pt#2864
1BC014,0150,2865,preds.pt#2865
1BC014,0151,2866,preds.pt#2866
1BC014,0152,2867,preds.pt#2867
1BC014,0153,2868,preds.pt#2868
1BC014,0154,2869,preds.pt#2869
1BC014,0155,2870,preds.pt#2870
1BC014,0156,2871,preds.pt#2871
1BC014,0157,2872,preds.pt#2872
1BC014,0158,2873,preds.pt#2873
1BC014,0159,2874,preds.pt#2874
1BC014,0160,2875,preds.pt#2875
1BC014,0161,2876,preds.pt#2876
1BC014,0162,2877,preds.pt#2877
1BC014,0163,2878,preds.pt#2878
1BC014,0164,2879,preds.pt#2879
1BC014,0165,2880,preds.pt#2880
1BC014,0166,2881,preds.pt#2881
1BC014,0167,2882,preds.pt#2882
1BC014,0168,2883,preds.pt#2883
1BC014,0169,2884,preds.pt#2884
1BC014,0170,2885,preds.pt#2885
1BC014,0171,2886,preds.pt#2886
1BC014,0172,2887,preds.pt#2887
1BC014,0173,2888,preds.pt#2888
1BC014,0174,2889,preds.pt#2889
1BC014,0175,2890,preds.pt#2890
1BC014,0176,2891,preds.pt#2891
1BC014,0177,2892,preds.pt#2892
1BC014,0178,2893,preds.pt#2893
1BC014,0179,2894,preds.pt#2894
1BC014,0180,2895,preds.pt#2895
1BC014,0181,2896,preds.pt#2896
1BC014,0182,2897,preds.pt#2897
1BC014,0183,2898,preds.pt#2898
1BC014,0184,2899,preds.pt#2899
1BC014,0185,2900,preds.pt#2900
1BC014,0186,2901,preds.pt#2901
1BC014,0187,2902,preds.pt#2902
1BC014,0188,2903,preds.pt#2903
1BC014,0189,2904,preds.pt#2904
1BC014,0190,2905,preds.pt#2905
1BC050,0000,2906,preds.pt#2906
1BC050,0001,2907,preds.pt#2907
1BC050,0002,2908,preds.pt#2908
1BC050,0003,2909,preds.pt#2909
1BC050,0004,2910,preds.pt#2910
1BC050,0005,2911,preds.pt#2911
1BC050,0006,2912,preds.pt#2912
1BC050,0007,2913,preds.pt#2913
1BC050,0008,2914,preds.pt#2914
1BC050,0009,2915,preds.pt#2915
1BC050,0010,2916,preds.pt#2916
1BC050,0011,2917,preds.pt#2917
1BC050,0012,2918,preds.pt#2918
1BC050,0013,2919,preds.pt#2919
1BC050,0014,2920,preds.pt#2920
1BC050,0015,2921,preds.pt#2921
1BC050,0016,2922,preds.pt#2922
1BC050,0017,2923,preds.pt#2923
1BC050,0018,2924,preds.pt#2924
1BC050,0019,2925,preds.pt#2925
1BC050,0020,2926,preds.pt#2926
1BC050,0021,2927,preds.pt#2927
1BC050,0022,2928,preds.pt#2928
1BC050,0023,2929,preds.pt#2929
1BC050,0024,2930,preds.pt#2930
1BC050,0025,2931,preds.pt#2931
1BC050,0026,2932,preds.pt#2932
1BC050,0027,2933,preds.pt#2933
1BC050,0028,2934,preds.pt#2934
1BC050,0029,2935,preds.pt#2935
1BC050,0030,2936,preds.pt#2936
1BC050,0031,2937,preds.pt#2937
1BC050,0032,2938,preds.pt#2938
1BC050,0033,2939,preds.pt#2939
1BC050,0034,2940,preds.pt#2940
1BC050,0035,2941,preds.pt#2941
1BC050,0036,2942,preds.pt#2942
1BC050,0037,2943,preds.pt#2943
1BC050,0038,2944,preds.pt#2944
1BC050,0039,2945,preds.pt#2945
1BC050,0040,2946,preds.pt#2946
1BC050,0041,2947,preds.pt#2947
1BC050,0042,2948,preds.pt#2948
1BC050,0043,2949,preds.pt#2949
1BC050,0044,2950,preds.pt#2950
1BC050,0045,2951,preds.pt#2951
1BC050,0046,2952,preds.pt#2952
1BC050,0047,2953,preds.pt#2953
1BC050,0048,2954,preds.pt#2954
1BC050,0049,2955,preds.pt#2955
1BC050,0050,2956,preds.pt#2956
1BC050,0051,2957,preds.pt#2957
1BC050,0052,2958,preds.pt#2958
1BC050,0053,2959,preds.pt#2959
1BC050,0054,2960,preds.pt#2960
1BC050,0055,2961,preds.pt#2961
1BC050,0056,2962,preds.pt#2962
1BC050,0057,2963,preds.pt#2963
1BC050,0058,2964,preds.pt#2964
1BC050,0059,2965,preds.pt#2965
1BC050,0060,2966,preds.pt#2966
1BC050,0061,2967,preds.pt#2967
1BC050,0062,2968,preds.pt#2968
1BC050,0063,2969,preds.pt#2969
1BC050,0064,2970,preds.pt#2970
1BC050,0065,2971,preds.pt#2971
1BC050,0066,2972,preds.pt#2972
1BC050,0067,2973,preds.pt#2973
1BC050,0068,2974,preds.pt#2974
1BC050,0069,2975,preds.pt#2975
1BC050,0070,2976,preds.pt#2976
1BC050,0071,2977,preds.pt#2977
1BC050,0072,2978,preds.pt#2978
1BC050,0073,2979,preds.pt#2979
1BC050,0074,2980,preds.pt#2980
1BC050,0075,2981,preds.pt#2981
1BC050,0076,2982,preds.pt#2982
1BC050,0077,2983,preds.pt#2983
1BC050,0078,2984,preds.pt#2984
1BC050,0079,2985,preds.pt#2985
1BC050,0080,2986,preds.pt#2986
1BC050,0081,2987,preds.pt#2987
1BC050,0082,2988,preds.pt#2988
1BC050,0083,2989,preds.pt#2989
1BC050,0084,2990,preds.pt#2990
1BC050,0085,2991,preds.pt#2991
1BC050,0086,2992,preds.pt#2992
1BC050,0087,2993,preds.pt#2993
1BC050,0088,2994,preds.pt#2994
1BC050,0089,2995,preds.pt#2995
1BC050,0090,2996,preds.pt#2996
1BC050,0091,2997,preds.pt#2997
1BC050,0092,2998,preds.pt#2998
1BC050,0093,2999,preds.pt#2999
1BC050,0094,3000,preds.pt#3000
1BC050,0095,3001,preds.pt#3001
1BC050,0096,3002,preds.pt#3002
1BC050,0097,3003,preds.pt#3003
1BC050,0098,3004,preds.pt#3004
1BC050,0099,3005,preds.pt#3005
1BC050,0100,3006,preds.pt#3006
1BC050,0101,3007,preds.pt#3007
1BC050,0102,3008,preds.pt#3008
1BC050,0103,3009,preds.pt#3009
1BC050,0104,3010,preds.pt#3010
1BC050,0105,3011,preds.pt#3011
1BC050,0106,3012,preds.pt#3012
1BC050,0107,3013,preds.pt#3013
1BC050,0108,3014,preds.pt#3014
1BC050,0109,3015,preds.pt#3015
1BC050,0110,3016,preds.pt#3016
1BC050,0111,3017,preds.pt#3017
1BC050,0112,3018,preds.pt#3018
1BC050,0113,3019,preds.pt#3019
1BC050,0114,3020,preds.pt#3020
1BC050,0115,3021,preds.pt#3021
1BC050,0116,3022,preds.pt#3022
1BC050,0117,3023,preds.pt#3023
1BC050,0118,3024,preds.pt#3024
1BC050,0119,3025,preds.pt#3025
1BC050,0120,3026,preds.pt#3026
1BC050,0121,3027,preds.pt#3027
1BC050,0122,3028,preds.pt#3028
1BC050,0123,3029,preds.pt#3029
1BC050,0124,3030,preds.pt#3030
1BC050,0125,3031,preds.pt#3031
1BC050,0126,3032,preds.pt#3032
1BC050,0127,3033,preds.pt#3033
1BC050,0128,3034,preds.pt#3034
1BC050,0129,3035,preds.pt#3035
1BC050,0130,3036,preds.pt#3036
1BC050,0131,3037,preds.pt#3037
1BC050,0132,3038,preds.pt#3038
1BC050,0133,3039,preds.pt#3039
1BC050,0134,3040,preds.pt#3040
1BC050,0135,3041,preds.pt#3041
1BC050,0136,3042,preds.pt#3042
1BC050,0137,3043,preds.pt#3043
1BC050,0138,3044,preds.pt#3044
1BC050,0139,3045,preds.pt#3045
1BC050,0140,3046,preds.pt#3046
1BC050,0141,3047,preds.pt#3047
1BC050,0142,3048,preds.pt#3048
1BC050,0143,3049,preds.pt#3049
1BC050,0144,3050,preds.pt#3050
1BC050,0145,3051,preds.pt#3051
1BC050,0146,3052,preds.pt#3052
1BC050,0147,3053,preds.pt#3053
1BC050,0148,3054,preds.pt#3054
1BC050,0149,3055,preds.pt#3055
1BC050,0150,3056,preds.pt#3056
1BC050,0151,3057,preds.pt#3057
1BC050,0152,3058,preds.pt#3058
1BC050,0153,3059,preds.pt#3059
1BC050,0154,3060,preds.pt#3060
1BC050,0155,3061,preds.pt#3061
1BC050,0156,3062,preds.pt#3062
1BC050,0157,3063,preds.pt#3063
1BC050,0158,3064,preds.pt#3064
1BC050,0159,3065,preds.pt#3065
1BC050,0160,3066,preds.pt#3066
1BC050,0161,3067,preds.pt#3067
1BC050,0162,3068,preds.pt#3068
1BC050,0163,3069,preds.pt#3069
1BC050,0164,3070,preds.pt#3070
1BC066,0000,3071,preds.pt#3071
1BC066,0001,3072,preds.pt#3072
1BC066,0002,3073,preds.pt#3073
1BC066,0003,3074,preds.pt#3074
1BC066,0004,3075,preds.pt#3075
1BC066,0005,3076,preds.pt#3076
1BC066,0006,3077,preds.pt#3077
1BC066,0007,3078,preds.pt#3078
1BC066,0008,3079,preds.pt#3079
1BC066,0009,3080,preds.pt#3080
1BC066,0010,3081,preds.pt#3081
1BC066,0011,3082,preds.pt#3082
1BC066,0012,3083,preds.pt#3083
1BC066,0013,3084,preds.pt#3084
1BC066,0014,3085,preds.pt#3085
1BC066,0015,3086,preds.pt#3086
1BC066,0016,3087,preds.pt#3087
1BC066,0017,3088,preds.pt#3088
1BC066,0018,3089,preds.pt#3089
1BC066,0019,3090,preds.pt#3090
1BC066,0020,3091,preds.pt#3091
1BC066,0021,3092,preds.pt#3092
1BC066,0022,3093,preds.pt#3093
1BC066,0023,3094,preds.pt#3094
1BC066,0024,3095,preds.pt#3095
1BC066,0025,3096,preds.pt#3096
1BC066,0026,3097,preds.pt#3097
1BC066,0027,3098,preds.pt#3098
1BC066,0028,3099,preds.pt#3099
1BC066,0029,3100,preds.pt#3100
1BC066,0030,3101,preds.pt#3101
1BC066,0031,3102,preds.pt#3102
1BC066,0032,3103,preds.pt#3103
1BC066,0033,3104,preds.pt#3104
1BC066,0034,3105,preds.pt#3105
1BC066,0035,3106,preds.pt#3106
1BC066,0036,3107,preds.pt#3107
1BC066,0037,3108,preds.pt#3108
1BC066,0038,3109,preds.pt#3109
1BC066,0039,3110,preds.pt#3110
1BC066,0040,3111,preds.pt#3111
1BC066,0041,3112,preds.pt#3112
1BC066,0042,3113,preds.pt#3113
1BC066,0043,3114,preds.pt#3114
1BC066,0044,3115,preds.pt#3115
1BC066,0045,3116,preds.pt#3116
1BC066,0046,3117,preds.pt#3117
1BC066,0047,3118,preds.pt#3118
1BC066,0048,3119,preds.pt#3119
1BC066,0049,3120,preds.pt#3120
1BC066,0050,3121,preds.pt#3121
1BC066,0051,3122,preds.pt#3122
1BC066,0052,3123,preds.pt#3123
1BC066,0053,3124,preds.pt#3124
1BC066,0054,3125,preds.pt#3125
1BC066,0055,3126,preds.pt#3126
1BC066,0056,3127,preds.pt#3127
1BC066,0057,3128,preds.pt#3128
1BC066,0058,3129,preds.pt#3129
1BC066,0059,3130,preds.pt#3130
1BC066,0060,3131,preds.pt#3131
1BC066,0061,3132,preds.pt#3132
1BC066,0062,3133,preds.pt#3133
1BC066,0063,3134,preds.pt#3134
1BC066,0064,3135,preds.pt#3135
1BC066,0065,3136,preds.pt#3136
1BC066,0066,3137,preds.pt#3137
1BC066,0067,3138,preds.pt#3138
1BC066,0068,3139,preds.pt#3139
1BC066,0069,3140,preds.pt#3140
1BC066,0070,3141,preds.pt#3141
1BC066,0071,3142,preds.pt#3142
1BC066,0072,3143,preds.pt#3143
1BC066,0073,3144,preds.pt#3144
1BC066,0074,3145,preds.pt#3145
1BC066,0075,3146,preds.pt#3146
1BC066,0076,3147,preds.pt#3147
1BC066,0077,3148,preds.pt#3148
1BC066,0078,3149,preds.pt#3149
1BC066,0079,3150,preds.pt#3150
1BC066,0080,3151,preds.pt#3151
1BC066,0081,3152,preds.pt#3152
1BC066,0082,3153,preds.pt#3153
1BC066,0083,3154,preds.pt#3154
1BC066,0084,3155,preds.pt#3155
1BC066,0085,3156,preds.pt#3156
1BC066,0086,3157,preds.pt#3157
1BC066,0087,3158,preds.pt#3158
1BC066,0088,3159,preds.pt#3159
1BC066,0089,3160,preds.pt#3160
1BC066,0090,3161,preds.pt#3161
1BC066,0091,3162,preds.pt#3162
1BC066,0092,3163,preds.pt#3163
1BC066,0093,3164,preds.pt#3164
1BC066,0094,3165,preds.pt#3165
1BC066,0095,3166,preds.pt#3166
1BC066,0096,3167,preds.pt#3167
1BC066,0097,3168,preds.pt#3168
1BC066,0098,3169,preds.pt#3169
1BC066,0099,3170,preds.pt#3170
1BC066,0100,3171,preds.pt#3171
1BC066,0101,3172,preds.pt#3172
1BC066,0102,3173,preds.pt#3173
1BC066,0103,3174,preds.pt#3174
1BC066,0104,3175,preds.pt#3175
1BC066,0105,3176,preds.pt#3176
1BC066,0106,3177,preds.pt#3177
1BC066,0107,3178,preds.pt#3178
1BC066,0108,3179,preds.pt#3179
1BC066,0109,3180,preds.pt#3180
1BC066,0110,3181,preds.pt#3181
1BC066,0111,3182,preds.pt#3182
1BC066,0112,3183,preds.pt#3183
1BC066,0113,3184,preds.pt#3184
1BC066,0114,3185,preds.pt#3185
1BC066,0115,3186,preds.pt#3186
1BC066,0116,3187,preds.pt#3187
1BC066,0117,3188,preds.pt#3188
1BC066,0118,3189,preds.pt#3189
1BC066,0119,3190,preds.pt#3190
1BC066,0120,3191,preds.pt#3191
1BC066,0121,3192,preds.pt#3192
1BC066,0122,3193,preds.pt#3193
1BC066,0123,3194,preds.pt#3194
1BC066,0124,3195,preds.pt#3195
1BC066,0125,3196,preds.pt#3196
1BC066,0126,3197,preds.pt#3197
1BC066,0127,3198,preds.pt#3198
1BC066,0128,3199,preds.pt#3199
1BC066,0129,3200,preds.pt#3200
1BC066,0130,3201,preds.pt#3201
1BC066,0131,3202,preds.pt#3202
1BC066,0132,3203,preds.pt#3203
1BC066,0133,3204,preds.pt#3204
1BC066,0134,3205,preds.pt#3205
1BC066,0135,3206,preds.pt#3206
1BC066,0136,3207,preds.pt#3207
1BC066,0137,3208,preds.pt#3208
1BC066,0138,3209,preds.pt#3209
1BC066,0139,3210,preds.pt#3210
1BC066,0140,3211,preds.pt#3211
1BC066,0141,3212,preds.pt#3212
1BC066,0142,3213,preds.pt#3213
1BC066,0143,3214,preds.pt#3214
1BC066,0144,3215,preds.pt#3215
1BC066,0145,3216,preds.pt#3216
1BC066,0146,3217,preds.pt#3217
1BC066,0147,3218,preds.pt#3218
1BC066,0148,3219,preds.pt#3219
1BC066,0149,3220,preds.pt#3220
1BC066,0150,3221,preds.pt#3221
1BC066,0151,3222,preds.pt#3222
1BC066,0152,3223,preds.pt#3223
1BC066,0153,3224,preds.pt#3224
1BC066,0154,3225,preds.pt#3225
1BC066,0155,3226,preds.pt#3226
1BC066,0156,3227,preds.pt#3227
1BC066,0157,3228,preds.pt#3228
1BC066,0158,3229,preds.pt#3229
1BC066,0159,3230,preds.pt#3230
1BC066,0160,3231,preds.pt#3231
1BC066,0161,3232,preds.pt#3232
1BC066,0162,3233,preds.pt#3233
1BC066,0163,3234,preds.pt#3234
1BC066,0164,3235,preds.pt#3235
1BC066,0165,3236,preds.pt#3236
1BC066,0166,3237,preds.pt#3237
1BC066,0167,3238,preds.pt#3238
1BC066,0168,3239,preds.pt#3239
1BC066,0169,3240,preds.pt#3240
1BC066,0170,3241,preds.pt#3241
1BC066,0171,3242,preds.pt#3242
1BC066,0172,3243,preds.pt#3243
1BC066,0173,3244,preds.pt#3244
1BC080,0001,3245,preds.pt#3245
1BC080,0002,3246,preds.pt#3246
1BC080,0003,3247,preds.pt#3247
1BC080,0004,3248,preds.pt#3248
1BC080,0005,3249,preds.pt#3249
1BC080,0006,3250,preds.pt#3250
1BC080,0007,3251,preds.pt#3251
1BC080,0008,3252,preds.pt#3252
1BC080,0009,3253,preds.pt#3253
1BC080,0010,3254,preds.pt#3254
1BC080,0011,3255,preds.pt#3255
1BC080,0012,3256,preds.pt#3256
1BC080,0013,3257,preds.pt#3257
1BC080,0014,3258,preds.pt#3258
1BC080,0015,3259,preds.pt#3259
1BC080,0016,3260,preds.pt#3260
1BC080,0017,3261,preds.pt#3261
1BC080,0018,3262,preds.pt#3262
1BC080,0019,3263,preds.pt#3263
1BC080,0020,3264,preds.pt#3264
1BC080,0021,3265,preds.pt#3265
1BC080,0022,3266,preds.pt#3266
1BC080,0023,3267,preds.pt#3267
1BC080,0024,3268,preds.pt#3268
1BC080,0025,3269,preds.pt#3269
1BC080,0026,3270,preds.pt#3270
1BC080,0027,3271,preds.pt#3271
1BC080,0028,3272,preds.pt#3272
1BC080,0029,3273,preds.pt#3273
1BC080,0030,3274,preds.pt#3274
1BC080,0031,3275,preds.pt#3275
1BC080,0032,3276,preds.pt#3276
1BC080,0033,3277,preds.pt#3277
1BC080,0034,3278,preds.pt#3278
1BC080,0035,3279,preds.pt#3279
1BC080,0036,3280,preds.pt#3280
1BC080,0037,3281,preds.pt#3281
1BC080,0038,3282,preds.pt#3282
1BC080,0039,3283,preds.pt#3283
1BC080,0040,3284,preds.pt#3284
1BC080,0041,3285,preds.pt#3285
1BC080,0042,3286,preds.pt#3286
1BC080,0043,3287,preds.pt#3287
1BC080,0044,3288,preds.pt#3288
1BC080,0045,3289,preds.pt#3289
1BC080,0046,3290,preds.pt#3290
1BC080,0047,3291,preds.pt#3291
1BC080,0048,3292,preds.pt#3292
1BC080,0049,3293,preds.pt#3293
1BC080,0050,3294,preds.pt#3294
1BC080,0051,3295,preds.pt#3295
1BC080,0052,3296,preds.pt#3296
1BC080,0053,3297,preds.pt#3297
1BC080,0054,3298,preds.pt#3298
1BC080,0055,3299,preds.pt#3299
1BC080,0056,3300,preds.pt#3300
1BC080,0057,3301,preds.pt#3301
1BC080,0058,3302,preds.pt#3302
1BC080,0059,3303,preds.pt#3303
1BC080,0060,3304,preds.pt#3304
1BC080,0061,3305,preds.pt#3305
1BC080,0062,3306,preds.pt#3306
1BC080,0063,3307,preds.pt#3307
1BC080,0064,3308,preds.pt#3308
1BC080,0065,3309,preds.pt#3309
1BC080,0066,3310,preds.pt#3310
1BC080,0067,3311,preds.pt#3311
1BC080,0068,3312,preds.pt#3312
1BC080,0069,3313,preds.pt#3313
1BC080,0070,3314,preds.pt#3314
1BC080,0071,3315,preds.pt#3315
1BC080,0072,3316,preds.pt#3316
1BC080,0073,3317,preds.pt#3317
1BC080,0074,3318,preds.pt#3318
1BC080,0075,3319,preds.pt#3319
1BC080,0076,3320,preds.pt#3320
1BC080,0077,3321,preds.pt#3321
1BC080,0078,3322,preds.pt#3322
1BC080,0079,3323,preds.pt#3323
1BC080,0080,3324,preds.pt#3324
1BC080,0081,3325,preds.pt#3325
1BC080,0082,3326,preds.pt#3326
1BC080,0083,3327,preds.pt#3327
1BC080,0084,3328,preds.pt#3328
1BC080,0085,3329,preds.pt#3329
1BC080,0086,3330,preds.pt#3330
1BC080,0087,3331,preds.pt#3331
1BC080,0088,3332,preds.pt#3332
1BC080,0089,3333,preds.pt#3333
1BC080,0090,3334,preds.pt#3334
1BC080,0091,3335,preds.pt#3335
1BC080,0092,3336,preds.pt#3336
1BC080,0093,3337,preds.pt#3337
1BC080,0094,3338,preds.pt#3338
1BC080,0095,3339,preds.pt#3339
1BC080,0096,3340,preds.pt#3340
1BC080,0097,3341,preds.pt#3341
1BC080,0098,3342,preds.pt#3342
1BC080,0099,3343,preds.pt#3343
1BC080,0100,3344,preds.pt#3344
1BC080,0101,3345,preds.pt#3345
1BC080,0102,3346,preds.pt#3346
1BC080,0103,3347,preds.pt#3347
1BC080,0104,3348,preds.pt#3348
1BC080,0105,3349,preds.pt#3349
1BC080,0106,3350,preds.pt#3350
1BC080,0107,3351,preds.pt#3351
1BC080,0108,3352,preds.pt#3352
1BC080,0109,3353,preds.pt#3353
1BC080,0110,3354,preds.pt#3354
1BC080,0111,3355,preds.pt#3355
1BC080,0112,3356,preds.pt#3356
1BC080,0113,3357,preds.pt#3357
1BC080,0114,3358,preds.pt#3358
1BC080,0115,3359,preds.pt#3359
1BC080,0116,3360,preds.pt#3360
1BC080,0117,3361,preds.pt#3361
1BC080,0118,3362,preds.pt#3362
1BC080,0119,3363,preds.pt#3363
1BC080,0120,3364,preds.pt#3364
1BC080,0121,3365,preds.pt#3365
1BC080,0122,3366,preds.pt#3366
1BC080,0123,3367,preds.pt#3367
1BC080,0124,3368,preds.pt#3368
1BC080,0125,3369,preds.pt#3369
1BC080,0126,3370,preds.pt#3370
1BC080,0127,3371,preds.pt#3371
1BC080,0128,3372,preds.pt#3372
1BC080,0129,3373,preds.pt#3373
1BC080,0130,3374,preds.pt#3374
1BC080,0131,3375,preds.pt#3375
1BC080,0132,3376,preds.pt#3376
1BC080,0133,3377,preds.pt#3377
1BC080,0134,3378,preds.pt#3378
1BC080,0135,3379,preds.pt#3379
1BC080,0136,3380,preds.pt#3380
1BC080,0137,3381,preds.pt#3381
1BC080,0138,3382,preds.pt#3382
1BC080,0139,3383,preds.pt#3383
1BC080,0140,3384,preds.pt#3384
1BC080,0141,3385,preds.pt#3385
1BC080,0142,3386,preds.pt#3386
1BC080,0143,3387,preds.pt#3387
1BC080,0144,3388,preds.pt#3388
1BC080,0145,3389,preds.pt#3389
1BC080,0146,3390,preds.pt#3390
1BC080,0147,3391,preds.pt#3391
1BC080,0148,3392,preds.pt#3392
1BC080,0149,3393,preds.pt#3393
1BC080,0150,3394,preds.pt#3394
1BC080,0151,3395,preds.pt#3395
1BC080,0152,3396,preds.pt#3396
1BC080,0153,3397,preds.pt#3397
1BC080,0154,3398,preds.pt#3398
1BC080,0155,3399,preds.pt#3399
1BC080,0156,3400,preds.pt#3400
1BC080,0157,3401,preds.pt#3401
1BC080,0158,3402,preds.pt#3402
1BC080,0159,3403,preds.pt#3403
1BC080,0160,3404,preds.pt#3404
1BC080,0161,3405,preds.pt#3405
1BC080,0162,3406,preds.pt#3406
1BC080,0163,3407,preds.pt#3407
1BC080,0164,3408,preds.pt#3408
1BC080,0165,3409,preds.pt#3409
1BC080,0166,3410,preds.pt#3410
1BC080,0167,3411,preds.pt#3411
1BC080,0168,3412,preds.pt#3412
1BC080,0169,3413,preds.pt#3413
1BC080,0170,3414,preds.pt#3414
