patient,slice,method,seed,ssim,psnr,lpips,prediction_path
1BA012,0002,BridgeRefine-L1,42,0.953668,33.376240,0.074996,preds.pt#0
1BA012,0003,BridgeRefine-L1,42,0.966660,30.113669,0.119699,preds.pt#1
1BA012,0004,BridgeRefine-L1,42,0.959277,27.492380,0.126656,preds.pt#2
1BA012,0005,BridgeRefine-L1,42,0.958475,26.660460,0.141115,preds.pt#3
1BA012,0006,BridgeRefine-L1,42,0.950794,25.528671,0.121498,preds.pt#4
1BA012,0007,BridgeRefine-L1,42,0.946301,24.880402,0.114472,preds.pt#5
1BA012,0008,BridgeRefine-L1,42,0.953580,24.884606,0.125458,preds.pt#6
1BA012,0009,BridgeRefine-L1,42,0.947663,24.679175,0.100888,preds.pt#7
1BA012,0010,BridgeRefine-L1,42,0.945665,24.564287,0.086733,preds.pt#8
1BA012,0011,BridgeRefine-L1,42,0.936059,23.615192,0.102764,preds.pt#9
1BA012,0012,BridgeRefine-L1,42,0.954642,26.095856,0.087711,preds.pt#10
1BA012,0013,BridgeRefine-L1,42,0.945250,25.599325,0.096755,preds.pt#11
1BA012,0014,BridgeRefine-L1,42,0.962909,28.603326,0.083853,preds.pt#12
1BA012,0015,BridgeRefine-L1,42,0.954220,27.824844,0.098208,preds.pt#13
1BA012,0016,BridgeRefine-L1,42,0.945658,26.358583,0.112176,preds.pt#14
1BA012,0017,BridgeRefine-L1,42,0.937199,24.220818,0.112654,preds.pt#15
1BA012,0018,BridgeRefine-L1,42,0.937047,25.366634,0.122259,preds.pt#16
1BA012,0019,BridgeRefine-L1,42,0.929110,24.258076,0.119103,preds.pt#17
1BA012,0020,BridgeRefine-L1,42,0.928875,24.707744,0.114751,preds.pt#18
1BA012,0021,BridgeRefine-L1,42,0.920048,23.739958,0.117198,preds.pt#19
1BA012,0022,BridgeRefine-L1,42,0.927074,24.670942,0.113732,preds.pt#20
1BA012,0023,BridgeRefine-L1,42,0.923292,24.427498,0.112718,preds.pt#21
1BA012,0024,BridgeRefine-L1,42,0.922324,24.207909,0.114146,preds.pt#22
1BA012,0025,BridgeRefine-L1,42,0.908499,22.456013,0.133623,preds.pt#23
1BA012,0026,BridgeRefine-L1,42,0.915706,23.359151,0.126421,preds.pt#24
1BA012,0027,BridgeRefine-L1,42,0.910394,23.186479,0.137414,preds.pt#25
1BA012,0028,BridgeRefine-L1,42,0.906892,23.099235,0.136718,preds.pt#26
1BA012,0029,BridgeRefine-L1,42,0.901122,22.818556,0.144754,preds.pt#27
1BA012,0030,BridgeRefine-L1,42,0.904006,23.402364,0.149681,preds.pt#28
1BA012,0031,BridgeRefine-L1,42,0.908582,23.427412,0.157975,preds.pt#29
1BA012,0032,BridgeRefine-L1,42,0.903101,22.845827,0.136412,preds.pt#30
1BA012,0033,BridgeRefine-L1,42,0.896512,22.508934,0.152986,preds.pt#31
1BA012,0034,BridgeRefine-L1,42,0.891261,22.037955,0.144039,preds.pt#32
1BA012,0035,BridgeRefine-L1,42,0.890325,21.999643,0.126809,preds.pt#33
1BA012,0036,BridgeRefine-L1,42,0.882215,21.331056,0.124474,preds.pt#34
1BA012,0037,BridgeRefine-L1,42,0.889387,21.682618,0.132943,preds.pt#35
1BA012,0038,BridgeRefine-L1,42,0.880713,21.389006,0.137681,preds.pt#36
1BA012,0039,BridgeRefine-L1,42,0.875396,21.093062,0.130097,preds.pt#37
1BA012,0040,BridgeRefine-L1,42,0.883832,21.565825,0.128637,preds.pt#38
1BA012,0041,BridgeRefine-L1,42,0.875051,21.130260,0.140614,preds.pt#39
1BA012,0042,BridgeRefine-L1,42,0.880519,21.165459,0.141140,preds.pt#40
1BA012,0043,BridgeRefine-L1,42,0.865951,20.493351,0.148222,preds.pt#41
1BA012,0044,BridgeRefine-L1,42,0.866879,20.268175,0.158326,preds.pt#42
1BA012,0045,BridgeRefine-L1,42,0.863774,20.483798,0.146644,preds.pt#43
1BA012,0046,BridgeRefine-L1,42,0.868786,20.610634,0.150219,preds.pt#44
1BA012,0047,BridgeRefine-L1,42,0.852106,19.740069,0.158240,preds.pt#45
1BA012,0048,BridgeRefine-L1,42,0.864819,20.255805,0.155721,preds.pt#46
1BA012,0049,BridgeRefine-L1,42,0.866824,20.448871,0.128038,preds.pt#47
1BA012,0050,BridgeRefine-L1,42,0.878156,21.050532,0.131775,preds.pt#48
1BA012,0051,BridgeRefine-L1,42,0.876337,20.486167,0.143964,preds.pt#49
1BA012,0052,BridgeRefine-L1,42,0.873033,20.481160,0.130806,preds.pt#50
1BA012,0053,BridgeRefine-L1,42,0.870144,20.339980,0.119665,preds.pt#51
1BA012,0054,BridgeRefine-L1,42,0.880733,21.019746,0.121175,preds.pt#52
1BA012,0055,BridgeRefine-L1,42,0.879635,20.830374,0.134461,preds.pt#53
1BA012,0056,BridgeRefine-L1,42,0.879685,21.055276,0.120824,preds.pt#54
1BA012,0057,BridgeRefine-L1,42,0.873064,20.955888,0.131348,preds.pt#55
1BA012,0058,BridgeRefine-L1,42,0.879976,21.456979,0.123022,preds.pt#56
1BA012,0059,BridgeRefine-L1,42,0.875145,21.330855,0.137881,preds.pt#57
1BA012,0060,BridgeRefine-L1,42,0.867629,21.168356,0.140716,preds.pt#58
1BA012,0061,BridgeRefine-L1,42,0.869484,21.158551,0.155628,preds.pt#59
1BA012,0062,BridgeRefine-L1,42,0.866119,20.906662,0.159816,preds.pt#60
1BA012,0063,BridgeRefine-L1,42,0.849528,20.125633,0.167600,preds.pt#61
1BA012,0064,BridgeRefine-L1,42,0.849727,20.385361,0.161479,preds.pt#62
1BA012,0065,BridgeRefine-L1,42,0.848685,20.359294,0.157568,preds.pt#63
1BA012,0066,BridgeRefine-L1,42,0.848406,20.075084,0.150334,preds.pt#64
1BA012,0067,BridgeRefine-L1,42,0.849295,20.589372,0.164112,preds.pt#65
1BA012,0068,BridgeRefine-L1,42,0.855055,20.485053,0.165195,preds.pt#66
1BA012,0069,BridgeRefine-L1,42,0.845758,20.494034,0.168115,preds.pt#67
1BA012,0070,BridgeRefine-L1,42,0.852231,20.432672,0.138873,preds.pt#68
1BA012,0071,BridgeRefine-L1,42,0.851355,20.708988,0.140556,preds.pt#69
1BA012,0072,BridgeRefine-L1,42,0.855250,20.808685,0.141722,preds.pt#70
1BA012,0073,BridgeRefine-L1,42,0.846089,20.791411,0.149170,preds.pt#71
1BA012,0074,BridgeRefine-L1,42,0.850610,20.757603,0.132858,preds.pt#72
1BA012,0075,BridgeRefine-L1,42,0.845789,20.855642,0.148072,preds.pt#73
1BA012,0076,BridgeRefine-L1,42,0.840362,20.797577,0.145406,preds.pt#74
1BA012,0077,BridgeRefine-L1,42,0.835262,20.927130,0.148055,preds.pt#75
1BA012,0078,BridgeRefine-L1,42,0.832954,20.571484,0.139201,preds.pt#76
1BA012,0079,BridgeRefine-L1,42,0.823675,20.339215,0.138643,preds.pt#77
1BA012,0080,BridgeRefine-L1,42,0.832944,20.368507,0.128830,preds.pt#78
1BA012,0081,BridgeRefine-L1,42,0.824216,20.116223,0.122875,preds.pt#79
1BA012,0082,BridgeRefine-L1,42,0.816821,19.683280,0.121155,preds.pt#80
1BA012,0083,BridgeRefine-L1,42,0.810343,19.613841,0.144702,preds.pt#81
1BA012,0084,BridgeRefine-L1,42,0.797325,18.786270,0.135153,preds.pt#82
1BA012,0085,BridgeRefine-L1,42,0.790200,19.278786,0.144448,preds.pt#83
1BA012,0086,BridgeRefine-L1,42,0.796988,18.991548,0.131009,preds.pt#84
1BA012,0087,BridgeRefine-L1,42,0.804400,19.265043,0.147769,preds.pt#85
1BA012,0088,BridgeRefine-L1,42,0.820050,19.739607,0.133332,preds.pt#86
1BA012,0089,BridgeRefine-L1,42,0.817563,19.650751,0.136530,preds.pt#87
1BA012,0090,BridgeRefine-L1,42,0.814682,19.302717,0.126075,preds.pt#88
1BA012,0091,BridgeRefine-L1,42,0.817636,19.417770,0.128623,preds.pt#89
1BA012,0092,BridgeRefine-L1,42,0.823248,19.719309,0.129064,preds.pt#90
1BA012,0093,BridgeRefine-L1,42,0.837388,19.832559,0.126650,preds.pt#91
1BA012,0094,BridgeRefine-L1,42,0.849590,19.843736,0.111831,preds.pt#92
1BA012,0095,BridgeRefine-L1,42,0.849450,20.152087,0.108410,preds.pt#93
1BA012,0096,BridgeRefine-L1,42,0.855757,20.048602,0.094888,preds.pt#94
1BA012,0097,BridgeRefine-L1,42,0.848713,20.629280,0.083712,preds.pt#95
1BA012,0098,BridgeRefine-L1,42,0.858143,20.260361,0.105067,preds.pt#96
1BA012,0099,BridgeRefine-L1,42,0.862195,20.825644,0.100149,preds.pt#97
1BA012,0100,BridgeRefine-L1,42,0.870497,20.764989,0.093623,preds.pt#98
1BA012,0101,BridgeRefine-L1,42,0.867054,20.560943,0.093609,preds.pt#99
1BA012,0102,BridgeRefine-L1,42,0.869784,19.919402,0.097445,preds.pt#100
1BA012,0103,BridgeRefine-L1,42,0.858165,20.023412,0.100854,preds.pt#101
1BA012,0104,BridgeRefine-L1,42,0.863551,19.268107,0.096897,preds.pt#102
1BA012,0105,BridgeRefine-L1,42,0.848347,19.657593,0.092166,preds.pt#103
1BA012,0106,BridgeRefine-L1,42,0.862806,19.696760,0.103543,preds.pt#104
1BA012,0107,BridgeRefine-L1,42,0.843686,19.564838,0.099382,preds.pt#105
1BA012,0108,BridgeRefine-L1,42,0.855338,19.503259,0.090200,preds.pt#106
1BA012,0109,BridgeRefine-L1,42,0.848103,19.672458,0.095740,preds.pt#107
1BA012,0110,BridgeRefine-L1,42,0.863297,19.739662,0.082019,preds.pt#108
1BA012,0111,BridgeRefine-L1,42,0.855801,20.297726,0.082950,preds.pt#109
1BA012,0112,BridgeRefine-L1,42,0.857561,19.654561,0.086940,preds.pt#110
1BA012,0113,BridgeRefine-L1,42,0.871705,21.145087,0.076344,preds.pt#111
1BA012,0114,BridgeRefine-L1,42,0.880763,20.807188,0.067085,preds.pt#112
1BA012,0115,BridgeRefine-L1,42,0.882643,21.401413,0.075659,preds.pt#113
1BA012,0116,BridgeRefine-L1,42,0.869510,20.111194,0.089376,preds.pt#114
1BA012,0117,BridgeRefine-L1,42,0.867446,20.806685,0.078799,preds.pt#115
1BA012,0118,BridgeRefine-L1,42,0.871781,20.263867,0.081803,preds.pt#116
1BA012,0119,BridgeRefine-L1,42,0.874074,21.096924,0.071599,preds.pt#117
1BA012,0120,BridgeRefine-L1,42,0.878486,20.778789,0.073486,preds.pt#118
1BA012,0121,BridgeRefine-L1,42,0.875829,20.768071,0.066392,preds.pt#119
1BA012,0122,BridgeRefine-L1,42,0.868150,19.883525,0.077756,preds.pt#120
1BA012,0123,BridgeRefine-L1,42,0.867199,20.520026,0.085027,preds.pt#121
1BA012,0124,BridgeRefine-L1,42,0.863381,19.455855,0.099095,preds.pt#122
1BA012,0125,BridgeRefine-L1,42,0.876697,20.712904,0.090334,preds.pt#123
1BA012,0126,BridgeRefine-L1,42,0.883159,20.574036,0.082437,preds.pt#124
1BA012,0127,BridgeRefine-L1,42,0.886217,20.574330,0.071897,preds.pt#125
1BA012,0128,BridgeRefine-L1,42,0.889914,20.979026,0.065495,preds.pt#126
1BA012,0129,BridgeRefine-L1,42,0.881028,20.926281,0.077058,preds.pt#127
1BA012,0130,BridgeRefine-L1,42,0.885409,20.899304,0.066561,preds.pt#128
1BA012,0131,BridgeRefine-L1,42,0.885275,21.017669,0.058231,preds.pt#129
1BA012,0132,BridgeRefine-L1,42,0.895238,21.641418,0.057067,preds.pt#130
1BA012,0133,BridgeRefine-L1,42,0.883082,21.323459,0.069022,preds.pt#131
1BA012,0134,BridgeRefine-L1,42,0.883971,21.547653,0.062270,preds.pt#132
1BA012,0135,BridgeRefine-L1,42,0.885031,21.857039,0.059475,preds.pt#133
1BA012,0136,BridgeRefine-L1,42,0.892084,22.137975,0.058215,preds.pt#134
1BA012,0137,BridgeRefine-L1,42,0.888065,21.934481,0.060879,preds.pt#135
1BA012,0138,BridgeRefine-L1,42,0.882443,21.573149,0.071927,preds.pt#136
1BA012,0139,BridgeRefine-L1,42,0.883789,21.939776,0.065532,preds.pt#137
1BA012,0140,BridgeRefine-L1,42,0.882895,21.147378,0.075391,preds.pt#138
1BA012,0141,BridgeRefine-L1,42,0.867354,21.156002,0.069641,preds.pt#139
1BA012,0142,BridgeRefine-L1,42,0.867320,20.961497,0.080278,preds.pt#140
1BA012,0143,BridgeRefine-L1,42,0.858402,20.484726,0.086027,preds.pt#141
1BA012,0144,BridgeRefine-L1,42,0.864693,20.578881,0.083211,preds.pt#142
1BA012,0145,BridgeRefine-L1,42,0.852058,20.426519,0.090338,preds.pt#143
1BA012,0146,BridgeRefine-L1,42,0.867856,20.789135,0.074788,preds.pt#144
1BA012,0147,BridgeRefine-L1,42,0.846440,20.159490,0.081407,preds.pt#145
1BA012,0148,BridgeRefine-L1,42,0.859010,20.444699,0.076152,preds.pt#146
1BA012,0149,BridgeRefine-L1,42,0.852343,20.499845,0.080557,preds.pt#147
1BA012,0150,BridgeRefine-L1,42,0.850895,20.291510,0.080678,preds.pt#148
1BA012,0151,BridgeRefine-L1,42,0.855912,20.558237,0.079274,preds.pt#149
1BA012,0152,BridgeRefine-L1,42,0.858467,20.184490,0.074043,preds.pt#150
1BA012,0153,BridgeRefine-L1,42,0.855002,20.069877,0.069966,preds.pt#151
1BA012,0154,BridgeRefine-L1,42,0.868400,20.237771,0.076340,preds.pt#152
1BA012,0155,BridgeRefine-L1,42,0.859565,19.894431,0.068149,preds.pt#153
1BA012,0156,BridgeRefine-L1,42,0.863505,19.776157,0.063927,preds.pt#154
1BA012,0157,BridgeRefine-L1,42,0.861181,19.786881,0.075489,preds.pt#155
1BA012,0158,BridgeRefine-L1,42,0.865797,19.668528,0.076563,preds.pt#156
1BA012,0159,BridgeRefine-L1,42,0.861298,19.831557,0.083575,preds.pt#157
1BA012,0160,BridgeRefine-L1,42,0.877480,20.250264,0.064712,preds.pt#158
1BA012,0161,BridgeRefine-L1,42,0.865674,19.773868,0.073214,preds.pt#159
1BA012,0162,BridgeRefine-L1,42,0.881840,20.453750,0.068521,preds.pt#160
1BA012,0163,BridgeRefine-L1,42,0.879374,20.335470,0.076899,preds.pt#161
1BA012,0164,BridgeRefine-L1,42,0.888357,20.370485,0.066040,preds.pt#162
1BA012,0165,BridgeRefine-L1,42,0.889315,20.728293,0.078497,preds.pt#163
1BA012,0166,BridgeRefine-L1,42,0.897477,20.639349,0.068599,preds.pt#164
1BA012,0167,BridgeRefine-L1,42,0.885814,20.525436,0.090401,preds.pt#165
1BA012,0168,BridgeRefine-L1,42,0.890639,20.508414,0.079009,preds.pt#166
1BA012,0169,BridgeRefine-L1,42,0.884180,20.692305,0.091993,preds.pt#167
1BA012,0170,BridgeRefine-L1,42,0.898316,21.145410,0.080140,preds.pt#168
1BA012,0171,BridgeRefine-L1,42,0.888874,21.239233,0.110457,preds.pt#169
1BA012,0172,BridgeRefine-L1,42,0.895960,20.836350,0.097534,preds.pt#170
1BA012,0173,BridgeRefine-L1,42,0.890352,20.908806,0.103812,preds.pt#171
1BA012,0174,BridgeRefine-L1,42,0.892418,20.814257,0.085998,preds.pt#172
1BA012,0175,BridgeRefine-L1,42,0.895984,21.841136,0.107737,preds.pt#173
1BA012,0176,BridgeRefine-L1,42,0.890842,20.662639,0.104191,preds.pt#174
1BA012,0177,BridgeRefine-L1,42,0.887530,20.758744,0.110681,preds.pt#175
1BA012,0178,BridgeRefine-L1,42,0.889013,20.388971,0.092368,preds.pt#176
1BA012,0179,BridgeRefine-L1,42,0.883165,21.182214,0.094925,preds.pt#177
1BA012,0180,BridgeRefine-L1,42,0.895207,21.098017,0.111574,preds.pt#178
1BA012,0181,BridgeRefine-L1,42,0.894746,21.936417,0.149690,preds.pt#179
1BA012,0182,BridgeRefine-L1,42,0.891669,21.008702,0.131725,preds.pt#180
1BA012,0183,BridgeRefine-L1,42,0.894695,21.908871,0.149505,preds.pt#181
1BA012,0184,BridgeRefine-L1,42,0.902931,21.045888,0.134116,preds.pt#182
1BA012,0185,BridgeRefine-L1,42,0.901634,22.933934,0.176159,preds.pt#183
1BA012,0186,BridgeRefine-L1,42,0.914430,23.037921,0.124313,preds.pt#184
1BA012,0187,BridgeRefine-L1,42,0.904381,23.129028,0.172038,preds.pt#185
1BA012,0188,BridgeRefine-L1,42,0.909972,21.941658,0.131893,preds.pt#186
1BA012,0189,BridgeRefine-L1,42,0.903601,22.767852,0.174426,preds.pt#187
1BA012,0190,BridgeRefine-L1,42,0.903527,21.781396,0.120355,preds.pt#188
1BA012,0191,BridgeRefine-L1,42,0.892479,24.299931,0.134393,preds.pt#189
1BA012,0192,BridgeRefine-L1,42,0.906243,25.380400,0.121437,preds.pt#190
1BA012,0194,BridgeRefine-L1,42,0.919210,26.729582,0.114981,preds.pt#191
1BA091,0001,BridgeRefine-L1,42,0.976222,43.429668,0.041342,preds.pt#192
1BA091,0002,BridgeRefine-L1,42,0.978348,40.958376,0.077080,preds.pt#193
1BA091,0003,BridgeRefine-L1,42,0.974520,36.545557,0.082277,preds.pt#194
1BA091,0004,BridgeRefine-L1,42,0.969195,33.643808,0.105565,preds.pt#195
1BA091,0005,BridgeRefine-L1,42,0.955536,28.622417,0.157435,preds.pt#196
1BA091,0006,BridgeRefine-L1,42,0.959038,28.779782,0.109003,preds.pt#197
1BA091,0007,BridgeRefine-L1,42,0.958527,27.462941,0.137900,preds.pt#198
1BA091,0008,BridgeRefine-L1,42,0.950010,25.387278,0.185942,preds.pt#199
1BA091,0009,BridgeRefine-L1,42,0.946871,24.313764,0.172033,preds.pt#200
1BA091,0010,BridgeRefine-L1,42,0.942438,23.841970,0.186583,preds.pt#201
1BA091,0011,BridgeRefine-L1,42,0.952827,25.424555,0.153465,preds.pt#202
1BA091,0012,BridgeRefine-L1,42,0.942733,24.546813,0.158854,preds.pt#203
1BA091,0013,BridgeRefine-L1,42,0.940904,23.546767,0.150535,preds.pt#204
1BA091,0014,BridgeRefine-L1,42,0.937023,23.368961,0.140340,preds.pt#205
1BA091,0015,BridgeRefine-L1,42,0.940110,24.128710,0.146680,preds.pt#206
1BA091,0016,BridgeRefine-L1,42,0.942049,24.401610,0.158303,preds.pt#207
1BA091,0017,BridgeRefine-L1,42,0.937410,24.799769,0.160991,preds.pt#208
1BA091,0018,BridgeRefine-L1,42,0.934110,23.924157,0.154814,preds.pt#209
1BA091,0019,BridgeRefine-L1,42,0.932523,23.681258,0.171244,preds.pt#210
1BA091,0020,BridgeRefine-L1,42,0.936005,23.718261,0.147288,preds.pt#211
1BA091,0021,BridgeRefine-L1,42,0.930777,23.688059,0.157249,preds.pt#212
1BA091,0022,BridgeRefine-L1,42,0.925671,23.754454,0.151600,preds.pt#213
1BA091,0023,BridgeRefine-L1,42,0.918677,22.648920,0.166393,preds.pt#214
1BA091,0024,BridgeRefine-L1,42,0.913035,22.667856,0.139545,preds.pt#215
1BA091,0025,BridgeRefine-L1,42,0.917066,22.414746,0.143658,preds.pt#216
1BA091,0026,BridgeRefine-L1,42,0.920086,22.812603,0.132631,preds.pt#217
1BA091,0027,BridgeRefine-L1,42,0.902030,22.136173,0.137140,preds.pt#218
1BA091,0028,BridgeRefine-L1,42,0.912029,23.170554,0.152189,preds.pt#219
1BA091,0029,BridgeRefine-L1,42,0.906574,21.892903,0.160617,preds.pt#220
1BA091,0030,BridgeRefine-L1,42,0.908364,22.495908,0.149278,preds.pt#221
1BA091,0031,BridgeRefine-L1,42,0.902855,21.749745,0.163977,preds.pt#222
1BA091,0032,BridgeRefine-L1,42,0.902785,22.218546,0.166868,preds.pt#223
1BA091,0033,BridgeRefine-L1,42,0.896493,21.899052,0.156655,preds.pt#224
1BA091,0034,BridgeRefine-L1,42,0.892431,21.702657,0.151801,preds.pt#225
1BA091,0035,BridgeRefine-L1,42,0.887992,21.459277,0.158872,preds.pt#226
1BA091,0036,BridgeRefine-L1,42,0.887630,21.565058,0.153492,preds.pt#227
1BA091,0037,BridgeRefine-L1,42,0.884108,21.243634,0.136186,preds.pt#228
1BA091,0038,BridgeRefine-L1,42,0.871037,20.512738,0.133767,preds.pt#229
1BA091,0039,BridgeRefine-L1,42,0.869178,20.502337,0.124893,preds.pt#230
1BA091,0040,BridgeRefine-L1,42,0.860029,20.031377,0.122288,preds.pt#231
1BA091,0041,BridgeRefine-L1,42,0.855701,20.058074,0.136793,preds.pt#232
1BA091,0042,BridgeRefine-L1,42,0.850009,20.087965,0.154150,preds.pt#233
1BA091,0043,BridgeRefine-L1,42,0.844560,19.793271,0.174041,preds.pt#234
1BA091,0044,BridgeRefine-L1,42,0.833822,19.457663,0.162756,preds.pt#235
1BA091,0045,BridgeRefine-L1,42,0.834576,19.736226,0.164764,preds.pt#236
1BA091,0046,BridgeRefine-L1,42,0.835334,19.863059,0.163614,preds.pt#237
1BA091,0047,BridgeRefine-L1,42,0.838316,19.826104,0.165370,preds.pt#238
1BA091,0048,BridgeRefine-L1,42,0.832045,19.764872,0.183444,preds.pt#239
1BA091,0049,BridgeRefine-L1,42,0.831936,19.807032,0.187277,preds.pt#240
1BA091,0050,BridgeRefine-L1,42,0.836274,19.997335,0.168844,preds.pt#241
1BA091,0051,BridgeRefine-L1,42,0.836068,20.056116,0.165885,preds.pt#242
1BA091,0052,BridgeRefine-L1,42,0.835227,19.957264,0.181745,preds.pt#243
1BA091,0053,BridgeRefine-L1,42,0.835767,20.032745,0.170285,preds.pt#244
1BA091,0054,BridgeRefine-L1,42,0.826362,19.671126,0.177407,preds.pt#245
1BA091,0055,BridgeRefine-L1,42,0.827373,19.420695,0.174470,preds.pt#246
1BA091,0056,BridgeRefine-L1,42,0.842254,19.755860,0.165723,preds.pt#247
1BA091,0057,BridgeRefine-L1,42,0.829485,19.159794,0.147727,preds.pt#248
1BA091,0058,BridgeRefine-L1,42,0.826665,19.226476,0.151982,preds.pt#249
1BA091,0059,BridgeRefine-L1,42,0.828316,19.257349,0.149015,preds.pt#250
1BA091,0060,BridgeRefine-L1,42,0.823765,19.146931,0.147375,preds.pt#251
1BA091,0061,BridgeRefine-L1,42,0.822190,18.724285,0.153759,preds.pt#252
1BA091,0062,BridgeRefine-L1,42,0.823159,18.884528,0.156727,preds.pt#253
1BA091,0063,BridgeRefine-L1,42,0.818956,19.051052,0.173270,preds.pt#254
1BA091,0064,BridgeRefine-L1,42,0.815962,18.706110,0.185707,preds.pt#255
1BA091,0065,BridgeRefine-L1,42,0.816279,18.656415,0.196358,preds.pt#256
1BA091,0066,BridgeRefine-L1,42,0.812240,18.625355,0.185326,preds.pt#257
1BA091,0067,BridgeRefine-L1,42,0.818587,19.058131,0.178103,preds.pt#258
1BA091,0068,BridgeRefine-L1,42,0.824426,19.323304,0.191025,preds.pt#259
1BA091,0069,BridgeRefine-L1,42,0.821270,19.535331,0.177557,preds.pt#260
1BA091,0070,BridgeRefine-L1,42,0.815348,19.348978,0.175477,preds.pt#261
1BA091,0071,BridgeRefine-L1,42,0.820398,19.638322,0.158870,preds.pt#262
1BA091,0072,BridgeRefine-L1,42,0.821731,19.783169,0.144275,preds.pt#263
1BA091,0073,BridgeRefine-L1,42,0.826117,19.975545,0.151281,preds.pt#264
1BA091,0074,BridgeRefine-L1,42,0.831999,20.029095,0.159608,preds.pt#265
1BA091,0075,BridgeRefine-L1,42,0.829362,20.001906,0.151478,preds.pt#266
1BA091,0076,BridgeRefine-L1,42,0.833168,19.850024,0.156361,preds.pt#267
1BA091,0077,BridgeRefine-L1,42,0.833049,19.858158,0.153421,preds.pt#268
1BA091,0078,BridgeRefine-L1,42,0.823753,19.544972,0.149623,preds.pt#269
1BA091,0079,BridgeRefine-L1,42,0.827075,19.603322,0.154731,preds.pt#270
1BA091,0080,BridgeRefine-L1,42,0.824546,19.632441,0.147888,preds.pt#271
1BA091,0081,BridgeRefine-L1,42,0.828860,19.583550,0.157129,preds.pt#272
1BA091,0082,BridgeRefine-L1,42,0.821237,19.574977,0.158776,preds.pt#273
1BA091,0083,BridgeRefine-L1,42,0.817032,19.769621,0.148371,preds.pt#274
1BA091,0084,BridgeRefine-L1,42,0.809685,19.609394,0.151976,preds.pt#275
1BA091,0085,BridgeRefine-L1,42,0.793668,19.242493,0.160987,preds.pt#276
1BA091,0086,BridgeRefine-L1,42,0.799249,19.415583,0.150407,preds.pt#277
1BA091,0087,BridgeRefine-L1,42,0.798301,19.375968,0.152525,preds.pt#278
1BA091,0088,BridgeRefine-L1,42,0.803470,19.290312,0.159739,preds.pt#279
1BA091,0089,BridgeRefine-L1,42,0.821938,19.865449,0.137483,preds.pt#280
1BA091,0090,BridgeRefine-L1,42,0.800886,19.393965,0.135062,preds.pt#281
1BA091,0091,BridgeRefine-L1,42,0.823642,19.952920,0.114528,preds.pt#282
1BA091,0092,BridgeRefine-L1,42,0.823627,19.923591,0.133532,preds.pt#283
1BA091,0093,BridgeRefine-L1,42,0.808819,19.631693,0.133774,preds.pt#284
1BA091,0094,BridgeRefine-L1,42,0.814030,19.769489,0.117476,preds.pt#285
1BA091,0095,BridgeRefine-L1,42,0.806878,19.708965,0.116625,preds.pt#286
1BA091,0096,BridgeRefine-L1,42,0.815359,19.940219,0.112803,preds.pt#287
1BA091,0097,BridgeRefine-L1,42,0.816511,19.965838,0.107335,preds.pt#288
1BA091,0098,BridgeRefine-L1,42,0.813612,19.896561,0.127655,preds.pt#289
1BA091,0099,BridgeRefine-L1,42,0.808870,19.274157,0.129243,preds.pt#290
1BA091,0100,BridgeRefine-L1,42,0.815244,19.530874,0.116106,preds.pt#291
1BA091,0101,BridgeRefine-L1,42,0.794644,19.148291,0.139011,preds.pt#292
1BA091,0102,BridgeRefine-L1,42,0.813456,19.576235,0.135173,preds.pt#293
1BA091,0103,BridgeRefine-L1,42,0.810297,19.274565,0.129954,preds.pt#294
1BA091,0104,BridgeRefine-L1,42,0.820217,19.414193,0.140044,preds.pt#295
1BA091,0105,BridgeRefine-L1,42,0.833587,19.817018,0.115132,preds.pt#296
1BA091,0106,BridgeRefine-L1,42,0.841873,19.892367,0.112316,preds.pt#297
1BA091,0107,BridgeRefine-L1,42,0.838414,19.612993,0.130138,preds.pt#298
1BA091,0108,BridgeRefine-L1,42,0.854484,20.039061,0.136210,preds.pt#299
1BA091,0109,BridgeRefine-L1,42,0.864025,20.491385,0.104022,preds.pt#300
1BA091,0110,BridgeRefine-L1,42,0.866180,20.798606,0.113613,preds.pt#301
1BA091,0111,BridgeRefine-L1,42,0.862033,20.647808,0.101715,preds.pt#302
1BA091,0112,BridgeRefine-L1,42,0.867278,20.468042,0.093949,preds.pt#303
1BA091,0113,BridgeRefine-L1,42,0.866930,20.557803,0.098027,preds.pt#304
1BA091,0114,BridgeRefine-L1,42,0.866585,20.447447,0.104637,preds.pt#305
1BA091,0115,BridgeRefine-L1,42,0.868194,20.310092,0.095903,preds.pt#306
1BA091,0116,BridgeRefine-L1,42,0.865927,20.164822,0.098386,preds.pt#307
1BA091,0117,BridgeRefine-L1,42,0.870337,20.364071,0.089674,preds.pt#308
1BA091,0118,BridgeRefine-L1,42,0.869485,20.557146,0.091837,preds.pt#309
1BA091,0119,BridgeRefine-L1,42,0.869379,20.576867,0.090076,preds.pt#310
1BA091,0120,BridgeRefine-L1,42,0.872077,21.099632,0.086185,preds.pt#311
1BA091,0121,BridgeRefine-L1,42,0.872618,21.092307,0.084768,preds.pt#312
1BA091,0122,BridgeRefine-L1,42,0.872156,20.878161,0.076032,preds.pt#313
1BA091,0123,BridgeRefine-L1,42,0.877879,21.092342,0.081252,preds.pt#314
1BA091,0124,BridgeRefine-L1,42,0.877667,20.971196,0.077477,preds.pt#315
1BA091,0125,BridgeRefine-L1,42,0.874467,20.743276,0.077115,preds.pt#316
1BA091,0126,BridgeRefine-L1,42,0.869892,20.629221,0.075072,preds.pt#317
1BA091,0127,BridgeRefine-L1,42,0.868071,20.611390,0.080579,preds.pt#318
1BA091,0128,BridgeRefine-L1,42,0.873277,20.744578,0.064702,preds.pt#319
1BA091,0129,BridgeRefine-L1,42,0.879748,21.045385,0.057676,preds.pt#320
1BA091,0130,BridgeRefine-L1,42,0.874117,20.780722,0.066065,preds.pt#321
1BA091,0131,BridgeRefine-L1,42,0.874842,20.546926,0.064402,preds.pt#322
1BA091,0132,BridgeRefine-L1,42,0.880944,21.087143,0.056930,preds.pt#323
1BA091,0133,BridgeRefine-L1,42,0.891549,20.830866,0.051723,preds.pt#324
1BA091,0134,BridgeRefine-L1,42,0.879213,20.694490,0.052228,preds.pt#325
1BA091,0135,BridgeRefine-L1,42,0.897437,21.207445,0.055088,preds.pt#326
1BA091,0136,BridgeRefine-L1,42,0.900908,21.253357,0.056867,preds.pt#327
1BA091,0137,BridgeRefine-L1,42,0.903739,21.795584,0.046893,preds.pt#328
1BA091,0138,BridgeRefine-L1,42,0.899290,21.633276,0.050874,preds.pt#329
1BA091,0139,BridgeRefine-L1,42,0.906225,22.010438,0.058890,preds.pt#330
1BA091,0140,BridgeRefine-L1,42,0.902588,22.108044,0.058266,preds.pt#331
1BA091,0141,BridgeRefine-L1,42,0.895024,21.997603,0.063272,preds.pt#332
1BA091,0142,BridgeRefine-L1,42,0.896516,22.348906,0.066590,preds.pt#333
1BA091,0143,BridgeRefine-L1,42,0.900054,22.797855,0.062944,preds.pt#334
1BA091,0144,BridgeRefine-L1,42,0.898646,22.725114,0.071614,preds.pt#335
1BA091,0145,BridgeRefine-L1,42,0.906684,23.391406,0.055416,preds.pt#336
1BA091,0146,BridgeRefine-L1,42,0.897424,23.334341,0.058232,preds.pt#337
1BA091,0147,BridgeRefine-L1,42,0.898580,23.016471,0.063260,preds.pt#338
1BA091,0148,BridgeRefine-L1,42,0.875256,21.889070,0.058334,preds.pt#339
1BA091,0149,BridgeRefine-L1,42,0.894901,22.420878,0.051750,preds.pt#340
1BA091,0150,BridgeRefine-L1,42,0.880252,22.036763,0.054295,preds.pt#341
1BA091,0151,BridgeRefine-L1,42,0.895284,22.308410,0.050434,preds.pt#342
1BA091,0152,BridgeRefine-L1,42,0.800980,20.515067,0.050133,preds.pt#343
1BA091,0153,BridgeRefine-L1,42,0.887042,22.651410,0.047807,preds.pt#344
1BA091,0154,BridgeRefine-L1,42,0.791497,20.263456,0.056633,preds.pt#345
1BA091,0155,BridgeRefine-L1,42,0.770485,19.366841,0.068556,preds.pt#346
1BA091,0156,BridgeRefine-L1,42,0.787695,20.225877,0.054951,preds.pt#347
1BA091,0157,BridgeRefine-L1,42,0.770514,19.643691,0.065761,preds.pt#348
1BA091,0158,BridgeRefine-L1,42,0.788796,19.864376,0.056882,preds.pt#349
1BA091,0159,BridgeRefine-L1,42,0.852063,21.387961,0.054976,preds.pt#350
1BA091,0160,BridgeRefine-L1,42,0.781950,19.684330,0.064123,preds.pt#351
1BA091,0161,BridgeRefine-L1,42,0.848359,21.587407,0.047696,preds.pt#352
1BA091,0162,BridgeRefine-L1,42,0.792199,20.313730,0.046078,preds.pt#353
1BA091,0163,BridgeRefine-L1,42,0.804887,20.377802,0.042352,preds.pt#354
1BA091,0164,BridgeRefine-L1,42,0.815152,20.865446,0.038815,preds.pt#355
1BA091,0165,BridgeRefine-L1,42,0.814981,20.336876,0.049962,preds.pt#356
1BA091,0166,BridgeRefine-L1,42,0.806732,20.088940,0.041770,preds.pt#357
1BA091,0167,BridgeRefine-L1,42,0.821001,20.554505,0.041922,preds.pt#358
1BA091,0168,BridgeRefine-L1,42,0.810650,19.915724,0.056492,preds.pt#359
1BA091,0169,BridgeRefine-L1,42,0.920097,23.109310,0.033851,preds.pt#360
1BA091,0170,BridgeRefine-L1,42,0.831118,20.829732,0.042264,preds.pt#361
1BA091,0171,BridgeRefine-L1,42,0.832935,20.704779,0.040873,preds.pt#362
1BA091,0172,BridgeRefine-L1,42,0.869337,21.562486,0.036295,preds.pt#363
1BA091,0173,BridgeRefine-L1,42,0.828610,20.496429,0.033596,preds.pt#364
1BA091,0174,BridgeRefine-L1,42,0.814225,19.770628,0.041670,preds.pt#365
1BA091,0175,BridgeRefine-L1,42,0.827821,20.810459,0.049016,preds.pt#366
1BA091,0176,BridgeRefine-L1,42,0.846531,20.686158,0.048693,preds.pt#367
1BA091,0177,BridgeRefine-L1,42,0.931726,24.033891,0.028977,preds.pt#368
1BA091,0178,BridgeRefine-L1,42,0.928005,23.607338,0.027661,preds.pt#369
1BA091,0179,BridgeRefine-L1,42,0.927454,23.461200,0.029879,preds.pt#370
1BA091,0180,BridgeRefine-L1,42,0.937880,24.127738,0.026308,preds.pt#371
1BA091,0181,BridgeRefine-L1,42,0.906692,22.925019,0.032568,preds.pt#372
1BA091,0182,BridgeRefine-L1,42,0.933678,24.157966,0.031948,preds.pt#373
1BA091,0183,BridgeRefine-L1,42,0.944152,24.555447,0.039727,preds.pt#374
1BA091,0184,BridgeRefine-L1,42,0.933188,23.769661,0.031710,preds.pt#375
1BA091,0185,BridgeRefine-L1,42,0.941693,24.047437,0.032723,preds.pt#376
1BA091,0186,BridgeRefine-L1,42,0.931710,23.485012,0.036749,preds.pt#377
1BA091,0187,BridgeRefine-L1,42,0.932630,23.389901,0.039481,preds.pt#378
1BA091,0188,BridgeRefine-L1,42,0.934487,23.519467,0.046118,preds.pt#379
1BA091,0189,BridgeRefine-L1,42,0.925578,23.006616,0.050432,preds.pt#380
1BA091,0190,BridgeRefine-L1,42,0.919020,22.445980,0.071501,preds.pt#381
1BA091,0191,BridgeRefine-L1,42,0.909531,21.684768,0.064809,preds.pt#382
1BA091,0192,BridgeRefine-L1,42,0.912959,21.641354,0.070573,preds.pt#383
1BA091,0193,BridgeRefine-L1,42,0.884318,20.965363,0.097430,preds.pt#384
1BA091,0194,BridgeRefine-L1,42,0.884688,20.913545,0.102918,preds.pt#385
1BA091,0195,BridgeRefine-L1,42,0.898275,21.607670,0.100169,preds.pt#386
1BA091,0196,BridgeRefine-L1,42,0.911786,22.512323,0.081986,preds.pt#387
1BA091,0197,BridgeRefine-L1,42,0.916113,22.551770,0.119932,preds.pt#388
1BA091,0198,BridgeRefine-L1,42,0.915532,22.354059,0.131039,preds.pt#389
1BA091,0199,BridgeRefine-L1,42,0.911677,22.377968,0.141430,preds.pt#390
1BA091,0200,BridgeRefine-L1,42,0.928437,24.005451,0.090845,preds.pt#391
1BA091,0201,BridgeRefine-L1,42,0.939379,26.026896,0.067326,preds.pt#392
1BA091,0202,BridgeRefine-L1,42,0.949341,27.450523,0.066734,preds.pt#393
1BA091,0203,BridgeRefine-L1,42,0.956298,28.731543,0.053894,preds.pt#394
1BA091,0204,BridgeRefine-L1,42,0.944563,26.476439,0.104764,preds.pt#395
1BA091,0205,BridgeRefine-L1,42,0.962912,32.476641,0.095667,preds.pt#396
1BA091,0206,BridgeRefine-L1,42,0.947784,29.966746,0.116963,preds.pt#397
1BA091,0207,BridgeRefine-L1,42,0.933220,27.593562,0.090143,preds.pt#398
1BA100,0000,BridgeRefine-L1,42,0.939389,27.349236,0.227066,preds.pt#399
1BA100,0001,BridgeRefine-L1,42,0.970547,29.279423,0.137044,preds.pt#400
1BA100,0002,BridgeRefine-L1,42,0.948988,24.357144,0.149254,preds.pt#401
1BA100,0003,BridgeRefine-L1,42,0.939528,23.490372,0.160843,preds.pt#402
1BA100,0004,BridgeRefine-L1,42,0.941164,24.237243,0.145977,preds.pt#403
1BA100,0005,BridgeRefine-L1,42,0.924972,22.622605,0.153099,preds.pt#404
1BA100,0006,BridgeRefine-L1,42,0.932507,23.400008,0.150679,preds.pt#405
1BA100,0007,BridgeRefine-L1,42,0.930732,22.706827,0.154134,preds.pt#406
1BA100,0008,BridgeRefine-L1,42,0.941103,24.557728,0.125988,preds.pt#407
1BA100,0009,BridgeRefine-L1,42,0.938404,23.913587,0.109868,preds.pt#408
1BA100,0010,BridgeRefine-L1,42,0.927517,22.880643,0.107429,preds.pt#409
1BA100,0011,BridgeRefine-L1,42,0.936318,23.799300,0.096875,preds.pt#410
1BA100,0012,BridgeRefine-L1,42,0.923291,22.070594,0.123527,preds.pt#411
1BA100,0013,BridgeRefine-L1,42,0.927715,23.029252,0.117202,preds.pt#412
1BA100,0014,BridgeRefine-L1,42,0.922217,22.852159,0.127853,preds.pt#413
1BA100,0015,BridgeRefine-L1,42,0.914691,21.818414,0.144015,preds.pt#414
1BA100,0016,BridgeRefine-L1,42,0.911840,21.624873,0.136700,preds.pt#415
1BA100,0017,BridgeRefine-L1,42,0.911260,21.605411,0.143842,preds.pt#416
1BA100,0018,BridgeRefine-L1,42,0.904678,20.443927,0.179783,preds.pt#417
1BA100,0019,BridgeRefine-L1,42,0.914141,21.740220,0.173847,preds.pt#418
1BA100,0020,BridgeRefine-L1,42,0.900605,20.220315,0.188232,preds.pt#419
1BA100,0021,BridgeRefine-L1,42,0.906967,20.842377,0.187334,preds.pt#420
1BA100,0022,BridgeRefine-L1,42,0.897825,20.330762,0.177772,preds.pt#421
1BA100,0023,BridgeRefine-L1,42,0.895927,20.222009,0.166482,preds.pt#422
1BA100,0024,BridgeRefine-L1,42,0.902699,20.809685,0.159518,preds.pt#423
1BA100,0025,BridgeRefine-L1,42,0.907687,21.518298,0.161784,preds.pt#424
1BA100,0026,BridgeRefine-L1,42,0.902687,21.709701,0.172700,preds.pt#425
1BA100,0027,BridgeRefine-L1,42,0.901923,21.904507,0.165527,preds.pt#426
1BA100,0028,BridgeRefine-L1,42,0.897815,21.597644,0.152185,preds.pt#427
1BA100,0029,BridgeRefine-L1,42,0.887016,21.556453,0.162811,preds.pt#428
1BA100,0030,BridgeRefine-L1,42,0.882133,21.263149,0.154196,preds.pt#429
1BA100,0031,BridgeRefine-L1,42,0.880241,20.910321,0.155236,preds.pt#430
1BA100,0032,BridgeRefine-L1,42,0.869329,20.744661,0.167278,preds.pt#431
1BA100,0033,BridgeRefine-L1,42,0.860868,20.120353,0.174337,preds.pt#432
1BA100,0034,BridgeRefine-L1,42,0.866618,20.463524,0.161311,preds.pt#433
1BA100,0035,BridgeRefine-L1,42,0.859265,20.106505,0.174995,preds.pt#434
1BA100,0036,BridgeRefine-L1,42,0.855900,20.058683,0.175556,preds.pt#435
1BA100,0037,BridgeRefine-L1,42,0.853769,20.021782,0.160645,preds.pt#436
1BA100,0038,BridgeRefine-L1,42,0.858321,19.913521,0.156836,preds.pt#437
1BA100,0039,BridgeRefine-L1,42,0.859567,20.148308,0.161364,preds.pt#438
1BA100,0040,BridgeRefine-L1,42,0.854812,19.884983,0.157812,preds.pt#439
1BA100,0041,BridgeRefine-L1,42,0.860184,20.312108,0.151835,preds.pt#440
1BA100,0042,BridgeRefine-L1,42,0.869549,20.391926,0.127772,preds.pt#441
1BA100,0043,BridgeRefine-L1,42,0.864710,20.096143,0.152694,preds.pt#442
1BA100,0044,BridgeRefine-L1,42,0.870560,20.065484,0.143792,preds.pt#443
1BA100,0045,BridgeRefine-L1,42,0.876776,20.543179,0.150110,preds.pt#444
1BA100,0046,BridgeRefine-L1,42,0.870978,20.476009,0.136995,preds.pt#445
1BA100,0047,BridgeRefine-L1,42,0.863943,20.395525,0.134752,preds.pt#446
1BA100,0048,BridgeRefine-L1,42,0.858308,20.081971,0.149697,preds.pt#447
1BA100,0049,BridgeRefine-L1,42,0.851880,19.876969,0.161791,preds.pt#448
1BA100,0050,BridgeRefine-L1,42,0.859878,20.127714,0.154163,preds.pt#449
1BA100,0051,BridgeRefine-L1,42,0.860219,20.318445,0.159022,preds.pt#450
1BA100,0052,BridgeRefine-L1,42,0.858486,20.467291,0.167148,preds.pt#451
1BA100,0053,BridgeRefine-L1,42,0.861697,20.404063,0.163774,preds.pt#452
1BA100,0054,BridgeRefine-L1,42,0.853950,20.136640,0.164117,preds.pt#453
1BA100,0055,BridgeRefine-L1,42,0.847628,19.785593,0.148549,preds.pt#454
1BA100,0056,BridgeRefine-L1,42,0.849182,19.755049,0.138397,preds.pt#455
1BA100,0057,BridgeRefine-L1,42,0.842144,19.655773,0.139216,preds.pt#456
1BA100,0058,BridgeRefine-L1,42,0.839829,19.484781,0.148203,preds.pt#457
1BA100,0059,BridgeRefine-L1,42,0.831595,19.299442,0.138680,preds.pt#458
1BA100,0060,BridgeRefine-L1,42,0.822063,18.641816,0.156725,preds.pt#459
1BA100,0061,BridgeRefine-L1,42,0.807325,18.362559,0.163570,preds.pt#460
1BA100,0062,BridgeRefine-L1,42,0.806294,18.424556,0.152945,preds.pt#461
1BA100,0063,BridgeRefine-L1,42,0.793162,17.942775,0.169340,preds.pt#462
1BA100,0064,BridgeRefine-L1,42,0.777737,17.820917,0.174859,preds.pt#463
1BA100,0065,BridgeRefine-L1,42,0.781496,17.860349,0.182072,preds.pt#464
1BA100,0066,BridgeRefine-L1,42,0.738507,17.092308,0.199960,preds.pt#465
1BA100,0067,BridgeRefine-L1,42,0.776720,17.989705,0.190173,preds.pt#466
1BA100,0068,BridgeRefine-L1,42,0.776520,17.913760,0.190833,preds.pt#467
1BA100,0069,BridgeRefine-L1,42,0.729793,16.616254,0.202487,preds.pt#468
1BA100,0070,BridgeRefine-L1,42,0.749602,16.928283,0.193815,preds.pt#469
1BA100,0071,BridgeRefine-L1,42,0.731723,16.821286,0.182633,preds.pt#470
1BA100,0072,BridgeRefine-L1,42,0.749504,17.173898,0.174658,preds.pt#471
1BA100,0073,BridgeRefine-L1,42,0.744382,17.478441,0.165085,preds.pt#472
1BA100,0074,BridgeRefine-L1,42,0.753765,17.551971,0.156514,preds.pt#473
1BA100,0075,BridgeRefine-L1,42,0.761442,17.547296,0.157497,preds.pt#474
1BA100,0076,BridgeRefine-L1,42,0.770342,17.985741,0.142238,preds.pt#475
1BA100,0077,BridgeRefine-L1,42,0.778723,18.037831,0.145373,preds.pt#476
1BA100,0078,BridgeRefine-L1,42,0.775100,17.875123,0.133782,preds.pt#477
1BA100,0079,BridgeRefine-L1,42,0.795093,18.326985,0.120644,preds.pt#478
1BA100,0080,BridgeRefine-L1,42,0.811345,18.542642,0.120964,preds.pt#479
1BA100,0081,BridgeRefine-L1,42,0.827859,19.217887,0.105247,preds.pt#480
1BA100,0082,BridgeRefine-L1,42,0.827656,19.263372,0.102579,preds.pt#481
1BA100,0083,BridgeRefine-L1,42,0.816347,18.594845,0.116435,preds.pt#482
1BA100,0084,BridgeRefine-L1,42,0.803703,18.087164,0.134428,preds.pt#483
1BA100,0085,BridgeRefine-L1,42,0.834827,19.162082,0.109308,preds.pt#484
1BA100,0086,BridgeRefine-L1,42,0.836763,19.374529,0.098447,preds.pt#485
1BA100,0087,BridgeRefine-L1,42,0.849292,19.848673,0.110804,preds.pt#486
1BA100,0088,BridgeRefine-L1,42,0.850239,19.473105,0.113539,preds.pt#487
1BA100,0089,BridgeRefine-L1,42,0.865519,20.027472,0.085871,preds.pt#488
1BA100,0090,BridgeRefine-L1,42,0.856128,19.420799,0.086438,preds.pt#489
1BA100,0091,BridgeRefine-L1,42,0.860328,19.664120,0.099306,preds.pt#490
1BA100,0092,BridgeRefine-L1,42,0.856299,19.645684,0.098298,preds.pt#491
1BA100,0093,BridgeRefine-L1,42,0.853790,19.556155,0.093909,preds.pt#492
1BA100,0094,BridgeRefine-L1,42,0.857965,19.618788,0.077874,preds.pt#493
1BA100,0095,BridgeRefine-L1,42,0.853512,19.296889,0.085233,preds.pt#494
1BA100,0096,BridgeRefine-L1,42,0.857643,19.563973,0.089436,preds.pt#495
1BA100,0097,BridgeRefine-L1,42,0.861057,19.818735,0.089096,preds.pt#496
1BA100,0098,BridgeRefine-L1,42,0.867961,20.100710,0.083321,preds.pt#497
1BA100,0099,BridgeRefine-L1,42,0.858994,19.721895,0.082802,preds.pt#498
1BA100,0100,BridgeRefine-L1,42,0.864981,19.578107,0.089561,preds.pt#499
1BA100,0101,BridgeRefine-L1,42,0.853406,19.207635,0.093998,preds.pt#500
1BA100,0102,BridgeRefine-L1,42,0.851817,19.190705,0.090370,preds.pt#501
1BA100,0103,BridgeRefine-L1,42,0.852021,19.519915,0.095838,preds.pt#502
1BA100,0104,BridgeRefine-L1,42,0.872883,20.073440,0.088476,preds.pt#503
1BA100,0105,BridgeRefine-L1,42,0.878648,20.409826,0.074197,preds.pt#504
1BA100,0106,BridgeRefine-L1,42,0.886956,20.567571,0.069019,preds.pt#505
1BA100,0107,BridgeRefine-L1,42,0.887042,20.556830,0.067648,preds.pt#506
1BA100,0108,BridgeRefine-L1,42,0.883489,20.320400,0.077017,preds.pt#507
1BA100,0109,BridgeRefine-L1,42,0.885402,20.414462,0.068575,preds.pt#508
1BA100,0110,BridgeRefine-L1,42,0.881251,20.187033,0.067099,preds.pt#509
1BA100,0111,BridgeRefine-L1,42,0.883449,20.156116,0.081587,preds.pt#510
1BA100,0112,BridgeRefine-L1,42,0.896382,20.974893,0.067398,preds.pt#511
1BA100,0113,BridgeRefine-L1,42,0.880791,19.367614,0.067069,preds.pt#512
1BA100,0114,BridgeRefine-L1,42,0.900654,21.072101,0.050370,preds.pt#513
1BA100,0115,BridgeRefine-L1,42,0.896818,20.825693,0.054025,preds.pt#514
1BA100,0116,BridgeRefine-L1,42,0.888004,20.539273,0.054911,preds.pt#515
1BA100,0117,BridgeRefine-L1,42,0.894500,20.887869,0.060775,preds.pt#516
1BA100,0118,BridgeRefine-L1,42,0.886732,20.570782,0.057574,preds.pt#517
1BA100,0119,BridgeRefine-L1,42,0.884012,20.494936,0.056140,preds.pt#518
1BA100,0120,BridgeRefine-L1,42,0.872696,20.058234,0.057243,preds.pt#519
1BA100,0121,BridgeRefine-L1,42,0.873392,20.056601,0.063015,preds.pt#520
1BA100,0122,BridgeRefine-L1,42,0.881960,20.592407,0.062052,preds.pt#521
1BA100,0123,BridgeRefine-L1,42,0.884427,20.502894,0.068144,preds.pt#522
1BA100,0124,BridgeRefine-L1,42,0.885776,20.500523,0.063342,preds.pt#523
1BA100,0125,BridgeRefine-L1,42,0.880044,20.348965,0.058646,preds.pt#524
1BA100,0126,BridgeRefine-L1,42,0.874130,19.829576,0.070807,preds.pt#525
1BA100,0127,BridgeRefine-L1,42,0.875893,19.915759,0.061960,preds.pt#526
1BA100,0128,BridgeRefine-L1,42,0.883455,20.155055,0.055805,preds.pt#527
1BA100,0129,BridgeRefine-L1,42,0.877802,19.811247,0.060871,preds.pt#528
1BA100,0130,BridgeRefine-L1,42,0.877317,20.202267,0.065675,preds.pt#529
1BA100,0131,BridgeRefine-L1,42,0.871087,19.978916,0.072160,preds.pt#530
1BA100,0132,BridgeRefine-L1,42,0.865589,19.608906,0.083066,preds.pt#531
1BA100,0133,BridgeRefine-L1,42,0.864855,19.492811,0.099666,preds.pt#532
1BA100,0134,BridgeRefine-L1,42,0.858008,19.259355,0.097766,preds.pt#533
1BA100,0135,BridgeRefine-L1,42,0.861797,19.411568,0.090093,preds.pt#534
1BA100,0136,BridgeRefine-L1,42,0.859671,19.149310,0.087850,preds.pt#535
1BA100,0137,BridgeRefine-L1,42,0.868495,19.501743,0.085688,preds.pt#536
1BA100,0138,BridgeRefine-L1,42,0.877926,20.110163,0.083082,preds.pt#537
1BA100,0139,BridgeRefine-L1,42,0.879932,20.119522,0.079599,preds.pt#538
1BA100,0140,BridgeRefine-L1,42,0.877340,19.783521,0.075866,preds.pt#539
1BA100,0141,BridgeRefine-L1,42,0.883585,20.097677,0.084515,preds.pt#540
1BA100,0142,BridgeRefine-L1,42,0.876869,19.683089,0.101681,preds.pt#541
1BA100,0143,BridgeRefine-L1,42,0.872865,19.417507,0.093996,preds.pt#542
1BA100,0144,BridgeRefine-L1,42,0.869177,19.149917,0.078467,preds.pt#543
1BA100,0145,BridgeRefine-L1,42,0.872881,19.185041,0.073889,preds.pt#544
1BA100,0146,BridgeRefine-L1,42,0.870615,19.041104,0.066694,preds.pt#545
1BA100,0147,BridgeRefine-L1,42,0.878397,19.299373,0.065522,preds.pt#546
1BA100,0148,BridgeRefine-L1,42,0.865529,18.776104,0.076607,preds.pt#547
1BA100,0149,BridgeRefine-L1,42,0.868226,18.875032,0.076029,preds.pt#548
1BA100,0150,BridgeRefine-L1,42,0.866546,18.872600,0.085848,preds.pt#549
1BA100,0151,BridgeRefine-L1,42,0.867073,19.114252,0.081923,preds.pt#550
1BA100,0152,BridgeRefine-L1,42,0.879396,19.358960,0.077716,preds.pt#551
1BA100,0153,BridgeRefine-L1,42,0.881318,19.257201,0.079782,preds.pt#552
1BA100,0154,BridgeRefine-L1,42,0.878329,18.964838,0.077147,preds.pt#553
1BA100,0155,BridgeRefine-L1,42,0.881223,19.217799,0.074863,preds.pt#554
1BA100,0156,BridgeRefine-L1,42,0.874352,18.715928,0.076535,preds.pt#555
1BA100,0157,BridgeRefine-L1,42,0.862300,17.978303,0.078045,preds.pt#556
1BA100,0158,BridgeRefine-L1,42,0.865533,18.184342,0.077349,preds.pt#557
1BA100,0159,BridgeRefine-L1,42,0.869976,18.325978,0.083482,preds.pt#558
1BA100,0160,BridgeRefine-L1,42,0.873557,18.400721,0.090693,preds.pt#559
1BA100,0161,BridgeRefine-L1,42,0.878751,18.774728,0.082327,preds.pt#560
1BA100,0162,BridgeRefine-L1,42,0.874503,18.319333,0.087363,preds.pt#561
1BA100,0163,BridgeRefine-L1,42,0.879707,18.579852,0.088891,preds.pt#562
1BA100,0164,BridgeRefine-L1,42,0.885342,18.896380,0.092603,preds.pt#563
1BA100,0165,BridgeRefine-L1,42,0.879754,18.390507,0.103392,preds.pt#564
1BA100,0166,BridgeRefine-L1,42,0.881375,18.750382,0.113070,preds.pt#565
1BA100,0167,BridgeRefine-L1,42,0.870238,18.532024,0.113221,preds.pt#566
1BA100,0168,BridgeRefine-L1,42,0.860227,18.264206,0.126261,preds.pt#567
1BA100,0169,BridgeRefine-L1,42,0.870207,18.566552,0.113257,preds.pt#568
1BA100,0170,BridgeRefine-L1,42,0.868247,18.414822,0.098969,preds.pt#569
1BA100,0171,BridgeRefine-L1,42,0.844361,17.510122,0.114337,preds.pt#570
1BA100,0172,BridgeRefine-L1,42,0.864488,18.054706,0.122525,preds.pt#571
1BA100,0173,BridgeRefine-L1,42,0.878563,18.884361,0.108750,preds.pt#572
1BA100,0174,BridgeRefine-L1,42,0.889385,19.503044,0.129701,preds.pt#573
1BA100,0175,BridgeRefine-L1,42,0.904726,20.059173,0.105351,preds.pt#574
1BA100,0176,BridgeRefine-L1,42,0.921678,20.957540,0.080483,preds.pt#575
1BA100,0177,BridgeRefine-L1,42,0.928208,21.104457,0.092529,preds.pt#576
1BA100,0178,BridgeRefine-L1,42,0.934435,21.269449,0.094793,preds.pt#577
1BA100,0179,BridgeRefine-L1,42,0.936253,21.457346,0.095508,preds.pt#578
1BA100,0180,BridgeRefine-L1,42,0.942361,23.021788,0.076756,preds.pt#579
1BA100,0181,BridgeRefine-L1,42,0.944671,23.613382,0.076907,preds.pt#580
1BA100,0182,BridgeRefine-L1,42,0.943088,23.411271,0.081850,preds.pt#581
1BA100,0183,BridgeRefine-L1,42,0.938467,23.985797,0.084184,preds.pt#582
1BA100,0184,BridgeRefine-L1,42,0.950042,27.958186,0.106901,preds.pt#583
1BA100,0185,BridgeRefine-L1,42,0.955002,31.181558,0.118787,preds.pt#584
1BA100,0186,BridgeRefine-L1,42,0.951457,30.556179,0.103671,preds.pt#585
1BA100,0187,BridgeRefine-L1,42,0.947244,33.739407,0.071349,preds.pt#586
1BA116,0000,BridgeRefine-L1,42,0.985338,44.350578,0.098953,preds.pt#587
1BA116,0001,BridgeRefine-L1,42,0.979220,38.742830,0.143729,preds.pt#588
1BA116,0002,BridgeRefine-L1,42,0.979855,35.911557,0.175674,preds.pt#589
1BA116,0003,BridgeRefine-L1,42,0.973278,33.121840,0.177398,preds.pt#590
1BA116,0004,BridgeRefine-L1,42,0.973718,32.192571,0.166920,preds.pt#591
1BA116,0005,BridgeRefine-L1,42,0.969839,30.860290,0.139386,preds.pt#592
1BA116,0006,BridgeRefine-L1,42,0.967304,29.164861,0.157891,preds.pt#593
1BA116,0007,BridgeRefine-L1,42,0.967752,28.060089,0.160263,preds.pt#594
1BA116,0008,BridgeRefine-L1,42,0.959535,26.555266,0.165363,preds.pt#595
1BA116,0009,BridgeRefine-L1,42,0.948982,25.203838,0.197852,preds.pt#596
1BA116,0010,BridgeRefine-L1,42,0.958622,26.079935,0.155538,preds.pt#597
1BA116,0011,BridgeRefine-L1,42,0.953015,24.943588,0.207010,preds.pt#598
1BA116,0012,BridgeRefine-L1,42,0.960820,25.966929,0.161649,preds.pt#599
1BA116,0013,BridgeRefine-L1,42,0.958125,25.967242,0.168653,preds.pt#600
1BA116,0014,BridgeRefine-L1,42,0.931812,22.703952,0.222194,preds.pt#601
1BA116,0015,BridgeRefine-L1,42,0.954536,25.770719,0.162247,preds.pt#602
1BA116,0016,BridgeRefine-L1,42,0.948392,24.684052,0.166963,preds.pt#603
1BA116,0017,BridgeRefine-L1,42,0.959545,26.510386,0.176403,preds.pt#604
1BA116,0018,BridgeRefine-L1,42,0.944493,24.527801,0.185024,preds.pt#605
1BA116,0019,BridgeRefine-L1,42,0.908835,21.589639,0.217401,preds.pt#606
1BA116,0020,BridgeRefine-L1,42,0.941083,24.081858,0.179341,preds.pt#607
1BA116,0021,BridgeRefine-L1,42,0.922395,23.337401,0.187207,preds.pt#608
1BA116,0022,BridgeRefine-L1,42,0.931340,23.110879,0.173997,preds.pt#609
1BA116,0023,BridgeRefine-L1,42,0.882874,20.359826,0.213742,preds.pt#610
1BA116,0024,BridgeRefine-L1,42,0.897111,21.265361,0.183691,preds.pt#611
1BA116,0025,BridgeRefine-L1,42,0.902835,21.690007,0.176782,preds.pt#612
1BA116,0026,BridgeRefine-L1,42,0.875253,20.495919,0.208954,preds.pt#613
1BA116,0027,BridgeRefine-L1,42,0.865390,20.045290,0.219133,preds.pt#614
1BA116,0028,BridgeRefine-L1,42,0.875546,20.923671,0.214548,preds.pt#615
1BA116,0029,BridgeRefine-L1,42,0.851359,19.426235,0.226096,preds.pt#616
1BA116,0030,BridgeRefine-L1,42,0.897014,22.721420,0.151558,preds.pt#617
1BA116,0031,BridgeRefine-L1,42,0.844607,19.513719,0.199010,preds.pt#618
1BA116,0032,BridgeRefine-L1,42,0.883984,21.984414,0.152285,preds.pt#619
1BA116,0033,BridgeRefine-L1,42,0.854193,19.883484,0.199696,preds.pt#620
1BA116,0034,BridgeRefine-L1,42,0.857979,20.638559,0.172112,preds.pt#621
1BA116,0035,BridgeRefine-L1,42,0.862007,20.135285,0.175125,preds.pt#622
1BA116,0036,BridgeRefine-L1,42,0.851600,18.921040,0.167098,preds.pt#623
1BA116,0037,BridgeRefine-L1,42,0.844337,18.938890,0.164384,preds.pt#624
1BA116,0038,BridgeRefine-L1,42,0.815608,17.867578,0.192937,preds.pt#625
1BA116,0039,BridgeRefine-L1,42,0.823543,18.954499,0.182908,preds.pt#626
1BA116,0040,BridgeRefine-L1,42,0.832881,19.354921,0.207698,preds.pt#627
1BA116,0041,BridgeRefine-L1,42,0.813716,18.324553,0.219827,preds.pt#628
1BA116,0042,BridgeRefine-L1,42,0.822249,18.646235,0.191836,preds.pt#629
1BA116,0043,BridgeRefine-L1,42,0.789962,18.029809,0.225472,preds.pt#630
1BA116,0044,BridgeRefine-L1,42,0.814626,18.341981,0.199951,preds.pt#631
1BA116,0045,BridgeRefine-L1,42,0.804713,17.974494,0.208413,preds.pt#632
1BA116,0046,BridgeRefine-L1,42,0.805813,17.782581,0.218524,preds.pt#633
1BA116,0047,BridgeRefine-L1,42,0.821235,18.355365,0.187334,preds.pt#634
1BA116,0048,BridgeRefine-L1,42,0.817389,18.781503,0.169014,preds.pt#635
1BA116,0049,BridgeRefine-L1,42,0.819149,18.832445,0.181334,preds.pt#636
1BA116,0050,BridgeRefine-L1,42,0.819261,19.267827,0.184003,preds.pt#637
1BA116,0051,BridgeRefine-L1,42,0.809530,18.662801,0.171811,preds.pt#638
1BA116,0052,BridgeRefine-L1,42,0.798607,18.124844,0.172595,preds.pt#639
1BA116,0053,BridgeRefine-L1,42,0.789438,17.626045,0.182314,preds.pt#640
1BA116,0054,BridgeRefine-L1,42,0.785917,17.232090,0.189080,preds.pt#641
1BA116,0055,BridgeRefine-L1,42,0.786459,16.967369,0.197143,preds.pt#642
1BA116,0056,BridgeRefine-L1,42,0.785270,17.094518,0.184342,preds.pt#643
1BA116,0057,BridgeRefine-L1,42,0.791045,17.493186,0.182270,preds.pt#644
1BA116,0058,BridgeRefine-L1,42,0.797391,17.789350,0.171473,preds.pt#645
1BA116,0059,BridgeRefine-L1,42,0.801286,17.956702,0.154422,preds.pt#646
1BA116,0060,BridgeRefine-L1,42,0.807537,18.074907,0.161685,preds.pt#647
1BA116,0061,BridgeRefine-L1,42,0.802560,17.947630,0.149446,preds.pt#648
1BA116,0062,BridgeRefine-L1,42,0.806633,18.326309,0.141529,preds.pt#649
1BA116,0063,BridgeRefine-L1,42,0.810955,18.521651,0.139995,preds.pt#650
1BA116,0064,BridgeRefine-L1,42,0.777791,17.906950,0.149537,preds.pt#651
1BA116,0065,BridgeRefine-L1,42,0.769064,17.645607,0.158297,preds.pt#652
1BA116,0066,BridgeRefine-L1,42,0.764021,17.334111,0.167243,preds.pt#653
1BA116,0067,BridgeRefine-L1,42,0.773770,17.952834,0.150960,preds.pt#654
1BA116,0068,BridgeRefine-L1,42,0.768718,17.653934,0.147999,preds.pt#655
1BA116,0069,BridgeRefine-L1,42,0.789017,18.383945,0.162046,preds.pt#656
1BA116,0070,BridgeRefine-L1,42,0.798300,18.500186,0.167874,preds.pt#657
1BA116,0071,BridgeRefine-L1,42,0.782057,17.668967,0.170832,preds.pt#658
1BA116,0072,BridgeRefine-L1,42,0.793217,18.017502,0.180238,preds.pt#659
1BA116,0073,BridgeRefine-L1,42,0.781193,17.924998,0.160708,preds.pt#660
1BA116,0074,BridgeRefine-L1,42,0.798843,18.173778,0.161199,preds.pt#661
1BA116,0075,BridgeRefine-L1,42,0.786770,17.726899,0.163064,preds.pt#662
1BA116,0076,BridgeRefine-L1,42,0.782993,17.422370,0.166573,preds.pt#663
1BA116,0077,BridgeRefine-L1,42,0.799048,17.983933,0.157944,preds.pt#664
1BA116,0078,BridgeRefine-L1,42,0.799678,18.109481,0.156178,preds.pt#665
1BA116,0079,BridgeRefine-L1,42,0.798335,18.206435,0.157026,preds.pt#666
1BA116,0080,BridgeRefine-L1,42,0.804415,18.671326,0.157357,preds.pt#667
1BA116,0081,BridgeRefine-L1,42,0.805280,18.236374,0.161997,preds.pt#668
1BA116,0082,BridgeRefine-L1,42,0.808498,18.689133,0.150326,preds.pt#669
1BA116,0083,BridgeRefine-L1,42,0.815801,19.163528,0.136024,preds.pt#670
1BA116,0084,BridgeRefine-L1,42,0.812195,18.878099,0.131959,preds.pt#671
1BA116,0085,BridgeRefine-L1,42,0.811687,18.972266,0.128003,preds.pt#672
1BA116,0086,BridgeRefine-L1,42,0.815207,19.450512,0.131463,preds.pt#673
1BA116,0087,BridgeRefine-L1,42,0.808660,19.641019,0.136825,preds.pt#674
1BA116,0088,BridgeRefine-L1,42,0.819345,19.957885,0.137185,preds.pt#675
1BA116,0089,BridgeRefine-L1,42,0.799594,19.615668,0.150566,preds.pt#676
1BA116,0090,BridgeRefine-L1,42,0.808070,19.571936,0.133320,preds.pt#677
1BA116,0091,BridgeRefine-L1,42,0.808628,19.641937,0.134038,preds.pt#678
1BA116,0092,BridgeRefine-L1,42,0.802562,19.454666,0.156013,preds.pt#679
1BA116,0093,BridgeRefine-L1,42,0.806195,19.281008,0.154077,preds.pt#680
1BA116,0094,BridgeRefine-L1,42,0.808043,18.985371,0.151997,preds.pt#681
1BA116,0095,BridgeRefine-L1,42,0.794681,18.527986,0.138627,preds.pt#682
1BA116,0096,BridgeRefine-L1,42,0.815705,18.797673,0.129397,preds.pt#683
1BA116,0097,BridgeRefine-L1,42,0.801123,18.627738,0.144856,preds.pt#684
1BA116,0098,BridgeRefine-L1,42,0.797622,18.396048,0.132191,preds.pt#685
1BA116,0099,BridgeRefine-L1,42,0.799513,18.214596,0.110899,preds.pt#686
1BA116,0100,BridgeRefine-L1,42,0.789855,18.116962,0.115166,preds.pt#687
1BA116,0101,BridgeRefine-L1,42,0.804350,18.708587,0.103455,preds.pt#688
1BA116,0102,BridgeRefine-L1,42,0.798758,18.653765,0.102874,preds.pt#689
1BA116,0103,BridgeRefine-L1,42,0.807753,18.732834,0.105204,preds.pt#690
1BA116,0104,BridgeRefine-L1,42,0.792723,18.301884,0.104664,preds.pt#691
1BA116,0105,BridgeRefine-L1,42,0.803658,18.382217,0.126549,preds.pt#692
1BA116,0106,BridgeRefine-L1,42,0.792569,18.495633,0.117951,preds.pt#693
1BA116,0107,BridgeRefine-L1,42,0.784159,18.185993,0.116684,preds.pt#694
1BA116,0108,BridgeRefine-L1,42,0.781572,18.225075,0.104483,preds.pt#695
1BA116,0109,BridgeRefine-L1,42,0.793194,18.672828,0.114071,preds.pt#696
1BA116,0110,BridgeRefine-L1,42,0.780453,18.337490,0.120956,preds.pt#697
1BA116,0111,BridgeRefine-L1,42,0.806359,18.978322,0.100149,preds.pt#698
1BA116,0112,BridgeRefine-L1,42,0.799126,18.668295,0.098981,preds.pt#699
1BA116,0113,BridgeRefine-L1,42,0.797916,18.768416,0.116783,preds.pt#700
1BA116,0114,BridgeRefine-L1,42,0.812608,19.205280,0.101492,preds.pt#701
1BA116,0115,BridgeRefine-L1,42,0.808376,19.176030,0.109535,preds.pt#702
1BA116,0116,BridgeRefine-L1,42,0.813855,19.020780,0.105153,preds.pt#703
1BA116,0117,BridgeRefine-L1,42,0.818402,19.221408,0.106094,preds.pt#704
1BA116,0118,BridgeRefine-L1,42,0.816004,19.290660,0.108973,preds.pt#705
1BA116,0119,BridgeRefine-L1,42,0.814562,19.188834,0.100854,preds.pt#706
1BA116,0120,BridgeRefine-L1,42,0.822525,19.409086,0.096048,preds.pt#707
1BA116,0121,BridgeRefine-L1,42,0.813123,18.792389,0.096408,preds.pt#708
1BA116,0122,BridgeRefine-L1,42,0.827521,19.421163,0.091621,preds.pt#709
1BA116,0123,BridgeRefine-L1,42,0.840072,19.726118,0.088986,preds.pt#710
1BA116,0124,BridgeRefine-L1,42,0.829010,19.320234,0.100871,preds.pt#711
1BA116,0125,BridgeRefine-L1,42,0.832255,19.567737,0.098962,preds.pt#712
1BA116,0126,BridgeRefine-L1,42,0.829452,19.451288,0.112746,preds.pt#713
1BA116,0127,BridgeRefine-L1,42,0.834158,19.525482,0.109556,preds.pt#714
1BA116,0128,BridgeRefine-L1,42,0.827246,19.190800,0.102760,preds.pt#715
1BA116,0129,BridgeRefine-L1,42,0.829579,19.269331,0.112611,preds.pt#716
1BA116,0130,BridgeRefine-L1,42,0.825258,19.147759,0.115964,preds.pt#717
1BA116,0131,BridgeRefine-L1,42,0.828861,19.072639,0.122620,preds.pt#718
1BA116,0132,BridgeRefine-L1,42,0.829156,19.252959,0.124733,preds.pt#719
1BA116,0133,BridgeRefine-L1,42,0.835537,19.317653,0.128244,preds.pt#720
1BA116,0134,BridgeRefine-L1,42,0.848127,19.884175,0.119397,preds.pt#721
1BA116,0135,BridgeRefine-L1,42,0.853692,19.916086,0.126973,preds.pt#722
1BA116,0136,BridgeRefine-L1,42,0.848822,19.974399,0.124788,preds.pt#723
1BA116,0137,BridgeRefine-L1,42,0.846053,19.816233,0.112493,preds.pt#724
1BA116,0138,BridgeRefine-L1,42,0.860434,20.458146,0.110463,preds.pt#725
1BA116,0139,BridgeRefine-L1,42,0.851896,20.048273,0.117166,preds.pt#726
1BA116,0140,BridgeRefine-L1,42,0.859437,20.049740,0.104534,preds.pt#727
1BA116,0141,BridgeRefine-L1,42,0.836918,19.234857,0.102179,preds.pt#728
1BA116,0142,BridgeRefine-L1,42,0.851031,19.613112,0.104003,preds.pt#729
1BA116,0143,BridgeRefine-L1,42,0.835990,19.045923,0.116583,preds.pt#730
1BA116,0144,BridgeRefine-L1,42,0.844270,19.365718,0.109751,preds.pt#731
1BA116,0145,BridgeRefine-L1,42,0.844632,19.244644,0.112407,preds.pt#732
1BA116,0146,BridgeRefine-L1,42,0.833739,18.763535,0.126642,preds.pt#733
1BA116,0147,BridgeRefine-L1,42,0.835616,18.938874,0.126407,preds.pt#734
1BA116,0148,BridgeRefine-L1,42,0.837935,19.030519,0.128239,preds.pt#735
1BA116,0149,BridgeRefine-L1,42,0.833894,19.057576,0.119279,preds.pt#736
1BA116,0150,BridgeRefine-L1,42,0.827171,18.745552,0.108073,preds.pt#737
1BA116,0151,BridgeRefine-L1,42,0.825429,18.781531,0.109116,preds.pt#738
1BA116,0152,BridgeRefine-L1,42,0.825696,18.956010,0.111234,preds.pt#739
1BA116,0153,BridgeRefine-L1,42,0.840296,19.451558,0.116397,preds.pt#740
1BA116,0154,BridgeRefine-L1,42,0.825884,18.783680,0.120494,preds.pt#741
1BA116,0155,BridgeRefine-L1,42,0.850159,19.744763,0.100303,preds.pt#742
1BA116,0156,BridgeRefine-L1,42,0.836108,18.984125,0.119670,preds.pt#743
1BA116,0157,BridgeRefine-L1,42,0.848456,19.191129,0.118044,preds.pt#744
1BA116,0158,BridgeRefine-L1,42,0.852465,19.184143,0.116736,preds.pt#745
1BA116,0159,BridgeRefine-L1,42,0.868028,19.689155,0.104339,preds.pt#746
1BA116,0160,BridgeRefine-L1,42,0.855182,19.013586,0.108582,preds.pt#747
1BA116,0161,BridgeRefine-L1,42,0.857600,19.158637,0.115145,preds.pt#748
1BA116,0162,BridgeRefine-L1,42,0.861635,19.318646,0.094937,preds.pt#749
1BA116,0163,BridgeRefine-L1,42,0.849626,18.899070,0.106283,preds.pt#750
1BA116,0164,BridgeRefine-L1,42,0.865112,19.205661,0.102693,preds.pt#751
1BA116,0165,BridgeRefine-L1,42,0.856382,18.926824,0.107756,preds.pt#752
1BA116,0166,BridgeRefine-L1,42,0.859230,18.838881,0.115569,preds.pt#753
1BA116,0167,BridgeRefine-L1,42,0.847847,18.491050,0.118545,preds.pt#754
1BA116,0168,BridgeRefine-L1,42,0.853329,18.906691,0.131673,preds.pt#755
1BA116,0169,BridgeRefine-L1,42,0.854066,18.904868,0.124189,preds.pt#756
1BA116,0170,BridgeRefine-L1,42,0.856064,18.724584,0.109883,preds.pt#757
1BA116,0171,BridgeRefine-L1,42,0.859463,18.807914,0.112674,preds.pt#758
1BA116,0172,BridgeRefine-L1,42,0.859417,18.853363,0.118399,preds.pt#759
1BA116,0173,BridgeRefine-L1,42,0.866985,18.761507,0.095628,preds.pt#760
1BA116,0174,BridgeRefine-L1,42,0.862243,18.533792,0.113588,preds.pt#761
1BA116,0175,BridgeRefine-L1,42,0.871452,19.040463,0.102139,preds.pt#762
1BA116,0176,BridgeRefine-L1,42,0.869448,18.999710,0.104079,preds.pt#763
1BA116,0177,BridgeRefine-L1,42,0.874625,19.300965,0.120578,preds.pt#764
1BA116,0178,BridgeRefine-L1,42,0.861695,18.747185,0.130986,preds.pt#765
1BA116,0179,BridgeRefine-L1,42,0.873227,18.878781,0.123818,preds.pt#766
1BA116,0180,BridgeRefine-L1,42,0.871364,19.017810,0.100243,preds.pt#767
1BA116,0181,BridgeRefine-L1,42,0.867656,18.577089,0.118542,preds.pt#768
1BA116,0182,BridgeRefine-L1,42,0.868602,18.411948,0.124939,preds.pt#769
1BA116,0183,BridgeRefine-L1,42,0.875314,18.673072,0.110297,preds.pt#770
1BA116,0184,BridgeRefine-L1,42,0.883102,19.383989,0.108573,preds.pt#771
1BA116,0185,BridgeRefine-L1,42,0.888561,19.404709,0.129519,preds.pt#772
1BA116,0186,BridgeRefine-L1,42,0.888452,19.775454,0.143764,preds.pt#773
1BA116,0187,BridgeRefine-L1,42,0.901096,20.389325,0.140113,preds.pt#774
1BA116,0188,BridgeRefine-L1,42,0.906469,20.652525,0.125976,preds.pt#775
1BA116,0189,BridgeRefine-L1,42,0.924778,21.879122,0.124333,preds.pt#776
1BA116,0190,BridgeRefine-L1,42,0.925593,22.877404,0.109135,preds.pt#777
1BA116,0191,BridgeRefine-L1,42,0.939672,24.944459,0.104811,preds.pt#778
1BA116,0192,BridgeRefine-L1,42,0.942609,26.105335,0.101968,preds.pt#779
1BA116,0193,BridgeRefine-L1,42,0.932837,24.795777,0.109829,preds.pt#780
1BA116,0194,BridgeRefine-L1,42,0.937947,27.770590,0.121541,preds.pt#781
1BA116,0195,BridgeRefine-L1,42,0.965387,31.191491,0.128297,preds.pt#782
1BA116,0196,BridgeRefine-L1,42,0.945896,29.866638,0.143720,preds.pt#783
1BA184,0000,BridgeRefine-L1,42,0.932555,24.234894,0.117358,preds.pt#784
1BA184,0001,BridgeRefine-L1,42,0.916510,23.108881,0.138582,preds.pt#785
1BA184,0002,BridgeRefine-L1,42,0.942150,24.986761,0.107616,preds.pt#786
1BA184,0003,BridgeRefine-L1,42,0.949793,27.344642,0.089229,preds.pt#787
1BA184,0004,BridgeRefine-L1,42,0.928822,25.342063,0.131259,preds.pt#788
1BA184,0005,BridgeRefine-L1,42,0.940457,25.820710,0.131486,preds.pt#789
1BA184,0006,BridgeRefine-L1,42,0.921144,23.874196,0.134529,preds.pt#790
1BA184,0007,BridgeRefine-L1,42,0.937629,24.398010,0.135520,preds.pt#791
1BA184,0008,BridgeRefine-L1,42,0.940124,24.200290,0.134991,preds.pt#792
1BA184,0009,BridgeRefine-L1,42,0.909841,19.441436,0.186791,preds.pt#793
1BA184,0010,BridgeRefine-L1,42,0.917039,21.277171,0.193957,preds.pt#794
1BA184,0011,BridgeRefine-L1,42,0.920081,20.524159,0.210758,preds.pt#795
1BA184,0012,BridgeRefine-L1,42,0.907813,19.677147,0.213458,preds.pt#796
1BA184,0013,BridgeRefine-L1,42,0.915790,19.694984,0.183179,preds.pt#797
1BA184,0014,BridgeRefine-L1,42,0.912414,19.773120,0.183995,preds.pt#798
1BA184,0015,BridgeRefine-L1,42,0.911132,20.442866,0.182411,preds.pt#799
1BA184,0016,BridgeRefine-L1,42,0.926851,22.771181,0.130812,preds.pt#800
1BA184,0017,BridgeRefine-L1,42,0.927257,23.086979,0.115943,preds.pt#801
1BA184,0018,BridgeRefine-L1,42,0.909274,20.646723,0.140469,preds.pt#802
1BA184,0019,BridgeRefine-L1,42,0.923690,21.444897,0.121545,preds.pt#803
1BA184,0020,BridgeRefine-L1,42,0.915644,21.503437,0.127826,preds.pt#804
1BA184,0021,BridgeRefine-L1,42,0.921148,21.884687,0.105734,preds.pt#805
1BA184,0022,BridgeRefine-L1,42,0.916455,21.801846,0.116429,preds.pt#806
1BA184,0023,BridgeRefine-L1,42,0.927051,22.072835,0.103499,preds.pt#807
1BA184,0024,BridgeRefine-L1,42,0.909521,21.542136,0.115906,preds.pt#808
1BA184,0025,BridgeRefine-L1,42,0.906125,20.386242,0.124786,preds.pt#809
1BA184,0026,BridgeRefine-L1,42,0.906780,20.582160,0.143856,preds.pt#810
1BA184,0027,BridgeRefine-L1,42,0.885622,18.960257,0.156132,preds.pt#811
1BA184,0028,BridgeRefine-L1,42,0.884118,19.345038,0.139550,preds.pt#812
1BA184,0029,BridgeRefine-L1,42,0.896134,19.593027,0.142532,preds.pt#813
1BA184,0030,BridgeRefine-L1,42,0.879575,18.760545,0.146194,preds.pt#814
1BA184,0031,BridgeRefine-L1,42,0.884720,19.022457,0.141939,preds.pt#815
1BA184,0032,BridgeRefine-L1,42,0.883016,18.707145,0.143580,preds.pt#816
1BA184,0033,BridgeRefine-L1,42,0.897167,18.844893,0.143837,preds.pt#817
1BA184,0034,BridgeRefine-L1,42,0.898195,19.914523,0.132696,preds.pt#818
1BA184,0035,BridgeRefine-L1,42,0.900868,20.277271,0.130570,preds.pt#819
1BA184,0036,BridgeRefine-L1,42,0.902654,21.067859,0.126685,preds.pt#820
1BA184,0037,BridgeRefine-L1,42,0.911900,22.528707,0.123085,preds.pt#821
1BA184,0038,BridgeRefine-L1,42,0.906643,22.916867,0.112213,preds.pt#822
1BA184,0039,BridgeRefine-L1,42,0.901384,22.336721,0.117810,preds.pt#823
1BA184,0040,BridgeRefine-L1,42,0.898143,21.856614,0.114777,preds.pt#824
1BA184,0041,BridgeRefine-L1,42,0.881121,20.383824,0.137355,preds.pt#825
1BA184,0042,BridgeRefine-L1,42,0.876905,20.011971,0.136903,preds.pt#826
1BA184,0043,BridgeRefine-L1,42,0.862759,19.205658,0.141351,preds.pt#827
1BA184,0044,BridgeRefine-L1,42,0.854717,18.839791,0.154886,preds.pt#828
1BA184,0045,BridgeRefine-L1,42,0.827649,17.542665,0.156060,preds.pt#829
1BA184,0046,BridgeRefine-L1,42,0.832810,18.057109,0.164976,preds.pt#830
1BA184,0047,BridgeRefine-L1,42,0.836770,18.152804,0.148378,preds.pt#831
1BA184,0048,BridgeRefine-L1,42,0.830787,18.090653,0.179929,preds.pt#832
1BA184,0049,BridgeRefine-L1,42,0.827474,18.336912,0.177902,preds.pt#833
1BA184,0050,BridgeRefine-L1,42,0.814600,18.301204,0.168893,preds.pt#834
1BA184,0051,BridgeRefine-L1,42,0.810254,18.176796,0.171068,preds.pt#835
1BA184,0052,BridgeRefine-L1,42,0.816671,19.070458,0.165256,preds.pt#836
1BA184,0053,BridgeRefine-L1,42,0.828011,19.196752,0.165810,preds.pt#837
1BA184,0054,BridgeRefine-L1,42,0.827817,19.195956,0.174987,preds.pt#838
1BA184,0055,BridgeRefine-L1,42,0.832354,18.992039,0.152861,preds.pt#839
1BA184,0056,BridgeRefine-L1,42,0.819164,18.452528,0.198870,preds.pt#840
1BA184,0057,BridgeRefine-L1,42,0.822485,18.219910,0.200213,preds.pt#841
1BA184,0058,BridgeRefine-L1,42,0.835775,19.149250,0.180886,preds.pt#842
1BA184,0059,BridgeRefine-L1,42,0.827709,19.166890,0.170392,preds.pt#843
1BA184,0060,BridgeRefine-L1,42,0.822414,18.903130,0.164361,preds.pt#844
1BA184,0061,BridgeRefine-L1,42,0.834036,19.346743,0.185761,preds.pt#845
1BA184,0062,BridgeRefine-L1,42,0.834791,19.484844,0.182801,preds.pt#846
1BA184,0063,BridgeRefine-L1,42,0.842769,19.854999,0.199693,preds.pt#847
1BA184,0064,BridgeRefine-L1,42,0.835350,19.692970,0.201760,preds.pt#848
1BA184,0065,BridgeRefine-L1,42,0.836672,20.200428,0.195390,preds.pt#849
1BA184,0066,BridgeRefine-L1,42,0.830003,19.885336,0.191495,preds.pt#850
1BA184,0067,BridgeRefine-L1,42,0.831233,20.011186,0.172621,preds.pt#851
1BA184,0068,BridgeRefine-L1,42,0.828065,19.838396,0.164552,preds.pt#852
1BA184,0069,BridgeRefine-L1,42,0.825937,19.834993,0.166731,preds.pt#853
1BA184,0070,BridgeRefine-L1,42,0.821589,19.591019,0.157607,preds.pt#854
1BA184,0071,BridgeRefine-L1,42,0.813324,19.139156,0.162377,preds.pt#855
1BA184,0072,BridgeRefine-L1,42,0.817638,19.292777,0.159302,preds.pt#856
1BA184,0073,BridgeRefine-L1,42,0.811701,18.868128,0.175424,preds.pt#857
1BA184,0074,BridgeRefine-L1,42,0.796102,18.250444,0.192476,preds.pt#858
1BA184,0075,BridgeRefine-L1,42,0.807215,18.869090,0.181230,preds.pt#859
1BA184,0076,BridgeRefine-L1,42,0.802477,18.786026,0.164620,preds.pt#860
1BA184,0077,BridgeRefine-L1,42,0.803595,18.708857,0.135389,preds.pt#861
1BA184,0078,BridgeRefine-L1,42,0.813407,19.372854,0.129024,preds.pt#862
1BA184,0079,BridgeRefine-L1,42,0.809979,19.266080,0.154377,preds.pt#863
1BA184,0080,BridgeRefine-L1,42,0.803663,19.165053,0.135985,preds.pt#864
1BA184,0081,BridgeRefine-L1,42,0.797244,18.677768,0.139862,preds.pt#865
1BA184,0082,BridgeRefine-L1,42,0.786120,18.993149,0.159576,preds.pt#866
1BA184,0083,BridgeRefine-L1,42,0.777402,18.860751,0.145116,preds.pt#867
1BA184,0084,BridgeRefine-L1,42,0.794029,19.516746,0.148119,preds.pt#868
1BA184,0085,BridgeRefine-L1,42,0.775335,19.315198,0.154403,preds.pt#869
1BA184,0086,BridgeRefine-L1,42,0.779688,19.206569,0.155760,preds.pt#870
1BA184,0087,BridgeRefine-L1,42,0.769472,18.883895,0.153248,preds.pt#871
1BA184,0088,BridgeRefine-L1,42,0.753525,18.314622,0.172068,preds.pt#872
1BA184,0089,BridgeRefine-L1,42,0.766698,18.555595,0.167702,preds.pt#873
1BA184,0090,BridgeRefine-L1,42,0.775325,18.677266,0.175469,preds.pt#874
1BA184,0091,BridgeRefine-L1,42,0.747411,18.115586,0.185894,preds.pt#875
1BA184,0092,BridgeRefine-L1,42,0.746952,17.973226,0.183788,preds.pt#876
1BA184,0093,BridgeRefine-L1,42,0.738409,17.726854,0.153502,preds.pt#877
1BA184,0094,BridgeRefine-L1,42,0.746105,18.252385,0.124610,preds.pt#878
1BA184,0095,BridgeRefine-L1,42,0.742689,18.004893,0.139278,preds.pt#879
1BA184,0096,BridgeRefine-L1,42,0.738138,17.467065,0.145682,preds.pt#880
1BA184,0097,BridgeRefine-L1,42,0.744583,17.505300,0.146617,preds.pt#881
1BA184,0098,BridgeRefine-L1,42,0.739009,17.507196,0.150809,preds.pt#882
1BA184,0099,BridgeRefine-L1,42,0.756147,17.920650,0.145763,preds.pt#883
1BA184,0100,BridgeRefine-L1,42,0.789848,18.788218,0.139560,preds.pt#884
1BA184,0101,BridgeRefine-L1,42,0.782936,18.598580,0.137062,preds.pt#885
1BA184,0102,BridgeRefine-L1,42,0.798548,19.163068,0.117797,preds.pt#886
1BA184,0103,BridgeRefine-L1,42,0.802513,19.206360,0.118164,preds.pt#887
1BA184,0104,BridgeRefine-L1,42,0.810330,19.240153,0.126904,preds.pt#888
1BA184,0105,BridgeRefine-L1,42,0.817376,19.405632,0.119395,preds.pt#889
1BA184,0106,BridgeRefine-L1,42,0.820736,19.204306,0.116988,preds.pt#890
1BA184,0107,BridgeRefine-L1,42,0.820489,19.446561,0.127398,preds.pt#891
1BA184,0108,BridgeRefine-L1,42,0.828672,19.668486,0.125973,preds.pt#892
1BA184,0109,BridgeRefine-L1,42,0.825397,19.465083,0.122861,preds.pt#893
1BA184,0110,BridgeRefine-L1,42,0.828518,19.458402,0.114637,preds.pt#894
1BA184,0111,BridgeRefine-L1,42,0.825789,19.285556,0.117167,preds.pt#895
1BA184,0112,BridgeRefine-L1,42,0.833235,19.743475,0.119374,preds.pt#896
1BA184,0113,BridgeRefine-L1,42,0.828723,19.611646,0.115800,preds.pt#897
1BA184,0114,BridgeRefine-L1,42,0.826797,19.217479,0.138204,preds.pt#898
1BA184,0115,BridgeRefine-L1,42,0.840703,19.232323,0.134093,preds.pt#899
1BA184,0116,BridgeRefine-L1,42,0.843055,19.643426,0.127923,preds.pt#900
1BA184,0117,BridgeRefine-L1,42,0.833463,18.821906,0.130287,preds.pt#901
1BA184,0118,BridgeRefine-L1,42,0.848651,19.525492,0.113453,preds.pt#902
1BA184,0119,BridgeRefine-L1,42,0.834722,19.039869,0.092190,preds.pt#903
1BA184,0120,BridgeRefine-L1,42,0.836389,19.297609,0.096945,preds.pt#904
1BA184,0121,BridgeRefine-L1,42,0.843521,19.446377,0.100318,preds.pt#905
1BA184,0122,BridgeRefine-L1,42,0.854665,20.195457,0.097919,preds.pt#906
1BA184,0123,BridgeRefine-L1,42,0.839089,19.313053,0.086265,preds.pt#907
1BA184,0124,BridgeRefine-L1,42,0.847488,20.049329,0.080972,preds.pt#908
1BA184,0125,BridgeRefine-L1,42,0.843197,19.708420,0.080836,preds.pt#909
1BA184,0126,BridgeRefine-L1,42,0.847582,19.650370,0.085669,preds.pt#910
1BA184,0127,BridgeRefine-L1,42,0.844291,19.423878,0.081691,preds.pt#911
1BA184,0128,BridgeRefine-L1,42,0.855472,19.833825,0.085835,preds.pt#912
1BA184,0129,BridgeRefine-L1,42,0.851377,19.717954,0.073840,preds.pt#913
1BA184,0130,BridgeRefine-L1,42,0.861179,20.335342,0.075176,preds.pt#914
1BA184,0131,BridgeRefine-L1,42,0.867325,20.296049,0.061829,preds.pt#915
1BA184,0132,BridgeRefine-L1,42,0.867705,20.368186,0.071115,preds.pt#916
1BA184,0133,BridgeRefine-L1,42,0.872338,20.809049,0.077571,preds.pt#917
1BA184,0134,BridgeRefine-L1,42,0.873747,21.273256,0.075507,preds.pt#918
1BA184,0135,BridgeRefine-L1,42,0.865515,20.782765,0.080940,preds.pt#919
1BA184,0136,BridgeRefine-L1,42,0.862751,20.172766,0.071551,preds.pt#920
1BA184,0137,BridgeRefine-L1,42,0.875726,20.891826,0.071310,preds.pt#921
1BA184,0138,BridgeRefine-L1,42,0.866847,20.173701,0.066963,preds.pt#922
1BA184,0139,BridgeRefine-L1,42,0.879006,20.637814,0.068749,preds.pt#923
1BA184,0140,BridgeRefine-L1,42,0.881949,21.207811,0.058707,preds.pt#924
1BA184,0141,BridgeRefine-L1,42,0.876185,20.701291,0.050762,preds.pt#925
1BA184,0142,BridgeRefine-L1,42,0.883920,21.264033,0.056998,preds.pt#926
1BA184,0143,BridgeRefine-L1,42,0.881965,21.122423,0.055024,preds.pt#927
1BA184,0144,BridgeRefine-L1,42,0.880073,20.897614,0.066302,preds.pt#928
1BA184,0145,BridgeRefine-L1,42,0.855154,21.483287,0.055844,preds.pt#929
1BA184,0146,BridgeRefine-L1,42,0.876104,21.156239,0.058702,preds.pt#930
1BA184,0147,BridgeRefine-L1,42,0.873695,21.226843,0.052776,preds.pt#931
1BA184,0148,BridgeRefine-L1,42,0.886777,21.642814,0.053445,preds.pt#932
1BA184,0149,BridgeRefine-L1,42,0.895740,22.546525,0.053468,preds.pt#933
1BA184,0150,BridgeRefine-L1,42,0.890422,21.573754,0.050432,preds.pt#934
1BA184,0151,BridgeRefine-L1,42,0.884397,20.997932,0.046666,preds.pt#935
1BA184,0152,BridgeRefine-L1,42,0.888052,21.146452,0.052011,preds.pt#936
1BA184,0153,BridgeRefine-L1,42,0.887102,21.057247,0.045572,preds.pt#937
1BA184,0154,BridgeRefine-L1,42,0.830778,21.294780,0.051421,preds.pt#938
1BA184,0155,BridgeRefine-L1,42,0.888139,21.487043,0.036751,preds.pt#939
1BA184,0156,BridgeRefine-L1,42,0.870426,21.623602,0.041060,preds.pt#940
1BA184,0157,BridgeRefine-L1,42,0.855998,21.876752,0.043958,preds.pt#941
1BA184,0158,BridgeRefine-L1,42,0.824867,21.171682,0.053448,preds.pt#942
1BA184,0159,BridgeRefine-L1,42,0.863963,21.587252,0.051732,preds.pt#943
1BA184,0160,BridgeRefine-L1,42,0.905599,21.960358,0.049290,preds.pt#944
1BA184,0161,BridgeRefine-L1,42,0.903635,20.901788,0.055837,preds.pt#945
1BA184,0162,BridgeRefine-L1,42,0.821957,20.875592,0.051661,preds.pt#946
1BA184,0163,BridgeRefine-L1,42,0.907604,21.129753,0.047984,preds.pt#947
1BA184,0164,BridgeRefine-L1,42,0.905173,20.757815,0.043613,preds.pt#948
1BA184,0165,BridgeRefine-L1,42,0.904052,20.573598,0.042693,preds.pt#949
1BA184,0166,BridgeRefine-L1,42,0.896420,19.842071,0.042318,preds.pt#950
1BA184,0167,BridgeRefine-L1,42,0.915381,21.468076,0.032808,preds.pt#951
1BA184,0168,BridgeRefine-L1,42,0.907068,20.499986,0.043071,preds.pt#952
1BA184,0169,BridgeRefine-L1,42,0.919634,21.239889,0.045500,preds.pt#953
1BA184,0170,BridgeRefine-L1,42,0.915905,20.684196,0.048971,preds.pt#954
1BA184,0171,BridgeRefine-L1,42,0.911417,20.251852,0.050844,preds.pt#955
1BA184,0172,BridgeRefine-L1,42,0.918561,20.951823,0.044573,preds.pt#956
1BA184,0173,BridgeRefine-L1,42,0.913041,20.810175,0.046486,preds.pt#957
1BA184,0174,BridgeRefine-L1,42,0.907092,20.004688,0.041763,preds.pt#958
1BA184,0175,BridgeRefine-L1,42,0.913063,20.889859,0.041911,preds.pt#959
1BA184,0176,BridgeRefine-L1,42,0.911615,20.751389,0.035605,preds.pt#960
1BA184,0177,BridgeRefine-L1,42,0.896984,19.861874,0.048242,preds.pt#961
1BA184,0178,BridgeRefine-L1,42,0.896428,20.306561,0.048863,preds.pt#962
1BA184,0179,BridgeRefine-L1,42,0.894380,20.207645,0.052970,preds.pt#963
1BA184,0180,BridgeRefine-L1,42,0.882159,19.693953,0.058724,preds.pt#964
1BA184,0181,BridgeRefine-L1,42,0.884881,19.727388,0.053495,preds.pt#965
1BA184,0182,BridgeRefine-L1,42,0.890114,20.142449,0.056388,preds.pt#966
1BA184,0183,BridgeRefine-L1,42,0.849253,17.132242,0.080183,preds.pt#967
1BA184,0184,BridgeRefine-L1,42,0.869077,18.022454,0.074547,preds.pt#968
1BA184,0185,BridgeRefine-L1,42,0.874382,18.696805,0.084017,preds.pt#969
1BA184,0186,BridgeRefine-L1,42,0.852523,17.284701,0.093480,preds.pt#970
1BA184,0187,BridgeRefine-L1,42,0.866166,18.947653,0.096753,preds.pt#971
1BA184,0188,BridgeRefine-L1,42,0.846758,17.691487,0.087915,preds.pt#972
1BA184,0189,BridgeRefine-L1,42,0.825607,16.718834,0.109318,preds.pt#973
1BA184,0190,BridgeRefine-L1,42,0.852260,17.483658,0.105047,preds.pt#974
1BA184,0191,BridgeRefine-L1,42,0.827945,15.693536,0.140573,preds.pt#975
1BA184,0192,BridgeRefine-L1,42,0.816038,14.892506,0.148432,preds.pt#976
1BA184,0193,BridgeRefine-L1,42,0.828004,14.901781,0.147789,preds.pt#977
1BA184,0194,BridgeRefine-L1,42,0.827994,14.516870,0.176758,preds.pt#978
1BA184,0195,BridgeRefine-L1,42,0.847859,14.974110,0.186405,preds.pt#979
1BA184,0196,BridgeRefine-L1,42,0.854681,15.856176,0.195737,preds.pt#980
1BA184,0197,BridgeRefine-L1,42,0.879998,16.418340,0.197783,preds.pt#981
1BA222,0001,BridgeRefine-L1,42,0.964308,33.552724,0.174624,preds.pt#982
1BA222,0002,BridgeRefine-L1,42,0.962017,30.283655,0.159259,preds.pt#983
1BA222,0003,BridgeRefine-L1,42,0.958933,28.499975,0.134634,preds.pt#984
1BA222,0004,BridgeRefine-L1,42,0.961037,27.367208,0.177262,preds.pt#985
1BA222,0005,BridgeRefine-L1,42,0.917839,26.558627,0.167892,preds.pt#986
1BA222,0006,BridgeRefine-L1,42,0.941676,23.803186,0.132467,preds.pt#987
1BA222,0007,BridgeRefine-L1,42,0.943656,24.087830,0.202242,preds.pt#988
1BA222,0008,BridgeRefine-L1,42,0.935870,22.990686,0.119728,preds.pt#989
1BA222,0009,BridgeRefine-L1,42,0.949775,23.164780,0.204630,preds.pt#990
1BA222,0010,BridgeRefine-L1,42,0.952039,24.790881,0.128755,preds.pt#991
1BA222,0011,BridgeRefine-L1,42,0.950033,24.480107,0.156342,preds.pt#992
1BA222,0012,BridgeRefine-L1,42,0.953935,24.527308,0.119270,preds.pt#993
1BA222,0013,BridgeRefine-L1,42,0.958076,26.399379,0.134254,preds.pt#994
1BA222,0014,BridgeRefine-L1,42,0.954900,27.109125,0.142310,preds.pt#995
1BA222,0015,BridgeRefine-L1,42,0.947812,25.228275,0.157001,preds.pt#996
1BA222,0016,BridgeRefine-L1,42,0.925152,22.519345,0.178166,preds.pt#997
1BA222,0017,BridgeRefine-L1,42,0.924210,22.046184,0.201970,preds.pt#998
1BA222,0018,BridgeRefine-L1,42,0.924070,21.437197,0.179095,preds.pt#999
1BA222,0019,BridgeRefine-L1,42,0.919484,21.896360,0.152234,preds.pt#1000
1BA222,0020,BridgeRefine-L1,42,0.927976,21.460682,0.130158,preds.pt#1001
1BA222,0021,BridgeRefine-L1,42,0.916397,20.703077,0.184147,preds.pt#1002
1BA222,0022,BridgeRefine-L1,42,0.921740,20.815633,0.120618,preds.pt#1003
1BA222,0023,BridgeRefine-L1,42,0.928411,21.268644,0.093539,preds.pt#1004
1BA222,0024,BridgeRefine-L1,42,0.918989,20.996558,0.128515,preds.pt#1005
1BA222,0025,BridgeRefine-L1,42,0.912122,20.459655,0.133917,preds.pt#1006
1BA222,0026,BridgeRefine-L1,42,0.914788,20.465288,0.123428,preds.pt#1007
1BA222,0027,BridgeRefine-L1,42,0.900428,19.257506,0.128707,preds.pt#1008
1BA222,0028,BridgeRefine-L1,42,0.897114,19.248309,0.137404,preds.pt#1009
1BA222,0029,BridgeRefine-L1,42,0.897318,19.264595,0.140686,preds.pt#1010
1BA222,0030,BridgeRefine-L1,42,0.890273,20.161550,0.141722,preds.pt#1011
1BA222,0031,BridgeRefine-L1,42,0.902292,20.858734,0.109243,preds.pt#1012
1BA222,0032,BridgeRefine-L1,42,0.893241,20.420239,0.136373,preds.pt#1013
1BA222,0033,BridgeRefine-L1,42,0.898406,20.271066,0.127829,preds.pt#1014
1BA222,0034,BridgeRefine-L1,42,0.892475,20.256539,0.135141,preds.pt#1015
1BA222,0035,BridgeRefine-L1,42,0.890542,20.685240,0.122336,preds.pt#1016
1BA222,0036,BridgeRefine-L1,42,0.893240,21.020826,0.128290,preds.pt#1017
1BA222,0037,BridgeRefine-L1,42,0.893563,21.432607,0.129655,preds.pt#1018
1BA222,0038,BridgeRefine-L1,42,0.899899,21.906327,0.124346,preds.pt#1019
1BA222,0039,BridgeRefine-L1,42,0.890236,21.563068,0.126669,preds.pt#1020
1BA222,0040,BridgeRefine-L1,42,0.888869,21.760213,0.132613,preds.pt#1021
1BA222,0041,BridgeRefine-L1,42,0.898302,22.223968,0.118086,preds.pt#1022
1BA222,0042,BridgeRefine-L1,42,0.893735,22.446801,0.134912,preds.pt#1023
1BA222,0043,BridgeRefine-L1,42,0.887557,22.456570,0.145367,preds.pt#1024
1BA222,0044,BridgeRefine-L1,42,0.884920,21.813818,0.149488,preds.pt#1025
1BA222,0045,BridgeRefine-L1,42,0.879465,21.685965,0.144672,preds.pt#1026
1BA222,0046,BridgeRefine-L1,42,0.877619,21.654282,0.151606,preds.pt#1027
1BA222,0047,BridgeRefine-L1,42,0.875540,21.131882,0.149951,preds.pt#1028
1BA222,0048,BridgeRefine-L1,42,0.866776,20.683801,0.150410,preds.pt#1029
1BA222,0049,BridgeRefine-L1,42,0.866599,20.948135,0.153050,preds.pt#1030
1BA222,0050,BridgeRefine-L1,42,0.860799,20.534639,0.145388,preds.pt#1031
1BA222,0051,BridgeRefine-L1,42,0.867422,20.808406,0.144706,preds.pt#1032
1BA222,0052,BridgeRefine-L1,42,0.859754,20.526508,0.165604,preds.pt#1033
1BA222,0053,BridgeRefine-L1,42,0.846683,19.613595,0.169244,preds.pt#1034
1BA222,0054,BridgeRefine-L1,42,0.845587,19.659344,0.138344,preds.pt#1035
1BA222,0055,BridgeRefine-L1,42,0.842164,18.994524,0.153550,preds.pt#1036
1BA222,0056,BridgeRefine-L1,42,0.855060,19.406775,0.159981,preds.pt#1037
1BA222,0057,BridgeRefine-L1,42,0.854194,19.331504,0.153867,preds.pt#1038
1BA222,0058,BridgeRefine-L1,42,0.850187,19.217764,0.156550,preds.pt#1039
1BA222,0059,BridgeRefine-L1,42,0.845485,19.077503,0.147756,preds.pt#1040
1BA222,0060,BridgeRefine-L1,42,0.840383,19.138852,0.142039,preds.pt#1041
1BA222,0061,BridgeRefine-L1,42,0.839116,19.353966,0.165907,preds.pt#1042
1BA222,0062,BridgeRefine-L1,42,0.837869,19.478897,0.193344,preds.pt#1043
1BA222,0063,BridgeRefine-L1,42,0.837607,19.863600,0.180746,preds.pt#1044
1BA222,0064,BridgeRefine-L1,42,0.835223,19.952773,0.189800,preds.pt#1045
1BA222,0065,BridgeRefine-L1,42,0.854716,20.719559,0.155752,preds.pt#1046
1BA222,0066,BridgeRefine-L1,42,0.856811,20.521990,0.133494,preds.pt#1047
1BA222,0067,BridgeRefine-L1,42,0.861638,20.662239,0.145646,preds.pt#1048
1BA222,0068,BridgeRefine-L1,42,0.854162,20.383527,0.147176,preds.pt#1049
1BA222,0069,BridgeRefine-L1,42,0.854652,20.245542,0.161263,preds.pt#1050
1BA222,0070,BridgeRefine-L1,42,0.843591,20.153491,0.158354,preds.pt#1051
1BA222,0071,BridgeRefine-L1,42,0.843339,20.208342,0.155572,preds.pt#1052
1BA222,0072,BridgeRefine-L1,42,0.834836,19.842178,0.150278,preds.pt#1053
1BA222,0073,BridgeRefine-L1,42,0.826997,19.559826,0.155836,preds.pt#1054
1BA222,0074,BridgeRefine-L1,42,0.822305,19.722129,0.152628,preds.pt#1055
1BA222,0075,BridgeRefine-L1,42,0.816370,19.621919,0.165238,preds.pt#1056
1BA222,0076,BridgeRefine-L1,42,0.823235,19.816638,0.156771,preds.pt#1057
1BA222,0077,BridgeRefine-L1,42,0.822631,19.828560,0.133089,preds.pt#1058
1BA222,0078,BridgeRefine-L1,42,0.823764,19.958911,0.132925,preds.pt#1059
1BA222,0079,BridgeRefine-L1,42,0.818189,19.879262,0.144009,preds.pt#1060
1BA222,0080,BridgeRefine-L1,42,0.809792,19.600414,0.135705,preds.pt#1061
1BA222,0081,BridgeRefine-L1,42,0.801213,19.401790,0.124521,preds.pt#1062
1BA222,0082,BridgeRefine-L1,42,0.805042,19.683089,0.122156,preds.pt#1063
1BA222,0083,BridgeRefine-L1,42,0.810805,20.006283,0.134154,preds.pt#1064
1BA222,0084,BridgeRefine-L1,42,0.804942,20.103177,0.137306,preds.pt#1065
1BA222,0085,BridgeRefine-L1,42,0.814494,20.501053,0.136222,preds.pt#1066
1BA222,0086,BridgeRefine-L1,42,0.816043,20.680577,0.127176,preds.pt#1067
1BA222,0087,BridgeRefine-L1,42,0.811183,20.150140,0.137770,preds.pt#1068
1BA222,0088,BridgeRefine-L1,42,0.821106,20.560034,0.134075,preds.pt#1069
1BA222,0089,BridgeRefine-L1,42,0.802236,20.018931,0.143545,preds.pt#1070
1BA222,0090,BridgeRefine-L1,42,0.798198,19.880189,0.146340,preds.pt#1071
1BA222,0091,BridgeRefine-L1,42,0.779286,19.200274,0.144846,preds.pt#1072
1BA222,0092,BridgeRefine-L1,42,0.795263,19.277738,0.124907,preds.pt#1073
1BA222,0093,BridgeRefine-L1,42,0.794071,19.407856,0.116966,preds.pt#1074
1BA222,0094,BridgeRefine-L1,42,0.813519,20.146375,0.100111,preds.pt#1075
1BA222,0095,BridgeRefine-L1,42,0.809541,19.815444,0.106938,preds.pt#1076
1BA222,0096,BridgeRefine-L1,42,0.804376,19.838904,0.106431,preds.pt#1077
1BA222,0097,BridgeRefine-L1,42,0.808271,19.782280,0.115359,preds.pt#1078
1BA222,0098,BridgeRefine-L1,42,0.819945,20.068956,0.114010,preds.pt#1079
1BA222,0099,BridgeRefine-L1,42,0.818273,19.997846,0.125007,preds.pt#1080
1BA222,0100,BridgeRefine-L1,42,0.823660,20.298002,0.128566,preds.pt#1081
1BA222,0101,BridgeRefine-L1,42,0.829444,20.403887,0.137692,preds.pt#1082
1BA222,0102,BridgeRefine-L1,42,0.829496,20.471891,0.131302,preds.pt#1083
1BA222,0103,BridgeRefine-L1,42,0.842229,20.657747,0.131086,preds.pt#1084
1BA222,0104,BridgeRefine-L1,42,0.835110,20.548197,0.127219,preds.pt#1085
1BA222,0105,BridgeRefine-L1,42,0.827936,20.322544,0.119407,preds.pt#1086
1BA222,0106,BridgeRefine-L1,42,0.817647,19.697068,0.111966,preds.pt#1087
1BA222,0107,BridgeRefine-L1,42,0.811407,19.581478,0.109190,preds.pt#1088
1BA222,0108,BridgeRefine-L1,42,0.821729,19.750547,0.106731,preds.pt#1089
1BA222,0109,BridgeRefine-L1,42,0.832583,19.915622,0.109358,preds.pt#1090
1BA222,0110,BridgeRefine-L1,42,0.835267,20.231023,0.101283,preds.pt#1091
1BA222,0111,BridgeRefine-L1,42,0.834245,20.280085,0.107836,preds.pt#1092
1BA222,0112,BridgeRefine-L1,42,0.847825,20.667092,0.095193,preds.pt#1093
1BA222,0113,BridgeRefine-L1,42,0.842642,20.553907,0.087612,preds.pt#1094
1BA222,0114,BridgeRefine-L1,42,0.851940,20.922718,0.089000,preds.pt#1095
1BA222,0115,BridgeRefine-L1,42,0.843824,20.474167,0.102079,preds.pt#1096
1BA222,0116,BridgeRefine-L1,42,0.846611,20.861330,0.092071,preds.pt#1097
1BA222,0117,BridgeRefine-L1,42,0.851333,20.990784,0.091199,preds.pt#1098
1BA222,0118,BridgeRefine-L1,42,0.856493,21.229124,0.092431,preds.pt#1099
1BA222,0119,BridgeRefine-L1,42,0.872659,21.697936,0.079294,preds.pt#1100
1BA222,0120,BridgeRefine-L1,42,0.863798,21.334435,0.082741,preds.pt#1101
1BA222,0121,BridgeRefine-L1,42,0.871054,21.733382,0.075252,preds.pt#1102
1BA222,0122,BridgeRefine-L1,42,0.865507,21.177245,0.077982,preds.pt#1103
1BA222,0123,BridgeRefine-L1,42,0.867050,21.371260,0.079063,preds.pt#1104
1BA222,0124,BridgeRefine-L1,42,0.865460,21.391570,0.084926,preds.pt#1105
1BA222,0125,BridgeRefine-L1,42,0.858424,21.102677,0.086189,preds.pt#1106
1BA222,0126,BridgeRefine-L1,42,0.860081,21.006667,0.077689,preds.pt#1107
1BA222,0127,BridgeRefine-L1,42,0.865439,21.166122,0.071429,preds.pt#1108
1BA222,0128,BridgeRefine-L1,42,0.856619,20.812897,0.072820,preds.pt#1109
1BA222,0129,BridgeRefine-L1,42,0.845061,20.562308,0.071902,preds.pt#1110
1BA222,0130,BridgeRefine-L1,42,0.859475,20.958949,0.080980,preds.pt#1111
1BA222,0131,BridgeRefine-L1,42,0.872297,21.494981,0.072388,preds.pt#1112
1BA222,0132,BridgeRefine-L1,42,0.873723,21.714204,0.069560,preds.pt#1113
1BA222,0133,BridgeRefine-L1,42,0.887715,22.343461,0.064149,preds.pt#1114
1BA222,0134,BridgeRefine-L1,42,0.881056,22.206578,0.055836,preds.pt#1115
1BA222,0135,BridgeRefine-L1,42,0.893698,22.786687,0.050782,preds.pt#1116
1BA222,0136,BridgeRefine-L1,42,0.885897,22.809264,0.060374,preds.pt#1117
1BA222,0137,BridgeRefine-L1,42,0.890411,23.217025,0.051829,preds.pt#1118
1BA222,0138,BridgeRefine-L1,42,0.885869,23.052951,0.064875,preds.pt#1119
1BA222,0139,BridgeRefine-L1,42,0.893390,23.498169,0.064949,preds.pt#1120
1BA222,0140,BridgeRefine-L1,42,0.895676,23.443919,0.058934,preds.pt#1121
1BA222,0141,BridgeRefine-L1,42,0.897296,23.816371,0.057946,preds.pt#1122
1BA222,0142,BridgeRefine-L1,42,0.889419,23.353963,0.055841,preds.pt#1123
1BA222,0143,BridgeRefine-L1,42,0.878134,22.829813,0.058002,preds.pt#1124
1BA222,0144,BridgeRefine-L1,42,0.892229,23.375800,0.061916,preds.pt#1125
1BA222,0145,BridgeRefine-L1,42,0.879960,23.078731,0.060501,preds.pt#1126
1BA222,0146,BridgeRefine-L1,42,0.876761,22.978014,0.053692,preds.pt#1127
1BA222,0147,BridgeRefine-L1,42,0.883358,23.100747,0.041983,preds.pt#1128
1BA222,0148,BridgeRefine-L1,42,0.893092,23.130286,0.035649,preds.pt#1129
1BA222,0149,BridgeRefine-L1,42,0.895912,23.103095,0.044018,preds.pt#1130
1BA222,0150,BridgeRefine-L1,42,0.894983,22.941999,0.049656,preds.pt#1131
1BA222,0151,BridgeRefine-L1,42,0.890788,22.102076,0.050776,preds.pt#1132
1BA222,0152,BridgeRefine-L1,42,0.897040,22.750243,0.041315,preds.pt#1133
1BA222,0153,BridgeRefine-L1,42,0.884539,21.882685,0.043708,preds.pt#1134
1BA222,0154,BridgeRefine-L1,42,0.889140,21.981436,0.047499,preds.pt#1135
1BA222,0155,BridgeRefine-L1,42,0.886568,21.664929,0.056704,preds.pt#1136
1BA222,0156,BridgeRefine-L1,42,0.887726,22.151882,0.049008,preds.pt#1137
1BA222,0157,BridgeRefine-L1,42,0.893245,22.781881,0.043949,preds.pt#1138
1BA222,0158,BridgeRefine-L1,42,0.905262,22.821890,0.044836,preds.pt#1139
1BA222,0159,BridgeRefine-L1,42,0.911914,23.000295,0.038628,preds.pt#1140
1BA222,0160,BridgeRefine-L1,42,0.921230,23.503747,0.037692,preds.pt#1141
1BA222,0161,BridgeRefine-L1,42,0.926087,23.530504,0.043669,preds.pt#1142
1BA222,0162,BridgeRefine-L1,42,0.911559,22.546030,0.048147,preds.pt#1143
1BA222,0163,BridgeRefine-L1,42,0.924214,23.275840,0.039631,preds.pt#1144
1BA222,0164,BridgeRefine-L1,42,0.932565,23.886306,0.029290,preds.pt#1145
1BA222,0165,BridgeRefine-L1,42,0.931719,23.567758,0.031742,preds.pt#1146
1BA222,0166,BridgeRefine-L1,42,0.925311,23.019019,0.031154,preds.pt#1147
1BA222,0167,BridgeRefine-L1,42,0.930907,23.778951,0.027530,preds.pt#1148
1BA222,0168,BridgeRefine-L1,42,0.920115,22.626783,0.038019,preds.pt#1149
1BA222,0169,BridgeRefine-L1,42,0.915883,22.119381,0.042860,preds.pt#1150
1BA222,0170,BridgeRefine-L1,42,0.928449,23.544389,0.032306,preds.pt#1151
1BA222,0171,BridgeRefine-L1,42,0.922852,22.838275,0.036634,preds.pt#1152
1BA222,0172,BridgeRefine-L1,42,0.915539,22.990302,0.037255,preds.pt#1153
1BA222,0173,BridgeRefine-L1,42,0.919402,23.199481,0.033927,preds.pt#1154
1BA222,0174,BridgeRefine-L1,42,0.918772,23.144199,0.034230,preds.pt#1155
1BA222,0175,BridgeRefine-L1,42,0.924530,23.342012,0.038244,preds.pt#1156
1BA222,0176,BridgeRefine-L1,42,0.927296,23.611145,0.044595,preds.pt#1157
1BA222,0177,BridgeRefine-L1,42,0.924664,23.555296,0.049457,preds.pt#1158
1BA222,0178,BridgeRefine-L1,42,0.924877,23.344224,0.046289,preds.pt#1159
1BA222,0179,BridgeRefine-L1,42,0.926891,23.818310,0.046026,preds.pt#1160
1BA222,0180,BridgeRefine-L1,42,0.926220,24.336925,0.045277,preds.pt#1161
1BA222,0181,BridgeRefine-L1,42,0.926291,24.169533,0.046902,preds.pt#1162
1BA222,0182,BridgeRefine-L1,42,0.923245,24.218534,0.047558,preds.pt#1163
1BA222,0183,BridgeRefine-L1,42,0.929337,24.972088,0.045545,preds.pt#1164
1BA222,0184,BridgeRefine-L1,42,0.921605,24.328782,0.040627,preds.pt#1165
1BA222,0185,BridgeRefine-L1,42,0.923582,24.484160,0.049293,preds.pt#1166
1BA222,0186,BridgeRefine-L1,42,0.934273,25.407173,0.044594,preds.pt#1167
1BA222,0187,BridgeRefine-L1,42,0.939538,26.100492,0.042332,preds.pt#1168
1BA222,0188,BridgeRefine-L1,42,0.945449,26.417074,0.041418,preds.pt#1169
1BA222,0189,BridgeRefine-L1,42,0.945527,26.617325,0.042753,preds.pt#1170
1BA222,0190,BridgeRefine-L1,42,0.946468,26.770242,0.035233,preds.pt#1171
1BA222,0191,BridgeRefine-L1,42,0.947361,26.753919,0.036351,preds.pt#1172
1BA222,0192,BridgeRefine-L1,42,0.933007,25.784964,0.039839,preds.pt#1173
1BA222,0193,BridgeRefine-L1,42,0.946487,27.182472,0.059687,preds.pt#1174
1BA222,0194,BridgeRefine-L1,42,0.949597,27.901986,0.052920,preds.pt#1175
1BA222,0195,BridgeRefine-L1,42,0.953971,28.066923,0.048997,preds.pt#1176
1BA222,0196,BridgeRefine-L1,42,0.955320,27.173913,0.045718,preds.pt#1177
1BA222,0197,BridgeRefine-L1,42,0.949754,25.012409,0.063709,preds.pt#1178
1BA222,0198,BridgeRefine-L1,42,0.958320,26.911639,0.058788,preds.pt#1179
1BA222,0199,BridgeRefine-L1,42,0.944678,24.812603,0.121194,preds.pt#1180
1BA222,0200,BridgeRefine-L1,42,0.938572,24.792918,0.174931,preds.pt#1181
1BA222,0201,BridgeRefine-L1,42,0.945621,30.025310,0.124306,preds.pt#1182
1BA222,0202,BridgeRefine-L1,42,0.951825,30.355779,0.129811,preds.pt#1183
1BA222,0203,BridgeRefine-L1,42,0.937464,29.317224,0.117198,preds.pt#1184
1BA256,0000,BridgeRefine-L1,42,0.954646,35.461912,0.218820,preds.pt#1185
1BA256,0001,BridgeRefine-L1,42,0.967501,32.091340,0.198031,preds.pt#1186
1BA256,0002,BridgeRefine-L1,42,0.961954,29.694950,0.207830,preds.pt#1187
1BA256,0003,BridgeRefine-L1,42,0.971399,29.702925,0.137082,preds.pt#1188
1BA256,0004,BridgeRefine-L1,42,0.960511,26.652917,0.209144,preds.pt#1189
1BA256,0005,BridgeRefine-L1,42,0.954607,25.003567,0.242954,preds.pt#1190
1BA256,0006,BridgeRefine-L1,42,0.959673,25.512631,0.154024,preds.pt#1191
1BA256,0007,BridgeRefine-L1,42,0.961778,25.993305,0.122586,preds.pt#1192
1BA256,0008,BridgeRefine-L1,42,0.947980,23.704667,0.213389,preds.pt#1193
1BA256,0009,BridgeRefine-L1,42,0.951823,24.086096,0.189559,preds.pt#1194
1BA256,0010,BridgeRefine-L1,42,0.952673,24.354625,0.146210,preds.pt#1195
1BA256,0011,BridgeRefine-L1,42,0.962857,25.777803,0.090763,preds.pt#1196
1BA256,0012,BridgeRefine-L1,42,0.948046,23.770337,0.144867,preds.pt#1197
1BA256,0013,BridgeRefine-L1,42,0.955482,24.632769,0.108300,preds.pt#1198
1BA256,0014,BridgeRefine-L1,42,0.957713,25.197741,0.123107,preds.pt#1199
1BA256,0015,BridgeRefine-L1,42,0.955997,24.611103,0.090186,preds.pt#1200
1BA256,0016,BridgeRefine-L1,42,0.952037,24.738024,0.116786,preds.pt#1201
1BA256,0017,BridgeRefine-L1,42,0.951877,23.884996,0.120910,preds.pt#1202
1BA256,0018,BridgeRefine-L1,42,0.953972,24.030084,0.127576,preds.pt#1203
1BA256,0019,BridgeRefine-L1,42,0.953941,24.732657,0.119737,preds.pt#1204
1BA256,0020,BridgeRefine-L1,42,0.946883,23.938543,0.136433,preds.pt#1205
1BA256,0021,BridgeRefine-L1,42,0.947067,23.988240,0.137269,preds.pt#1206
1BA256,0022,BridgeRefine-L1,42,0.940434,23.516388,0.139236,preds.pt#1207
1BA256,0023,BridgeRefine-L1,42,0.944076,23.815008,0.136957,preds.pt#1208
1BA256,0024,BridgeRefine-L1,42,0.938243,23.785484,0.138000,preds.pt#1209
1BA256,0025,BridgeRefine-L1,42,0.928862,23.096687,0.162021,preds.pt#1210
1BA256,0026,BridgeRefine-L1,42,0.935444,23.075958,0.154579,preds.pt#1211
1BA256,0027,BridgeRefine-L1,42,0.928720,22.793416,0.148919,preds.pt#1212
1BA256,0028,BridgeRefine-L1,42,0.917307,22.526851,0.157502,preds.pt#1213
1BA256,0029,BridgeRefine-L1,42,0.936473,23.798835,0.127668,preds.pt#1214
1BA256,0030,BridgeRefine-L1,42,0.927643,23.404594,0.144902,preds.pt#1215
1BA256,0031,BridgeRefine-L1,42,0.926896,23.664143,0.120847,preds.pt#1216
1BA256,0032,BridgeRefine-L1,42,0.930170,24.000890,0.103375,preds.pt#1217
1BA256,0033,BridgeRefine-L1,42,0.920852,23.069282,0.122519,preds.pt#1218
1BA256,0034,BridgeRefine-L1,42,0.930103,24.028814,0.102927,preds.pt#1219
1BA256,0035,BridgeRefine-L1,42,0.913852,22.512891,0.123218,preds.pt#1220
1BA256,0036,BridgeRefine-L1,42,0.920693,23.407693,0.112572,preds.pt#1221
1BA256,0037,BridgeRefine-L1,42,0.921076,23.606511,0.094128,preds.pt#1222
1BA256,0038,BridgeRefine-L1,42,0.927642,24.234991,0.109970,preds.pt#1223
1BA256,0039,BridgeRefine-L1,42,0.911302,23.221771,0.130988,preds.pt#1224
1BA256,0040,BridgeRefine-L1,42,0.920999,23.885788,0.108765,preds.pt#1225
1BA256,0041,BridgeRefine-L1,42,0.910548,23.354524,0.116105,preds.pt#1226
1BA256,0042,BridgeRefine-L1,42,0.891225,22.113994,0.139341,preds.pt#1227
1BA256,0043,BridgeRefine-L1,42,0.873301,21.078397,0.154179,preds.pt#1228
1BA256,0044,BridgeRefine-L1,42,0.873309,21.091029,0.143870,preds.pt#1229
1BA256,0045,BridgeRefine-L1,42,0.866664,20.802923,0.155636,preds.pt#1230
1BA256,0046,BridgeRefine-L1,42,0.849301,19.605070,0.184340,preds.pt#1231
1BA256,0047,BridgeRefine-L1,42,0.821416,18.466548,0.183425,preds.pt#1232
1BA256,0048,BridgeRefine-L1,42,0.804753,17.741033,0.200434,preds.pt#1233
1BA256,0049,BridgeRefine-L1,42,0.807396,18.273867,0.186066,preds.pt#1234
1BA256,0050,BridgeRefine-L1,42,0.797355,17.541851,0.199907,preds.pt#1235
1BA256,0051,BridgeRefine-L1,42,0.781437,16.925914,0.197382,preds.pt#1236
1BA256,0052,BridgeRefine-L1,42,0.812754,17.662984,0.205705,preds.pt#1237
1BA256,0053,BridgeRefine-L1,42,0.809102,17.572914,0.186547,preds.pt#1238
1BA256,0054,BridgeRefine-L1,42,0.826995,18.496885,0.174599,preds.pt#1239
1BA256,0055,BridgeRefine-L1,42,0.841407,19.242348,0.137807,preds.pt#1240
1BA256,0056,BridgeRefine-L1,42,0.870160,20.567897,0.133022,preds.pt#1241
1BA256,0057,BridgeRefine-L1,42,0.863929,20.164229,0.152256,preds.pt#1242
1BA256,0058,BridgeRefine-L1,42,0.850785,19.445986,0.140584,preds.pt#1243
1BA256,0059,BridgeRefine-L1,42,0.865602,20.215479,0.124477,preds.pt#1244
1BA256,0060,BridgeRefine-L1,42,0.847097,19.380617,0.127597,preds.pt#1245
1BA256,0061,BridgeRefine-L1,42,0.838803,19.341148,0.137883,preds.pt#1246
1BA256,0062,BridgeRefine-L1,42,0.827666,19.060089,0.160275,preds.pt#1247
1BA256,0063,BridgeRefine-L1,42,0.838634,19.863900,0.136748,preds.pt#1248
1BA256,0064,BridgeRefine-L1,42,0.846915,20.501285,0.150531,preds.pt#1249
1BA256,0065,BridgeRefine-L1,42,0.834877,19.707757,0.171489,preds.pt#1250
1BA256,0066,BridgeRefine-L1,42,0.834777,19.866292,0.174662,preds.pt#1251
1BA256,0067,BridgeRefine-L1,42,0.836650,19.752072,0.181772,preds.pt#1252
1BA256,0068,BridgeRefine-L1,42,0.837616,19.895449,0.176907,preds.pt#1253
1BA256,0069,BridgeRefine-L1,42,0.842185,19.843321,0.159285,preds.pt#1254
1BA256,0070,BridgeRefine-L1,42,0.851613,20.442178,0.131391,preds.pt#1255
1BA256,0071,BridgeRefine-L1,42,0.846259,20.049914,0.125145,preds.pt#1256
1BA256,0072,BridgeRefine-L1,42,0.838559,19.543107,0.128049,preds.pt#1257
1BA256,0073,BridgeRefine-L1,42,0.846156,20.044354,0.124748,preds.pt#1258
1BA256,0074,BridgeRefine-L1,42,0.834194,19.574167,0.138500,preds.pt#1259
1BA256,0075,BridgeRefine-L1,42,0.830630,19.540927,0.133103,preds.pt#1260
1BA256,0076,BridgeRefine-L1,42,0.827931,19.699357,0.132167,preds.pt#1261
1BA256,0077,BridgeRefine-L1,42,0.829792,19.733543,0.125329,preds.pt#1262
1BA256,0078,BridgeRefine-L1,42,0.827109,19.601490,0.148215,preds.pt#1263
1BA256,0079,BridgeRefine-L1,42,0.823426,19.486777,0.136501,preds.pt#1264
1BA256,0080,BridgeRefine-L1,42,0.822187,19.787833,0.130052,preds.pt#1265
1BA256,0081,BridgeRefine-L1,42,0.816435,19.558243,0.130957,preds.pt#1266
1BA256,0082,BridgeRefine-L1,42,0.827974,20.048589,0.120528,preds.pt#1267
1BA256,0083,BridgeRefine-L1,42,0.815660,19.708152,0.128426,preds.pt#1268
1BA256,0084,BridgeRefine-L1,42,0.811493,19.585087,0.133646,preds.pt#1269
1BA256,0085,BridgeRefine-L1,42,0.813251,19.426454,0.123296,preds.pt#1270
1BA256,0086,BridgeRefine-L1,42,0.816465,19.770668,0.125037,preds.pt#1271
1BA256,0087,BridgeRefine-L1,42,0.799154,19.334479,0.129856,preds.pt#1272
1BA256,0088,BridgeRefine-L1,42,0.800095,19.563539,0.123468,preds.pt#1273
1BA256,0089,BridgeRefine-L1,42,0.800312,19.476699,0.124784,preds.pt#1274
1BA256,0090,BridgeRefine-L1,42,0.803714,19.803610,0.126694,preds.pt#1275
1BA256,0091,BridgeRefine-L1,42,0.791015,19.246765,0.144179,preds.pt#1276
1BA256,0092,BridgeRefine-L1,42,0.818279,20.118946,0.118645,preds.pt#1277
1BA256,0093,BridgeRefine-L1,42,0.817932,20.297202,0.112304,preds.pt#1278
1BA256,0094,BridgeRefine-L1,42,0.811001,20.042381,0.134635,preds.pt#1279
1BA256,0095,BridgeRefine-L1,42,0.825673,20.341341,0.124942,preds.pt#1280
1BA256,0096,BridgeRefine-L1,42,0.795932,18.649020,0.112229,preds.pt#1281
1BA256,0097,BridgeRefine-L1,42,0.797874,18.843348,0.112364,preds.pt#1282
1BA256,0098,BridgeRefine-L1,42,0.814240,20.149646,0.108043,preds.pt#1283
1BA256,0099,BridgeRefine-L1,42,0.791941,19.157103,0.109883,preds.pt#1284
1BA256,0100,BridgeRefine-L1,42,0.819630,20.324814,0.101127,preds.pt#1285
1BA256,0101,BridgeRefine-L1,42,0.830672,20.345957,0.101821,preds.pt#1286
1BA256,0102,BridgeRefine-L1,42,0.828208,20.105844,0.094721,preds.pt#1287
1BA256,0103,BridgeRefine-L1,42,0.842901,20.425057,0.089297,preds.pt#1288
1BA256,0104,BridgeRefine-L1,42,0.853583,20.787739,0.084227,preds.pt#1289
1BA256,0105,BridgeRefine-L1,42,0.851935,20.661933,0.091686,preds.pt#1290
1BA256,0106,BridgeRefine-L1,42,0.858246,21.200230,0.086779,preds.pt#1291
1BA256,0107,BridgeRefine-L1,42,0.859642,21.389394,0.087291,preds.pt#1292
1BA256,0108,BridgeRefine-L1,42,0.853898,20.867970,0.103043,preds.pt#1293
1BA256,0109,BridgeRefine-L1,42,0.859649,20.945845,0.093632,preds.pt#1294
1BA256,0110,BridgeRefine-L1,42,0.855608,21.059746,0.079047,preds.pt#1295
1BA256,0111,BridgeRefine-L1,42,0.866101,21.751170,0.088841,preds.pt#1296
1BA256,0112,BridgeRefine-L1,42,0.866789,21.408033,0.095900,preds.pt#1297
1BA256,0113,BridgeRefine-L1,42,0.862947,21.198558,0.081961,preds.pt#1298
1BA256,0114,BridgeRefine-L1,42,0.859066,20.964916,0.084483,preds.pt#1299
1BA256,0115,BridgeRefine-L1,42,0.856428,21.031773,0.084972,preds.pt#1300
1BA256,0116,BridgeRefine-L1,42,0.863581,20.577747,0.099426,preds.pt#1301
1BA256,0117,BridgeRefine-L1,42,0.865235,21.198716,0.091415,preds.pt#1302
1BA256,0118,BridgeRefine-L1,42,0.862281,21.229501,0.096046,preds.pt#1303
1BA256,0119,BridgeRefine-L1,42,0.870821,21.564513,0.082479,preds.pt#1304
1BA256,0120,BridgeRefine-L1,42,0.876786,21.859864,0.085695,preds.pt#1305
1BA256,0121,BridgeRefine-L1,42,0.861796,21.262943,0.089505,preds.pt#1306
1BA256,0122,BridgeRefine-L1,42,0.869724,21.450651,0.094330,preds.pt#1307
1BA256,0123,BridgeRefine-L1,42,0.874210,21.503978,0.084235,preds.pt#1308
1BA256,0124,BridgeRefine-L1,42,0.880542,21.959919,0.077229,preds.pt#1309
1BA256,0125,BridgeRefine-L1,42,0.871036,21.493996,0.075037,preds.pt#1310
1BA256,0126,BridgeRefine-L1,42,0.867076,21.621832,0.070433,preds.pt#1311
1BA256,0127,BridgeRefine-L1,42,0.878920,21.793002,0.067785,preds.pt#1312
1BA256,0128,BridgeRefine-L1,42,0.861002,21.291235,0.075353,preds.pt#1313
1BA256,0129,BridgeRefine-L1,42,0.859582,21.245154,0.089273,preds.pt#1314
1BA256,0130,BridgeRefine-L1,42,0.874257,21.562031,0.073175,preds.pt#1315
1BA256,0131,BridgeRefine-L1,42,0.878188,21.695250,0.068545,preds.pt#1316
1BA256,0132,BridgeRefine-L1,42,0.872224,21.539447,0.071030,preds.pt#1317
1BA256,0133,BridgeRefine-L1,42,0.868436,21.563803,0.067599,preds.pt#1318
1BA256,0134,BridgeRefine-L1,42,0.871597,21.359191,0.077096,preds.pt#1319
1BA256,0135,BridgeRefine-L1,42,0.879014,21.546194,0.062269,preds.pt#1320
1BA256,0136,BridgeRefine-L1,42,0.867114,20.741382,0.068438,preds.pt#1321
1BA256,0137,BridgeRefine-L1,42,0.879022,21.202250,0.065331,preds.pt#1322
1BA256,0138,BridgeRefine-L1,42,0.882050,21.609569,0.064957,preds.pt#1323
1BA256,0139,BridgeRefine-L1,42,0.879260,21.297465,0.064627,preds.pt#1324
1BA256,0140,BridgeRefine-L1,42,0.881561,21.415052,0.065266,preds.pt#1325
1BA256,0141,BridgeRefine-L1,42,0.877743,21.673290,0.057361,preds.pt#1326
1BA256,0142,BridgeRefine-L1,42,0.867034,20.987742,0.065555,preds.pt#1327
1BA256,0143,BridgeRefine-L1,42,0.877305,21.364824,0.061256,preds.pt#1328
1BA256,0144,BridgeRefine-L1,42,0.876042,21.266030,0.060180,preds.pt#1329
1BA256,0145,BridgeRefine-L1,42,0.866529,20.777904,0.056909,preds.pt#1330
1BA256,0146,BridgeRefine-L1,42,0.875430,21.647793,0.057593,preds.pt#1331
1BA256,0147,BridgeRefine-L1,42,0.869459,21.112332,0.058624,preds.pt#1332
1BA256,0148,BridgeRefine-L1,42,0.873124,21.475085,0.056152,preds.pt#1333
1BA256,0149,BridgeRefine-L1,42,0.883717,21.722470,0.051227,preds.pt#1334
1BA256,0150,BridgeRefine-L1,42,0.827147,20.922322,0.046374,preds.pt#1335
1BA256,0151,BridgeRefine-L1,42,0.788285,20.356063,0.054297,preds.pt#1336
1BA256,0152,BridgeRefine-L1,42,0.862122,22.017227,0.063012,preds.pt#1337
1BA256,0153,BridgeRefine-L1,42,0.840554,21.568120,0.066455,preds.pt#1338
1BA256,0154,BridgeRefine-L1,42,0.751848,19.657437,0.079341,preds.pt#1339
1BA256,0155,BridgeRefine-L1,42,0.767650,20.122069,0.071623,preds.pt#1340
1BA256,0156,BridgeRefine-L1,42,0.769531,20.255067,0.070985,preds.pt#1341
1BA256,0157,BridgeRefine-L1,42,0.800692,20.767975,0.065713,preds.pt#1342
1BA256,0158,BridgeRefine-L1,42,0.762202,20.173181,0.062724,preds.pt#1343
1BA256,0159,BridgeRefine-L1,42,0.851823,21.499838,0.061935,preds.pt#1344
1BA256,0160,BridgeRefine-L1,42,0.817527,20.969480,0.062209,preds.pt#1345
1BA256,0161,BridgeRefine-L1,42,0.830196,21.177175,0.056385,preds.pt#1346
1BA256,0162,BridgeRefine-L1,42,0.873223,21.767195,0.047285,preds.pt#1347
1BA256,0163,BridgeRefine-L1,42,0.830056,21.350114,0.051122,preds.pt#1348
1BA256,0164,BridgeRefine-L1,42,0.821266,21.092372,0.052306,preds.pt#1349
1BA256,0165,BridgeRefine-L1,42,0.779290,20.178612,0.059548,preds.pt#1350
1BA256,0166,BridgeRefine-L1,42,0.783537,19.777199,0.057912,preds.pt#1351
1BA256,0167,BridgeRefine-L1,42,0.861982,21.873514,0.045725,preds.pt#1352
1BA256,0168,BridgeRefine-L1,42,0.839807,21.800286,0.046978,preds.pt#1353
1BA256,0169,BridgeRefine-L1,42,0.905005,22.709914,0.050290,preds.pt#1354
1BA256,0170,BridgeRefine-L1,42,0.781292,19.991480,0.057507,preds.pt#1355
1BA256,0171,BridgeRefine-L1,42,0.915108,22.456091,0.046719,preds.pt#1356
1BA256,0172,BridgeRefine-L1,42,0.843854,21.543458,0.046806,preds.pt#1357
1BA256,0173,BridgeRefine-L1,42,0.886302,22.212513,0.049584,preds.pt#1358
1BA256,0174,BridgeRefine-L1,42,0.909432,22.314965,0.048567,preds.pt#1359
1BA256,0175,BridgeRefine-L1,42,0.919537,22.729048,0.040279,preds.pt#1360
1BA256,0176,BridgeRefine-L1,42,0.915203,22.712696,0.048138,preds.pt#1361
1BA256,0177,BridgeRefine-L1,42,0.922112,23.262902,0.045426,preds.pt#1362
1BA256,0178,BridgeRefine-L1,42,0.931038,23.606132,0.045954,preds.pt#1363
1BA256,0179,BridgeRefine-L1,42,0.925675,23.221616,0.050361,preds.pt#1364
1BA256,0180,BridgeRefine-L1,42,0.870145,21.498909,0.041503,preds.pt#1365
1BA256,0181,BridgeRefine-L1,42,0.932226,23.402907,0.044402,preds.pt#1366
1BA256,0182,BridgeRefine-L1,42,0.924859,22.358314,0.041988,preds.pt#1367
1BA256,0183,BridgeRefine-L1,42,0.925257,22.223628,0.066038,preds.pt#1368
1BA256,0184,BridgeRefine-L1,42,0.928371,22.747110,0.062776,preds.pt#1369
1BA256,0185,BridgeRefine-L1,42,0.934663,23.191223,0.057872,preds.pt#1370
1BA256,0186,BridgeRefine-L1,42,0.933974,23.004972,0.058894,preds.pt#1371
1BA256,0187,BridgeRefine-L1,42,0.895629,21.394244,0.058345,preds.pt#1372
1BA256,0188,BridgeRefine-L1,42,0.913075,22.045073,0.067135,preds.pt#1373
1BA256,0189,BridgeRefine-L1,42,0.940177,23.371996,0.055864,preds.pt#1374
1BA256,0190,BridgeRefine-L1,42,0.923728,22.601121,0.066638,preds.pt#1375
1BA256,0191,BridgeRefine-L1,42,0.905798,21.553352,0.058432,preds.pt#1376
1BA256,0192,BridgeRefine-L1,42,0.916257,21.988549,0.056677,preds.pt#1377
1BA256,0193,BridgeRefine-L1,42,0.932395,22.623090,0.064025,preds.pt#1378
1BA256,0194,BridgeRefine-L1,42,0.939480,23.415348,0.060715,preds.pt#1379
1BA256,0195,BridgeRefine-L1,42,0.945525,24.041053,0.077246,preds.pt#1380
1BA256,0196,BridgeRefine-L1,42,0.955556,25.475637,0.066537,preds.pt#1381
1BA256,0197,BridgeRefine-L1,42,0.957371,25.217270,0.069587,preds.pt#1382
1BA256,0198,BridgeRefine-L1,42,0.964354,25.434675,0.063999,preds.pt#1383
1BA256,0199,BridgeRefine-L1,42,0.956835,24.374537,0.081447,preds.pt#1384
1BA256,0200,BridgeRefine-L1,42,0.958161,24.172681,0.086386,preds.pt#1385
1BA256,0201,BridgeRefine-L1,42,0.960971,27.934904,0.097354,preds.pt#1386
1BA256,0202,BridgeRefine-L1,42,0.963887,32.027228,0.066762,preds.pt#1387
1BA256,0203,BridgeRefine-L1,42,0.956961,32.390877,0.086810,preds.pt#1388
1BA328,0001,BridgeRefine-L1,42,0.977927,39.272953,0.077483,preds.pt#1389
1BA328,0002,BridgeRefine-L1,42,0.973909,34.957635,0.110828,preds.pt#1390
1BA328,0003,BridgeRefine-L1,42,0.978121,36.003854,0.102426,preds.pt#1391
1BA328,0004,BridgeRefine-L1,42,0.976684,33.872985,0.103477,preds.pt#1392
1BA328,0005,BridgeRefine-L1,42,0.961758,29.144536,0.118731,preds.pt#1393
1BA328,0006,BridgeRefine-L1,42,0.951351,26.499899,0.112732,preds.pt#1394
1BA328,0007,BridgeRefine-L1,42,0.956390,25.557143,0.104500,preds.pt#1395
1BA328,0008,BridgeRefine-L1,42,0.945222,24.300519,0.126437,preds.pt#1396
1BA328,0009,BridgeRefine-L1,42,0.943198,24.113409,0.130666,preds.pt#1397
1BA328,0010,BridgeRefine-L1,42,0.937241,23.347379,0.129065,preds.pt#1398
1BA328,0011,BridgeRefine-L1,42,0.934376,22.992577,0.136626,preds.pt#1399
1BA328,0012,BridgeRefine-L1,42,0.930144,22.164377,0.138303,preds.pt#1400
1BA328,0013,BridgeRefine-L1,42,0.927658,20.445175,0.136148,preds.pt#1401
1BA328,0014,BridgeRefine-L1,42,0.928767,21.325387,0.119028,preds.pt#1402
1BA328,0015,BridgeRefine-L1,42,0.917163,19.813572,0.130612,preds.pt#1403
1BA328,0016,BridgeRefine-L1,42,0.915143,20.739538,0.137297,preds.pt#1404
1BA328,0017,BridgeRefine-L1,42,0.901396,19.438602,0.121770,preds.pt#1405
1BA328,0018,BridgeRefine-L1,42,0.899666,19.583666,0.140320,preds.pt#1406
1BA328,0019,BridgeRefine-L1,42,0.905396,19.941347,0.134272,preds.pt#1407
1BA328,0020,BridgeRefine-L1,42,0.892889,18.543421,0.156755,preds.pt#1408
1BA328,0021,BridgeRefine-L1,42,0.901529,19.310035,0.148158,preds.pt#1409
1BA328,0022,BridgeRefine-L1,42,0.897700,19.271358,0.145505,preds.pt#1410
1BA328,0023,BridgeRefine-L1,42,0.890574,18.959418,0.145415,preds.pt#1411
1BA328,0024,BridgeRefine-L1,42,0.895747,18.860120,0.137440,preds.pt#1412
1BA328,0025,BridgeRefine-L1,42,0.893320,18.911541,0.145189,preds.pt#1413
1BA328,0026,BridgeRefine-L1,42,0.899966,19.200846,0.138056,preds.pt#1414
1BA328,0027,BridgeRefine-L1,42,0.876874,18.365031,0.158004,preds.pt#1415
1BA328,0028,BridgeRefine-L1,42,0.876432,18.646121,0.144454,preds.pt#1416
1BA328,0029,BridgeRefine-L1,42,0.866993,18.431756,0.162269,preds.pt#1417
1BA328,0030,BridgeRefine-L1,42,0.861295,18.478019,0.164489,preds.pt#1418
1BA328,0031,BridgeRefine-L1,42,0.846151,17.773919,0.165185,preds.pt#1419
1BA328,0032,BridgeRefine-L1,42,0.859651,18.398022,0.140755,preds.pt#1420
1BA328,0033,BridgeRefine-L1,42,0.832715,17.335362,0.154042,preds.pt#1421
1BA328,0034,BridgeRefine-L1,42,0.849415,18.289131,0.130980,preds.pt#1422
1BA328,0035,BridgeRefine-L1,42,0.859283,19.033516,0.137926,preds.pt#1423
1BA328,0036,BridgeRefine-L1,42,0.835643,18.108463,0.166950,preds.pt#1424
1BA328,0037,BridgeRefine-L1,42,0.827949,17.827482,0.179732,preds.pt#1425
1BA328,0038,BridgeRefine-L1,42,0.821741,17.461131,0.184566,preds.pt#1426
1BA328,0039,BridgeRefine-L1,42,0.805002,16.911546,0.196845,preds.pt#1427
1BA328,0040,BridgeRefine-L1,42,0.821747,17.513322,0.188209,preds.pt#1428
1BA328,0041,BridgeRefine-L1,42,0.796638,16.141341,0.203249,preds.pt#1429
1BA328,0042,BridgeRefine-L1,42,0.766051,14.914355,0.213735,preds.pt#1430
1BA328,0043,BridgeRefine-L1,42,0.822546,17.291602,0.198773,preds.pt#1431
1BA328,0044,BridgeRefine-L1,42,0.788333,16.065510,0.203643,preds.pt#1432
1BA328,0045,BridgeRefine-L1,42,0.793093,16.146104,0.202760,preds.pt#1433
1BA328,0046,BridgeRefine-L1,42,0.767072,14.983456,0.222332,preds.pt#1434
1BA328,0047,BridgeRefine-L1,42,0.773054,14.970688,0.216890,preds.pt#1435
1BA328,0048,BridgeRefine-L1,42,0.774594,15.128288,0.207890,preds.pt#1436
1BA328,0049,BridgeRefine-L1,42,0.730589,14.070329,0.238858,preds.pt#1437
1BA328,0050,BridgeRefine-L1,42,0.740558,14.293203,0.230090,preds.pt#1438
1BA328,0051,BridgeRefine-L1,42,0.743313,14.170962,0.210858,preds.pt#1439
1BA328,0052,BridgeRefine-L1,42,0.735002,14.201677,0.192448,preds.pt#1440
1BA328,0053,BridgeRefine-L1,42,0.757284,14.989835,0.175599,preds.pt#1441
1BA328,0054,BridgeRefine-L1,42,0.748514,14.737677,0.185986,preds.pt#1442
1BA328,0055,BridgeRefine-L1,42,0.754834,15.481981,0.184872,preds.pt#1443
1BA328,0056,BridgeRefine-L1,42,0.771713,16.038804,0.152693,preds.pt#1444
1BA328,0057,BridgeRefine-L1,42,0.787157,16.996377,0.153822,preds.pt#1445
1BA328,0058,BridgeRefine-L1,42,0.793294,17.423770,0.138886,preds.pt#1446
1BA328,0059,BridgeRefine-L1,42,0.795251,17.779873,0.165169,preds.pt#1447
1BA328,0060,BridgeRefine-L1,42,0.785811,17.485970,0.157810,preds.pt#1448
1BA328,0061,BridgeRefine-L1,42,0.799389,18.144458,0.140270,preds.pt#1449
1BA328,0062,BridgeRefine-L1,42,0.797035,18.170814,0.147114,preds.pt#1450
1BA328,0063,BridgeRefine-L1,42,0.812019,19.019855,0.120117,preds.pt#1451
1BA328,0064,BridgeRefine-L1,42,0.802751,18.130911,0.130975,preds.pt#1452
1BA328,0065,BridgeRefine-L1,42,0.809985,18.843851,0.123287,preds.pt#1453
1BA328,0066,BridgeRefine-L1,42,0.807014,18.748659,0.123190,preds.pt#1454
1BA328,0067,BridgeRefine-L1,42,0.818753,19.346275,0.109380,preds.pt#1455
1BA328,0068,BridgeRefine-L1,42,0.811399,19.009734,0.125560,preds.pt#1456
1BA328,0069,BridgeRefine-L1,42,0.787676,18.639188,0.132022,preds.pt#1457
1BA328,0070,BridgeRefine-L1,42,0.788618,18.426933,0.135491,preds.pt#1458
1BA328,0071,BridgeRefine-L1,42,0.794840,18.811334,0.139801,preds.pt#1459
1BA328,0072,BridgeRefine-L1,42,0.792493,18.675853,0.143792,preds.pt#1460
1BA328,0073,BridgeRefine-L1,42,0.790072,18.881683,0.146844,preds.pt#1461
1BA328,0074,BridgeRefine-L1,42,0.792252,18.930626,0.160760,preds.pt#1462
1BA328,0075,BridgeRefine-L1,42,0.798819,18.977490,0.166679,preds.pt#1463
1BA328,0076,BridgeRefine-L1,42,0.793425,18.903112,0.148229,preds.pt#1464
1BA328,0077,BridgeRefine-L1,42,0.805093,19.591493,0.148743,preds.pt#1465
1BA328,0078,BridgeRefine-L1,42,0.809219,19.627253,0.130194,preds.pt#1466
1BA328,0079,BridgeRefine-L1,42,0.794656,19.158560,0.153077,preds.pt#1467
1BA328,0080,BridgeRefine-L1,42,0.795928,19.286472,0.139235,preds.pt#1468
1BA328,0081,BridgeRefine-L1,42,0.806744,19.589612,0.138092,preds.pt#1469
1BA328,0082,BridgeRefine-L1,42,0.813819,19.607521,0.133016,preds.pt#1470
1BA328,0083,BridgeRefine-L1,42,0.805703,19.506127,0.122930,preds.pt#1471
1BA328,0084,BridgeRefine-L1,42,0.806638,19.857506,0.137409,preds.pt#1472
1BA328,0085,BridgeRefine-L1,42,0.799095,19.502977,0.143278,preds.pt#1473
1BA328,0086,BridgeRefine-L1,42,0.801696,19.601679,0.146321,preds.pt#1474
1BA328,0087,BridgeRefine-L1,42,0.802743,19.764448,0.149148,preds.pt#1475
1BA328,0088,BridgeRefine-L1,42,0.783288,18.983222,0.148309,preds.pt#1476
1BA328,0089,BridgeRefine-L1,42,0.789691,19.083266,0.136937,preds.pt#1477
1BA328,0090,BridgeRefine-L1,42,0.800628,19.517852,0.144196,preds.pt#1478
1BA328,0091,BridgeRefine-L1,42,0.805651,19.518682,0.128815,preds.pt#1479
1BA328,0092,BridgeRefine-L1,42,0.803402,19.596130,0.126701,preds.pt#1480
1BA328,0093,BridgeRefine-L1,42,0.806060,19.455529,0.121248,preds.pt#1481
1BA328,0094,BridgeRefine-L1,42,0.805771,19.515837,0.116909,preds.pt#1482
1BA328,0095,BridgeRefine-L1,42,0.801244,19.093345,0.121623,preds.pt#1483
1BA328,0096,BridgeRefine-L1,42,0.821440,19.757880,0.117572,preds.pt#1484
1BA328,0097,BridgeRefine-L1,42,0.824985,19.768514,0.084949,preds.pt#1485
1BA328,0098,BridgeRefine-L1,42,0.832510,19.935250,0.102878,preds.pt#1486
1BA328,0099,BridgeRefine-L1,42,0.829278,19.807036,0.091698,preds.pt#1487
1BA328,0100,BridgeRefine-L1,42,0.819011,19.463437,0.094371,preds.pt#1488
1BA328,0101,BridgeRefine-L1,42,0.822305,19.304968,0.094729,preds.pt#1489
1BA328,0102,BridgeRefine-L1,42,0.833197,19.428522,0.096603,preds.pt#1490
1BA328,0103,BridgeRefine-L1,42,0.835614,19.637276,0.091875,preds.pt#1491
1BA328,0104,BridgeRefine-L1,42,0.847441,20.001446,0.080237,preds.pt#1492
1BA328,0105,BridgeRefine-L1,42,0.833815,19.836484,0.084483,preds.pt#1493
1BA328,0106,BridgeRefine-L1,42,0.839016,20.099404,0.072269,preds.pt#1494
1BA328,0107,BridgeRefine-L1,42,0.844803,20.231979,0.069540,preds.pt#1495
1BA328,0108,BridgeRefine-L1,42,0.835705,19.907845,0.086094,preds.pt#1496
1BA328,0109,BridgeRefine-L1,42,0.828923,19.469393,0.083597,preds.pt#1497
1BA328,0110,BridgeRefine-L1,42,0.836224,19.736981,0.081945,preds.pt#1498
1BA328,0111,BridgeRefine-L1,42,0.833968,19.668372,0.086216,preds.pt#1499
1BA328,0112,BridgeRefine-L1,42,0.846996,19.936674,0.077261,preds.pt#1500
1BA328,0113,BridgeRefine-L1,42,0.834865,19.691795,0.095889,preds.pt#1501
1BA328,0114,BridgeRefine-L1,42,0.832088,18.763931,0.083713,preds.pt#1502
1BA328,0115,BridgeRefine-L1,42,0.855554,20.190421,0.079060,preds.pt#1503
1BA328,0116,BridgeRefine-L1,42,0.857487,20.231672,0.074043,preds.pt#1504
1BA328,0117,BridgeRefine-L1,42,0.839596,19.633337,0.070347,preds.pt#1505
1BA328,0118,BridgeRefine-L1,42,0.842981,20.158823,0.067741,preds.pt#1506
1BA328,0119,BridgeRefine-L1,42,0.843535,19.693727,0.064150,preds.pt#1507
1BA328,0120,BridgeRefine-L1,42,0.845611,20.080546,0.069256,preds.pt#1508
1BA328,0121,BridgeRefine-L1,42,0.856800,20.360796,0.067986,preds.pt#1509
1BA328,0122,BridgeRefine-L1,42,0.868582,21.015389,0.059430,preds.pt#1510
1BA328,0123,BridgeRefine-L1,42,0.861131,20.666479,0.054321,preds.pt#1511
1BA328,0124,BridgeRefine-L1,42,0.867168,21.269903,0.048924,preds.pt#1512
1BA328,0125,BridgeRefine-L1,42,0.864023,21.119743,0.056551,preds.pt#1513
1BA328,0126,BridgeRefine-L1,42,0.871450,21.181053,0.053754,preds.pt#1514
1BA328,0127,BridgeRefine-L1,42,0.886079,22.014144,0.049409,preds.pt#1515
1BA328,0128,BridgeRefine-L1,42,0.884762,21.926256,0.054620,preds.pt#1516
1BA328,0129,BridgeRefine-L1,42,0.886287,22.128854,0.050495,preds.pt#1517
1BA328,0130,BridgeRefine-L1,42,0.885600,22.304051,0.050941,preds.pt#1518
1BA328,0131,BridgeRefine-L1,42,0.892698,22.504829,0.055903,preds.pt#1519
1BA328,0132,BridgeRefine-L1,42,0.901994,22.913146,0.050879,preds.pt#1520
1BA328,0133,BridgeRefine-L1,42,0.897130,22.730776,0.053138,preds.pt#1521
1BA328,0134,BridgeRefine-L1,42,0.901802,22.675772,0.054447,preds.pt#1522
1BA328,0135,BridgeRefine-L1,42,0.899360,22.930844,0.055831,preds.pt#1523
1BA328,0136,BridgeRefine-L1,42,0.895636,22.690839,0.053281,preds.pt#1524
1BA328,0137,BridgeRefine-L1,42,0.907612,22.873713,0.047633,preds.pt#1525
1BA328,0138,BridgeRefine-L1,42,0.903946,22.552511,0.044345,preds.pt#1526
1BA328,0139,BridgeRefine-L1,42,0.912988,22.966264,0.042419,preds.pt#1527
1BA328,0140,BridgeRefine-L1,42,0.906919,22.788834,0.043018,preds.pt#1528
1BA328,0141,BridgeRefine-L1,42,0.904521,22.244832,0.049704,preds.pt#1529
1BA328,0142,BridgeRefine-L1,42,0.909441,22.618757,0.044140,preds.pt#1530
1BA328,0143,BridgeRefine-L1,42,0.909088,22.598317,0.044941,preds.pt#1531
1BA328,0144,BridgeRefine-L1,42,0.897000,22.348386,0.047005,preds.pt#1532
1BA328,0145,BridgeRefine-L1,42,0.900458,22.535008,0.049522,preds.pt#1533
1BA328,0146,BridgeRefine-L1,42,0.902719,22.552923,0.048765,preds.pt#1534
1BA328,0147,BridgeRefine-L1,42,0.897818,22.240263,0.057075,preds.pt#1535
1BA328,0148,BridgeRefine-L1,42,0.903077,22.226850,0.051596,preds.pt#1536
1BA328,0149,BridgeRefine-L1,42,0.904482,22.237073,0.046935,preds.pt#1537
1BA328,0150,BridgeRefine-L1,42,0.910550,22.317474,0.043583,preds.pt#1538
1BA328,0151,BridgeRefine-L1,42,0.904279,21.880575,0.046894,preds.pt#1539
1BA328,0152,BridgeRefine-L1,42,0.901826,21.619809,0.051407,preds.pt#1540
1BA328,0153,BridgeRefine-L1,42,0.908169,21.546651,0.053497,preds.pt#1541
1BA328,0154,BridgeRefine-L1,42,0.912059,21.676705,0.046671,preds.pt#1542
1BA328,0155,BridgeRefine-L1,42,0.917512,22.108407,0.045746,preds.pt#1543
1BA328,0156,BridgeRefine-L1,42,0.923735,22.120241,0.044224,preds.pt#1544
1BA328,0157,BridgeRefine-L1,42,0.924762,22.114993,0.032344,preds.pt#1545
1BA328,0158,BridgeRefine-L1,42,0.923645,22.394510,0.035243,preds.pt#1546
1BA328,0159,BridgeRefine-L1,42,0.926524,22.249180,0.038691,preds.pt#1547
1BA328,0160,BridgeRefine-L1,42,0.930083,22.710550,0.034621,preds.pt#1548
1BA328,0161,BridgeRefine-L1,42,0.929895,22.418233,0.033947,preds.pt#1549
1BA328,0162,BridgeRefine-L1,42,0.934162,22.779337,0.032318,preds.pt#1550
1BA328,0163,BridgeRefine-L1,42,0.929179,21.903812,0.036417,preds.pt#1551
1BA328,0164,BridgeRefine-L1,42,0.932452,22.114397,0.039788,preds.pt#1552
1BA328,0165,BridgeRefine-L1,42,0.933884,22.134012,0.037289,preds.pt#1553
1BA328,0166,BridgeRefine-L1,42,0.936541,22.499461,0.032030,preds.pt#1554
1BA328,0167,BridgeRefine-L1,42,0.930851,22.216805,0.038342,preds.pt#1555
1BA328,0168,BridgeRefine-L1,42,0.929738,22.280893,0.038045,preds.pt#1556
1BA328,0169,BridgeRefine-L1,42,0.933528,22.748278,0.035931,preds.pt#1557
1BA328,0170,BridgeRefine-L1,42,0.933603,22.324313,0.042182,preds.pt#1558
1BA328,0171,BridgeRefine-L1,42,0.936133,22.523399,0.037247,preds.pt#1559
1BA328,0172,BridgeRefine-L1,42,0.931415,21.948436,0.035814,preds.pt#1560
1BA328,0173,BridgeRefine-L1,42,0.924354,21.208559,0.042108,preds.pt#1561
1BA328,0174,BridgeRefine-L1,42,0.939892,22.936134,0.032632,preds.pt#1562
1BA328,0175,BridgeRefine-L1,42,0.928982,21.810077,0.036587,preds.pt#1563
1BA328,0176,BridgeRefine-L1,42,0.936925,22.992714,0.036285,preds.pt#1564
1BA328,0177,BridgeRefine-L1,42,0.934760,22.883968,0.041216,preds.pt#1565
1BA328,0178,BridgeRefine-L1,42,0.939973,23.454100,0.033289,preds.pt#1566
1BA328,0179,BridgeRefine-L1,42,0.940592,23.761430,0.030593,preds.pt#1567
1BA328,0180,BridgeRefine-L1,42,0.942118,23.581805,0.035068,preds.pt#1568
1BA328,0181,BridgeRefine-L1,42,0.933090,22.920566,0.040859,preds.pt#1569
1BA328,0182,BridgeRefine-L1,42,0.932873,23.249366,0.054930,preds.pt#1570
1BA328,0183,BridgeRefine-L1,42,0.934985,23.777830,0.052346,preds.pt#1571
1BA328,0184,BridgeRefine-L1,42,0.928872,23.550953,0.052532,preds.pt#1572
1BA328,0185,BridgeRefine-L1,42,0.924259,23.752248,0.046280,preds.pt#1573
1BA328,0186,BridgeRefine-L1,42,0.917219,23.600727,0.057429,preds.pt#1574
1BA328,0187,BridgeRefine-L1,42,0.911617,23.576666,0.079212,preds.pt#1575
1BA328,0188,BridgeRefine-L1,42,0.902670,23.402565,0.064829,preds.pt#1576
1BA328,0189,BridgeRefine-L1,42,0.906234,23.868373,0.091269,preds.pt#1577
1BA328,0190,BridgeRefine-L1,42,0.893503,22.676820,0.097307,preds.pt#1578
1BA328,0191,BridgeRefine-L1,42,0.920594,25.175726,0.069566,preds.pt#1579
1BA328,0192,BridgeRefine-L1,42,0.929574,27.251878,0.063776,preds.pt#1580
1BA328,0193,BridgeRefine-L1,42,0.929058,26.522809,0.066187,preds.pt#1581
1BA328,0194,BridgeRefine-L1,42,0.936207,27.235679,0.077472,preds.pt#1582
1BA328,0195,BridgeRefine-L1,42,0.944527,27.692481,0.067027,preds.pt#1583
1BA328,0196,BridgeRefine-L1,42,0.945061,28.258311,0.103050,preds.pt#1584
1BA328,0197,BridgeRefine-L1,42,0.958258,30.515049,0.106062,preds.pt#1585
1BA328,0198,BridgeRefine-L1,42,0.954313,32.348370,0.078777,preds.pt#1586
1BB002,0000,BridgeRefine-L1,42,0.547194,11.465259,0.556152,preds.pt#1587
1BB002,0001,BridgeRefine-L1,42,0.568825,11.697323,0.493250,preds.pt#1588
1BB002,0002,BridgeRefine-L1,42,0.586548,11.352690,0.456829,preds.pt#1589
1BB002,0003,BridgeRefine-L1,42,0.599586,11.673056,0.426639,preds.pt#1590
1BB002,0004,BridgeRefine-L1,42,0.616447,12.576152,0.383582,preds.pt#1591
1BB002,0005,BridgeRefine-L1,42,0.635978,13.267646,0.364687,preds.pt#1592
1BB002,0006,BridgeRefine-L1,42,0.621306,13.418766,0.317353,preds.pt#1593
1BB002,0007,BridgeRefine-L1,42,0.664348,15.683036,0.222081,preds.pt#1594
1BB002,0008,BridgeRefine-L1,42,0.686862,16.883322,0.188498,preds.pt#1595
1BB002,0009,BridgeRefine-L1,42,0.726156,17.584395,0.174980,preds.pt#1596
1BB002,0010,BridgeRefine-L1,42,0.727756,17.215655,0.172947,preds.pt#1597
1BB002,0011,BridgeRefine-L1,42,0.740299,17.592897,0.164212,preds.pt#1598
1BB002,0012,BridgeRefine-L1,42,0.714469,16.643747,0.187633,preds.pt#1599
1BB002,0013,BridgeRefine-L1,42,0.732042,17.313901,0.190321,preds.pt#1600
1BB002,0014,BridgeRefine-L1,42,0.735788,17.518474,0.182296,preds.pt#1601
1BB002,0015,BridgeRefine-L1,42,0.740792,17.595358,0.170876,preds.pt#1602
1BB002,0016,BridgeRefine-L1,42,0.754822,17.938882,0.168869,preds.pt#1603
1BB002,0017,BridgeRefine-L1,42,0.745745,17.606043,0.184739,preds.pt#1604
1BB002,0018,BridgeRefine-L1,42,0.726803,17.009056,0.200488,preds.pt#1605
1BB002,0019,BridgeRefine-L1,42,0.722103,17.015901,0.195254,preds.pt#1606
1BB002,0020,BridgeRefine-L1,42,0.738821,17.439978,0.183580,preds.pt#1607
1BB002,0021,BridgeRefine-L1,42,0.722821,16.707392,0.196583,preds.pt#1608
1BB002,0022,BridgeRefine-L1,42,0.730380,17.073007,0.181572,preds.pt#1609
1BB002,0023,BridgeRefine-L1,42,0.747977,17.321551,0.158778,preds.pt#1610
1BB002,0024,BridgeRefine-L1,42,0.748112,17.217073,0.165344,preds.pt#1611
1BB002,0025,BridgeRefine-L1,42,0.766450,17.832265,0.153114,preds.pt#1612
1BB002,0026,BridgeRefine-L1,42,0.760068,17.486460,0.162000,preds.pt#1613
1BB002,0027,BridgeRefine-L1,42,0.764179,17.552774,0.161650,preds.pt#1614
1BB002,0028,BridgeRefine-L1,42,0.775163,17.708437,0.156709,preds.pt#1615
1BB002,0029,BridgeRefine-L1,42,0.788325,18.371377,0.142718,preds.pt#1616
1BB002,0030,BridgeRefine-L1,42,0.792761,18.661288,0.157925,preds.pt#1617
1BB002,0031,BridgeRefine-L1,42,0.787112,18.254138,0.135555,preds.pt#1618
1BB002,0032,BridgeRefine-L1,42,0.794499,18.373921,0.132261,preds.pt#1619
1BB002,0033,BridgeRefine-L1,42,0.799176,18.424320,0.130554,preds.pt#1620
1BB002,0034,BridgeRefine-L1,42,0.801386,18.683279,0.126810,preds.pt#1621
1BB002,0035,BridgeRefine-L1,42,0.797274,18.664068,0.134470,preds.pt#1622
1BB002,0036,BridgeRefine-L1,42,0.798443,18.811133,0.125606,preds.pt#1623
1BB002,0037,BridgeRefine-L1,42,0.793873,18.619212,0.122509,preds.pt#1624
1BB002,0038,BridgeRefine-L1,42,0.786836,18.250949,0.123069,preds.pt#1625
1BB002,0039,BridgeRefine-L1,42,0.779852,18.273915,0.136512,preds.pt#1626
1BB002,0040,BridgeRefine-L1,42,0.785284,18.273493,0.135337,preds.pt#1627
1BB002,0041,BridgeRefine-L1,42,0.778711,18.098650,0.138821,preds.pt#1628
1BB002,0042,BridgeRefine-L1,42,0.781111,18.100091,0.136587,preds.pt#1629
1BB002,0043,BridgeRefine-L1,42,0.773652,18.050566,0.133717,preds.pt#1630
1BB002,0044,BridgeRefine-L1,42,0.775395,18.109528,0.144588,preds.pt#1631
1BB002,0045,BridgeRefine-L1,42,0.768469,18.058891,0.135057,preds.pt#1632
1BB002,0046,BridgeRefine-L1,42,0.786866,18.699308,0.146735,preds.pt#1633
1BB002,0047,BridgeRefine-L1,42,0.788744,18.872768,0.133684,preds.pt#1634
1BB002,0048,BridgeRefine-L1,42,0.792890,18.894320,0.130391,preds.pt#1635
1BB002,0049,BridgeRefine-L1,42,0.781343,18.449414,0.131597,preds.pt#1636
1BB002,0050,BridgeRefine-L1,42,0.786498,18.622933,0.116431,preds.pt#1637
1BB002,0051,BridgeRefine-L1,42,0.786192,18.526700,0.135547,preds.pt#1638
1BB002,0052,BridgeRefine-L1,42,0.787707,18.571579,0.132166,preds.pt#1639
1BB002,0053,BridgeRefine-L1,42,0.791770,18.665475,0.128486,preds.pt#1640
1BB002,0054,BridgeRefine-L1,42,0.786911,18.561834,0.130380,preds.pt#1641
1BB002,0055,BridgeRefine-L1,42,0.771707,18.079109,0.137283,preds.pt#1642
1BB002,0056,BridgeRefine-L1,42,0.768302,18.185037,0.150548,preds.pt#1643
1BB002,0057,BridgeRefine-L1,42,0.765325,18.063624,0.147997,preds.pt#1644
1BB002,0058,BridgeRefine-L1,42,0.770790,18.420675,0.156084,preds.pt#1645
1BB002,0059,BridgeRefine-L1,42,0.775362,18.410558,0.141314,preds.pt#1646
1BB002,0060,BridgeRefine-L1,42,0.767079,18.463429,0.156021,preds.pt#1647
1BB002,0061,BridgeRefine-L1,42,0.753449,18.194945,0.151856,preds.pt#1648
1BB002,0062,BridgeRefine-L1,42,0.751489,18.252895,0.168487,preds.pt#1649
1BB002,0063,BridgeRefine-L1,42,0.753999,18.260678,0.181221,preds.pt#1650
1BB002,0064,BridgeRefine-L1,42,0.752651,18.331494,0.166818,preds.pt#1651
1BB002,0065,BridgeRefine-L1,42,0.752293,18.332054,0.163557,preds.pt#1652
1BB002,0066,BridgeRefine-L1,42,0.746460,17.847983,0.167029,preds.pt#1653
1BB002,0067,BridgeRefine-L1,42,0.757846,18.116342,0.153291,preds.pt#1654
1BB002,0068,BridgeRefine-L1,42,0.757813,18.260433,0.162136,preds.pt#1655
1BB002,0069,BridgeRefine-L1,42,0.750660,17.996618,0.151931,preds.pt#1656
1BB002,0070,BridgeRefine-L1,42,0.741940,17.733294,0.154368,preds.pt#1657
1BB002,0071,BridgeRefine-L1,42,0.737959,17.938303,0.152813,preds.pt#1658
1BB002,0072,BridgeRefine-L1,42,0.749430,18.263430,0.137775,preds.pt#1659
1BB002,0073,BridgeRefine-L1,42,0.739663,18.082142,0.147226,preds.pt#1660
1BB002,0074,BridgeRefine-L1,42,0.718296,17.634285,0.136325,preds.pt#1661
1BB002,0075,BridgeRefine-L1,42,0.725383,17.862745,0.121580,preds.pt#1662
1BB002,0076,BridgeRefine-L1,42,0.717586,17.722122,0.110621,preds.pt#1663
1BB002,0077,BridgeRefine-L1,42,0.725954,17.986358,0.113329,preds.pt#1664
1BB002,0078,BridgeRefine-L1,42,0.725384,18.180452,0.114329,preds.pt#1665
1BB002,0079,BridgeRefine-L1,42,0.729402,18.255986,0.121895,preds.pt#1666
1BB002,0080,BridgeRefine-L1,42,0.715655,17.770206,0.120172,preds.pt#1667
1BB002,0081,BridgeRefine-L1,42,0.740247,18.669855,0.106186,preds.pt#1668
1BB002,0082,BridgeRefine-L1,42,0.740586,18.526941,0.102737,preds.pt#1669
1BB002,0083,BridgeRefine-L1,42,0.743972,18.488246,0.106213,preds.pt#1670
1BB002,0084,BridgeRefine-L1,42,0.741566,18.360264,0.103969,preds.pt#1671
1BB002,0085,BridgeRefine-L1,42,0.745923,18.355351,0.088892,preds.pt#1672
1BB002,0086,BridgeRefine-L1,42,0.755075,18.689137,0.086641,preds.pt#1673
1BB002,0087,BridgeRefine-L1,42,0.767459,18.931582,0.089436,preds.pt#1674
1BB002,0088,BridgeRefine-L1,42,0.772778,19.115504,0.095901,preds.pt#1675
1BB002,0089,BridgeRefine-L1,42,0.775081,19.130968,0.104450,preds.pt#1676
1BB002,0090,BridgeRefine-L1,42,0.760402,18.605242,0.103446,preds.pt#1677
1BB002,0091,BridgeRefine-L1,42,0.772333,18.979630,0.091464,preds.pt#1678
1BB002,0092,BridgeRefine-L1,42,0.783938,19.505252,0.095682,preds.pt#1679
1BB002,0093,BridgeRefine-L1,42,0.777988,19.438211,0.095950,preds.pt#1680
1BB002,0094,BridgeRefine-L1,42,0.782821,19.554177,0.099256,preds.pt#1681
1BB002,0095,BridgeRefine-L1,42,0.778470,19.631206,0.099818,preds.pt#1682
1BB002,0096,BridgeRefine-L1,42,0.793869,19.951594,0.082198,preds.pt#1683
1BB002,0097,BridgeRefine-L1,42,0.788311,19.810424,0.087452,preds.pt#1684
1BB002,0098,BridgeRefine-L1,42,0.785642,19.532211,0.088001,preds.pt#1685
1BB002,0099,BridgeRefine-L1,42,0.806539,20.053010,0.083386,preds.pt#1686
1BB002,0100,BridgeRefine-L1,42,0.804425,20.195276,0.076645,preds.pt#1687
1BB002,0101,BridgeRefine-L1,42,0.803529,20.312101,0.075401,preds.pt#1688
1BB002,0102,BridgeRefine-L1,42,0.811238,20.640245,0.083357,preds.pt#1689
1BB002,0103,BridgeRefine-L1,42,0.826255,21.009532,0.084351,preds.pt#1690
1BB002,0104,BridgeRefine-L1,42,0.817128,20.541420,0.070064,preds.pt#1691
1BB002,0105,BridgeRefine-L1,42,0.814668,20.636949,0.062410,preds.pt#1692
1BB002,0106,BridgeRefine-L1,42,0.817940,20.934583,0.065421,preds.pt#1693
1BB002,0107,BridgeRefine-L1,42,0.821110,21.109846,0.070887,preds.pt#1694
1BB002,0108,BridgeRefine-L1,42,0.808565,20.645907,0.060512,preds.pt#1695
1BB002,0109,BridgeRefine-L1,42,0.819781,20.855245,0.066195,preds.pt#1696
1BB002,0110,BridgeRefine-L1,42,0.822909,20.896016,0.073057,preds.pt#1697
1BB002,0111,BridgeRefine-L1,42,0.813361,20.740934,0.068094,preds.pt#1698
1BB002,0112,BridgeRefine-L1,42,0.810132,20.452558,0.072815,preds.pt#1699
1BB002,0113,BridgeRefine-L1,42,0.807305,20.746011,0.085881,preds.pt#1700
1BB002,0114,BridgeRefine-L1,42,0.801953,20.615437,0.071177,preds.pt#1701
1BB002,0115,BridgeRefine-L1,42,0.797065,20.011702,0.068160,preds.pt#1702
1BB002,0116,BridgeRefine-L1,42,0.805887,20.200630,0.069425,preds.pt#1703
1BB002,0117,BridgeRefine-L1,42,0.804818,20.276316,0.070812,preds.pt#1704
1BB002,0118,BridgeRefine-L1,42,0.807299,20.214035,0.067153,preds.pt#1705
1BB002,0119,BridgeRefine-L1,42,0.810349,20.468925,0.065818,preds.pt#1706
1BB002,0120,BridgeRefine-L1,42,0.788111,19.779545,0.070705,preds.pt#1707
1BB002,0121,BridgeRefine-L1,42,0.806556,20.202685,0.062897,preds.pt#1708
1BB002,0122,BridgeRefine-L1,42,0.812158,20.777334,0.066261,preds.pt#1709
1BB002,0123,BridgeRefine-L1,42,0.812196,20.363287,0.060184,preds.pt#1710
1BB002,0124,BridgeRefine-L1,42,0.804647,20.292661,0.068095,preds.pt#1711
1BB002,0125,BridgeRefine-L1,42,0.816602,20.574754,0.059462,preds.pt#1712
1BB002,0126,BridgeRefine-L1,42,0.825791,20.819377,0.068178,preds.pt#1713
1BB002,0127,BridgeRefine-L1,42,0.833503,21.081961,0.057238,preds.pt#1714
1BB002,0128,BridgeRefine-L1,42,0.823127,20.683993,0.052716,preds.pt#1715
1BB002,0129,BridgeRefine-L1,42,0.816481,20.408150,0.055759,preds.pt#1716
1BB002,0130,BridgeRefine-L1,42,0.819011,20.692744,0.055088,preds.pt#1717
1BB002,0131,BridgeRefine-L1,42,0.825777,20.921415,0.052958,preds.pt#1718
1BB002,0132,BridgeRefine-L1,42,0.827288,20.841928,0.046265,preds.pt#1719
1BB002,0133,BridgeRefine-L1,42,0.837402,21.068115,0.053684,preds.pt#1720
1BB002,0134,BridgeRefine-L1,42,0.842223,21.350454,0.052083,preds.pt#1721
1BB002,0135,BridgeRefine-L1,42,0.842573,21.239971,0.053808,preds.pt#1722
1BB002,0136,BridgeRefine-L1,42,0.845562,21.116926,0.046075,preds.pt#1723
1BB002,0137,BridgeRefine-L1,42,0.846692,21.219613,0.044708,preds.pt#1724
1BB002,0138,BridgeRefine-L1,42,0.833498,20.754993,0.049724,preds.pt#1725
1BB002,0139,BridgeRefine-L1,42,0.857265,21.603222,0.056439,preds.pt#1726
1BB002,0140,BridgeRefine-L1,42,0.859586,21.709425,0.045413,preds.pt#1727
1BB002,0141,BridgeRefine-L1,42,0.854460,21.574830,0.041965,preds.pt#1728
1BB002,0142,BridgeRefine-L1,42,0.855131,21.583182,0.045543,preds.pt#1729
1BB002,0143,BridgeRefine-L1,42,0.861306,21.668524,0.041270,preds.pt#1730
1BB002,0144,BridgeRefine-L1,42,0.864172,21.590541,0.039740,preds.pt#1731
1BB002,0145,BridgeRefine-L1,42,0.875090,21.995051,0.035282,preds.pt#1732
1BB002,0146,BridgeRefine-L1,42,0.869470,21.580103,0.042743,preds.pt#1733
1BB002,0147,BridgeRefine-L1,42,0.880704,21.876560,0.036661,preds.pt#1734
1BB002,0148,BridgeRefine-L1,42,0.875872,21.907387,0.038455,preds.pt#1735
1BB002,0149,BridgeRefine-L1,42,0.881823,21.854943,0.041667,preds.pt#1736
1BB002,0150,BridgeRefine-L1,42,0.883193,22.224884,0.038424,preds.pt#1737
1BB002,0151,BridgeRefine-L1,42,0.883292,22.041136,0.043679,preds.pt#1738
1BB002,0152,BridgeRefine-L1,42,0.882712,21.984489,0.033615,preds.pt#1739
1BB002,0153,BridgeRefine-L1,42,0.873452,22.070138,0.041127,preds.pt#1740
1BB002,0154,BridgeRefine-L1,42,0.881361,22.436596,0.034093,preds.pt#1741
1BB002,0155,BridgeRefine-L1,42,0.873238,21.521218,0.039633,preds.pt#1742
1BB002,0156,BridgeRefine-L1,42,0.890803,22.547023,0.037076,preds.pt#1743
1BB002,0157,BridgeRefine-L1,42,0.889769,22.346570,0.035814,preds.pt#1744
1BB002,0158,BridgeRefine-L1,42,0.894066,22.506703,0.032700,preds.pt#1745
1BB002,0159,BridgeRefine-L1,42,0.883965,22.299091,0.051469,preds.pt#1746
1BB002,0160,BridgeRefine-L1,42,0.875027,22.056802,0.043517,preds.pt#1747
1BB002,0161,BridgeRefine-L1,42,0.876369,22.454351,0.043408,preds.pt#1748
1BB002,0162,BridgeRefine-L1,42,0.887712,24.364525,0.037731,preds.pt#1749
1BB002,0163,BridgeRefine-L1,42,0.868735,23.368036,0.046896,preds.pt#1750
1BB002,0164,BridgeRefine-L1,42,0.860581,23.025829,0.048064,preds.pt#1751
1BB002,0165,BridgeRefine-L1,42,0.864650,21.729985,0.069990,preds.pt#1752
1BB002,0166,BridgeRefine-L1,42,0.858037,22.419907,0.055559,preds.pt#1753
1BB002,0167,BridgeRefine-L1,42,0.841488,22.207985,0.060304,preds.pt#1754
1BB002,0168,BridgeRefine-L1,42,0.828096,22.075706,0.077894,preds.pt#1755
1BB002,0169,BridgeRefine-L1,42,0.767340,20.957408,0.086103,preds.pt#1756
1BB003,0000,BridgeRefine-L1,42,0.736312,25.385465,0.411428,preds.pt#1757
1BB003,0001,BridgeRefine-L1,42,0.721332,17.727681,0.414342,preds.pt#1758
1BB003,0002,BridgeRefine-L1,42,0.727905,20.274586,0.399931,preds.pt#1759
1BB003,0003,BridgeRefine-L1,42,0.726662,19.161343,0.400147,preds.pt#1760
1BB003,0004,BridgeRefine-L1,42,0.718796,17.581256,0.356042,preds.pt#1761
1BB003,0005,BridgeRefine-L1,42,0.697190,17.153969,0.384048,preds.pt#1762
1BB003,0006,BridgeRefine-L1,42,0.742368,18.829479,0.321874,preds.pt#1763
1BB003,0007,BridgeRefine-L1,42,0.752528,18.952630,0.287369,preds.pt#1764
1BB003,0008,BridgeRefine-L1,42,0.659277,15.701627,0.345171,preds.pt#1765
1BB003,0009,BridgeRefine-L1,42,0.740596,17.518563,0.270778,preds.pt#1766
1BB003,0010,BridgeRefine-L1,42,0.645493,13.608926,0.359474,preds.pt#1767
1BB003,0011,BridgeRefine-L1,42,0.725265,15.277268,0.286144,preds.pt#1768
1BB003,0012,BridgeRefine-L1,42,0.669625,13.125752,0.328686,preds.pt#1769
1BB003,0013,BridgeRefine-L1,42,0.713229,13.425016,0.300070,preds.pt#1770
1BB003,0014,BridgeRefine-L1,42,0.633478,11.801705,0.385939,preds.pt#1771
1BB003,0015,BridgeRefine-L1,42,0.640178,11.645633,0.364450,preds.pt#1772
1BB003,0016,BridgeRefine-L1,42,0.654976,13.030959,0.269677,preds.pt#1773
1BB003,0017,BridgeRefine-L1,42,0.652392,13.052901,0.256398,preds.pt#1774
1BB003,0018,BridgeRefine-L1,42,0.655475,12.299663,0.303724,preds.pt#1775
1BB003,0019,BridgeRefine-L1,42,0.638809,11.859066,0.322510,preds.pt#1776
1BB003,0020,BridgeRefine-L1,42,0.654992,12.530175,0.269936,preds.pt#1777
1BB003,0021,BridgeRefine-L1,42,0.616336,11.531348,0.308185,preds.pt#1778
1BB003,0022,BridgeRefine-L1,42,0.632489,11.686525,0.300206,preds.pt#1779
1BB003,0023,BridgeRefine-L1,42,0.624203,11.229923,0.375898,preds.pt#1780
1BB003,0024,BridgeRefine-L1,42,0.628806,11.858914,0.338692,preds.pt#1781
1BB003,0025,BridgeRefine-L1,42,0.661524,13.298196,0.254216,preds.pt#1782
1BB003,0026,BridgeRefine-L1,42,0.702495,15.417729,0.223554,preds.pt#1783
1BB003,0027,BridgeRefine-L1,42,0.659245,12.989125,0.278061,preds.pt#1784
1BB003,0028,BridgeRefine-L1,42,0.718183,15.931315,0.182110,preds.pt#1785
1BB003,0029,BridgeRefine-L1,42,0.651702,12.781494,0.271219,preds.pt#1786
1BB003,0030,BridgeRefine-L1,42,0.710464,15.916124,0.218721,preds.pt#1787
1BB003,0031,BridgeRefine-L1,42,0.720083,16.762910,0.208290,preds.pt#1788
1BB003,0032,BridgeRefine-L1,42,0.701729,15.838745,0.217011,preds.pt#1789
1BB003,0033,BridgeRefine-L1,42,0.713623,16.851256,0.205647,preds.pt#1790
1BB003,0034,BridgeRefine-L1,42,0.669707,14.564508,0.265884,preds.pt#1791
1BB003,0035,BridgeRefine-L1,42,0.721397,16.885118,0.201250,preds.pt#1792
1BB003,0036,BridgeRefine-L1,42,0.721914,16.992024,0.180160,preds.pt#1793
1BB003,0037,BridgeRefine-L1,42,0.655738,14.304644,0.218861,preds.pt#1794
1BB003,0038,BridgeRefine-L1,42,0.728408,17.282712,0.159179,preds.pt#1795
1BB003,0039,BridgeRefine-L1,42,0.670890,14.820308,0.227053,preds.pt#1796
1BB003,0040,BridgeRefine-L1,42,0.682806,15.381784,0.226270,preds.pt#1797
1BB003,0041,BridgeRefine-L1,42,0.724251,17.397581,0.179002,preds.pt#1798
1BB003,0042,BridgeRefine-L1,42,0.725362,17.213655,0.183236,preds.pt#1799
1BB003,0043,BridgeRefine-L1,42,0.686330,15.358631,0.215585,preds.pt#1800
1BB003,0044,BridgeRefine-L1,42,0.741759,17.611605,0.165730,preds.pt#1801
1BB003,0045,BridgeRefine-L1,42,0.745880,17.650595,0.165752,preds.pt#1802
1BB003,0046,BridgeRefine-L1,42,0.741890,17.510086,0.161720,preds.pt#1803
1BB003,0047,BridgeRefine-L1,42,0.750831,17.799230,0.162181,preds.pt#1804
1BB003,0048,BridgeRefine-L1,42,0.747065,17.622669,0.165505,preds.pt#1805
1BB003,0049,BridgeRefine-L1,42,0.742812,17.121668,0.171316,preds.pt#1806
1BB003,0050,BridgeRefine-L1,42,0.738161,16.880888,0.185723,preds.pt#1807
1BB003,0051,BridgeRefine-L1,42,0.750121,17.270632,0.147737,preds.pt#1808
1BB003,0052,BridgeRefine-L1,42,0.758350,17.660820,0.153095,preds.pt#1809
1BB003,0053,BridgeRefine-L1,42,0.758222,17.785068,0.148747,preds.pt#1810
1BB003,0054,BridgeRefine-L1,42,0.749322,17.495995,0.161391,preds.pt#1811
1BB003,0055,BridgeRefine-L1,42,0.763183,17.898754,0.146837,preds.pt#1812
1BB003,0056,BridgeRefine-L1,42,0.760188,18.049682,0.150378,preds.pt#1813
1BB003,0057,BridgeRefine-L1,42,0.755001,18.017013,0.152155,preds.pt#1814
1BB003,0058,BridgeRefine-L1,42,0.758425,18.032603,0.157876,preds.pt#1815
1BB003,0059,BridgeRefine-L1,42,0.765773,18.075889,0.135562,preds.pt#1816
1BB003,0060,BridgeRefine-L1,42,0.763826,17.873326,0.140169,preds.pt#1817
1BB003,0061,BridgeRefine-L1,42,0.766648,17.944854,0.125268,preds.pt#1818
1BB003,0062,BridgeRefine-L1,42,0.757326,17.679841,0.133915,preds.pt#1819
1BB003,0063,BridgeRefine-L1,42,0.762324,17.567779,0.130194,preds.pt#1820
1BB003,0064,BridgeRefine-L1,42,0.761142,17.493341,0.119754,preds.pt#1821
1BB003,0065,BridgeRefine-L1,42,0.763305,17.538525,0.121649,preds.pt#1822
1BB003,0066,BridgeRefine-L1,42,0.775050,17.879176,0.117676,preds.pt#1823
1BB003,0067,BridgeRefine-L1,42,0.779006,18.049556,0.126608,preds.pt#1824
1BB003,0068,BridgeRefine-L1,42,0.771713,18.086181,0.131500,preds.pt#1825
1BB003,0069,BridgeRefine-L1,42,0.766653,18.000773,0.124868,preds.pt#1826
1BB003,0070,BridgeRefine-L1,42,0.763277,18.055552,0.130063,preds.pt#1827
1BB003,0071,BridgeRefine-L1,42,0.766341,18.306287,0.118201,preds.pt#1828
1BB003,0072,BridgeRefine-L1,42,0.765235,18.311274,0.121759,preds.pt#1829
1BB003,0073,BridgeRefine-L1,42,0.767809,18.401701,0.115829,preds.pt#1830
1BB003,0074,BridgeRefine-L1,42,0.766811,18.332270,0.114757,preds.pt#1831
1BB003,0075,BridgeRefine-L1,42,0.764406,18.459186,0.106855,preds.pt#1832
1BB003,0076,BridgeRefine-L1,42,0.767102,18.603851,0.108287,preds.pt#1833
1BB003,0077,BridgeRefine-L1,42,0.755954,18.304924,0.127279,preds.pt#1834
1BB003,0078,BridgeRefine-L1,42,0.734464,17.912568,0.127082,preds.pt#1835
1BB003,0079,BridgeRefine-L1,42,0.716765,17.517320,0.127976,preds.pt#1836
1BB003,0080,BridgeRefine-L1,42,0.721971,17.647889,0.124769,preds.pt#1837
1BB003,0081,BridgeRefine-L1,42,0.738230,18.069137,0.111647,preds.pt#1838
1BB003,0082,BridgeRefine-L1,42,0.738428,17.826938,0.109853,preds.pt#1839
1BB003,0083,BridgeRefine-L1,42,0.743707,18.129768,0.120594,preds.pt#1840
1BB003,0084,BridgeRefine-L1,42,0.740906,17.900522,0.112427,preds.pt#1841
1BB003,0085,BridgeRefine-L1,42,0.748958,17.932556,0.108046,preds.pt#1842
1BB003,0086,BridgeRefine-L1,42,0.749678,17.912889,0.103220,preds.pt#1843
1BB003,0087,BridgeRefine-L1,42,0.763893,18.347473,0.093897,preds.pt#1844
1BB003,0088,BridgeRefine-L1,42,0.783872,18.660640,0.086086,preds.pt#1845
1BB003,0089,BridgeRefine-L1,42,0.778096,18.554684,0.091691,preds.pt#1846
1BB003,0090,BridgeRefine-L1,42,0.780631,18.611945,0.093990,preds.pt#1847
1BB003,0091,BridgeRefine-L1,42,0.785746,18.602539,0.087111,preds.pt#1848
1BB003,0092,BridgeRefine-L1,42,0.779039,18.456088,0.090724,preds.pt#1849
1BB003,0093,BridgeRefine-L1,42,0.788589,18.911161,0.085129,preds.pt#1850
1BB003,0094,BridgeRefine-L1,42,0.793983,18.907221,0.085681,preds.pt#1851
1BB003,0095,BridgeRefine-L1,42,0.796508,18.933710,0.088906,preds.pt#1852
1BB003,0096,BridgeRefine-L1,42,0.800994,19.053501,0.093911,preds.pt#1853
1BB003,0097,BridgeRefine-L1,42,0.794998,19.062834,0.097036,preds.pt#1854
1BB003,0098,BridgeRefine-L1,42,0.787440,18.886549,0.100450,preds.pt#1855
1BB003,0099,BridgeRefine-L1,42,0.779924,18.972073,0.088746,preds.pt#1856
1BB003,0100,BridgeRefine-L1,42,0.777322,18.921548,0.100521,preds.pt#1857
1BB003,0101,BridgeRefine-L1,42,0.773324,18.827870,0.097062,preds.pt#1858
1BB003,0102,BridgeRefine-L1,42,0.771719,18.804495,0.094955,preds.pt#1859
1BB003,0103,BridgeRefine-L1,42,0.763973,18.872402,0.091342,preds.pt#1860
1BB003,0104,BridgeRefine-L1,42,0.772082,18.829489,0.077016,preds.pt#1861
1BB003,0105,BridgeRefine-L1,42,0.786642,19.235421,0.083696,preds.pt#1862
1BB003,0106,BridgeRefine-L1,42,0.782686,19.167061,0.075408,preds.pt#1863
1BB003,0107,BridgeRefine-L1,42,0.797709,19.614524,0.079388,preds.pt#1864
1BB003,0108,BridgeRefine-L1,42,0.786801,19.447366,0.100697,preds.pt#1865
1BB003,0109,BridgeRefine-L1,42,0.772806,19.079053,0.097579,preds.pt#1866
1BB003,0110,BridgeRefine-L1,42,0.787892,19.329023,0.091445,preds.pt#1867
1BB003,0111,BridgeRefine-L1,42,0.728774,17.902463,0.103451,preds.pt#1868
1BB003,0112,BridgeRefine-L1,42,0.741681,18.041094,0.097497,preds.pt#1869
1BB003,0113,BridgeRefine-L1,42,0.731247,18.022614,0.096621,preds.pt#1870
1BB003,0114,BridgeRefine-L1,42,0.754236,18.425364,0.092912,preds.pt#1871
1BB003,0115,BridgeRefine-L1,42,0.749418,18.574797,0.102081,preds.pt#1872
1BB003,0116,BridgeRefine-L1,42,0.736637,18.425402,0.099088,preds.pt#1873
1BB003,0117,BridgeRefine-L1,42,0.743398,18.418590,0.097776,preds.pt#1874
1BB003,0118,BridgeRefine-L1,42,0.732742,18.246656,0.090941,preds.pt#1875
1BB003,0119,BridgeRefine-L1,42,0.736940,18.372187,0.085440,preds.pt#1876
1BB003,0120,BridgeRefine-L1,42,0.745458,18.490602,0.081485,preds.pt#1877
1BB003,0121,BridgeRefine-L1,42,0.749702,18.504338,0.079280,preds.pt#1878
1BB003,0122,BridgeRefine-L1,42,0.745747,18.399374,0.080828,preds.pt#1879
1BB003,0123,BridgeRefine-L1,42,0.772488,19.057809,0.077004,preds.pt#1880
1BB003,0124,BridgeRefine-L1,42,0.788028,19.372731,0.070378,preds.pt#1881
1BB003,0125,BridgeRefine-L1,42,0.792171,19.632051,0.079070,preds.pt#1882
1BB003,0126,BridgeRefine-L1,42,0.792689,19.574547,0.074365,preds.pt#1883
1BB003,0127,BridgeRefine-L1,42,0.796780,19.608407,0.077238,preds.pt#1884
1BB003,0128,BridgeRefine-L1,42,0.805175,19.668845,0.069835,preds.pt#1885
1BB003,0129,BridgeRefine-L1,42,0.819193,20.038077,0.073465,preds.pt#1886
1BB003,0130,BridgeRefine-L1,42,0.800645,19.721102,0.072337,preds.pt#1887
1BB003,0131,BridgeRefine-L1,42,0.821894,20.226775,0.066359,preds.pt#1888
1BB003,0132,BridgeRefine-L1,42,0.811061,20.124685,0.074529,preds.pt#1889
1BB003,0133,BridgeRefine-L1,42,0.812918,20.218414,0.066704,preds.pt#1890
1BB003,0134,BridgeRefine-L1,42,0.816354,20.011102,0.070083,preds.pt#1891
1BB003,0135,BridgeRefine-L1,42,0.804039,19.635654,0.072400,preds.pt#1892
1BB003,0136,BridgeRefine-L1,42,0.812863,19.810598,0.069219,preds.pt#1893
1BB003,0137,BridgeRefine-L1,42,0.808553,19.757318,0.082370,preds.pt#1894
1BB003,0138,BridgeRefine-L1,42,0.799360,19.528666,0.076124,preds.pt#1895
1BB003,0139,BridgeRefine-L1,42,0.789228,19.219891,0.065591,preds.pt#1896
1BB003,0140,BridgeRefine-L1,42,0.793304,19.510623,0.066852,preds.pt#1897
1BB003,0141,BridgeRefine-L1,42,0.813475,19.923702,0.061446,preds.pt#1898
1BB003,0142,BridgeRefine-L1,42,0.790609,19.401946,0.068239,preds.pt#1899
1BB003,0143,BridgeRefine-L1,42,0.802020,19.668153,0.078636,preds.pt#1900
1BB003,0144,BridgeRefine-L1,42,0.802083,19.776255,0.076071,preds.pt#1901
1BB003,0145,BridgeRefine-L1,42,0.808247,19.679931,0.062602,preds.pt#1902
1BB003,0146,BridgeRefine-L1,42,0.804705,19.738915,0.057261,preds.pt#1903
1BB003,0147,BridgeRefine-L1,42,0.785368,19.196097,0.069963,preds.pt#1904
1BB003,0148,BridgeRefine-L1,42,0.798200,19.191168,0.061830,preds.pt#1905
1BB003,0149,BridgeRefine-L1,42,0.797468,18.997871,0.065624,preds.pt#1906
1BB003,0150,BridgeRefine-L1,42,0.796081,19.148340,0.060356,preds.pt#1907
1BB003,0151,BridgeRefine-L1,42,0.790056,18.959165,0.061840,preds.pt#1908
1BB003,0152,BridgeRefine-L1,42,0.810584,19.076140,0.057904,preds.pt#1909
1BB003,0153,BridgeRefine-L1,42,0.807835,18.985991,0.071144,preds.pt#1910
1BB003,0154,BridgeRefine-L1,42,0.807563,18.814860,0.072504,preds.pt#1911
1BB003,0155,BridgeRefine-L1,42,0.807025,18.812413,0.070460,preds.pt#1912
1BB003,0156,BridgeRefine-L1,42,0.807231,18.892127,0.069193,preds.pt#1913
1BB003,0157,BridgeRefine-L1,42,0.791592,18.353143,0.066041,preds.pt#1914
1BB003,0158,BridgeRefine-L1,42,0.793422,18.275156,0.070583,preds.pt#1915
1BB003,0159,BridgeRefine-L1,42,0.790423,18.333408,0.072813,preds.pt#1916
1BB003,0160,BridgeRefine-L1,42,0.791934,18.201994,0.080339,preds.pt#1917
1BB003,0161,BridgeRefine-L1,42,0.790161,18.258167,0.076464,preds.pt#1918
1BB003,0162,BridgeRefine-L1,42,0.792342,18.245416,0.062922,preds.pt#1919
1BB003,0163,BridgeRefine-L1,42,0.800360,18.374889,0.066766,preds.pt#1920
1BB003,0164,BridgeRefine-L1,42,0.791293,18.249624,0.069966,preds.pt#1921
1BB003,0165,BridgeRefine-L1,42,0.775975,18.010140,0.075033,preds.pt#1922
1BB003,0166,BridgeRefine-L1,42,0.794674,18.478241,0.061150,preds.pt#1923
1BB003,0167,BridgeRefine-L1,42,0.793895,18.553395,0.063734,preds.pt#1924
1BB003,0168,BridgeRefine-L1,42,0.760590,18.867773,0.070068,preds.pt#1925
1BB003,0169,BridgeRefine-L1,42,0.801195,19.112005,0.056659,preds.pt#1926
1BB003,0170,BridgeRefine-L1,42,0.748118,19.249821,0.065468,preds.pt#1927
1BB003,0171,BridgeRefine-L1,42,0.739563,19.524221,0.065616,preds.pt#1928
1BB003,0172,BridgeRefine-L1,42,0.796345,20.285892,0.056389,preds.pt#1929
1BB003,0173,BridgeRefine-L1,42,0.722728,19.455245,0.064460,preds.pt#1930
1BB003,0174,BridgeRefine-L1,42,0.851056,20.587968,0.055311,preds.pt#1931
1BB003,0175,BridgeRefine-L1,42,0.858218,20.584185,0.057104,preds.pt#1932
1BB003,0176,BridgeRefine-L1,42,0.865463,20.428612,0.048288,preds.pt#1933
1BB003,0177,BridgeRefine-L1,42,0.866432,20.402478,0.058079,preds.pt#1934
1BB003,0178,BridgeRefine-L1,42,0.863300,20.313833,0.062757,preds.pt#1935
1BB003,0179,BridgeRefine-L1,42,0.869415,20.975724,0.060346,preds.pt#1936
1BB003,0180,BridgeRefine-L1,42,0.868904,21.341246,0.052616,preds.pt#1937
1BB003,0181,BridgeRefine-L1,42,0.886298,22.134528,0.068293,preds.pt#1938
1BB003,0182,BridgeRefine-L1,42,0.873800,20.170804,0.059383,preds.pt#1939
1BB003,0183,BridgeRefine-L1,42,0.873947,20.385314,0.049482,preds.pt#1940
1BB003,0184,BridgeRefine-L1,42,0.878814,21.208971,0.049567,preds.pt#1941
1BB003,0185,BridgeRefine-L1,42,0.895022,21.643221,0.047433,preds.pt#1942
1BB003,0186,BridgeRefine-L1,42,0.884445,22.226705,0.049095,preds.pt#1943
1BB003,0187,BridgeRefine-L1,42,0.880538,22.552510,0.061819,preds.pt#1944
1BB003,0188,BridgeRefine-L1,42,0.904114,26.300296,0.033776,preds.pt#1945
1BB003,0189,BridgeRefine-L1,42,0.886822,27.510315,0.026328,preds.pt#1946
1BB003,0190,BridgeRefine-L1,42,0.893873,28.709288,0.031935,preds.pt#1947
1BB003,0191,BridgeRefine-L1,42,0.897959,28.023006,0.037658,preds.pt#1948
1BB003,0192,BridgeRefine-L1,42,0.860206,25.386635,0.039943,preds.pt#1949
1BB003,0193,BridgeRefine-L1,42,0.842720,23.955649,0.054920,preds.pt#1950
1BB008,0000,BridgeRefine-L1,42,0.590343,12.195118,0.486602,preds.pt#1951
1BB008,0001,BridgeRefine-L1,42,0.618335,14.153906,0.339931,preds.pt#1952
1BB008,0002,BridgeRefine-L1,42,0.692868,17.467621,0.216204,preds.pt#1953
1BB008,0003,BridgeRefine-L1,42,0.704475,17.419797,0.213719,preds.pt#1954
1BB008,0004,BridgeRefine-L1,42,0.711310,17.504963,0.209021,preds.pt#1955
1BB008,0005,BridgeRefine-L1,42,0.697215,16.756278,0.210594,preds.pt#1956
1BB008,0006,BridgeRefine-L1,42,0.703553,17.311403,0.213796,preds.pt#1957
1BB008,0007,BridgeRefine-L1,42,0.703655,17.230943,0.209888,preds.pt#1958
1BB008,0008,BridgeRefine-L1,42,0.697368,17.061829,0.210497,preds.pt#1959
1BB008,0009,BridgeRefine-L1,42,0.706033,16.869239,0.220664,preds.pt#1960
1BB008,0010,BridgeRefine-L1,42,0.715895,16.997172,0.194236,preds.pt#1961
1BB008,0011,BridgeRefine-L1,42,0.712747,17.186163,0.196458,preds.pt#1962
1BB008,0012,BridgeRefine-L1,42,0.719796,17.600997,0.186276,preds.pt#1963
1BB008,0013,BridgeRefine-L1,42,0.706329,16.887699,0.212205,preds.pt#1964
1BB008,0014,BridgeRefine-L1,42,0.672272,15.574697,0.245951,preds.pt#1965
1BB008,0015,BridgeRefine-L1,42,0.693911,16.124838,0.209852,preds.pt#1966
1BB008,0016,BridgeRefine-L1,42,0.708074,16.541238,0.209783,preds.pt#1967
1BB008,0017,BridgeRefine-L1,42,0.726130,17.517681,0.185167,preds.pt#1968
1BB008,0018,BridgeRefine-L1,42,0.675994,16.152690,0.209580,preds.pt#1969
1BB008,0019,BridgeRefine-L1,42,0.740401,17.966077,0.193013,preds.pt#1970
1BB008,0020,BridgeRefine-L1,42,0.738796,17.718095,0.195948,preds.pt#1971
1BB008,0021,BridgeRefine-L1,42,0.734442,17.506652,0.191703,preds.pt#1972
1BB008,0022,BridgeRefine-L1,42,0.737241,17.540199,0.198605,preds.pt#1973
1BB008,0023,BridgeRefine-L1,42,0.737826,17.650636,0.194955,preds.pt#1974
1BB008,0024,BridgeRefine-L1,42,0.754102,18.271481,0.181911,preds.pt#1975
1BB008,0025,BridgeRefine-L1,42,0.756752,18.251324,0.174780,preds.pt#1976
1BB008,0026,BridgeRefine-L1,42,0.758502,18.048944,0.174207,preds.pt#1977
1BB008,0027,BridgeRefine-L1,42,0.758135,17.951733,0.182586,preds.pt#1978
1BB008,0028,BridgeRefine-L1,42,0.758245,17.885335,0.185438,preds.pt#1979
1BB008,0029,BridgeRefine-L1,42,0.761002,18.049630,0.169968,preds.pt#1980
1BB008,0030,BridgeRefine-L1,42,0.764149,18.054819,0.159943,preds.pt#1981
1BB008,0031,BridgeRefine-L1,42,0.770204,18.222228,0.168357,preds.pt#1982
1BB008,0032,BridgeRefine-L1,42,0.754733,17.716273,0.169210,preds.pt#1983
1BB008,0033,BridgeRefine-L1,42,0.759438,18.093840,0.164630,preds.pt#1984
1BB008,0034,BridgeRefine-L1,42,0.754336,17.854186,0.174126,preds.pt#1985
1BB008,0035,BridgeRefine-L1,42,0.761110,18.001765,0.152155,preds.pt#1986
1BB008,0036,BridgeRefine-L1,42,0.760979,18.005984,0.158435,preds.pt#1987
1BB008,0037,BridgeRefine-L1,42,0.768985,18.328955,0.140516,preds.pt#1988
1BB008,0038,BridgeRefine-L1,42,0.777072,18.651344,0.137561,preds.pt#1989
1BB008,0039,BridgeRefine-L1,42,0.785022,18.870293,0.132509,preds.pt#1990
1BB008,0040,BridgeRefine-L1,42,0.785674,18.882631,0.118541,preds.pt#1991
1BB008,0041,BridgeRefine-L1,42,0.779645,18.890311,0.141333,preds.pt#1992
1BB008,0042,BridgeRefine-L1,42,0.774692,18.804393,0.142184,preds.pt#1993
1BB008,0043,BridgeRefine-L1,42,0.775050,18.692934,0.133362,preds.pt#1994
1BB008,0044,BridgeRefine-L1,42,0.775672,18.556343,0.140112,preds.pt#1995
1BB008,0045,BridgeRefine-L1,42,0.772993,18.319007,0.128955,preds.pt#1996
1BB008,0046,BridgeRefine-L1,42,0.781346,18.486498,0.130117,preds.pt#1997
1BB008,0047,BridgeRefine-L1,42,0.789338,18.566189,0.111146,preds.pt#1998
1BB008,0048,BridgeRefine-L1,42,0.782447,18.349671,0.108057,preds.pt#1999
1BB008,0049,BridgeRefine-L1,42,0.769845,18.139141,0.124651,preds.pt#2000
1BB008,0050,BridgeRefine-L1,42,0.778455,18.409810,0.138072,preds.pt#2001
1BB008,0051,BridgeRefine-L1,42,0.772342,18.305842,0.150420,preds.pt#2002
1BB008,0052,BridgeRefine-L1,42,0.781828,18.675459,0.131131,preds.pt#2003
1BB008,0053,BridgeRefine-L1,42,0.772261,18.533198,0.135362,preds.pt#2004
1BB008,0054,BridgeRefine-L1,42,0.771229,18.545781,0.149791,preds.pt#2005
1BB008,0055,BridgeRefine-L1,42,0.767347,18.481816,0.144309,preds.pt#2006
1BB008,0056,BridgeRefine-L1,42,0.762209,18.583727,0.144216,preds.pt#2007
1BB008,0057,BridgeRefine-L1,42,0.766367,18.619916,0.130228,preds.pt#2008
1BB008,0058,BridgeRefine-L1,42,0.747628,18.125870,0.134717,preds.pt#2009
1BB008,0059,BridgeRefine-L1,42,0.749254,18.335097,0.135954,preds.pt#2010
1BB008,0060,BridgeRefine-L1,42,0.746564,18.234495,0.137380,preds.pt#2011
1BB008,0061,BridgeRefine-L1,42,0.748657,18.139248,0.153280,preds.pt#2012
1BB008,0062,BridgeRefine-L1,42,0.738677,17.963258,0.171318,preds.pt#2013
1BB008,0063,BridgeRefine-L1,42,0.740778,18.070969,0.163401,preds.pt#2014
1BB008,0064,BridgeRefine-L1,42,0.729650,17.856615,0.167757,preds.pt#2015
1BB008,0065,BridgeRefine-L1,42,0.721913,17.879260,0.178254,preds.pt#2016
1BB008,0066,BridgeRefine-L1,42,0.716594,17.909787,0.162221,preds.pt#2017
1BB008,0067,BridgeRefine-L1,42,0.708260,17.805478,0.160841,preds.pt#2018
1BB008,0068,BridgeRefine-L1,42,0.703035,17.831290,0.179415,preds.pt#2019
1BB008,0069,BridgeRefine-L1,42,0.704517,17.860190,0.161430,preds.pt#2020
1BB008,0070,BridgeRefine-L1,42,0.710249,17.938669,0.156486,preds.pt#2021
1BB008,0071,BridgeRefine-L1,42,0.715591,17.892272,0.135407,preds.pt#2022
1BB008,0072,BridgeRefine-L1,42,0.705393,17.659690,0.140408,preds.pt#2023
1BB008,0073,BridgeRefine-L1,42,0.716724,17.812495,0.142502,preds.pt#2024
1BB008,0074,BridgeRefine-L1,42,0.712521,17.722343,0.152437,preds.pt#2025
1BB008,0075,BridgeRefine-L1,42,0.713409,17.450502,0.144082,preds.pt#2026
1BB008,0076,BridgeRefine-L1,42,0.718062,17.553473,0.140401,preds.pt#2027
1BB008,0077,BridgeRefine-L1,42,0.710786,17.606223,0.145352,preds.pt#2028
1BB008,0078,BridgeRefine-L1,42,0.717156,17.896275,0.147112,preds.pt#2029
1BB008,0079,BridgeRefine-L1,42,0.723835,17.969793,0.138293,preds.pt#2030
1BB008,0080,BridgeRefine-L1,42,0.716186,17.653159,0.130652,preds.pt#2031
1BB008,0081,BridgeRefine-L1,42,0.717307,17.919297,0.119800,preds.pt#2032
1BB008,0082,BridgeRefine-L1,42,0.710884,17.931031,0.129674,preds.pt#2033
1BB008,0083,BridgeRefine-L1,42,0.716231,18.123485,0.126805,preds.pt#2034
1BB008,0084,BridgeRefine-L1,42,0.703495,18.334080,0.129213,preds.pt#2035
1BB008,0085,BridgeRefine-L1,42,0.667916,17.536948,0.118245,preds.pt#2036
1BB008,0086,BridgeRefine-L1,42,0.673200,17.428936,0.124448,preds.pt#2037
1BB008,0087,BridgeRefine-L1,42,0.660725,17.244084,0.121325,preds.pt#2038
1BB008,0088,BridgeRefine-L1,42,0.679972,17.504960,0.114045,preds.pt#2039
1BB008,0089,BridgeRefine-L1,42,0.680179,17.592600,0.114883,preds.pt#2040
1BB008,0090,BridgeRefine-L1,42,0.689781,17.637499,0.107218,preds.pt#2041
1BB008,0091,BridgeRefine-L1,42,0.672557,17.310497,0.108802,preds.pt#2042
1BB008,0092,BridgeRefine-L1,42,0.679847,17.387373,0.104853,preds.pt#2043
1BB008,0093,BridgeRefine-L1,42,0.682445,17.441416,0.115636,preds.pt#2044
1BB008,0094,BridgeRefine-L1,42,0.693469,17.529244,0.117024,preds.pt#2045
1BB008,0095,BridgeRefine-L1,42,0.709178,17.931810,0.103346,preds.pt#2046
1BB008,0096,BridgeRefine-L1,42,0.700186,17.838289,0.109479,preds.pt#2047
1BB008,0097,BridgeRefine-L1,42,0.702264,17.941543,0.115448,preds.pt#2048
1BB008,0098,BridgeRefine-L1,42,0.715260,18.063462,0.112721,preds.pt#2049
1BB008,0099,BridgeRefine-L1,42,0.711794,18.066700,0.100790,preds.pt#2050
1BB008,0100,BridgeRefine-L1,42,0.715527,18.150275,0.097859,preds.pt#2051
1BB008,0101,BridgeRefine-L1,42,0.734143,18.484052,0.095040,preds.pt#2052
1BB008,0102,BridgeRefine-L1,42,0.737673,18.626625,0.100531,preds.pt#2053
1BB008,0103,BridgeRefine-L1,42,0.737778,18.562424,0.101845,preds.pt#2054
1BB008,0104,BridgeRefine-L1,42,0.746029,18.639013,0.103809,preds.pt#2055
1BB008,0105,BridgeRefine-L1,42,0.735247,18.438673,0.093703,preds.pt#2056
1BB008,0106,BridgeRefine-L1,42,0.737465,18.524810,0.095470,preds.pt#2057
1BB008,0107,BridgeRefine-L1,42,0.733660,18.474231,0.091486,preds.pt#2058
1BB008,0108,BridgeRefine-L1,42,0.743784,18.631808,0.088093,preds.pt#2059
1BB008,0109,BridgeRefine-L1,42,0.750310,18.676384,0.085567,preds.pt#2060
1BB008,0110,BridgeRefine-L1,42,0.750624,18.599375,0.090586,preds.pt#2061
1BB008,0111,BridgeRefine-L1,42,0.770534,19.234887,0.093601,preds.pt#2062
1BB008,0112,BridgeRefine-L1,42,0.781691,19.652882,0.087059,preds.pt#2063
1BB008,0113,BridgeRefine-L1,42,0.769937,19.465670,0.073445,preds.pt#2064
1BB008,0114,BridgeRefine-L1,42,0.775922,19.700582,0.064971,preds.pt#2065
1BB008,0115,BridgeRefine-L1,42,0.767087,19.589339,0.063379,preds.pt#2066
1BB008,0116,BridgeRefine-L1,42,0.770622,19.542604,0.067312,preds.pt#2067
1BB008,0117,BridgeRefine-L1,42,0.772067,19.691899,0.068316,preds.pt#2068
1BB008,0118,BridgeRefine-L1,42,0.771326,19.593909,0.072319,preds.pt#2069
1BB008,0119,BridgeRefine-L1,42,0.777902,19.775344,0.071288,preds.pt#2070
1BB008,0120,BridgeRefine-L1,42,0.757857,19.358617,0.076892,preds.pt#2071
1BB008,0121,BridgeRefine-L1,42,0.761498,19.154050,0.075823,preds.pt#2072
1BB008,0122,BridgeRefine-L1,42,0.759367,19.021048,0.075538,preds.pt#2073
1BB008,0123,BridgeRefine-L1,42,0.758803,18.879903,0.071542,preds.pt#2074
1BB008,0124,BridgeRefine-L1,42,0.749616,18.559094,0.071758,preds.pt#2075
1BB008,0125,BridgeRefine-L1,42,0.750933,18.566271,0.078880,preds.pt#2076
1BB008,0126,BridgeRefine-L1,42,0.746552,18.387241,0.084650,preds.pt#2077
1BB008,0127,BridgeRefine-L1,42,0.761234,18.690540,0.077994,preds.pt#2078
1BB008,0128,BridgeRefine-L1,42,0.751749,18.411581,0.085259,preds.pt#2079
1BB008,0129,BridgeRefine-L1,42,0.773169,18.851734,0.078228,preds.pt#2080
1BB008,0130,BridgeRefine-L1,42,0.765545,18.810666,0.080291,preds.pt#2081
1BB008,0131,BridgeRefine-L1,42,0.768891,18.955747,0.067125,preds.pt#2082
1BB008,0132,BridgeRefine-L1,42,0.759879,18.850638,0.057251,preds.pt#2083
1BB008,0133,BridgeRefine-L1,42,0.767305,19.141654,0.058797,preds.pt#2084
1BB008,0134,BridgeRefine-L1,42,0.766205,18.875318,0.054005,preds.pt#2085
1BB008,0135,BridgeRefine-L1,42,0.771460,18.956762,0.055035,preds.pt#2086
1BB008,0136,BridgeRefine-L1,42,0.782110,18.986338,0.060897,preds.pt#2087
1BB008,0137,BridgeRefine-L1,42,0.798150,19.367903,0.059564,preds.pt#2088
1BB008,0138,BridgeRefine-L1,42,0.813108,19.700560,0.054070,preds.pt#2089
1BB008,0139,BridgeRefine-L1,42,0.818314,19.609908,0.053426,preds.pt#2090
1BB008,0140,BridgeRefine-L1,42,0.817275,19.645406,0.055277,preds.pt#2091
1BB008,0141,BridgeRefine-L1,42,0.800952,19.176672,0.056774,preds.pt#2092
1BB008,0142,BridgeRefine-L1,42,0.818168,19.468148,0.056926,preds.pt#2093
1BB008,0143,BridgeRefine-L1,42,0.822185,19.471324,0.053003,preds.pt#2094
1BB008,0144,BridgeRefine-L1,42,0.820576,19.438712,0.054217,preds.pt#2095
1BB008,0145,BridgeRefine-L1,42,0.837753,19.870873,0.047383,preds.pt#2096
1BB008,0146,BridgeRefine-L1,42,0.837931,19.771564,0.042512,preds.pt#2097
1BB008,0147,BridgeRefine-L1,42,0.842229,20.020614,0.043930,preds.pt#2098
1BB008,0148,BridgeRefine-L1,42,0.851583,20.195905,0.044407,preds.pt#2099
1BB008,0149,BridgeRefine-L1,42,0.854877,20.420254,0.056256,preds.pt#2100
1BB008,0150,BridgeRefine-L1,42,0.851128,20.579722,0.052934,preds.pt#2101
1BB008,0151,BridgeRefine-L1,42,0.852030,20.541854,0.042763,preds.pt#2102
1BB008,0152,BridgeRefine-L1,42,0.856765,20.578612,0.041810,preds.pt#2103
1BB008,0153,BridgeRefine-L1,42,0.858888,20.514064,0.045918,preds.pt#2104
1BB008,0154,BridgeRefine-L1,42,0.857692,20.432480,0.051494,preds.pt#2105
1BB008,0155,BridgeRefine-L1,42,0.846783,20.295687,0.052276,preds.pt#2106
1BB008,0156,BridgeRefine-L1,42,0.854946,20.505232,0.059341,preds.pt#2107
1BB008,0157,BridgeRefine-L1,42,0.850708,20.449387,0.053744,preds.pt#2108
1BB008,0158,BridgeRefine-L1,42,0.849497,20.584939,0.049590,preds.pt#2109
1BB008,0159,BridgeRefine-L1,42,0.854187,20.843908,0.041211,preds.pt#2110
1BB008,0160,BridgeRefine-L1,42,0.850599,20.893648,0.044224,preds.pt#2111
1BB008,0161,BridgeRefine-L1,42,0.837529,20.816675,0.044817,preds.pt#2112
1BB008,0162,BridgeRefine-L1,42,0.830745,20.678091,0.041725,preds.pt#2113
1BB008,0163,BridgeRefine-L1,42,0.823987,20.107824,0.038612,preds.pt#2114
1BB008,0164,BridgeRefine-L1,42,0.805025,20.204582,0.046777,preds.pt#2115
1BB008,0165,BridgeRefine-L1,42,0.790379,19.761237,0.058384,preds.pt#2116
1BB008,0166,BridgeRefine-L1,42,0.784837,19.801217,0.067383,preds.pt#2117
1BB008,0167,BridgeRefine-L1,42,0.769987,19.415381,0.092525,preds.pt#2118
1BB008,0168,BridgeRefine-L1,42,0.768354,19.063012,0.097593,preds.pt#2119
1BB008,0169,BridgeRefine-L1,42,0.754851,18.923301,0.106965,preds.pt#2120
1BB008,0170,BridgeRefine-L1,42,0.757444,19.238687,0.097369,preds.pt#2121
1BB008,0171,BridgeRefine-L1,42,0.781065,20.175478,0.070400,preds.pt#2122
1BB008,0172,BridgeRefine-L1,42,0.785991,19.926689,0.072794,preds.pt#2123
1BB008,0173,BridgeRefine-L1,42,0.791129,19.540591,0.087258,preds.pt#2124
1BB008,0174,BridgeRefine-L1,42,0.804611,21.090327,0.089296,preds.pt#2125
1BB008,0175,BridgeRefine-L1,42,0.801179,20.906949,0.090117,preds.pt#2126
1BB008,0176,BridgeRefine-L1,42,0.798313,21.871995,0.075163,preds.pt#2127
1BB008,0177,BridgeRefine-L1,42,0.687769,19.161599,0.103534,preds.pt#2128
1BB200,0000,BridgeRefine-L1,42,0.606986,12.877721,0.477639,preds.pt#2129
1BB200,0001,BridgeRefine-L1,42,0.616472,12.974856,0.480552,preds.pt#2130
1BB200,0002,BridgeRefine-L1,42,0.618996,12.736402,0.492433,preds.pt#2131
1BB200,0003,BridgeRefine-L1,42,0.625601,13.443291,0.472985,preds.pt#2132
1BB200,0004,BridgeRefine-L1,42,0.635016,15.681231,0.421304,preds.pt#2133
1BB200,0005,BridgeRefine-L1,42,0.645697,16.132486,0.389717,preds.pt#2134
1BB200,0006,BridgeRefine-L1,42,0.649458,15.990963,0.390708,preds.pt#2135
1BB200,0007,BridgeRefine-L1,42,0.642397,14.780308,0.392318,preds.pt#2136
1BB200,0008,BridgeRefine-L1,42,0.634719,14.627081,0.352820,preds.pt#2137
1BB200,0009,BridgeRefine-L1,42,0.649229,15.126768,0.347750,preds.pt#2138
1BB200,0010,BridgeRefine-L1,42,0.640914,15.079773,0.310688,preds.pt#2139
1BB200,0011,BridgeRefine-L1,42,0.650604,15.061738,0.306284,preds.pt#2140
1BB200,0012,BridgeRefine-L1,42,0.667113,14.294706,0.306341,preds.pt#2141
1BB200,0013,BridgeRefine-L1,42,0.665954,15.124099,0.272005,preds.pt#2142
1BB200,0014,BridgeRefine-L1,42,0.686936,16.176697,0.259505,preds.pt#2143
1BB200,0015,BridgeRefine-L1,42,0.696483,16.364325,0.256396,preds.pt#2144
1BB200,0016,BridgeRefine-L1,42,0.706149,16.593525,0.235613,preds.pt#2145
1BB200,0017,BridgeRefine-L1,42,0.709361,16.108747,0.269680,preds.pt#2146
1BB200,0018,BridgeRefine-L1,42,0.722644,17.518154,0.218598,preds.pt#2147
1BB200,0019,BridgeRefine-L1,42,0.718493,16.597310,0.230552,preds.pt#2148
1BB200,0020,BridgeRefine-L1,42,0.731328,17.130229,0.229713,preds.pt#2149
1BB200,0021,BridgeRefine-L1,42,0.733173,16.654864,0.232471,preds.pt#2150
1BB200,0022,BridgeRefine-L1,42,0.733790,17.313793,0.205210,preds.pt#2151
1BB200,0023,BridgeRefine-L1,42,0.745750,17.655535,0.196088,preds.pt#2152
1BB200,0024,BridgeRefine-L1,42,0.730290,17.201724,0.229654,preds.pt#2153
1BB200,0025,BridgeRefine-L1,42,0.743396,17.359062,0.196955,preds.pt#2154
1BB200,0026,BridgeRefine-L1,42,0.744872,17.763175,0.184679,preds.pt#2155
1BB200,0027,BridgeRefine-L1,42,0.727422,17.750829,0.164830,preds.pt#2156
1BB200,0028,BridgeRefine-L1,42,0.719221,17.475812,0.160483,preds.pt#2157
1BB200,0029,BridgeRefine-L1,42,0.732802,18.011075,0.154401,preds.pt#2158
1BB200,0030,BridgeRefine-L1,42,0.735451,17.971454,0.170518,preds.pt#2159
1BB200,0031,BridgeRefine-L1,42,0.729416,17.990224,0.173039,preds.pt#2160
1BB200,0032,BridgeRefine-L1,42,0.733155,17.690289,0.159206,preds.pt#2161
1BB200,0033,BridgeRefine-L1,42,0.736505,17.858883,0.158152,preds.pt#2162
1BB200,0034,BridgeRefine-L1,42,0.733062,17.659792,0.157129,preds.pt#2163
1BB200,0035,BridgeRefine-L1,42,0.743210,18.032085,0.171190,preds.pt#2164
1BB200,0036,BridgeRefine-L1,42,0.740619,17.919258,0.148788,preds.pt#2165
1BB200,0037,BridgeRefine-L1,42,0.752334,17.993563,0.143560,preds.pt#2166
1BB200,0038,BridgeRefine-L1,42,0.753787,18.065697,0.139747,preds.pt#2167
1BB200,0039,BridgeRefine-L1,42,0.748894,17.855143,0.146050,preds.pt#2168
1BB200,0040,BridgeRefine-L1,42,0.753522,18.041036,0.154878,preds.pt#2169
1BB200,0041,BridgeRefine-L1,42,0.751594,18.025159,0.164696,preds.pt#2170
1BB200,0042,BridgeRefine-L1,42,0.752144,17.822915,0.148773,preds.pt#2171
1BB200,0043,BridgeRefine-L1,42,0.756248,17.897610,0.146877,preds.pt#2172
1BB200,0044,BridgeRefine-L1,42,0.750256,17.702047,0.149163,preds.pt#2173
1BB200,0045,BridgeRefine-L1,42,0.753465,17.608964,0.143102,preds.pt#2174
1BB200,0046,BridgeRefine-L1,42,0.772232,18.031151,0.137960,preds.pt#2175
1BB200,0047,BridgeRefine-L1,42,0.767278,18.003672,0.151618,preds.pt#2176
1BB200,0048,BridgeRefine-L1,42,0.763676,17.993060,0.139997,preds.pt#2177
1BB200,0049,BridgeRefine-L1,42,0.753061,17.317403,0.141382,preds.pt#2178
1BB200,0050,BridgeRefine-L1,42,0.754154,17.892302,0.141234,preds.pt#2179
1BB200,0051,BridgeRefine-L1,42,0.755820,17.932947,0.169570,preds.pt#2180
1BB200,0052,BridgeRefine-L1,42,0.752322,18.122902,0.168237,preds.pt#2181
1BB200,0053,BridgeRefine-L1,42,0.755598,18.107915,0.155966,preds.pt#2182
1BB200,0054,BridgeRefine-L1,42,0.752500,18.212311,0.167352,preds.pt#2183
1BB200,0055,BridgeRefine-L1,42,0.754326,18.071331,0.157659,preds.pt#2184
1BB200,0056,BridgeRefine-L1,42,0.760525,18.008519,0.147599,preds.pt#2185
1BB200,0057,BridgeRefine-L1,42,0.756196,18.101407,0.152951,preds.pt#2186
1BB200,0058,BridgeRefine-L1,42,0.751934,17.884863,0.161587,preds.pt#2187
1BB200,0059,BridgeRefine-L1,42,0.756011,18.049595,0.168748,preds.pt#2188
1BB200,0060,BridgeRefine-L1,42,0.752171,18.069429,0.156160,preds.pt#2189
1BB200,0061,BridgeRefine-L1,42,0.762827,18.335178,0.140089,preds.pt#2190
1BB200,0062,BridgeRefine-L1,42,0.763234,18.408227,0.155427,preds.pt#2191
1BB200,0063,BridgeRefine-L1,42,0.764303,18.552516,0.173736,preds.pt#2192
1BB200,0064,BridgeRefine-L1,42,0.767589,18.553537,0.152882,preds.pt#2193
1BB200,0065,BridgeRefine-L1,42,0.761280,18.159446,0.151054,preds.pt#2194
1BB200,0066,BridgeRefine-L1,42,0.767507,18.280639,0.156072,preds.pt#2195
1BB200,0067,BridgeRefine-L1,42,0.765030,18.384004,0.144952,preds.pt#2196
1BB200,0068,BridgeRefine-L1,42,0.766312,18.342233,0.137731,preds.pt#2197
1BB200,0069,BridgeRefine-L1,42,0.764535,18.305577,0.139912,preds.pt#2198
1BB200,0070,BridgeRefine-L1,42,0.759146,18.184803,0.149288,preds.pt#2199
1BB200,0071,BridgeRefine-L1,42,0.758494,18.111923,0.140762,preds.pt#2200
1BB200,0072,BridgeRefine-L1,42,0.737849,17.590455,0.137177,preds.pt#2201
1BB200,0073,BridgeRefine-L1,42,0.725634,17.503797,0.125604,preds.pt#2202
1BB200,0074,BridgeRefine-L1,42,0.714821,17.420584,0.126639,preds.pt#2203
1BB200,0075,BridgeRefine-L1,42,0.655162,17.055561,0.119277,preds.pt#2204
1BB200,0076,BridgeRefine-L1,42,0.653202,16.826893,0.132459,preds.pt#2205
1BB200,0077,BridgeRefine-L1,42,0.660784,16.775167,0.132287,preds.pt#2206
1BB200,0078,BridgeRefine-L1,42,0.651782,16.573419,0.145247,preds.pt#2207
1BB200,0079,BridgeRefine-L1,42,0.651914,16.457294,0.142298,preds.pt#2208
1BB200,0080,BridgeRefine-L1,42,0.630024,16.070455,0.149089,preds.pt#2209
1BB200,0081,BridgeRefine-L1,42,0.631545,16.076219,0.162519,preds.pt#2210
1BB200,0082,BridgeRefine-L1,42,0.648345,16.412692,0.149337,preds.pt#2211
1BB200,0083,BridgeRefine-L1,42,0.649546,16.637598,0.132926,preds.pt#2212
1BB200,0084,BridgeRefine-L1,42,0.665118,16.912346,0.124155,preds.pt#2213
1BB200,0085,BridgeRefine-L1,42,0.684480,17.399654,0.123232,preds.pt#2214
1BB200,0086,BridgeRefine-L1,42,0.696689,17.485017,0.109115,preds.pt#2215
1BB200,0087,BridgeRefine-L1,42,0.708408,17.647418,0.124123,preds.pt#2216
1BB200,0088,BridgeRefine-L1,42,0.715767,17.596726,0.131207,preds.pt#2217
1BB200,0089,BridgeRefine-L1,42,0.738748,17.999674,0.125369,preds.pt#2218
1BB200,0090,BridgeRefine-L1,42,0.730884,17.887918,0.115525,preds.pt#2219
1BB200,0091,BridgeRefine-L1,42,0.718491,17.803104,0.118173,preds.pt#2220
1BB200,0092,BridgeRefine-L1,42,0.736060,18.272337,0.115250,preds.pt#2221
1BB200,0093,BridgeRefine-L1,42,0.744994,18.464705,0.114922,preds.pt#2222
1BB200,0094,BridgeRefine-L1,42,0.758108,18.457150,0.096040,preds.pt#2223
1BB200,0095,BridgeRefine-L1,42,0.774149,18.756866,0.100195,preds.pt#2224
1BB200,0096,BridgeRefine-L1,42,0.773482,18.756482,0.085384,preds.pt#2225
1BB200,0097,BridgeRefine-L1,42,0.766221,18.502687,0.090786,preds.pt#2226
1BB200,0098,BridgeRefine-L1,42,0.775763,18.622587,0.089961,preds.pt#2227
1BB200,0099,BridgeRefine-L1,42,0.767891,18.188859,0.083411,preds.pt#2228
1BB200,0100,BridgeRefine-L1,42,0.773331,18.311427,0.085712,preds.pt#2229
1BB200,0101,BridgeRefine-L1,42,0.784990,18.607354,0.085039,preds.pt#2230
1BB200,0102,BridgeRefine-L1,42,0.781977,18.747902,0.080753,preds.pt#2231
1BB200,0103,BridgeRefine-L1,42,0.784182,18.918019,0.086563,preds.pt#2232
1BB200,0104,BridgeRefine-L1,42,0.784867,18.835385,0.084176,preds.pt#2233
1BB200,0105,BridgeRefine-L1,42,0.787928,18.789743,0.080131,preds.pt#2234
1BB200,0106,BridgeRefine-L1,42,0.791078,18.806147,0.078824,preds.pt#2235
1BB200,0107,BridgeRefine-L1,42,0.804922,19.192961,0.075522,preds.pt#2236
1BB200,0108,BridgeRefine-L1,42,0.784174,18.574726,0.085339,preds.pt#2237
1BB200,0109,BridgeRefine-L1,42,0.795701,18.937849,0.075574,preds.pt#2238
1BB200,0110,BridgeRefine-L1,42,0.790219,18.966007,0.081405,preds.pt#2239
1BB200,0111,BridgeRefine-L1,42,0.809767,19.495858,0.070841,preds.pt#2240
1BB200,0112,BridgeRefine-L1,42,0.806901,19.413975,0.071189,preds.pt#2241
1BB200,0113,BridgeRefine-L1,42,0.800235,19.292196,0.080504,preds.pt#2242
1BB200,0114,BridgeRefine-L1,42,0.806393,19.694685,0.081468,preds.pt#2243
1BB200,0115,BridgeRefine-L1,42,0.804786,19.528642,0.075398,preds.pt#2244
1BB200,0116,BridgeRefine-L1,42,0.800714,19.608016,0.068101,preds.pt#2245
1BB200,0117,BridgeRefine-L1,42,0.808644,19.764014,0.058518,preds.pt#2246
1BB200,0118,BridgeRefine-L1,42,0.802985,19.601037,0.059537,preds.pt#2247
1BB200,0119,BridgeRefine-L1,42,0.816790,19.879051,0.055702,preds.pt#2248
1BB200,0120,BridgeRefine-L1,42,0.821773,20.121836,0.051762,preds.pt#2249
1BB200,0121,BridgeRefine-L1,42,0.820303,20.043670,0.050567,preds.pt#2250
1BB200,0122,BridgeRefine-L1,42,0.820464,19.990082,0.051956,preds.pt#2251
1BB200,0123,BridgeRefine-L1,42,0.799201,19.684372,0.058036,preds.pt#2252
1BB200,0124,BridgeRefine-L1,42,0.793251,19.600206,0.061657,preds.pt#2253
1BB200,0125,BridgeRefine-L1,42,0.777873,19.254133,0.062849,preds.pt#2254
1BB200,0126,BridgeRefine-L1,42,0.788040,19.469821,0.067968,preds.pt#2255
1BB200,0127,BridgeRefine-L1,42,0.786862,19.610859,0.071205,preds.pt#2256
1BB200,0128,BridgeRefine-L1,42,0.806462,19.817654,0.067505,preds.pt#2257
1BB200,0129,BridgeRefine-L1,42,0.803037,19.779552,0.069299,preds.pt#2258
1BB200,0130,BridgeRefine-L1,42,0.829749,20.315598,0.054233,preds.pt#2259
1BB200,0131,BridgeRefine-L1,42,0.828871,20.174372,0.059343,preds.pt#2260
1BB200,0132,BridgeRefine-L1,42,0.827094,20.134675,0.068032,preds.pt#2261
1BB200,0133,BridgeRefine-L1,42,0.820918,19.917940,0.066960,preds.pt#2262
1BB200,0134,BridgeRefine-L1,42,0.828153,20.245768,0.065932,preds.pt#2263
1BB200,0135,BridgeRefine-L1,42,0.818727,20.355684,0.073216,preds.pt#2264
1BB200,0136,BridgeRefine-L1,42,0.804392,20.050006,0.075112,preds.pt#2265
1BB200,0137,BridgeRefine-L1,42,0.806549,19.827670,0.066656,preds.pt#2266
1BB200,0138,BridgeRefine-L1,42,0.822510,20.414332,0.063829,preds.pt#2267
1BB200,0139,BridgeRefine-L1,42,0.827726,20.633061,0.063611,preds.pt#2268
1BB200,0140,BridgeRefine-L1,42,0.838222,20.848483,0.071267,preds.pt#2269
1BB200,0141,BridgeRefine-L1,42,0.838854,20.790060,0.070937,preds.pt#2270
1BB200,0142,BridgeRefine-L1,42,0.841002,20.506540,0.062737,preds.pt#2271
1BB200,0143,BridgeRefine-L1,42,0.846143,20.592246,0.071585,preds.pt#2272
1BB200,0144,BridgeRefine-L1,42,0.837342,20.406075,0.077816,preds.pt#2273
1BB200,0145,BridgeRefine-L1,42,0.842118,20.341717,0.066540,preds.pt#2274
1BB200,0146,BridgeRefine-L1,42,0.848832,20.871800,0.066342,preds.pt#2275
1BB200,0147,BridgeRefine-L1,42,0.848825,20.835692,0.057517,preds.pt#2276
1BB200,0148,BridgeRefine-L1,42,0.848926,20.805795,0.047969,preds.pt#2277
1BB200,0149,BridgeRefine-L1,42,0.845652,20.597334,0.047790,preds.pt#2278
1BB200,0150,BridgeRefine-L1,42,0.839182,20.302545,0.044369,preds.pt#2279
1BB200,0151,BridgeRefine-L1,42,0.859434,20.405711,0.052558,preds.pt#2280
1BB200,0152,BridgeRefine-L1,42,0.867072,20.613844,0.051600,preds.pt#2281
1BB200,0153,BridgeRefine-L1,42,0.854026,20.561915,0.046271,preds.pt#2282
1BB200,0154,BridgeRefine-L1,42,0.858266,20.501701,0.050382,preds.pt#2283
1BB200,0155,BridgeRefine-L1,42,0.844022,20.459040,0.052403,preds.pt#2284
1BB200,0156,BridgeRefine-L1,42,0.856787,20.449788,0.051089,preds.pt#2285
1BB200,0157,BridgeRefine-L1,42,0.855827,20.471100,0.054259,preds.pt#2286
1BB200,0158,BridgeRefine-L1,42,0.832701,20.073560,0.069243,preds.pt#2287
1BB200,0159,BridgeRefine-L1,42,0.798134,20.170239,0.072543,preds.pt#2288
1BB200,0160,BridgeRefine-L1,42,0.808229,20.170220,0.069622,preds.pt#2289
1BB200,0161,BridgeRefine-L1,42,0.786177,19.791414,0.073053,preds.pt#2290
1BB200,0162,BridgeRefine-L1,42,0.867248,21.053704,0.066923,preds.pt#2291
1BB200,0163,BridgeRefine-L1,42,0.872409,21.139817,0.060333,preds.pt#2292
1BB200,0164,BridgeRefine-L1,42,0.856418,20.976315,0.058542,preds.pt#2293
1BB200,0165,BridgeRefine-L1,42,0.854293,20.995612,0.065071,preds.pt#2294
1BB200,0166,BridgeRefine-L1,42,0.843256,20.802532,0.067917,preds.pt#2295
1BB200,0167,BridgeRefine-L1,42,0.851075,20.881988,0.072511,preds.pt#2296
1BB200,0168,BridgeRefine-L1,42,0.842384,20.685554,0.069760,preds.pt#2297
1BB200,0169,BridgeRefine-L1,42,0.859654,21.195883,0.063888,preds.pt#2298
1BB200,0170,BridgeRefine-L1,42,0.864880,21.276405,0.066348,preds.pt#2299
1BB200,0171,BridgeRefine-L1,42,0.856836,20.489664,0.070951,preds.pt#2300
1BB200,0172,BridgeRefine-L1,42,0.859413,20.627864,0.092414,preds.pt#2301
1BB200,0173,BridgeRefine-L1,42,0.869319,20.501664,0.079287,preds.pt#2302
1BB200,0174,BridgeRefine-L1,42,0.855490,20.697037,0.085416,preds.pt#2303
1BB200,0175,BridgeRefine-L1,42,0.843963,20.769365,0.075096,preds.pt#2304
1BB200,0176,BridgeRefine-L1,42,0.860777,20.881258,0.077602,preds.pt#2305
1BB200,0177,BridgeRefine-L1,42,0.862453,21.316392,0.071431,preds.pt#2306
1BB200,0178,BridgeRefine-L1,42,0.874865,21.184448,0.065185,preds.pt#2307
1BB200,0179,BridgeRefine-L1,42,0.879650,21.344324,0.066441,preds.pt#2308
1BB200,0180,BridgeRefine-L1,42,0.886006,21.355240,0.071198,preds.pt#2309
1BB200,0181,BridgeRefine-L1,42,0.884854,21.425167,0.081537,preds.pt#2310
1BB200,0182,BridgeRefine-L1,42,0.883588,21.115633,0.090230,preds.pt#2311
1BB200,0183,BridgeRefine-L1,42,0.855210,21.091009,0.105244,preds.pt#2312
1BB200,0184,BridgeRefine-L1,42,0.859958,20.698500,0.100199,preds.pt#2313
1BB200,0185,BridgeRefine-L1,42,0.863334,20.624595,0.109876,preds.pt#2314
1BB200,0186,BridgeRefine-L1,42,0.817685,21.854719,0.108905,preds.pt#2315
1BB200,0187,BridgeRefine-L1,42,0.739418,21.238604,0.147407,preds.pt#2316
1BB200,0188,BridgeRefine-L1,42,0.751734,22.324441,0.163229,preds.pt#2317
1BB205,0000,BridgeRefine-L1,42,0.675322,17.201762,0.498500,preds.pt#2318
1BB205,0001,BridgeRefine-L1,42,0.592328,16.604797,0.514530,preds.pt#2319
1BB205,0002,BridgeRefine-L1,42,0.594969,17.991160,0.512798,preds.pt#2320
1BB205,0003,BridgeRefine-L1,42,0.668943,15.815963,0.493549,preds.pt#2321
1BB205,0004,BridgeRefine-L1,42,0.693722,16.531721,0.444371,preds.pt#2322
1BB205,0005,BridgeRefine-L1,42,0.690610,17.057869,0.416649,preds.pt#2323
1BB205,0006,BridgeRefine-L1,42,0.643299,19.624085,0.442990,preds.pt#2324
1BB205,0007,BridgeRefine-L1,42,0.629641,18.987269,0.453443,preds.pt#2325
1BB205,0008,BridgeRefine-L1,42,0.656515,19.510966,0.419211,preds.pt#2326
1BB205,0009,BridgeRefine-L1,42,0.702373,19.797601,0.354705,preds.pt#2327
1BB205,0010,BridgeRefine-L1,42,0.628931,18.889769,0.420296,preds.pt#2328
1BB205,0011,BridgeRefine-L1,42,0.673149,19.247224,0.381056,preds.pt#2329
1BB205,0012,BridgeRefine-L1,42,0.560797,16.709722,0.449993,preds.pt#2330
1BB205,0013,BridgeRefine-L1,42,0.580423,17.477168,0.430777,preds.pt#2331
1BB205,0014,BridgeRefine-L1,42,0.567564,17.208021,0.418822,preds.pt#2332
1BB205,0015,BridgeRefine-L1,42,0.567735,17.250903,0.420960,preds.pt#2333
1BB205,0016,BridgeRefine-L1,42,0.606465,17.561499,0.389632,preds.pt#2334
1BB205,0017,BridgeRefine-L1,42,0.675168,18.589459,0.327412,preds.pt#2335
1BB205,0018,BridgeRefine-L1,42,0.667819,17.640170,0.357383,preds.pt#2336
1BB205,0019,BridgeRefine-L1,42,0.696789,18.638527,0.358651,preds.pt#2337
1BB205,0020,BridgeRefine-L1,42,0.693668,18.272792,0.300143,preds.pt#2338
1BB205,0021,BridgeRefine-L1,42,0.665676,16.819084,0.350177,preds.pt#2339
1BB205,0022,BridgeRefine-L1,42,0.648203,16.340189,0.389510,preds.pt#2340
1BB205,0023,BridgeRefine-L1,42,0.627668,16.927203,0.378542,preds.pt#2341
1BB205,0024,BridgeRefine-L1,42,0.685376,17.347018,0.340019,preds.pt#2342
1BB205,0025,BridgeRefine-L1,42,0.692804,16.412162,0.325041,preds.pt#2343
1BB205,0026,BridgeRefine-L1,42,0.688197,16.013685,0.358571,preds.pt#2344
1BB205,0027,BridgeRefine-L1,42,0.659872,15.737132,0.358699,preds.pt#2345
1BB205,0028,BridgeRefine-L1,42,0.688231,15.376349,0.372116,preds.pt#2346
1BB205,0029,BridgeRefine-L1,42,0.665440,14.495241,0.399252,preds.pt#2347
1BB205,0030,BridgeRefine-L1,42,0.655095,14.739371,0.348556,preds.pt#2348
1BB205,0031,BridgeRefine-L1,42,0.647773,14.176745,0.379059,preds.pt#2349
1BB205,0032,BridgeRefine-L1,42,0.631476,14.314130,0.361617,preds.pt#2350
1BB205,0033,BridgeRefine-L1,42,0.639881,13.900856,0.382707,preds.pt#2351
1BB205,0034,BridgeRefine-L1,42,0.643661,13.961015,0.353667,preds.pt#2352
1BB205,0035,BridgeRefine-L1,42,0.640036,13.258519,0.361800,preds.pt#2353
1BB205,0036,BridgeRefine-L1,42,0.646754,13.289609,0.336008,preds.pt#2354
1BB205,0037,BridgeRefine-L1,42,0.638631,14.121689,0.324462,preds.pt#2355
1BB205,0038,BridgeRefine-L1,42,0.648676,13.923318,0.306364,preds.pt#2356
1BB205,0039,BridgeRefine-L1,42,0.636569,13.609053,0.298690,preds.pt#2357
1BB205,0040,BridgeRefine-L1,42,0.641030,13.211685,0.306793,preds.pt#2358
1BB205,0041,BridgeRefine-L1,42,0.645448,13.854655,0.289737,preds.pt#2359
1BB205,0042,BridgeRefine-L1,42,0.637327,13.154125,0.288005,preds.pt#2360
1BB205,0043,BridgeRefine-L1,42,0.624981,12.534056,0.307084,preds.pt#2361
1BB205,0044,BridgeRefine-L1,42,0.626291,12.785006,0.319120,preds.pt#2362
1BB205,0045,BridgeRefine-L1,42,0.599357,12.404904,0.316050,preds.pt#2363
1BB205,0046,BridgeRefine-L1,42,0.634176,14.527040,0.237429,preds.pt#2364
1BB205,0047,BridgeRefine-L1,42,0.605118,13.320491,0.272270,preds.pt#2365
1BB205,0048,BridgeRefine-L1,42,0.597737,13.288339,0.269543,preds.pt#2366
1BB205,0049,BridgeRefine-L1,42,0.605019,13.560243,0.274783,preds.pt#2367
1BB205,0050,BridgeRefine-L1,42,0.600024,12.636600,0.291389,preds.pt#2368
1BB205,0051,BridgeRefine-L1,42,0.598930,13.121221,0.293384,preds.pt#2369
1BB205,0052,BridgeRefine-L1,42,0.595147,12.786482,0.295750,preds.pt#2370
1BB205,0053,BridgeRefine-L1,42,0.665230,14.922857,0.220757,preds.pt#2371
1BB205,0054,BridgeRefine-L1,42,0.672881,15.189109,0.216271,preds.pt#2372
1BB205,0055,BridgeRefine-L1,42,0.607329,12.299907,0.285377,preds.pt#2373
1BB205,0056,BridgeRefine-L1,42,0.616294,12.949612,0.253462,preds.pt#2374
1BB205,0057,BridgeRefine-L1,42,0.633723,13.854391,0.242270,preds.pt#2375
1BB205,0058,BridgeRefine-L1,42,0.692173,15.911274,0.179253,preds.pt#2376
1BB205,0059,BridgeRefine-L1,42,0.699194,16.219132,0.164690,preds.pt#2377
1BB205,0060,BridgeRefine-L1,42,0.710844,16.465347,0.182482,preds.pt#2378
1BB205,0061,BridgeRefine-L1,42,0.708379,16.560599,0.180282,preds.pt#2379
1BB205,0062,BridgeRefine-L1,42,0.701005,16.205633,0.175326,preds.pt#2380
1BB205,0063,BridgeRefine-L1,42,0.702690,16.250363,0.175437,preds.pt#2381
1BB205,0064,BridgeRefine-L1,42,0.690597,15.992049,0.181457,preds.pt#2382
1BB205,0065,BridgeRefine-L1,42,0.700543,16.110991,0.212298,preds.pt#2383
1BB205,0066,BridgeRefine-L1,42,0.691965,16.034754,0.210248,preds.pt#2384
1BB205,0067,BridgeRefine-L1,42,0.697863,16.129828,0.203816,preds.pt#2385
1BB205,0068,BridgeRefine-L1,42,0.702729,16.151154,0.206918,preds.pt#2386
1BB205,0069,BridgeRefine-L1,42,0.710026,16.407253,0.207628,preds.pt#2387
1BB205,0070,BridgeRefine-L1,42,0.702629,16.318692,0.194591,preds.pt#2388
1BB205,0071,BridgeRefine-L1,42,0.711198,16.648992,0.180973,preds.pt#2389
1BB205,0072,BridgeRefine-L1,42,0.713751,16.821916,0.179123,preds.pt#2390
1BB205,0073,BridgeRefine-L1,42,0.722150,16.943342,0.174615,preds.pt#2391
1BB205,0074,BridgeRefine-L1,42,0.733587,17.067801,0.170726,preds.pt#2392
1BB205,0075,BridgeRefine-L1,42,0.750259,17.189681,0.165300,preds.pt#2393
1BB205,0076,BridgeRefine-L1,42,0.748231,17.035182,0.168763,preds.pt#2394
1BB205,0077,BridgeRefine-L1,42,0.748428,17.039971,0.154178,preds.pt#2395
1BB205,0078,BridgeRefine-L1,42,0.749671,17.293749,0.138396,preds.pt#2396
1BB205,0079,BridgeRefine-L1,42,0.734603,16.894180,0.147742,preds.pt#2397
1BB205,0080,BridgeRefine-L1,42,0.736085,16.898491,0.131265,preds.pt#2398
1BB205,0081,BridgeRefine-L1,42,0.735079,16.825854,0.126025,preds.pt#2399
1BB205,0082,BridgeRefine-L1,42,0.730193,17.025305,0.133529,preds.pt#2400
1BB205,0083,BridgeRefine-L1,42,0.729203,16.931030,0.145590,preds.pt#2401
1BB205,0084,BridgeRefine-L1,42,0.740247,17.162551,0.138416,preds.pt#2402
1BB205,0085,BridgeRefine-L1,42,0.727534,17.007685,0.127808,preds.pt#2403
1BB205,0086,BridgeRefine-L1,42,0.719045,17.141894,0.129506,preds.pt#2404
1BB205,0087,BridgeRefine-L1,42,0.726255,17.282480,0.138776,preds.pt#2405
1BB205,0088,BridgeRefine-L1,42,0.715160,17.022626,0.141737,preds.pt#2406
1BB205,0089,BridgeRefine-L1,42,0.710840,16.952492,0.139067,preds.pt#2407
1BB205,0090,BridgeRefine-L1,42,0.710675,16.684665,0.151029,preds.pt#2408
1BB205,0091,BridgeRefine-L1,42,0.706962,17.025549,0.150959,preds.pt#2409
1BB205,0092,BridgeRefine-L1,42,0.705682,16.895774,0.164782,preds.pt#2410
1BB205,0093,BridgeRefine-L1,42,0.682210,16.752691,0.157161,preds.pt#2411
1BB205,0094,BridgeRefine-L1,42,0.692619,17.040661,0.142317,preds.pt#2412
1BB205,0095,BridgeRefine-L1,42,0.696700,16.969583,0.136679,preds.pt#2413
1BB205,0096,BridgeRefine-L1,42,0.697787,16.882479,0.150604,preds.pt#2414
1BB205,0097,BridgeRefine-L1,42,0.690487,16.779588,0.155060,preds.pt#2415
1BB205,0098,BridgeRefine-L1,42,0.697993,17.095815,0.137177,preds.pt#2416
1BB205,0099,BridgeRefine-L1,42,0.686263,16.995538,0.147912,preds.pt#2417
1BB205,0100,BridgeRefine-L1,42,0.695289,17.167957,0.140444,preds.pt#2418
1BB205,0101,BridgeRefine-L1,42,0.713986,17.522879,0.134137,preds.pt#2419
1BB205,0102,BridgeRefine-L1,42,0.703418,17.288879,0.135313,preds.pt#2420
1BB205,0103,BridgeRefine-L1,42,0.719741,17.251948,0.126060,preds.pt#2421
1BB205,0104,BridgeRefine-L1,42,0.733353,17.297268,0.125591,preds.pt#2422
1BB205,0105,BridgeRefine-L1,42,0.733062,17.158875,0.121374,preds.pt#2423
1BB205,0106,BridgeRefine-L1,42,0.735942,17.200312,0.132801,preds.pt#2424
1BB205,0107,BridgeRefine-L1,42,0.750056,17.385264,0.138466,preds.pt#2425
1BB205,0108,BridgeRefine-L1,42,0.738074,17.628875,0.155915,preds.pt#2426
1BB205,0109,BridgeRefine-L1,42,0.762100,18.042751,0.136438,preds.pt#2427
1BB205,0110,BridgeRefine-L1,42,0.762555,18.099057,0.135843,preds.pt#2428
1BB205,0111,BridgeRefine-L1,42,0.767775,18.235925,0.137363,preds.pt#2429
1BB205,0112,BridgeRefine-L1,42,0.776585,18.413506,0.137286,preds.pt#2430
1BB205,0113,BridgeRefine-L1,42,0.769773,18.285655,0.127331,preds.pt#2431
1BB205,0114,BridgeRefine-L1,42,0.780524,18.755648,0.130158,preds.pt#2432
1BB205,0115,BridgeRefine-L1,42,0.775706,18.690929,0.124289,preds.pt#2433
1BB205,0116,BridgeRefine-L1,42,0.765442,18.119639,0.128632,preds.pt#2434
1BB205,0117,BridgeRefine-L1,42,0.758520,17.987355,0.130426,preds.pt#2435
1BB205,0118,BridgeRefine-L1,42,0.749657,17.747383,0.124298,preds.pt#2436
1BB205,0119,BridgeRefine-L1,42,0.753496,17.657948,0.128196,preds.pt#2437
1BB205,0120,BridgeRefine-L1,42,0.748898,17.770763,0.119218,preds.pt#2438
1BB205,0121,BridgeRefine-L1,42,0.754961,18.030864,0.128550,preds.pt#2439
1BB205,0122,BridgeRefine-L1,42,0.760256,18.206023,0.122100,preds.pt#2440
1BB205,0123,BridgeRefine-L1,42,0.758798,18.237661,0.138266,preds.pt#2441
1BB205,0124,BridgeRefine-L1,42,0.772763,18.627221,0.113916,preds.pt#2442
1BB205,0125,BridgeRefine-L1,42,0.766226,18.731488,0.108861,preds.pt#2443
1BB205,0126,BridgeRefine-L1,42,0.763122,18.745541,0.123836,preds.pt#2444
1BB205,0127,BridgeRefine-L1,42,0.771631,19.059318,0.116009,preds.pt#2445
1BB205,0128,BridgeRefine-L1,42,0.770787,18.988780,0.125672,preds.pt#2446
1BB205,0129,BridgeRefine-L1,42,0.763720,18.953709,0.132849,preds.pt#2447
1BB205,0130,BridgeRefine-L1,42,0.757892,18.878660,0.130374,preds.pt#2448
1BB205,0131,BridgeRefine-L1,42,0.756502,18.994387,0.129400,preds.pt#2449
1BB205,0132,BridgeRefine-L1,42,0.723455,18.419030,0.119518,preds.pt#2450
1BB205,0133,BridgeRefine-L1,42,0.720536,18.393573,0.117585,preds.pt#2451
1BB205,0134,BridgeRefine-L1,42,0.722737,18.443706,0.120274,preds.pt#2452
1BB205,0135,BridgeRefine-L1,42,0.714274,18.494412,0.123281,preds.pt#2453
1BB205,0136,BridgeRefine-L1,42,0.716661,18.587702,0.109015,preds.pt#2454
1BB205,0137,BridgeRefine-L1,42,0.715988,18.525679,0.107408,preds.pt#2455
1BB205,0138,BridgeRefine-L1,42,0.722359,18.716552,0.104843,preds.pt#2456
1BB205,0139,BridgeRefine-L1,42,0.724901,18.916992,0.103482,preds.pt#2457
1BB205,0140,BridgeRefine-L1,42,0.735101,19.208156,0.105671,preds.pt#2458
1BB205,0141,BridgeRefine-L1,42,0.731684,18.930649,0.103361,preds.pt#2459
1BB205,0142,BridgeRefine-L1,42,0.732956,18.968195,0.104806,preds.pt#2460
1BB205,0143,BridgeRefine-L1,42,0.746933,19.234480,0.108881,preds.pt#2461
1BB205,0144,BridgeRefine-L1,42,0.763989,19.674881,0.099338,preds.pt#2462
1BB205,0145,BridgeRefine-L1,42,0.772698,19.922570,0.089464,preds.pt#2463
1BB205,0146,BridgeRefine-L1,42,0.779166,20.088140,0.089927,preds.pt#2464
1BB205,0147,BridgeRefine-L1,42,0.771054,19.940829,0.081766,preds.pt#2465
1BB205,0148,BridgeRefine-L1,42,0.768982,19.899634,0.089838,preds.pt#2466
1BB205,0149,BridgeRefine-L1,42,0.770335,19.891115,0.085867,preds.pt#2467
1BB205,0150,BridgeRefine-L1,42,0.787996,20.373012,0.086090,preds.pt#2468
1BB205,0151,BridgeRefine-L1,42,0.774485,20.081953,0.085676,preds.pt#2469
1BB205,0152,BridgeRefine-L1,42,0.774109,20.113118,0.082055,preds.pt#2470
1BB205,0153,BridgeRefine-L1,42,0.782019,20.121672,0.082772,preds.pt#2471
1BB205,0154,BridgeRefine-L1,42,0.771767,19.824944,0.087768,preds.pt#2472
1BB205,0155,BridgeRefine-L1,42,0.773535,19.910840,0.087120,preds.pt#2473
1BB205,0156,BridgeRefine-L1,42,0.754914,19.330730,0.091855,preds.pt#2474
1BB205,0157,BridgeRefine-L1,42,0.753956,19.501011,0.087824,preds.pt#2475
1BB205,0158,BridgeRefine-L1,42,0.757083,19.693045,0.081321,preds.pt#2476
1BB205,0159,BridgeRefine-L1,42,0.760584,19.785647,0.074484,preds.pt#2477
1BB205,0160,BridgeRefine-L1,42,0.759593,19.467332,0.092105,preds.pt#2478
1BB205,0161,BridgeRefine-L1,42,0.770614,19.569721,0.093470,preds.pt#2479
1BB205,0162,BridgeRefine-L1,42,0.771438,19.448743,0.087632,preds.pt#2480
1BB205,0163,BridgeRefine-L1,42,0.773946,19.526319,0.081564,preds.pt#2481
1BB205,0164,BridgeRefine-L1,42,0.776034,19.842502,0.066333,preds.pt#2482
1BB205,0165,BridgeRefine-L1,42,0.775430,19.767541,0.065933,preds.pt#2483
1BB205,0166,BridgeRefine-L1,42,0.791828,20.054150,0.060250,preds.pt#2484
1BB205,0167,BridgeRefine-L1,42,0.788970,19.990253,0.065683,preds.pt#2485
1BB205,0168,BridgeRefine-L1,42,0.796239,20.177976,0.073549,preds.pt#2486
1BB205,0169,BridgeRefine-L1,42,0.793276,20.138992,0.061385,preds.pt#2487
1BB205,0170,BridgeRefine-L1,42,0.794698,20.164589,0.078054,preds.pt#2488
1BB205,0171,BridgeRefine-L1,42,0.794330,20.227380,0.075889,preds.pt#2489
1BB205,0172,BridgeRefine-L1,42,0.783825,19.995314,0.068034,preds.pt#2490
1BB205,0173,BridgeRefine-L1,42,0.785057,19.843508,0.064769,preds.pt#2491
1BB205,0174,BridgeRefine-L1,42,0.812454,20.497700,0.065883,preds.pt#2492
1BB205,0175,BridgeRefine-L1,42,0.810121,20.213563,0.066534,preds.pt#2493
1BB205,0176,BridgeRefine-L1,42,0.814400,20.278939,0.073736,preds.pt#2494
1BB205,0177,BridgeRefine-L1,42,0.815372,20.067475,0.057805,preds.pt#2495
1BB205,0178,BridgeRefine-L1,42,0.824086,20.308681,0.063893,preds.pt#2496
1BB205,0179,BridgeRefine-L1,42,0.822024,20.145615,0.061051,preds.pt#2497
1BB205,0180,BridgeRefine-L1,42,0.821850,19.952760,0.064257,preds.pt#2498
1BB205,0181,BridgeRefine-L1,42,0.821700,19.884781,0.063693,preds.pt#2499
1BB205,0182,BridgeRefine-L1,42,0.815094,19.458548,0.057422,preds.pt#2500
1BB205,0183,BridgeRefine-L1,42,0.811453,19.325629,0.057355,preds.pt#2501
1BB205,0184,BridgeRefine-L1,42,0.821031,19.586553,0.050679,preds.pt#2502
1BB205,0185,BridgeRefine-L1,42,0.819261,19.357148,0.048083,preds.pt#2503
1BB205,0186,BridgeRefine-L1,42,0.817373,19.208489,0.055776,preds.pt#2504
1BB205,0187,BridgeRefine-L1,42,0.820515,19.316033,0.045950,preds.pt#2505
1BB205,0188,BridgeRefine-L1,42,0.816510,19.097428,0.052457,preds.pt#2506
1BB205,0189,BridgeRefine-L1,42,0.820824,19.204487,0.057338,preds.pt#2507
1BB205,0190,BridgeRefine-L1,42,0.826467,19.527587,0.049744,preds.pt#2508
1BB205,0191,BridgeRefine-L1,42,0.813815,19.152165,0.058188,preds.pt#2509
1BB205,0192,BridgeRefine-L1,42,0.805004,18.697911,0.066518,preds.pt#2510
1BB205,0193,BridgeRefine-L1,42,0.798034,18.794247,0.050435,preds.pt#2511
1BB205,0194,BridgeRefine-L1,42,0.801646,18.892914,0.053223,preds.pt#2512
1BB205,0195,BridgeRefine-L1,42,0.794165,18.734269,0.056023,preds.pt#2513
1BB205,0196,BridgeRefine-L1,42,0.780218,18.616968,0.048923,preds.pt#2514
1BB205,0197,BridgeRefine-L1,42,0.780561,18.755654,0.062011,preds.pt#2515
1BB205,0198,BridgeRefine-L1,42,0.781983,18.782440,0.053581,preds.pt#2516
1BB205,0199,BridgeRefine-L1,42,0.774150,19.069927,0.055259,preds.pt#2517
1BB205,0200,BridgeRefine-L1,42,0.789770,19.073148,0.047076,preds.pt#2518
1BB205,0201,BridgeRefine-L1,42,0.799557,19.195649,0.053661,preds.pt#2519
1BB205,0202,BridgeRefine-L1,42,0.808268,19.505567,0.078671,preds.pt#2520
1BB205,0203,BridgeRefine-L1,42,0.823444,19.884679,0.068261,preds.pt#2521
1BB205,0204,BridgeRefine-L1,42,0.828128,19.662303,0.070732,preds.pt#2522
1BB205,0205,BridgeRefine-L1,42,0.827578,19.512392,0.065805,preds.pt#2523
1BB205,0206,BridgeRefine-L1,42,0.830356,19.432115,0.063917,preds.pt#2524
1BB205,0207,BridgeRefine-L1,42,0.846653,19.313209,0.077968,preds.pt#2525
1BB205,0208,BridgeRefine-L1,42,0.856035,19.909246,0.085495,preds.pt#2526
1BB205,0209,BridgeRefine-L1,42,0.855907,19.484422,0.075968,preds.pt#2527
1BB205,0210,BridgeRefine-L1,42,0.866924,19.997133,0.081717,preds.pt#2528
1BB205,0211,BridgeRefine-L1,42,0.876419,20.035535,0.080504,preds.pt#2529
1BB205,0212,BridgeRefine-L1,42,0.876327,21.628907,0.074728,preds.pt#2530
1BB205,0213,BridgeRefine-L1,42,0.883731,23.318904,0.068447,preds.pt#2531
1BB205,0214,BridgeRefine-L1,42,0.885124,26.077785,0.045005,preds.pt#2532
1BB205,0215,BridgeRefine-L1,42,0.808761,21.932193,0.095239,preds.pt#2533
1BB205,0216,BridgeRefine-L1,42,0.803716,20.451138,0.156314,preds.pt#2534
1BB205,0217,BridgeRefine-L1,42,0.832033,23.384187,0.118197,preds.pt#2535
1BC007,0002,BridgeRefine-L1,42,0.992409,54.894260,0.048478,preds.pt#2536
1BC007,0003,BridgeRefine-L1,42,0.982349,42.499017,0.116051,preds.pt#2537
1BC007,0004,BridgeRefine-L1,42,0.969319,33.726508,0.198895,preds.pt#2538
1BC007,0005,BridgeRefine-L1,42,0.953944,30.289202,0.158190,preds.pt#2539
1BC007,0006,BridgeRefine-L1,42,0.949451,27.923580,0.204045,preds.pt#2540
1BC007,0007,BridgeRefine-L1,42,0.936189,26.432889,0.187121,preds.pt#2541
1BC007,0008,BridgeRefine-L1,42,0.921397,26.119835,0.183509,preds.pt#2542
1BC007,0009,BridgeRefine-L1,42,0.869931,23.795210,0.252085,preds.pt#2543
1BC007,0010,BridgeRefine-L1,42,0.878706,24.738794,0.215400,preds.pt#2544
1BC007,0011,BridgeRefine-L1,42,0.859636,23.506638,0.230329,preds.pt#2545
1BC007,0012,BridgeRefine-L1,42,0.838127,23.298983,0.209948,preds.pt#2546
1BC007,0013,BridgeRefine-L1,42,0.828897,23.126156,0.218475,preds.pt#2547
1BC007,0014,BridgeRefine-L1,42,0.801521,22.469608,0.226634,preds.pt#2548
1BC007,0015,BridgeRefine-L1,42,0.798916,21.998242,0.246237,preds.pt#2549
1BC007,0016,BridgeRefine-L1,42,0.793028,21.355802,0.244433,preds.pt#2550
1BC007,0017,BridgeRefine-L1,42,0.773929,20.939030,0.249804,preds.pt#2551
1BC007,0018,BridgeRefine-L1,42,0.784678,21.209849,0.210140,preds.pt#2552
1BC007,0019,BridgeRefine-L1,42,0.774364,21.116836,0.223041,preds.pt#2553
1BC007,0020,BridgeRefine-L1,42,0.750798,20.449262,0.224732,preds.pt#2554
1BC007,0021,BridgeRefine-L1,42,0.750051,20.361533,0.213796,preds.pt#2555
1BC007,0022,BridgeRefine-L1,42,0.740780,20.017882,0.224934,preds.pt#2556
1BC007,0023,BridgeRefine-L1,42,0.739323,19.918214,0.251320,preds.pt#2557
1BC007,0024,BridgeRefine-L1,42,0.735606,19.679911,0.269938,preds.pt#2558
1BC007,0025,BridgeRefine-L1,42,0.711617,19.414703,0.269302,preds.pt#2559
1BC007,0026,BridgeRefine-L1,42,0.713396,19.149002,0.269926,preds.pt#2560
1BC007,0027,BridgeRefine-L1,42,0.709143,19.132494,0.275509,preds.pt#2561
1BC007,0028,BridgeRefine-L1,42,0.700864,18.779869,0.271375,preds.pt#2562
1BC007,0029,BridgeRefine-L1,42,0.685373,18.513001,0.252042,preds.pt#2563
1BC007,0030,BridgeRefine-L1,42,0.698985,18.657780,0.246783,preds.pt#2564
1BC007,0031,BridgeRefine-L1,42,0.685945,18.382908,0.241649,preds.pt#2565
1BC007,0032,BridgeRefine-L1,42,0.719796,18.760913,0.226592,preds.pt#2566
1BC007,0033,BridgeRefine-L1,42,0.702093,18.224593,0.226103,preds.pt#2567
1BC007,0034,BridgeRefine-L1,42,0.718170,18.281088,0.199806,preds.pt#2568
1BC007,0035,BridgeRefine-L1,42,0.715807,17.939976,0.207818,preds.pt#2569
1BC007,0036,BridgeRefine-L1,42,0.739153,18.346060,0.212377,preds.pt#2570
1BC007,0037,BridgeRefine-L1,42,0.738412,18.314700,0.233582,preds.pt#2571
1BC007,0038,BridgeRefine-L1,42,0.736238,18.073279,0.233797,preds.pt#2572
1BC007,0039,BridgeRefine-L1,42,0.750921,18.032729,0.232347,preds.pt#2573
1BC007,0040,BridgeRefine-L1,42,0.759307,17.952264,0.220340,preds.pt#2574
1BC007,0041,BridgeRefine-L1,42,0.760681,17.892378,0.214591,preds.pt#2575
1BC007,0042,BridgeRefine-L1,42,0.776182,18.142165,0.194095,preds.pt#2576
1BC007,0043,BridgeRefine-L1,42,0.779941,18.145392,0.170761,preds.pt#2577
1BC007,0044,BridgeRefine-L1,42,0.783882,18.166845,0.172811,preds.pt#2578
1BC007,0045,BridgeRefine-L1,42,0.782499,18.217909,0.168936,preds.pt#2579
1BC007,0046,BridgeRefine-L1,42,0.781986,18.151720,0.175897,preds.pt#2580
1BC007,0047,BridgeRefine-L1,42,0.792414,18.371840,0.149827,preds.pt#2581
1BC007,0048,BridgeRefine-L1,42,0.787586,18.487233,0.155392,preds.pt#2582
1BC007,0049,BridgeRefine-L1,42,0.781998,18.233320,0.148066,preds.pt#2583
1BC007,0050,BridgeRefine-L1,42,0.778429,18.312592,0.151961,preds.pt#2584
1BC007,0051,BridgeRefine-L1,42,0.775798,18.110202,0.158010,preds.pt#2585
1BC007,0052,BridgeRefine-L1,42,0.767129,17.549351,0.159639,preds.pt#2586
1BC007,0053,BridgeRefine-L1,42,0.764190,17.625033,0.138678,preds.pt#2587
1BC007,0054,BridgeRefine-L1,42,0.784144,18.090706,0.142915,preds.pt#2588
1BC007,0055,BridgeRefine-L1,42,0.790482,18.430312,0.148428,preds.pt#2589
1BC007,0056,BridgeRefine-L1,42,0.794879,18.619144,0.129394,preds.pt#2590
1BC007,0057,BridgeRefine-L1,42,0.793751,18.619648,0.138947,preds.pt#2591
1BC007,0058,BridgeRefine-L1,42,0.792933,18.499220,0.153102,preds.pt#2592
1BC007,0059,BridgeRefine-L1,42,0.803337,18.821046,0.145749,preds.pt#2593
1BC007,0060,BridgeRefine-L1,42,0.800375,18.659418,0.136721,preds.pt#2594
1BC007,0061,BridgeRefine-L1,42,0.785223,18.474315,0.135813,preds.pt#2595
1BC007,0062,BridgeRefine-L1,42,0.793769,18.609021,0.135127,preds.pt#2596
1BC007,0063,BridgeRefine-L1,42,0.795602,18.801766,0.125140,preds.pt#2597
1BC007,0064,BridgeRefine-L1,42,0.801710,18.981877,0.101053,preds.pt#2598
1BC007,0065,BridgeRefine-L1,42,0.798167,18.926313,0.093071,preds.pt#2599
1BC007,0066,BridgeRefine-L1,42,0.797730,18.791065,0.102180,preds.pt#2600
1BC007,0067,BridgeRefine-L1,42,0.801908,19.043134,0.123466,preds.pt#2601
1BC007,0068,BridgeRefine-L1,42,0.796432,19.036450,0.137814,preds.pt#2602
1BC007,0069,BridgeRefine-L1,42,0.787393,18.886693,0.138358,preds.pt#2603
1BC007,0070,BridgeRefine-L1,42,0.783214,18.674230,0.135078,preds.pt#2604
1BC007,0071,BridgeRefine-L1,42,0.786761,18.811762,0.159713,preds.pt#2605
1BC007,0072,BridgeRefine-L1,42,0.775919,18.481124,0.154243,preds.pt#2606
1BC007,0073,BridgeRefine-L1,42,0.758972,18.478647,0.152922,preds.pt#2607
1BC007,0074,BridgeRefine-L1,42,0.750344,18.277278,0.160530,preds.pt#2608
1BC007,0075,BridgeRefine-L1,42,0.752408,18.283612,0.160829,preds.pt#2609
1BC007,0076,BridgeRefine-L1,42,0.757471,18.430102,0.150093,preds.pt#2610
1BC007,0077,BridgeRefine-L1,42,0.755455,18.507026,0.152574,preds.pt#2611
1BC007,0078,BridgeRefine-L1,42,0.765922,18.482832,0.155060,preds.pt#2612
1BC007,0079,BridgeRefine-L1,42,0.766198,18.403478,0.151291,preds.pt#2613
1BC007,0080,BridgeRefine-L1,42,0.778812,18.695846,0.147993,preds.pt#2614
1BC007,0081,BridgeRefine-L1,42,0.767206,18.430425,0.154520,preds.pt#2615
1BC007,0082,BridgeRefine-L1,42,0.773200,18.486504,0.141244,preds.pt#2616
1BC007,0083,BridgeRefine-L1,42,0.780486,18.812453,0.132372,preds.pt#2617
1BC007,0084,BridgeRefine-L1,42,0.776598,18.809835,0.148901,preds.pt#2618
1BC007,0085,BridgeRefine-L1,42,0.783987,18.974251,0.128643,preds.pt#2619
1BC007,0086,BridgeRefine-L1,42,0.781641,18.949329,0.114309,preds.pt#2620
1BC007,0087,BridgeRefine-L1,42,0.775563,18.903621,0.107700,preds.pt#2621
1BC007,0088,BridgeRefine-L1,42,0.761859,18.343385,0.128379,preds.pt#2622
1BC007,0089,BridgeRefine-L1,42,0.777088,18.653378,0.116539,preds.pt#2623
1BC007,0090,BridgeRefine-L1,42,0.804208,19.256779,0.109524,preds.pt#2624
1BC007,0091,BridgeRefine-L1,42,0.809139,19.309092,0.106461,preds.pt#2625
1BC007,0092,BridgeRefine-L1,42,0.813641,19.560585,0.111122,preds.pt#2626
1BC007,0093,BridgeRefine-L1,42,0.809227,19.405263,0.105679,preds.pt#2627
1BC007,0094,BridgeRefine-L1,42,0.810646,19.408085,0.106748,preds.pt#2628
1BC007,0095,BridgeRefine-L1,42,0.816205,19.595856,0.097091,preds.pt#2629
1BC007,0096,BridgeRefine-L1,42,0.817738,19.519165,0.086292,preds.pt#2630
1BC007,0097,BridgeRefine-L1,42,0.823053,19.832484,0.082451,preds.pt#2631
1BC007,0098,BridgeRefine-L1,42,0.818482,19.411299,0.082251,preds.pt#2632
1BC007,0099,BridgeRefine-L1,42,0.825730,19.921917,0.090421,preds.pt#2633
1BC007,0100,BridgeRefine-L1,42,0.804376,19.289742,0.087170,preds.pt#2634
1BC007,0101,BridgeRefine-L1,42,0.812029,19.384695,0.083053,preds.pt#2635
1BC007,0102,BridgeRefine-L1,42,0.827722,19.972270,0.084401,preds.pt#2636
1BC007,0103,BridgeRefine-L1,42,0.824196,19.863707,0.073764,preds.pt#2637
1BC007,0104,BridgeRefine-L1,42,0.830563,20.058801,0.077554,preds.pt#2638
1BC007,0105,BridgeRefine-L1,42,0.821045,19.974189,0.085936,preds.pt#2639
1BC007,0106,BridgeRefine-L1,42,0.824032,20.135837,0.079765,preds.pt#2640
1BC007,0107,BridgeRefine-L1,42,0.822082,20.677061,0.090990,preds.pt#2641
1BC007,0108,BridgeRefine-L1,42,0.846196,20.945530,0.086065,preds.pt#2642
1BC007,0109,BridgeRefine-L1,42,0.839199,20.922542,0.090496,preds.pt#2643
1BC007,0110,BridgeRefine-L1,42,0.858463,21.566939,0.080261,preds.pt#2644
1BC007,0111,BridgeRefine-L1,42,0.853655,21.457851,0.079768,preds.pt#2645
1BC007,0112,BridgeRefine-L1,42,0.838253,20.918088,0.062732,preds.pt#2646
1BC007,0113,BridgeRefine-L1,42,0.814816,20.512522,0.059601,preds.pt#2647
1BC007,0114,BridgeRefine-L1,42,0.832840,20.979056,0.066815,preds.pt#2648
1BC007,0115,BridgeRefine-L1,42,0.775373,20.768242,0.061014,preds.pt#2649
1BC007,0116,BridgeRefine-L1,42,0.838333,21.096788,0.053731,preds.pt#2650
1BC007,0117,BridgeRefine-L1,42,0.842662,21.039581,0.060452,preds.pt#2651
1BC007,0118,BridgeRefine-L1,42,0.831752,20.666628,0.063349,preds.pt#2652
1BC007,0119,BridgeRefine-L1,42,0.834757,20.890757,0.065740,preds.pt#2653
1BC007,0120,BridgeRefine-L1,42,0.779603,20.393502,0.065016,preds.pt#2654
1BC007,0121,BridgeRefine-L1,42,0.830930,20.442875,0.061249,preds.pt#2655
1BC007,0122,BridgeRefine-L1,42,0.828212,20.423883,0.062307,preds.pt#2656
1BC007,0123,BridgeRefine-L1,42,0.821178,20.439400,0.071950,preds.pt#2657
1BC007,0124,BridgeRefine-L1,42,0.829900,20.708290,0.062987,preds.pt#2658
1BC007,0125,BridgeRefine-L1,42,0.801174,20.466151,0.069048,preds.pt#2659
1BC007,0126,BridgeRefine-L1,42,0.830651,20.138570,0.059621,preds.pt#2660
1BC007,0127,BridgeRefine-L1,42,0.831275,20.232238,0.056149,preds.pt#2661
1BC007,0128,BridgeRefine-L1,42,0.824154,19.901312,0.067646,preds.pt#2662
1BC007,0129,BridgeRefine-L1,42,0.800789,19.905142,0.065093,preds.pt#2663
1BC007,0130,BridgeRefine-L1,42,0.825310,19.854949,0.065437,preds.pt#2664
1BC007,0131,BridgeRefine-L1,42,0.759285,19.492875,0.081297,preds.pt#2665
1BC007,0132,BridgeRefine-L1,42,0.816069,19.673007,0.060535,preds.pt#2666
1BC007,0133,BridgeRefine-L1,42,0.793419,19.286006,0.054911,preds.pt#2667
1BC007,0134,BridgeRefine-L1,42,0.816396,19.530315,0.051546,preds.pt#2668
1BC007,0135,BridgeRefine-L1,42,0.802707,19.781777,0.062354,preds.pt#2669
1BC007,0136,BridgeRefine-L1,42,0.827681,19.751154,0.053481,preds.pt#2670
1BC007,0137,BridgeRefine-L1,42,0.817018,19.329945,0.059714,preds.pt#2671
1BC007,0138,BridgeRefine-L1,42,0.831730,19.561213,0.046180,preds.pt#2672
1BC007,0139,BridgeRefine-L1,42,0.787812,19.283363,0.051520,preds.pt#2673
1BC007,0140,BridgeRefine-L1,42,0.835167,19.340943,0.042406,preds.pt#2674
1BC007,0141,BridgeRefine-L1,42,0.796670,19.160928,0.055937,preds.pt#2675
1BC007,0142,BridgeRefine-L1,42,0.824190,19.183313,0.044852,preds.pt#2676
1BC007,0143,BridgeRefine-L1,42,0.829819,18.910303,0.036711,preds.pt#2677
1BC007,0144,BridgeRefine-L1,42,0.827011,19.540094,0.039350,preds.pt#2678
1BC007,0145,BridgeRefine-L1,42,0.837479,19.350096,0.041981,preds.pt#2679
1BC007,0146,BridgeRefine-L1,42,0.850532,19.584310,0.038745,preds.pt#2680
1BC007,0147,BridgeRefine-L1,42,0.850112,19.365430,0.040842,preds.pt#2681
1BC007,0148,BridgeRefine-L1,42,0.795135,19.336460,0.059447,preds.pt#2682
1BC007,0149,BridgeRefine-L1,42,0.808497,19.263931,0.059147,preds.pt#2683
1BC007,0150,BridgeRefine-L1,42,0.795067,18.869326,0.060102,preds.pt#2684
1BC007,0151,BridgeRefine-L1,42,0.806829,19.225885,0.051768,preds.pt#2685
1BC007,0152,BridgeRefine-L1,42,0.820038,19.485754,0.049109,preds.pt#2686
1BC007,0153,BridgeRefine-L1,42,0.807145,19.584094,0.054553,preds.pt#2687
1BC007,0154,BridgeRefine-L1,42,0.828762,19.797540,0.043504,preds.pt#2688
1BC007,0155,BridgeRefine-L1,42,0.801219,19.644655,0.079798,preds.pt#2689
1BC007,0156,BridgeRefine-L1,42,0.845219,20.177570,0.063884,preds.pt#2690
1BC007,0157,BridgeRefine-L1,42,0.831941,20.421911,0.061723,preds.pt#2691
1BC007,0158,BridgeRefine-L1,42,0.852003,20.537705,0.057468,preds.pt#2692
1BC007,0159,BridgeRefine-L1,42,0.846077,20.767404,0.062490,preds.pt#2693
1BC007,0160,BridgeRefine-L1,42,0.869212,21.323875,0.059247,preds.pt#2694
1BC007,0161,BridgeRefine-L1,42,0.873876,21.614603,0.070452,preds.pt#2695
1BC007,0162,BridgeRefine-L1,42,0.871614,21.506474,0.067834,preds.pt#2696
1BC007,0163,BridgeRefine-L1,42,0.866243,21.748331,0.080203,preds.pt#2697
1BC007,0164,BridgeRefine-L1,42,0.886056,22.072191,0.062637,preds.pt#2698
1BC007,0165,BridgeRefine-L1,42,0.880250,22.405825,0.070833,preds.pt#2699
1BC007,0166,BridgeRefine-L1,42,0.898847,22.862868,0.059377,preds.pt#2700
1BC007,0167,BridgeRefine-L1,42,0.897315,23.449980,0.072411,preds.pt#2701
1BC007,0168,BridgeRefine-L1,42,0.904488,24.254482,0.082010,preds.pt#2702
1BC007,0169,BridgeRefine-L1,42,0.906765,24.563121,0.065504,preds.pt#2703
1BC007,0170,BridgeRefine-L1,42,0.883959,22.968796,0.109806,preds.pt#2704
1BC007,0171,BridgeRefine-L1,42,0.894047,23.979595,0.111170,preds.pt#2705
1BC007,0172,BridgeRefine-L1,42,0.905504,25.617331,0.114459,preds.pt#2706
1BC007,0173,BridgeRefine-L1,42,0.917073,26.264223,0.065076,preds.pt#2707
1BC007,0174,BridgeRefine-L1,42,0.915702,26.222446,0.070346,preds.pt#2708
1BC007,0175,BridgeRefine-L1,42,0.925469,26.128985,0.064766,preds.pt#2709
1BC007,0176,BridgeRefine-L1,42,0.922865,26.236819,0.077241,preds.pt#2710
1BC007,0177,BridgeRefine-L1,42,0.928489,26.756807,0.083849,preds.pt#2711
1BC007,0178,BridgeRefine-L1,42,0.932083,25.417685,0.081641,preds.pt#2712
1BC007,0179,BridgeRefine-L1,42,0.920637,23.380742,0.088926,preds.pt#2713
1BC007,0180,BridgeRefine-L1,42,0.937759,26.156426,0.114414,preds.pt#2714
1BC007,0181,BridgeRefine-L1,42,0.947823,27.611966,0.078645,preds.pt#2715
1BC007,0182,BridgeRefine-L1,42,0.950199,29.239371,0.061984,preds.pt#2716
1BC007,0183,BridgeRefine-L1,42,0.960411,31.037960,0.045675,preds.pt#2717
1BC007,0184,BridgeRefine-L1,42,0.962928,31.582579,0.053366,preds.pt#2718
1BC007,0185,BridgeRefine-L1,42,0.954554,28.248488,0.077133,preds.pt#2719
1BC014,0005,BridgeRefine-L1,42,0.990921,53.317269,0.039786,preds.pt#2720
1BC014,0006,BridgeRefine-L1,42,0.976320,41.463480,0.105250,preds.pt#2721
1BC014,0007,BridgeRefine-L1,42,0.966744,33.774589,0.179543,preds.pt#2722
1BC014,0008,BridgeRefine-L1,42,0.955595,29.311598,0.227384,preds.pt#2723
1BC014,0009,BridgeRefine-L1,42,0.953559,28.129780,0.222653,preds.pt#2724
1BC014,0010,BridgeRefine-L1,42,0.941380,26.913003,0.227008,preds.pt#2725
1BC014,0011,BridgeRefine-L1,42,0.931423,27.028955,0.234456,preds.pt#2726
1BC014,0012,BridgeRefine-L1,42,0.909453,25.025895,0.217405,preds.pt#2727
1BC014,0013,BridgeRefine-L1,42,0.889880,24.745875,0.205935,preds.pt#2728
1BC014,0014,BridgeRefine-L1,42,0.870969,23.926037,0.232737,preds.pt#2729
1BC014,0015,BridgeRefine-L1,42,0.851223,23.202039,0.233789,preds.pt#2730
1BC014,0016,BridgeRefine-L1,42,0.836377,22.096909,0.226258,preds.pt#2731
1BC014,0017,BridgeRefine-L1,42,0.802368,21.012389,0.260315,preds.pt#2732
1BC014,0018,BridgeRefine-L1,42,0.781790,21.279167,0.256764,preds.pt#2733
1BC014,0019,BridgeRefine-L1,42,0.768221,20.509950,0.251024,preds.pt#2734
1BC014,0020,BridgeRefine-L1,42,0.759868,20.125381,0.278993,preds.pt#2735
1BC014,0021,BridgeRefine-L1,42,0.750923,20.096363,0.264530,preds.pt#2736
1BC014,0022,BridgeRefine-L1,42,0.716819,19.010705,0.265726,preds.pt#2737
1BC014,0023,BridgeRefine-L1,42,0.723195,19.843155,0.248024,preds.pt#2738
1BC014,0024,BridgeRefine-L1,42,0.709873,19.244789,0.250939,preds.pt#2739
1BC014,0025,BridgeRefine-L1,42,0.679256,18.677616,0.248627,preds.pt#2740
1BC014,0026,BridgeRefine-L1,42,0.719538,19.837491,0.237690,preds.pt#2741
1BC014,0027,BridgeRefine-L1,42,0.680179,18.442458,0.258172,preds.pt#2742
1BC014,0028,BridgeRefine-L1,42,0.668697,17.899456,0.267684,preds.pt#2743
1BC014,0029,BridgeRefine-L1,42,0.660733,17.893341,0.262432,preds.pt#2744
1BC014,0030,BridgeRefine-L1,42,0.678025,18.355756,0.272380,preds.pt#2745
1BC014,0031,BridgeRefine-L1,42,0.685615,18.576519,0.260540,preds.pt#2746
1BC014,0032,BridgeRefine-L1,42,0.674083,18.275746,0.273348,preds.pt#2747
1BC014,0033,BridgeRefine-L1,42,0.664505,17.934840,0.271722,preds.pt#2748
1BC014,0034,BridgeRefine-L1,42,0.664878,17.991419,0.268266,preds.pt#2749
1BC014,0035,BridgeRefine-L1,42,0.666910,18.130720,0.247071,preds.pt#2750
1BC014,0036,BridgeRefine-L1,42,0.658379,17.664415,0.263007,preds.pt#2751
1BC014,0037,BridgeRefine-L1,42,0.651976,17.154315,0.250843,preds.pt#2752
1BC014,0038,BridgeRefine-L1,42,0.669567,17.428351,0.224927,preds.pt#2753
1BC014,0039,BridgeRefine-L1,42,0.668711,17.004302,0.234142,preds.pt#2754
1BC014,0040,BridgeRefine-L1,42,0.664514,16.640876,0.233560,preds.pt#2755
1BC014,0041,BridgeRefine-L1,42,0.679638,16.996352,0.234284,preds.pt#2756
1BC014,0042,BridgeRefine-L1,42,0.556387,14.039837,0.295088,preds.pt#2757
1BC014,0043,BridgeRefine-L1,42,0.675998,16.805296,0.233568,preds.pt#2758
1BC014,0044,BridgeRefine-L1,42,0.692417,16.943125,0.228479,preds.pt#2759
1BC014,0045,BridgeRefine-L1,42,0.559480,13.657677,0.311928,preds.pt#2760
1BC014,0046,BridgeRefine-L1,42,0.683092,16.524111,0.227160,preds.pt#2761
1BC014,0047,BridgeRefine-L1,42,0.678853,16.549278,0.210409,preds.pt#2762
1BC014,0048,BridgeRefine-L1,42,0.606613,14.790506,0.248536,preds.pt#2763
1BC014,0049,BridgeRefine-L1,42,0.582429,14.346547,0.264077,preds.pt#2764
1BC014,0050,BridgeRefine-L1,42,0.717513,17.229956,0.204081,preds.pt#2765
1BC014,0051,BridgeRefine-L1,42,0.577228,14.224973,0.288279,preds.pt#2766
1BC014,0052,BridgeRefine-L1,42,0.579635,13.961582,0.293733,preds.pt#2767
1BC014,0053,BridgeRefine-L1,42,0.715584,17.171815,0.200992,preds.pt#2768
1BC014,0054,BridgeRefine-L1,42,0.586973,14.130504,0.296092,preds.pt#2769
1BC014,0055,BridgeRefine-L1,42,0.582693,13.947945,0.312681,preds.pt#2770
1BC014,0056,BridgeRefine-L1,42,0.720886,17.301553,0.219644,preds.pt#2771
1BC014,0057,BridgeRefine-L1,42,0.593966,14.742556,0.266604,preds.pt#2772
1BC014,0058,BridgeRefine-L1,42,0.593388,14.002894,0.292852,preds.pt#2773
1BC014,0059,BridgeRefine-L1,42,0.613208,14.567362,0.257481,preds.pt#2774
1BC014,0060,BridgeRefine-L1,42,0.603101,14.208190,0.293401,preds.pt#2775
1BC014,0061,BridgeRefine-L1,42,0.603685,13.939038,0.297997,preds.pt#2776
1BC014,0062,BridgeRefine-L1,42,0.605117,14.053868,0.297448,preds.pt#2777
1BC014,0063,BridgeRefine-L1,42,0.604179,13.848532,0.300094,preds.pt#2778
1BC014,0064,BridgeRefine-L1,42,0.608782,13.866426,0.294369,preds.pt#2779
1BC014,0065,BridgeRefine-L1,42,0.617323,14.084073,0.285567,preds.pt#2780
1BC014,0066,BridgeRefine-L1,42,0.613908,13.874874,0.278596,preds.pt#2781
1BC014,0067,BridgeRefine-L1,42,0.621727,14.095125,0.258438,preds.pt#2782
1BC014,0068,BridgeRefine-L1,42,0.623182,14.191672,0.267509,preds.pt#2783
1BC014,0069,BridgeRefine-L1,42,0.620872,13.944975,0.277934,preds.pt#2784
1BC014,0070,BridgeRefine-L1,42,0.616426,14.118004,0.271405,preds.pt#2785
1BC014,0071,BridgeRefine-L1,42,0.652167,15.427060,0.245995,preds.pt#2786
1BC014,0072,BridgeRefine-L1,42,0.623369,14.323970,0.275671,preds.pt#2787
1BC014,0073,BridgeRefine-L1,42,0.645172,15.674692,0.221527,preds.pt#2788
1BC014,0074,BridgeRefine-L1,42,0.620491,14.253714,0.248300,preds.pt#2789
1BC014,0075,BridgeRefine-L1,42,0.639767,15.262127,0.230509,preds.pt#2790
1BC014,0076,BridgeRefine-L1,42,0.670117,16.067487,0.209819,preds.pt#2791
1BC014,0077,BridgeRefine-L1,42,0.644747,15.821896,0.211907,preds.pt#2792
1BC014,0078,BridgeRefine-L1,42,0.619305,14.829540,0.242583,preds.pt#2793
1BC014,0079,BridgeRefine-L1,42,0.618409,14.835451,0.260920,preds.pt#2794
1BC014,0080,BridgeRefine-L1,42,0.639596,15.688525,0.240197,preds.pt#2795
1BC014,0081,BridgeRefine-L1,42,0.637488,15.709814,0.243692,preds.pt#2796
1BC014,0082,BridgeRefine-L1,42,0.657973,16.360947,0.233971,preds.pt#2797
1BC014,0083,BridgeRefine-L1,42,0.639096,15.350825,0.235422,preds.pt#2798
1BC014,0084,BridgeRefine-L1,42,0.674719,16.802193,0.220708,preds.pt#2799
1BC014,0085,BridgeRefine-L1,42,0.642097,15.190742,0.240185,preds.pt#2800
1BC014,0086,BridgeRefine-L1,42,0.660146,15.610318,0.229042,preds.pt#2801
1BC014,0087,BridgeRefine-L1,42,0.647794,15.295042,0.236571,preds.pt#2802
1BC014,0088,BridgeRefine-L1,42,0.724802,17.661085,0.196990,preds.pt#2803
1BC014,0089,BridgeRefine-L1,42,0.751444,18.078361,0.181342,preds.pt#2804
1BC014,0090,BridgeRefine-L1,42,0.729725,17.753443,0.185885,preds.pt#2805
1BC014,0091,BridgeRefine-L1,42,0.726858,17.565066,0.181986,preds.pt#2806
1BC014,0092,BridgeRefine-L1,42,0.752047,18.227798,0.157518,preds.pt#2807
1BC014,0093,BridgeRefine-L1,42,0.730862,17.885254,0.183754,preds.pt#2808
1BC014,0094,BridgeRefine-L1,42,0.736330,18.036177,0.170421,preds.pt#2809
1BC014,0095,BridgeRefine-L1,42,0.756065,18.231574,0.156408,preds.pt#2810
1BC014,0096,BridgeRefine-L1,42,0.749949,18.146737,0.159616,preds.pt#2811
1BC014,0097,BridgeRefine-L1,42,0.746475,18.107326,0.168747,preds.pt#2812
1BC014,0098,BridgeRefine-L1,42,0.771277,18.616029,0.157977,preds.pt#2813
1BC014,0099,BridgeRefine-L1,42,0.766537,18.439576,0.160072,preds.pt#2814
1BC014,0100,BridgeRefine-L1,42,0.757558,18.220997,0.152533,preds.pt#2815
1BC014,0101,BridgeRefine-L1,42,0.787548,18.934136,0.135655,preds.pt#2816
1BC014,0102,BridgeRefine-L1,42,0.779479,18.812903,0.157544,preds.pt#2817
1BC014,0103,BridgeRefine-L1,42,0.780633,18.860395,0.156922,preds.pt#2818
1BC014,0104,BridgeRefine-L1,42,0.779152,18.551342,0.151539,preds.pt#2819
1BC014,0105,BridgeRefine-L1,42,0.785498,18.863555,0.142389,preds.pt#2820
1BC014,0106,BridgeRefine-L1,42,0.775678,18.544439,0.127048,preds.pt#2821
1BC014,0107,BridgeRefine-L1,42,0.781534,18.557187,0.130725,preds.pt#2822
1BC014,0108,BridgeRefine-L1,42,0.787447,18.651527,0.136229,preds.pt#2823
1BC014,0109,BridgeRefine-L1,42,0.778664,18.613328,0.138426,preds.pt#2824
1BC014,0110,BridgeRefine-L1,42,0.786487,18.630337,0.132349,preds.pt#2825
1BC014,0111,BridgeRefine-L1,42,0.721182,18.204185,0.128208,preds.pt#2826
1BC014,0112,BridgeRefine-L1,42,0.707397,17.965475,0.124542,preds.pt#2827
1BC014,0113,BridgeRefine-L1,42,0.762905,18.056718,0.113634,preds.pt#2828
1BC014,0114,BridgeRefine-L1,42,0.732458,18.084569,0.125322,preds.pt#2829
1BC014,0115,BridgeRefine-L1,42,0.717718,17.913043,0.122514,preds.pt#2830
1BC014,0116,BridgeRefine-L1,42,0.775169,18.377507,0.110999,preds.pt#2831
1BC014,0117,BridgeRefine-L1,42,0.712242,18.068259,0.127413,preds.pt#2832
1BC014,0118,BridgeRefine-L1,42,0.755821,18.211355,0.119391,preds.pt#2833
1BC014,0119,BridgeRefine-L1,42,0.785137,18.452004,0.106168,preds.pt#2834
1BC014,0120,BridgeRefine-L1,42,0.737407,18.155433,0.111337,preds.pt#2835
1BC014,0121,BridgeRefine-L1,42,0.729028,18.250579,0.105105,preds.pt#2836
1BC014,0122,BridgeRefine-L1,42,0.789055,18.519869,0.097035,preds.pt#2837
1BC014,0123,BridgeRefine-L1,42,0.714508,17.964746,0.104563,preds.pt#2838
1BC014,0124,BridgeRefine-L1,42,0.710839,17.957001,0.097901,preds.pt#2839
1BC014,0125,BridgeRefine-L1,42,0.722352,18.064442,0.093242,preds.pt#2840
1BC014,0126,BridgeRefine-L1,42,0.714345,17.954120,0.107488,preds.pt#2841
1BC014,0127,BridgeRefine-L1,42,0.720515,17.850706,0.101897,preds.pt#2842
1BC014,0128,BridgeRefine-L1,42,0.793077,18.545037,0.079421,preds.pt#2843
1BC014,0129,BridgeRefine-L1,42,0.739972,18.189476,0.098409,preds.pt#2844
1BC014,0130,BridgeRefine-L1,42,0.721732,18.095600,0.102439,preds.pt#2845
1BC014,0131,BridgeRefine-L1,42,0.782382,18.346894,0.098869,preds.pt#2846
1BC014,0132,BridgeRefine-L1,42,0.715616,17.905960,0.105999,preds.pt#2847
1BC014,0133,BridgeRefine-L1,42,0.732486,18.183657,0.107169,preds.pt#2848
1BC014,0134,BridgeRefine-L1,42,0.735547,18.294390,0.096644,preds.pt#2849
1BC014,0135,BridgeRefine-L1,42,0.729311,18.586987,0.094589,preds.pt#2850
1BC014,0136,BridgeRefine-L1,42,0.726373,18.870722,0.096768,preds.pt#2851
1BC014,0137,BridgeRefine-L1,42,0.798266,19.716150,0.085817,preds.pt#2852
1BC014,0138,BridgeRefine-L1,42,0.714880,18.932218,0.084707,preds.pt#2853
1BC014,0139,BridgeRefine-L1,42,0.719654,18.838468,0.087212,preds.pt#2854
1BC014,0140,BridgeRefine-L1,42,0.737089,19.457217,0.085013,preds.pt#2855
1BC014,0141,BridgeRefine-L1,42,0.720787,18.886730,0.087124,preds.pt#2856
1BC014,0142,BridgeRefine-L1,42,0.720291,18.940588,0.083611,preds.pt#2857
1BC014,0143,BridgeRefine-L1,42,0.729917,18.888084,0.085724,preds.pt#2858
1BC014,0144,BridgeRefine-L1,42,0.734094,18.945776,0.098856,preds.pt#2859
1BC014,0145,BridgeRefine-L1,42,0.730531,18.913847,0.087905,preds.pt#2860
1BC014,0146,BridgeRefine-L1,42,0.740520,19.142963,0.084148,preds.pt#2861
1BC014,0147,BridgeRefine-L1,42,0.740229,19.300967,0.093438,preds.pt#2862
1BC014,0148,BridgeRefine-L1,42,0.739344,19.086841,0.090865,preds.pt#2863
1BC014,0149,BridgeRefine-L1,42,0.740816,19.126387,0.083105,preds.pt#2864
1BC014,0150,BridgeRefine-L1,42,0.742550,19.211728,0.097656,preds.pt#2865
1BC014,0151,BridgeRefine-L1,42,0.741213,19.108855,0.092481,preds.pt#2866
1BC014,0152,BridgeRefine-L1,42,0.751220,19.296192,0.080050,preds.pt#2867
1BC014,0153,BridgeRefine-L1,42,0.746181,18.951134,0.112136,preds.pt#2868
1BC014,0154,BridgeRefine-L1,42,0.748450,19.218556,0.097653,preds.pt#2869
1BC014,0155,BridgeRefine-L1,42,0.730409,18.165067,0.087316,preds.pt#2870
1BC014,0156,BridgeRefine-L1,42,0.719777,18.181939,0.113918,preds.pt#2871
1BC014,0157,BridgeRefine-L1,42,0.754515,19.299556,0.097002,preds.pt#2872
1BC014,0158,BridgeRefine-L1,42,0.761743,19.424349,0.093018,preds.pt#2873
1BC014,0159,BridgeRefine-L1,42,0.741160,18.759065,0.105782,preds.pt#2874
1BC014,0160,BridgeRefine-L1,42,0.711676,17.563974,0.116952,preds.pt#2875
1BC014,0161,BridgeRefine-L1,42,0.777763,19.821056,0.101409,preds.pt#2876
1BC014,0162,BridgeRefine-L1,42,0.718237,17.909524,0.136706,preds.pt#2877
1BC014,0163,BridgeRefine-L1,42,0.731101,18.085840,0.113489,preds.pt#2878
1BC014,0164,BridgeRefine-L1,42,0.745916,18.478314,0.106359,preds.pt#2879
1BC014,0165,BridgeRefine-L1,42,0.674518,16.429400,0.159770,preds.pt#2880
1BC014,0166,BridgeRefine-L1,42,0.697506,16.973661,0.139861,preds.pt#2881
1BC014,0167,BridgeRefine-L1,42,0.727176,17.636716,0.133792,preds.pt#2882
1BC014,0168,BridgeRefine-L1,42,0.686851,16.714214,0.165254,preds.pt#2883
1BC014,0169,BridgeRefine-L1,42,0.732075,17.793989,0.162952,preds.pt#2884
1BC014,0170,BridgeRefine-L1,42,0.708128,16.990246,0.154633,preds.pt#2885
1BC014,0171,BridgeRefine-L1,42,0.696994,16.584053,0.155740,preds.pt#2886
1BC014,0172,BridgeRefine-L1,42,0.719077,17.307876,0.169831,preds.pt#2887
1BC014,0173,BridgeRefine-L1,42,0.767766,18.647537,0.170013,preds.pt#2888
1BC014,0174,BridgeRefine-L1,42,0.741170,17.885141,0.166125,preds.pt#2889
1BC014,0175,BridgeRefine-L1,42,0.752506,18.296080,0.162685,preds.pt#2890
1BC014,0176,BridgeRefine-L1,42,0.746282,17.914093,0.163690,preds.pt#2891
1BC014,0177,BridgeRefine-L1,42,0.759831,17.950971,0.156972,preds.pt#2892
1BC014,0178,BridgeRefine-L1,42,0.813890,20.074128,0.142997,preds.pt#2893
1BC014,0179,BridgeRefine-L1,42,0.769882,17.867269,0.157252,preds.pt#2894
1BC014,0180,BridgeRefine-L1,42,0.813487,19.408342,0.163520,preds.pt#2895
1BC014,0181,BridgeRefine-L1,42,0.833921,20.305219,0.151257,preds.pt#2896
1BC014,0182,BridgeRefine-L1,42,0.815159,19.233303,0.167618,preds.pt#2897
1BC014,0183,BridgeRefine-L1,42,0.848687,20.789328,0.178851,preds.pt#2898
1BC014,0184,BridgeRefine-L1,42,0.877913,22.292684,0.165316,preds.pt#2899
1BC014,0185,BridgeRefine-L1,42,0.876942,21.461409,0.172536,preds.pt#2900
1BC014,0186,BridgeRefine-L1,42,0.899658,23.238974,0.159052,preds.pt#2901
1BC014,0187,BridgeRefine-L1,42,0.908328,23.695695,0.138855,preds.pt#2902
1BC014,0188,BridgeRefine-L1,42,0.884303,19.281745,0.235330,preds.pt#2903
1BC014,0189,BridgeRefine-L1,42,0.900391,20.026330,0.238108,preds.pt#2904
1BC014,0190,BridgeRefine-L1,42,0.928969,25.097746,0.156013,preds.pt#2905
1BC050,0000,BridgeRefine-L1,42,0.941605,29.145384,0.167809,preds.pt#2906
1BC050,0001,BridgeRefine-L1,42,0.883634,25.532503,0.209755,preds.pt#2907
1BC050,0002,BridgeRefine-L1,42,0.851061,23.233884,0.226596,preds.pt#2908
1BC050,0003,BridgeRefine-L1,42,0.760885,20.412736,0.243431,preds.pt#2909
1BC050,0004,BridgeRefine-L1,42,0.764320,21.399725,0.258202,preds.pt#2910
1BC050,0005,BridgeRefine-L1,42,0.774751,21.146167,0.250631,preds.pt#2911
1BC050,0006,BridgeRefine-L1,42,0.753297,20.725012,0.220317,preds.pt#2912
1BC050,0007,BridgeRefine-L1,42,0.732949,20.406139,0.241240,preds.pt#2913
1BC050,0008,BridgeRefine-L1,42,0.718792,19.649367,0.246900,preds.pt#2914
1BC050,0009,BridgeRefine-L1,42,0.710849,19.598225,0.254926,preds.pt#2915
1BC050,0010,BridgeRefine-L1,42,0.728969,19.821866,0.246336,preds.pt#2916
1BC050,0011,BridgeRefine-L1,42,0.730895,19.806527,0.240706,preds.pt#2917
1BC050,0012,BridgeRefine-L1,42,0.740696,20.016421,0.223407,preds.pt#2918
1BC050,0013,BridgeRefine-L1,42,0.735294,20.155717,0.208545,preds.pt#2919
1BC050,0014,BridgeRefine-L1,42,0.753913,19.972902,0.200331,preds.pt#2920
1BC050,0015,BridgeRefine-L1,42,0.744912,19.583043,0.234614,preds.pt#2921
1BC050,0016,BridgeRefine-L1,42,0.751841,19.739955,0.227724,preds.pt#2922
1BC050,0017,BridgeRefine-L1,42,0.758714,20.044676,0.207225,preds.pt#2923
1BC050,0018,BridgeRefine-L1,42,0.753722,19.470486,0.213266,preds.pt#2924
1BC050,0019,BridgeRefine-L1,42,0.747822,19.479825,0.214198,preds.pt#2925
1BC050,0020,BridgeRefine-L1,42,0.761978,19.833962,0.207125,preds.pt#2926
1BC050,0021,BridgeRefine-L1,42,0.766056,19.476585,0.186942,preds.pt#2927
1BC050,0022,BridgeRefine-L1,42,0.764144,19.087372,0.204325,preds.pt#2928
1BC050,0023,BridgeRefine-L1,42,0.759047,18.949050,0.202284,preds.pt#2929
1BC050,0024,BridgeRefine-L1,42,0.766212,18.870235,0.207695,preds.pt#2930
1BC050,0025,BridgeRefine-L1,42,0.770432,18.799153,0.203439,preds.pt#2931
1BC050,0026,BridgeRefine-L1,42,0.776710,18.991206,0.210499,preds.pt#2932
1BC050,0027,BridgeRefine-L1,42,0.769942,18.940743,0.198825,preds.pt#2933
1BC050,0028,BridgeRefine-L1,42,0.766416,18.718224,0.202261,preds.pt#2934
1BC050,0029,BridgeRefine-L1,42,0.783560,18.760541,0.177161,preds.pt#2935
1BC050,0030,BridgeRefine-L1,42,0.790365,18.946144,0.150759,preds.pt#2936
1BC050,0031,BridgeRefine-L1,42,0.794810,18.912009,0.148302,preds.pt#2937
1BC050,0032,BridgeRefine-L1,42,0.790756,18.752799,0.137552,preds.pt#2938
1BC050,0033,BridgeRefine-L1,42,0.803105,18.825637,0.138346,preds.pt#2939
1BC050,0034,BridgeRefine-L1,42,0.802793,19.079755,0.149045,preds.pt#2940
1BC050,0035,BridgeRefine-L1,42,0.804722,18.986962,0.138723,preds.pt#2941
1BC050,0036,BridgeRefine-L1,42,0.806033,18.759390,0.144233,preds.pt#2942
1BC050,0037,BridgeRefine-L1,42,0.805519,18.994079,0.162040,preds.pt#2943
1BC050,0038,BridgeRefine-L1,42,0.804526,19.075435,0.168176,preds.pt#2944
1BC050,0039,BridgeRefine-L1,42,0.806472,18.875436,0.151193,preds.pt#2945
1BC050,0040,BridgeRefine-L1,42,0.808188,18.869024,0.141642,preds.pt#2946
1BC050,0041,BridgeRefine-L1,42,0.808749,19.158483,0.149820,preds.pt#2947
1BC050,0042,BridgeRefine-L1,42,0.812219,19.212763,0.148556,preds.pt#2948
1BC050,0043,BridgeRefine-L1,42,0.807416,19.092185,0.153684,preds.pt#2949
1BC050,0044,BridgeRefine-L1,42,0.804839,18.776355,0.154864,preds.pt#2950
1BC050,0045,BridgeRefine-L1,42,0.806467,18.905305,0.157194,preds.pt#2951
1BC050,0046,BridgeRefine-L1,42,0.800232,18.761513,0.157299,preds.pt#2952
1BC050,0047,BridgeRefine-L1,42,0.810263,18.880253,0.161108,preds.pt#2953
1BC050,0048,BridgeRefine-L1,42,0.802055,18.801097,0.138930,preds.pt#2954
1BC050,0049,BridgeRefine-L1,42,0.815053,19.459316,0.137296,preds.pt#2955
1BC050,0050,BridgeRefine-L1,42,0.812724,19.371181,0.138452,preds.pt#2956
1BC050,0051,BridgeRefine-L1,42,0.809135,18.994873,0.139691,preds.pt#2957
1BC050,0052,BridgeRefine-L1,42,0.807046,19.199359,0.118346,preds.pt#2958
1BC050,0053,BridgeRefine-L1,42,0.806179,18.951097,0.109257,preds.pt#2959
1BC050,0054,BridgeRefine-L1,42,0.801743,19.085671,0.115598,preds.pt#2960
1BC050,0055,BridgeRefine-L1,42,0.803997,18.957970,0.106084,preds.pt#2961
1BC050,0056,BridgeRefine-L1,42,0.804135,19.021715,0.105587,preds.pt#2962
1BC050,0057,BridgeRefine-L1,42,0.808595,19.327919,0.106689,preds.pt#2963
1BC050,0058,BridgeRefine-L1,42,0.797770,19.181874,0.119295,preds.pt#2964
1BC050,0059,BridgeRefine-L1,42,0.788319,19.006227,0.131750,preds.pt#2965
1BC050,0060,BridgeRefine-L1,42,0.777570,18.292306,0.125744,preds.pt#2966
1BC050,0061,BridgeRefine-L1,42,0.778548,18.546216,0.111363,preds.pt#2967
1BC050,0062,BridgeRefine-L1,42,0.768466,18.392305,0.128861,preds.pt#2968
1BC050,0063,BridgeRefine-L1,42,0.758556,18.301295,0.130088,preds.pt#2969
1BC050,0064,BridgeRefine-L1,42,0.771216,19.054048,0.126846,preds.pt#2970
1BC050,0065,BridgeRefine-L1,42,0.771704,18.871411,0.119198,preds.pt#2971
1BC050,0066,BridgeRefine-L1,42,0.750967,18.441431,0.124262,preds.pt#2972
1BC050,0067,BridgeRefine-L1,42,0.756356,18.649825,0.123830,preds.pt#2973
1BC050,0068,BridgeRefine-L1,42,0.768246,18.997092,0.116590,preds.pt#2974
1BC050,0069,BridgeRefine-L1,42,0.781551,19.360871,0.096020,preds.pt#2975
1BC050,0070,BridgeRefine-L1,42,0.801351,19.924233,0.095316,preds.pt#2976
1BC050,0071,BridgeRefine-L1,42,0.793223,19.540374,0.100766,preds.pt#2977
1BC050,0072,BridgeRefine-L1,42,0.784445,19.236957,0.097297,preds.pt#2978
1BC050,0073,BridgeRefine-L1,42,0.774998,19.071498,0.104737,preds.pt#2979
1BC050,0074,BridgeRefine-L1,42,0.806965,19.798275,0.091886,preds.pt#2980
1BC050,0075,BridgeRefine-L1,42,0.794297,19.630387,0.095561,preds.pt#2981
1BC050,0076,BridgeRefine-L1,42,0.782046,19.257933,0.100428,preds.pt#2982
1BC050,0077,BridgeRefine-L1,42,0.790536,19.757628,0.090405,preds.pt#2983
1BC050,0078,BridgeRefine-L1,42,0.795931,19.825731,0.103997,preds.pt#2984
1BC050,0079,BridgeRefine-L1,42,0.801196,19.935877,0.109241,preds.pt#2985
1BC050,0080,BridgeRefine-L1,42,0.806502,20.022069,0.113087,preds.pt#2986
1BC050,0081,BridgeRefine-L1,42,0.823095,20.441421,0.109613,preds.pt#2987
1BC050,0082,BridgeRefine-L1,42,0.820665,20.480654,0.104807,preds.pt#2988
1BC050,0083,BridgeRefine-L1,42,0.813327,20.021332,0.103362,preds.pt#2989
1BC050,0084,BridgeRefine-L1,42,0.834120,20.910720,0.106783,preds.pt#2990
1BC050,0085,BridgeRefine-L1,42,0.825148,20.727434,0.107278,preds.pt#2991
1BC050,0086,BridgeRefine-L1,42,0.837397,20.770824,0.080306,preds.pt#2992
1BC050,0087,BridgeRefine-L1,42,0.838285,21.054691,0.092773,preds.pt#2993
1BC050,0088,BridgeRefine-L1,42,0.824483,20.591246,0.094454,preds.pt#2994
1BC050,0089,BridgeRefine-L1,42,0.819862,20.522232,0.113207,preds.pt#2995
1BC050,0090,BridgeRefine-L1,42,0.826598,20.660923,0.093744,preds.pt#2996
1BC050,0091,BridgeRefine-L1,42,0.827823,20.657125,0.093104,preds.pt#2997
1BC050,0092,BridgeRefine-L1,42,0.832333,20.827477,0.093070,preds.pt#2998
1BC050,0093,BridgeRefine-L1,42,0.835585,21.043282,0.086986,preds.pt#2999
1BC050,0094,BridgeRefine-L1,42,0.837129,21.281635,0.083255,preds.pt#3000
1BC050,0095,BridgeRefine-L1,42,0.813877,20.227747,0.084073,preds.pt#3001
1BC050,0096,BridgeRefine-L1,42,0.792006,19.782879,0.098032,preds.pt#3002
1BC050,0097,BridgeRefine-L1,42,0.812750,20.381695,0.092765,preds.pt#3003
1BC050,0098,BridgeRefine-L1,42,0.817633,20.485442,0.089634,preds.pt#3004
1BC050,0099,BridgeRefine-L1,42,0.822060,20.553013,0.088337,preds.pt#3005
1BC050,0100,BridgeRefine-L1,42,0.830833,20.582181,0.081688,preds.pt#3006
1BC050,0101,BridgeRefine-L1,42,0.828057,20.678048,0.074798,preds.pt#3007
1BC050,0102,BridgeRefine-L1,42,0.836243,20.809526,0.075051,preds.pt#3008
1BC050,0103,BridgeRefine-L1,42,0.821764,20.550725,0.073832,preds.pt#3009
1BC050,0104,BridgeRefine-L1,42,0.836631,20.782348,0.090517,preds.pt#3010
1BC050,0105,BridgeRefine-L1,42,0.820248,20.434232,0.081446,preds.pt#3011
1BC050,0106,BridgeRefine-L1,42,0.815449,20.014276,0.086415,preds.pt#3012
1BC050,0107,BridgeRefine-L1,42,0.832290,20.502200,0.090286,preds.pt#3013
1BC050,0108,BridgeRefine-L1,42,0.829232,20.392754,0.089943,preds.pt#3014
1BC050,0109,BridgeRefine-L1,42,0.835154,20.513817,0.075417,preds.pt#3015
1BC050,0110,BridgeRefine-L1,42,0.839092,20.707187,0.073550,preds.pt#3016
1BC050,0111,BridgeRefine-L1,42,0.828508,20.566941,0.084524,preds.pt#3017
1BC050,0112,BridgeRefine-L1,42,0.836568,20.958885,0.082900,preds.pt#3018
1BC050,0113,BridgeRefine-L1,42,0.835174,21.045033,0.079219,preds.pt#3019
1BC050,0114,BridgeRefine-L1,42,0.830420,20.992220,0.076379,preds.pt#3020
1BC050,0115,BridgeRefine-L1,42,0.831573,20.652830,0.070633,preds.pt#3021
1BC050,0116,BridgeRefine-L1,42,0.830437,20.649228,0.066280,preds.pt#3022
1BC050,0117,BridgeRefine-L1,42,0.847987,21.170813,0.053164,preds.pt#3023
1BC050,0118,BridgeRefine-L1,42,0.832232,20.777851,0.052307,preds.pt#3024
1BC050,0119,BridgeRefine-L1,42,0.838349,20.928902,0.056295,preds.pt#3025
1BC050,0120,BridgeRefine-L1,42,0.855016,21.280825,0.054829,preds.pt#3026
1BC050,0121,BridgeRefine-L1,42,0.858495,21.284096,0.055183,preds.pt#3027
1BC050,0122,BridgeRefine-L1,42,0.864849,21.250764,0.053199,preds.pt#3028
1BC050,0123,BridgeRefine-L1,42,0.845453,20.692312,0.055565,preds.pt#3029
1BC050,0124,BridgeRefine-L1,42,0.873759,21.473380,0.046925,preds.pt#3030
1BC050,0125,BridgeRefine-L1,42,0.875276,21.296007,0.046247,preds.pt#3031
1BC050,0126,BridgeRefine-L1,42,0.875612,21.210513,0.051810,preds.pt#3032
1BC050,0127,BridgeRefine-L1,42,0.879747,21.162558,0.050120,preds.pt#3033
1BC050,0128,BridgeRefine-L1,42,0.879928,21.434490,0.044914,preds.pt#3034
1BC050,0129,BridgeRefine-L1,42,0.858419,20.925929,0.052657,preds.pt#3035
1BC050,0130,BridgeRefine-L1,42,0.874818,21.098540,0.044679,preds.pt#3036
1BC050,0131,BridgeRefine-L1,42,0.877091,21.172218,0.047220,preds.pt#3037
1BC050,0132,BridgeRefine-L1,42,0.839057,20.394461,0.056430,preds.pt#3038
1BC050,0133,BridgeRefine-L1,42,0.843913,20.649907,0.048045,preds.pt#3039
1BC050,0134,BridgeRefine-L1,42,0.874759,21.188568,0.044576,preds.pt#3040
1BC050,0135,BridgeRefine-L1,42,0.880454,21.326199,0.044871,preds.pt#3041
1BC050,0136,BridgeRefine-L1,42,0.874861,21.580688,0.050308,preds.pt#3042
1BC050,0137,BridgeRefine-L1,42,0.860887,21.594303,0.062237,preds.pt#3043
1BC050,0138,BridgeRefine-L1,42,0.867121,21.818547,0.051633,preds.pt#3044
1BC050,0139,BridgeRefine-L1,42,0.875611,22.041194,0.056824,preds.pt#3045
1BC050,0140,BridgeRefine-L1,42,0.875996,21.824691,0.058846,preds.pt#3046
1BC050,0141,BridgeRefine-L1,42,0.863428,21.781050,0.051473,preds.pt#3047
1BC050,0142,BridgeRefine-L1,42,0.865556,21.782098,0.057379,preds.pt#3048
1BC050,0143,BridgeRefine-L1,42,0.870736,22.218955,0.054108,preds.pt#3049
1BC050,0144,BridgeRefine-L1,42,0.874682,22.015853,0.062017,preds.pt#3050
1BC050,0145,BridgeRefine-L1,42,0.879916,21.767826,0.057680,preds.pt#3051
1BC050,0146,BridgeRefine-L1,42,0.885138,21.663028,0.054293,preds.pt#3052
1BC050,0147,BridgeRefine-L1,42,0.883447,22.197591,0.067353,preds.pt#3053
1BC050,0148,BridgeRefine-L1,42,0.884238,22.450643,0.081580,preds.pt#3054
1BC050,0149,BridgeRefine-L1,42,0.889036,22.588266,0.082257,preds.pt#3055
1BC050,0150,BridgeRefine-L1,42,0.892127,22.587760,0.076515,preds.pt#3056
1BC050,0151,BridgeRefine-L1,42,0.900988,22.904554,0.094461,preds.pt#3057
1BC050,0152,BridgeRefine-L1,42,0.902528,23.110945,0.103729,preds.pt#3058
1BC050,0153,BridgeRefine-L1,42,0.905455,23.376565,0.076361,preds.pt#3059
1BC050,0154,BridgeRefine-L1,42,0.900490,23.362114,0.109467,preds.pt#3060
1BC050,0155,BridgeRefine-L1,42,0.918058,24.007694,0.086344,preds.pt#3061
1BC050,0156,BridgeRefine-L1,42,0.910562,24.613185,0.100262,preds.pt#3062
1BC050,0157,BridgeRefine-L1,42,0.916946,24.948559,0.093591,preds.pt#3063
1BC050,0158,BridgeRefine-L1,42,0.920367,25.460594,0.097808,preds.pt#3064
1BC050,0159,BridgeRefine-L1,42,0.922315,25.922192,0.108125,preds.pt#3065
1BC050,0160,BridgeRefine-L1,42,0.930748,25.966516,0.098068,preds.pt#3066
1BC050,0161,BridgeRefine-L1,42,0.934726,25.880682,0.096508,preds.pt#3067
1BC050,0162,BridgeRefine-L1,42,0.935190,26.514143,0.129343,preds.pt#3068
1BC050,0163,BridgeRefine-L1,42,0.957754,29.558172,0.093153,preds.pt#3069
1BC050,0164,BridgeRefine-L1,42,0.961312,30.455962,0.088687,preds.pt#3070
1BC066,0000,BridgeRefine-L1,42,0.968719,32.803968,0.088568,preds.pt#3071
1BC066,0001,BridgeRefine-L1,42,0.915364,25.922723,0.233576,preds.pt#3072
1BC066,0002,BridgeRefine-L1,42,0.882278,24.341143,0.267188,preds.pt#3073
1BC066,0003,BridgeRefine-L1,42,0.847258,22.799955,0.282280,preds.pt#3074
1BC066,0004,BridgeRefine-L1,42,0.776965,20.385800,0.280436,preds.pt#3075
1BC066,0005,BridgeRefine-L1,42,0.717434,18.799963,0.259064,preds.pt#3076
1BC066,0006,BridgeRefine-L1,42,0.700704,18.348855,0.238506,preds.pt#3077
1BC066,0007,BridgeRefine-L1,42,0.652939,17.781048,0.227029,preds.pt#3078
1BC066,0008,BridgeRefine-L1,42,0.679266,17.717980,0.232259,preds.pt#3079
1BC066,0009,BridgeRefine-L1,42,0.663835,17.398188,0.223089,preds.pt#3080
1BC066,0010,BridgeRefine-L1,42,0.660226,17.137292,0.213138,preds.pt#3081
1BC066,0011,BridgeRefine-L1,42,0.674987,16.996478,0.219557,preds.pt#3082
1BC066,0012,BridgeRefine-L1,42,0.690433,17.230106,0.216667,preds.pt#3083
1BC066,0013,BridgeRefine-L1,42,0.698224,17.572811,0.222021,preds.pt#3084
1BC066,0014,BridgeRefine-L1,42,0.691604,17.472543,0.212536,preds.pt#3085
1BC066,0015,BridgeRefine-L1,42,0.700690,17.681401,0.205565,preds.pt#3086
1BC066,0016,BridgeRefine-L1,42,0.705871,17.817273,0.213140,preds.pt#3087
1BC066,0017,BridgeRefine-L1,42,0.709916,17.689635,0.232755,preds.pt#3088
1BC066,0018,BridgeRefine-L1,42,0.694273,17.575833,0.229893,preds.pt#3089
1BC066,0019,BridgeRefine-L1,42,0.704353,17.644912,0.226919,preds.pt#3090
1BC066,0020,BridgeRefine-L1,42,0.695608,17.450928,0.216682,preds.pt#3091
1BC066,0021,BridgeRefine-L1,42,0.718776,17.488002,0.203401,preds.pt#3092
1BC066,0022,BridgeRefine-L1,42,0.715537,17.465024,0.210754,preds.pt#3093
1BC066,0023,BridgeRefine-L1,42,0.725753,17.486297,0.214616,preds.pt#3094
1BC066,0024,BridgeRefine-L1,42,0.725188,17.289879,0.190453,preds.pt#3095
1BC066,0025,BridgeRefine-L1,42,0.732579,17.215644,0.196326,preds.pt#3096
1BC066,0026,BridgeRefine-L1,42,0.734196,16.900616,0.202952,preds.pt#3097
1BC066,0027,BridgeRefine-L1,42,0.725545,16.743516,0.195914,preds.pt#3098
1BC066,0028,BridgeRefine-L1,42,0.723238,16.593900,0.183735,preds.pt#3099
1BC066,0029,BridgeRefine-L1,42,0.735862,16.833692,0.160309,preds.pt#3100
1BC066,0030,BridgeRefine-L1,42,0.734440,16.650555,0.158630,preds.pt#3101
1BC066,0031,BridgeRefine-L1,42,0.742329,16.708388,0.163380,preds.pt#3102
1BC066,0032,BridgeRefine-L1,42,0.742287,16.597510,0.157981,preds.pt#3103
1BC066,0033,BridgeRefine-L1,42,0.750751,16.596031,0.159653,preds.pt#3104
1BC066,0034,BridgeRefine-L1,42,0.753578,16.672130,0.156119,preds.pt#3105
1BC066,0035,BridgeRefine-L1,42,0.753871,16.792603,0.159118,preds.pt#3106
1BC066,0036,BridgeRefine-L1,42,0.751763,16.679659,0.149054,preds.pt#3107
1BC066,0037,BridgeRefine-L1,42,0.743472,16.703985,0.137895,preds.pt#3108
1BC066,0038,BridgeRefine-L1,42,0.743495,16.538034,0.156271,preds.pt#3109
1BC066,0039,BridgeRefine-L1,42,0.757598,16.874412,0.151861,preds.pt#3110
1BC066,0040,BridgeRefine-L1,42,0.756481,16.889636,0.148356,preds.pt#3111
1BC066,0041,BridgeRefine-L1,42,0.767425,17.140431,0.149651,preds.pt#3112
1BC066,0042,BridgeRefine-L1,42,0.772141,17.495944,0.138207,preds.pt#3113
1BC066,0043,BridgeRefine-L1,42,0.774514,17.473182,0.146895,preds.pt#3114
1BC066,0044,BridgeRefine-L1,42,0.767404,17.185184,0.157008,preds.pt#3115
1BC066,0045,BridgeRefine-L1,42,0.762341,16.982630,0.170441,preds.pt#3116
1BC066,0046,BridgeRefine-L1,42,0.763121,17.092075,0.166035,preds.pt#3117
1BC066,0047,BridgeRefine-L1,42,0.759969,17.027387,0.173136,preds.pt#3118
1BC066,0048,BridgeRefine-L1,42,0.766558,17.120210,0.156039,preds.pt#3119
1BC066,0049,BridgeRefine-L1,42,0.774957,17.183573,0.148677,preds.pt#3120
1BC066,0050,BridgeRefine-L1,42,0.771266,17.218256,0.147004,preds.pt#3121
1BC066,0051,BridgeRefine-L1,42,0.769208,16.965745,0.131992,preds.pt#3122
1BC066,0052,BridgeRefine-L1,42,0.772032,17.258709,0.134408,preds.pt#3123
1BC066,0053,BridgeRefine-L1,42,0.756885,16.850470,0.143112,preds.pt#3124
1BC066,0054,BridgeRefine-L1,42,0.771967,17.096896,0.149916,preds.pt#3125
1BC066,0055,BridgeRefine-L1,42,0.774522,17.151105,0.146902,preds.pt#3126
1BC066,0056,BridgeRefine-L1,42,0.771410,16.973135,0.159751,preds.pt#3127
1BC066,0057,BridgeRefine-L1,42,0.756525,16.669268,0.161224,preds.pt#3128
1BC066,0058,BridgeRefine-L1,42,0.761484,16.873343,0.171674,preds.pt#3129
1BC066,0059,BridgeRefine-L1,42,0.754214,16.808031,0.184510,preds.pt#3130
1BC066,0060,BridgeRefine-L1,42,0.746079,16.706618,0.177337,preds.pt#3131
1BC066,0061,BridgeRefine-L1,42,0.740932,16.583188,0.178059,preds.pt#3132
1BC066,0062,BridgeRefine-L1,42,0.740580,16.395561,0.188426,preds.pt#3133
1BC066,0063,BridgeRefine-L1,42,0.735344,16.487426,0.175010,preds.pt#3134
1BC066,0064,BridgeRefine-L1,42,0.738176,16.364950,0.177189,preds.pt#3135
1BC066,0065,BridgeRefine-L1,42,0.733947,16.303351,0.180963,preds.pt#3136
1BC066,0066,BridgeRefine-L1,42,0.744688,16.410004,0.181199,preds.pt#3137
1BC066,0067,BridgeRefine-L1,42,0.749425,16.476645,0.161486,preds.pt#3138
1BC066,0068,BridgeRefine-L1,42,0.748071,16.604138,0.158257,preds.pt#3139
1BC066,0069,BridgeRefine-L1,42,0.746875,16.728561,0.145905,preds.pt#3140
1BC066,0070,BridgeRefine-L1,42,0.734149,16.464821,0.147427,preds.pt#3141
1BC066,0071,BridgeRefine-L1,42,0.744313,16.811448,0.160786,preds.pt#3142
1BC066,0072,BridgeRefine-L1,42,0.749618,17.004290,0.157881,preds.pt#3143
1BC066,0073,BridgeRefine-L1,42,0.751192,16.988679,0.148363,preds.pt#3144
1BC066,0074,BridgeRefine-L1,42,0.767071,17.226557,0.133992,preds.pt#3145
1BC066,0075,BridgeRefine-L1,42,0.777261,17.590826,0.139476,preds.pt#3146
1BC066,0076,BridgeRefine-L1,42,0.758631,17.464536,0.130087,preds.pt#3147
1BC066,0077,BridgeRefine-L1,42,0.759665,17.287781,0.136131,preds.pt#3148
1BC066,0078,BridgeRefine-L1,42,0.773711,17.475371,0.121753,preds.pt#3149
1BC066,0079,BridgeRefine-L1,42,0.763761,17.170364,0.129576,preds.pt#3150
1BC066,0080,BridgeRefine-L1,42,0.763981,17.297907,0.130285,preds.pt#3151
1BC066,0081,BridgeRefine-L1,42,0.766650,17.672388,0.125114,preds.pt#3152
1BC066,0082,BridgeRefine-L1,42,0.779352,17.928340,0.123036,preds.pt#3153
1BC066,0083,BridgeRefine-L1,42,0.799078,18.313500,0.114142,preds.pt#3154
1BC066,0084,BridgeRefine-L1,42,0.805034,18.531582,0.122750,preds.pt#3155
1BC066,0085,BridgeRefine-L1,42,0.810890,18.694733,0.130378,preds.pt#3156
1BC066,0086,BridgeRefine-L1,42,0.790238,18.118127,0.127988,preds.pt#3157
1BC066,0087,BridgeRefine-L1,42,0.787841,17.963492,0.116820,preds.pt#3158
1BC066,0088,BridgeRefine-L1,42,0.806860,18.716647,0.116161,preds.pt#3159
1BC066,0089,BridgeRefine-L1,42,0.820397,18.958823,0.110099,preds.pt#3160
1BC066,0090,BridgeRefine-L1,42,0.821784,19.111932,0.117655,preds.pt#3161
1BC066,0091,BridgeRefine-L1,42,0.836087,19.518295,0.095029,preds.pt#3162
1BC066,0092,BridgeRefine-L1,42,0.831901,19.317039,0.101327,preds.pt#3163
1BC066,0093,BridgeRefine-L1,42,0.831048,19.102377,0.102830,preds.pt#3164
1BC066,0094,BridgeRefine-L1,42,0.827588,19.048295,0.096985,preds.pt#3165
1BC066,0095,BridgeRefine-L1,42,0.826645,19.020304,0.101877,preds.pt#3166
1BC066,0096,BridgeRefine-L1,42,0.823342,19.046373,0.109314,preds.pt#3167
1BC066,0097,BridgeRefine-L1,42,0.816917,18.797587,0.105929,preds.pt#3168
1BC066,0098,BridgeRefine-L1,42,0.809403,18.535473,0.117289,preds.pt#3169
1BC066,0099,BridgeRefine-L1,42,0.812924,18.738783,0.125936,preds.pt#3170
1BC066,0100,BridgeRefine-L1,42,0.807513,18.392630,0.129903,preds.pt#3171
1BC066,0101,BridgeRefine-L1,42,0.818831,18.945201,0.104803,preds.pt#3172
1BC066,0102,BridgeRefine-L1,42,0.816571,18.812846,0.113728,preds.pt#3173
1BC066,0103,BridgeRefine-L1,42,0.830632,19.413064,0.101808,preds.pt#3174
1BC066,0104,BridgeRefine-L1,42,0.831210,19.312570,0.098505,preds.pt#3175
1BC066,0105,BridgeRefine-L1,42,0.823414,19.152645,0.107488,preds.pt#3176
1BC066,0106,BridgeRefine-L1,42,0.824463,19.188724,0.099880,preds.pt#3177
1BC066,0107,BridgeRefine-L1,42,0.827185,19.288758,0.091590,preds.pt#3178
1BC066,0108,BridgeRefine-L1,42,0.821910,18.952398,0.092070,preds.pt#3179
1BC066,0109,BridgeRefine-L1,42,0.834349,19.556099,0.086174,preds.pt#3180
1BC066,0110,BridgeRefine-L1,42,0.824590,19.229644,0.094507,preds.pt#3181
1BC066,0111,BridgeRefine-L1,42,0.820981,19.102973,0.103764,preds.pt#3182
1BC066,0112,BridgeRefine-L1,42,0.831886,19.620813,0.088944,preds.pt#3183
1BC066,0113,BridgeRefine-L1,42,0.804949,18.835310,0.088345,preds.pt#3184
1BC066,0114,BridgeRefine-L1,42,0.818134,19.038665,0.110475,preds.pt#3185
1BC066,0115,BridgeRefine-L1,42,0.804498,18.563238,0.127674,preds.pt#3186
1BC066,0116,BridgeRefine-L1,42,0.820414,19.112134,0.113151,preds.pt#3187
1BC066,0117,BridgeRefine-L1,42,0.817289,19.281820,0.105603,preds.pt#3188
1BC066,0118,BridgeRefine-L1,42,0.804868,18.108398,0.090054,preds.pt#3189
1BC066,0119,BridgeRefine-L1,42,0.805748,18.219852,0.087499,preds.pt#3190
1BC066,0120,BridgeRefine-L1,42,0.806296,18.193157,0.087912,preds.pt#3191
1BC066,0121,BridgeRefine-L1,42,0.814760,18.292266,0.082272,preds.pt#3192
1BC066,0122,BridgeRefine-L1,42,0.820845,18.583954,0.088009,preds.pt#3193
1BC066,0123,BridgeRefine-L1,42,0.819339,18.347750,0.081496,preds.pt#3194
1BC066,0124,BridgeRefine-L1,42,0.825201,18.351834,0.076128,preds.pt#3195
1BC066,0125,BridgeRefine-L1,42,0.826729,18.281999,0.069329,preds.pt#3196
1BC066,0126,BridgeRefine-L1,42,0.836944,18.628491,0.066938,preds.pt#3197
1BC066,0127,BridgeRefine-L1,42,0.835214,18.370885,0.078591,preds.pt#3198
1BC066,0128,BridgeRefine-L1,42,0.829152,18.406853,0.072689,preds.pt#3199
1BC066,0129,BridgeRefine-L1,42,0.834060,18.405524,0.072476,preds.pt#3200
1BC066,0130,BridgeRefine-L1,42,0.831553,18.528081,0.069905,preds.pt#3201
1BC066,0131,BridgeRefine-L1,42,0.832758,18.407064,0.067291,preds.pt#3202
1BC066,0132,BridgeRefine-L1,42,0.841024,18.709045,0.062949,preds.pt#3203
1BC066,0133,BridgeRefine-L1,42,0.840175,18.818805,0.065310,preds.pt#3204
1BC066,0134,BridgeRefine-L1,42,0.837521,18.462299,0.061211,preds.pt#3205
1BC066,0135,BridgeRefine-L1,42,0.828765,18.383089,0.057874,preds.pt#3206
1BC066,0136,BridgeRefine-L1,42,0.825635,18.285940,0.060353,preds.pt#3207
1BC066,0137,BridgeRefine-L1,42,0.827015,18.355250,0.065157,preds.pt#3208
1BC066,0138,BridgeRefine-L1,42,0.831923,18.463370,0.070486,preds.pt#3209
1BC066,0139,BridgeRefine-L1,42,0.818591,18.197569,0.066777,preds.pt#3210
1BC066,0140,BridgeRefine-L1,42,0.835773,18.458088,0.064825,preds.pt#3211
1BC066,0141,BridgeRefine-L1,42,0.830911,18.370887,0.066078,preds.pt#3212
1BC066,0142,BridgeRefine-L1,42,0.832362,18.548059,0.057545,preds.pt#3213
1BC066,0143,BridgeRefine-L1,42,0.850589,18.944352,0.051778,preds.pt#3214
1BC066,0144,BridgeRefine-L1,42,0.842725,18.494923,0.054970,preds.pt#3215
1BC066,0145,BridgeRefine-L1,42,0.859481,19.119713,0.053195,preds.pt#3216
1BC066,0146,BridgeRefine-L1,42,0.861121,19.168488,0.052045,preds.pt#3217
1BC066,0147,BridgeRefine-L1,42,0.865635,19.328320,0.060942,preds.pt#3218
1BC066,0148,BridgeRefine-L1,42,0.865027,19.394755,0.063518,preds.pt#3219
1BC066,0149,BridgeRefine-L1,42,0.869397,19.530683,0.061020,preds.pt#3220
1BC066,0150,BridgeRefine-L1,42,0.872953,19.659355,0.058524,preds.pt#3221
1BC066,0151,BridgeRefine-L1,42,0.872721,19.970101,0.068979,preds.pt#3222
1BC066,0152,BridgeRefine-L1,42,0.874041,20.047490,0.069458,preds.pt#3223
1BC066,0153,BridgeRefine-L1,42,0.872096,20.138330,0.075984,preds.pt#3224
1BC066,0154,BridgeRefine-L1,42,0.865655,20.040247,0.070956,preds.pt#3225
1BC066,0155,BridgeRefine-L1,42,0.864066,19.888709,0.089476,preds.pt#3226
1BC066,0156,BridgeRefine-L1,42,0.866483,19.695934,0.078041,preds.pt#3227
1BC066,0157,BridgeRefine-L1,42,0.876380,20.164297,0.081949,preds.pt#3228
1BC066,0158,BridgeRefine-L1,42,0.877322,19.760496,0.096323,preds.pt#3229
1BC066,0159,BridgeRefine-L1,42,0.860989,19.229500,0.117500,preds.pt#3230
1BC066,0160,BridgeRefine-L1,42,0.882027,20.146129,0.102096,preds.pt#3231
1BC066,0161,BridgeRefine-L1,42,0.861317,19.317103,0.101554,preds.pt#3232
1BC066,0162,BridgeRefine-L1,42,0.852626,19.155946,0.113215,preds.pt#3233
1BC066,0163,BridgeRefine-L1,42,0.860816,19.452845,0.128391,preds.pt#3234
1BC066,0164,BridgeRefine-L1,42,0.886888,20.502635,0.119019,preds.pt#3235
1BC066,0165,BridgeRefine-L1,42,0.908670,21.793832,0.097383,preds.pt#3236
1BC066,0166,BridgeRefine-L1,42,0.913787,22.055655,0.107546,preds.pt#3237
1BC066,0167,BridgeRefine-L1,42,0.930886,24.147502,0.079717,preds.pt#3238
1BC066,0168,BridgeRefine-L1,42,0.911705,23.454282,0.095714,preds.pt#3239
1BC066,0169,BridgeRefine-L1,42,0.946296,26.680572,0.068392,preds.pt#3240
1BC066,0170,BridgeRefine-L1,42,0.944923,27.125564,0.064677,preds.pt#3241
1BC066,0171,BridgeRefine-L1,42,0.958847,28.457462,0.065553,preds.pt#3242
1BC066,0172,BridgeRefine-L1,42,0.955644,28.852005,0.066215,preds.pt#3243
1BC066,0173,BridgeRefine-L1,42,0.959929,31.286680,0.093705,preds.pt#3244
1BC080,0001,BridgeRefine-L1,42,0.934487,28.013992,0.148616,preds.pt#3245
1BC080,0002,BridgeRefine-L1,42,0.917147,26.110076,0.218570,preds.pt#3246
1BC080,0003,BridgeRefine-L1,42,0.920243,27.388785,0.198872,preds.pt#3247
1BC080,0004,BridgeRefine-L1,42,0.835907,23.412985,0.300712,preds.pt#3248
1BC080,0005,BridgeRefine-L1,42,0.775320,17.336274,0.318769,preds.pt#3249
1BC080,0006,BridgeRefine-L1,42,0.749139,16.659138,0.278032,preds.pt#3250
1BC080,0007,BridgeRefine-L1,42,0.744165,18.324000,0.284090,preds.pt#3251
1BC080,0008,BridgeRefine-L1,42,0.730777,19.604060,0.265208,preds.pt#3252
1BC080,0009,BridgeRefine-L1,42,0.719353,17.702660,0.253454,preds.pt#3253
1BC080,0010,BridgeRefine-L1,42,0.581602,15.327148,0.254120,preds.pt#3254
1BC080,0011,BridgeRefine-L1,42,0.590177,15.827633,0.233399,preds.pt#3255
1BC080,0012,BridgeRefine-L1,42,0.608425,16.333193,0.193500,preds.pt#3256
1BC080,0013,BridgeRefine-L1,42,0.621357,16.564423,0.162547,preds.pt#3257
1BC080,0014,BridgeRefine-L1,42,0.651425,16.477887,0.171543,preds.pt#3258
1BC080,0015,BridgeRefine-L1,42,0.654343,16.047450,0.179699,preds.pt#3259
1BC080,0016,BridgeRefine-L1,42,0.642330,15.712100,0.171806,preds.pt#3260
1BC080,0017,BridgeRefine-L1,42,0.656913,15.349191,0.185855,preds.pt#3261
1BC080,0018,BridgeRefine-L1,42,0.673680,15.312462,0.187560,preds.pt#3262
1BC080,0019,BridgeRefine-L1,42,0.671644,15.255797,0.187045,preds.pt#3263
1BC080,0020,BridgeRefine-L1,42,0.679990,15.412364,0.192039,preds.pt#3264
1BC080,0021,BridgeRefine-L1,42,0.680502,15.335538,0.183044,preds.pt#3265
1BC080,0022,BridgeRefine-L1,42,0.688040,15.334645,0.185546,preds.pt#3266
1BC080,0023,BridgeRefine-L1,42,0.691208,15.449947,0.163540,preds.pt#3267
1BC080,0024,BridgeRefine-L1,42,0.689376,15.411922,0.160785,preds.pt#3268
1BC080,0025,BridgeRefine-L1,42,0.698536,15.599805,0.152386,preds.pt#3269
1BC080,0026,BridgeRefine-L1,42,0.701499,15.615657,0.142406,preds.pt#3270
1BC080,0027,BridgeRefine-L1,42,0.709542,15.907832,0.144560,preds.pt#3271
1BC080,0028,BridgeRefine-L1,42,0.714705,15.930958,0.164086,preds.pt#3272
1BC080,0029,BridgeRefine-L1,42,0.746282,16.496905,0.147267,preds.pt#3273
1BC080,0030,BridgeRefine-L1,42,0.727324,16.021915,0.149400,preds.pt#3274
1BC080,0031,BridgeRefine-L1,42,0.731777,16.115958,0.145279,preds.pt#3275
1BC080,0032,BridgeRefine-L1,42,0.721309,15.955680,0.140800,preds.pt#3276
1BC080,0033,BridgeRefine-L1,42,0.736297,16.246803,0.137823,preds.pt#3277
1BC080,0034,BridgeRefine-L1,42,0.734065,16.126158,0.136554,preds.pt#3278
1BC080,0035,BridgeRefine-L1,42,0.757114,16.830469,0.140892,preds.pt#3279
1BC080,0036,BridgeRefine-L1,42,0.746610,16.332424,0.129164,preds.pt#3280
1BC080,0037,BridgeRefine-L1,42,0.741254,16.141731,0.131926,preds.pt#3281
1BC080,0038,BridgeRefine-L1,42,0.735345,15.959635,0.131353,preds.pt#3282
1BC080,0039,BridgeRefine-L1,42,0.740687,16.226295,0.132619,preds.pt#3283
1BC080,0040,BridgeRefine-L1,42,0.743661,16.376197,0.135397,preds.pt#3284
1BC080,0041,BridgeRefine-L1,42,0.746926,16.224269,0.139517,preds.pt#3285
1BC080,0042,BridgeRefine-L1,42,0.750678,16.353458,0.141020,preds.pt#3286
1BC080,0043,BridgeRefine-L1,42,0.750410,16.317933,0.138605,preds.pt#3287
1BC080,0044,BridgeRefine-L1,42,0.744668,16.377005,0.144171,preds.pt#3288
1BC080,0045,BridgeRefine-L1,42,0.754331,16.526305,0.144511,preds.pt#3289
1BC080,0046,BridgeRefine-L1,42,0.740949,16.602909,0.142543,preds.pt#3290
1BC080,0047,BridgeRefine-L1,42,0.740773,16.606554,0.142845,preds.pt#3291
1BC080,0048,BridgeRefine-L1,42,0.745993,16.747090,0.149566,preds.pt#3292
1BC080,0049,BridgeRefine-L1,42,0.729338,16.471905,0.142505,preds.pt#3293
1BC080,0050,BridgeRefine-L1,42,0.719470,16.452376,0.132497,preds.pt#3294
1BC080,0051,BridgeRefine-L1,42,0.720955,16.657671,0.126213,preds.pt#3295
1BC080,0052,BridgeRefine-L1,42,0.720848,16.691780,0.118404,preds.pt#3296
1BC080,0053,BridgeRefine-L1,42,0.727907,16.892276,0.131944,preds.pt#3297
1BC080,0054,BridgeRefine-L1,42,0.728913,16.947296,0.124546,preds.pt#3298
1BC080,0055,BridgeRefine-L1,42,0.728359,16.790964,0.126273,preds.pt#3299
1BC080,0056,BridgeRefine-L1,42,0.747299,17.274840,0.113260,preds.pt#3300
1BC080,0057,BridgeRefine-L1,42,0.759988,17.289662,0.113274,preds.pt#3301
1BC080,0058,BridgeRefine-L1,42,0.766015,17.436427,0.118403,preds.pt#3302
1BC080,0059,BridgeRefine-L1,42,0.760978,17.182029,0.114190,preds.pt#3303
1BC080,0060,BridgeRefine-L1,42,0.767619,17.248464,0.125275,preds.pt#3304
1BC080,0061,BridgeRefine-L1,42,0.773257,17.481353,0.128376,preds.pt#3305
1BC080,0062,BridgeRefine-L1,42,0.774263,17.472839,0.120735,preds.pt#3306
1BC080,0063,BridgeRefine-L1,42,0.779712,17.557623,0.102025,preds.pt#3307
1BC080,0064,BridgeRefine-L1,42,0.782786,17.805697,0.091735,preds.pt#3308
1BC080,0065,BridgeRefine-L1,42,0.788756,18.078118,0.094538,preds.pt#3309
1BC080,0066,BridgeRefine-L1,42,0.776720,17.803170,0.098770,preds.pt#3310
1BC080,0067,BridgeRefine-L1,42,0.773794,17.681001,0.092025,preds.pt#3311
1BC080,0068,BridgeRefine-L1,42,0.782875,17.952581,0.089671,preds.pt#3312
1BC080,0069,BridgeRefine-L1,42,0.763471,17.352583,0.090388,preds.pt#3313
1BC080,0070,BridgeRefine-L1,42,0.775030,17.689073,0.078021,preds.pt#3314
1BC080,0071,BridgeRefine-L1,42,0.758692,17.476568,0.091196,preds.pt#3315
1BC080,0072,BridgeRefine-L1,42,0.756392,17.671929,0.102751,preds.pt#3316
1BC080,0073,BridgeRefine-L1,42,0.755111,17.687066,0.102808,preds.pt#3317
1BC080,0074,BridgeRefine-L1,42,0.763250,17.801220,0.094666,preds.pt#3318
1BC080,0075,BridgeRefine-L1,42,0.755787,17.696775,0.091870,preds.pt#3319
1BC080,0076,BridgeRefine-L1,42,0.765450,17.833028,0.095867,preds.pt#3320
1BC080,0077,BridgeRefine-L1,42,0.783752,18.199547,0.098922,preds.pt#3321
1BC080,0078,BridgeRefine-L1,42,0.767531,17.941226,0.110373,preds.pt#3322
1BC080,0079,BridgeRefine-L1,42,0.781884,18.338387,0.112114,preds.pt#3323
1BC080,0080,BridgeRefine-L1,42,0.783955,18.478239,0.117644,preds.pt#3324
1BC080,0081,BridgeRefine-L1,42,0.785251,18.496992,0.110747,preds.pt#3325
1BC080,0082,BridgeRefine-L1,42,0.803655,18.870041,0.104388,preds.pt#3326
1BC080,0083,BridgeRefine-L1,42,0.809417,19.098063,0.099320,preds.pt#3327
1BC080,0084,BridgeRefine-L1,42,0.800666,18.970719,0.100207,preds.pt#3328
1BC080,0085,BridgeRefine-L1,42,0.801321,19.129064,0.105970,preds.pt#3329
1BC080,0086,BridgeRefine-L1,42,0.811548,19.433021,0.092851,preds.pt#3330
1BC080,0087,BridgeRefine-L1,42,0.814853,19.408410,0.087389,preds.pt#3331
1BC080,0088,BridgeRefine-L1,42,0.823511,19.695252,0.087627,preds.pt#3332
1BC080,0089,BridgeRefine-L1,42,0.830305,19.743123,0.087694,preds.pt#3333
1BC080,0090,BridgeRefine-L1,42,0.829702,19.773611,0.084106,preds.pt#3334
1BC080,0091,BridgeRefine-L1,42,0.841314,20.087617,0.073584,preds.pt#3335
1BC080,0092,BridgeRefine-L1,42,0.819055,19.510453,0.087153,preds.pt#3336
1BC080,0093,BridgeRefine-L1,42,0.824156,19.713845,0.076544,preds.pt#3337
1BC080,0094,BridgeRefine-L1,42,0.831251,19.730603,0.077994,preds.pt#3338
1BC080,0095,BridgeRefine-L1,42,0.860736,20.810539,0.075397,preds.pt#3339
1BC080,0096,BridgeRefine-L1,42,0.833827,19.831508,0.088656,preds.pt#3340
1BC080,0097,BridgeRefine-L1,42,0.849913,20.111601,0.073839,preds.pt#3341
1BC080,0098,BridgeRefine-L1,42,0.844160,20.042436,0.076978,preds.pt#3342
1BC080,0099,BridgeRefine-L1,42,0.843038,20.114196,0.067144,preds.pt#3343
1BC080,0100,BridgeRefine-L1,42,0.836513,20.013464,0.078428,preds.pt#3344
1BC080,0101,BridgeRefine-L1,42,0.837477,20.126558,0.077802,preds.pt#3345
1BC080,0102,BridgeRefine-L1,42,0.851575,20.341868,0.057859,preds.pt#3346
1BC080,0103,BridgeRefine-L1,42,0.847752,20.261261,0.072247,preds.pt#3347
1BC080,0104,BridgeRefine-L1,42,0.838826,19.860173,0.068479,preds.pt#3348
1BC080,0105,BridgeRefine-L1,42,0.847976,19.900178,0.058106,preds.pt#3349
1BC080,0106,BridgeRefine-L1,42,0.845636,20.049559,0.059582,preds.pt#3350
1BC080,0107,BridgeRefine-L1,42,0.846155,19.933212,0.064764,preds.pt#3351
1BC080,0108,BridgeRefine-L1,42,0.850379,20.083449,0.068078,preds.pt#3352
1BC080,0109,BridgeRefine-L1,42,0.840313,19.607064,0.059844,preds.pt#3353
1BC080,0110,BridgeRefine-L1,42,0.853361,19.877946,0.047800,preds.pt#3354
1BC080,0111,BridgeRefine-L1,42,0.853562,20.016746,0.051376,preds.pt#3355
1BC080,0112,BridgeRefine-L1,42,0.842737,19.658558,0.063066,preds.pt#3356
1BC080,0113,BridgeRefine-L1,42,0.831777,19.396447,0.070466,preds.pt#3357
1BC080,0114,BridgeRefine-L1,42,0.847195,19.773153,0.067730,preds.pt#3358
1BC080,0115,BridgeRefine-L1,42,0.834360,19.366641,0.059545,preds.pt#3359
1BC080,0116,BridgeRefine-L1,42,0.848840,19.868832,0.046326,preds.pt#3360
1BC080,0117,BridgeRefine-L1,42,0.837441,19.543397,0.054066,preds.pt#3361
1BC080,0118,BridgeRefine-L1,42,0.848834,19.664709,0.059047,preds.pt#3362
1BC080,0119,BridgeRefine-L1,42,0.849851,19.792632,0.050594,preds.pt#3363
1BC080,0120,BridgeRefine-L1,42,0.855614,19.778082,0.048924,preds.pt#3364
1BC080,0121,BridgeRefine-L1,42,0.851810,19.680131,0.053089,preds.pt#3365
1BC080,0122,BridgeRefine-L1,42,0.861310,19.766350,0.051350,preds.pt#3366
1BC080,0123,BridgeRefine-L1,42,0.879914,20.424792,0.045768,preds.pt#3367
1BC080,0124,BridgeRefine-L1,42,0.860662,19.742404,0.061770,preds.pt#3368
1BC080,0125,BridgeRefine-L1,42,0.857770,19.487875,0.064254,preds.pt#3369
1BC080,0126,BridgeRefine-L1,42,0.865969,19.712759,0.052023,preds.pt#3370
1BC080,0127,BridgeRefine-L1,42,0.872976,20.096791,0.050701,preds.pt#3371
1BC080,0128,BridgeRefine-L1,42,0.868425,19.727204,0.053982,preds.pt#3372
1BC080,0129,BridgeRefine-L1,42,0.871675,20.030945,0.054051,preds.pt#3373
1BC080,0130,BridgeRefine-L1,42,0.872087,19.702187,0.047961,preds.pt#3374
1BC080,0131,BridgeRefine-L1,42,0.877762,19.949867,0.056666,preds.pt#3375
1BC080,0132,BridgeRefine-L1,42,0.888259,20.253268,0.050000,preds.pt#3376
1BC080,0133,BridgeRefine-L1,42,0.897051,20.686488,0.046988,preds.pt#3377
1BC080,0134,BridgeRefine-L1,42,0.887390,20.075403,0.055275,preds.pt#3378
1BC080,0135,BridgeRefine-L1,42,0.878214,19.948168,0.049520,preds.pt#3379
1BC080,0136,BridgeRefine-L1,42,0.895852,20.434642,0.048231,preds.pt#3380
1BC080,0137,BridgeRefine-L1,42,0.889914,20.367726,0.051937,preds.pt#3381
1BC080,0138,BridgeRefine-L1,42,0.895360,20.629582,0.051606,preds.pt#3382
1BC080,0139,BridgeRefine-L1,42,0.894019,20.464207,0.049188,preds.pt#3383
1BC080,0140,BridgeRefine-L1,42,0.896882,20.771661,0.049953,preds.pt#3384
1BC080,0141,BridgeRefine-L1,42,0.898702,21.055605,0.049761,preds.pt#3385
1BC080,0142,BridgeRefine-L1,42,0.886915,20.323186,0.057721,preds.pt#3386
1BC080,0143,BridgeRefine-L1,42,0.897963,20.722714,0.063212,preds.pt#3387
1BC080,0144,BridgeRefine-L1,42,0.907963,21.439387,0.059753,preds.pt#3388
1BC080,0145,BridgeRefine-L1,42,0.903246,21.425755,0.064444,preds.pt#3389
1BC080,0146,BridgeRefine-L1,42,0.907754,21.431812,0.069924,preds.pt#3390
1BC080,0147,BridgeRefine-L1,42,0.902931,21.195492,0.087561,preds.pt#3391
1BC080,0148,BridgeRefine-L1,42,0.904262,21.276031,0.087880,preds.pt#3392
1BC080,0149,BridgeRefine-L1,42,0.906246,21.366207,0.079334,preds.pt#3393
1BC080,0150,BridgeRefine-L1,42,0.901730,21.401823,0.093321,preds.pt#3394
1BC080,0151,BridgeRefine-L1,42,0.900584,21.344445,0.104830,preds.pt#3395
1BC080,0152,BridgeRefine-L1,42,0.897454,21.030424,0.112807,preds.pt#3396
1BC080,0153,BridgeRefine-L1,42,0.900916,21.436569,0.131038,preds.pt#3397
1BC080,0154,BridgeRefine-L1,42,0.905257,21.475923,0.134432,preds.pt#3398
1BC080,0155,BridgeRefine-L1,42,0.904439,21.782387,0.125805,preds.pt#3399
1BC080,0156,BridgeRefine-L1,42,0.904824,22.364809,0.151731,preds.pt#3400
1BC080,0157,BridgeRefine-L1,42,0.923688,24.511580,0.144423,preds.pt#3401
1BC080,0158,BridgeRefine-L1,42,0.922864,24.277234,0.168050,preds.pt#3402
1BC080,0159,BridgeRefine-L1,42,0.914592,23.989966,0.163976,preds.pt#3403
1BC080,0160,BridgeRefine-L1,42,0.941362,26.923310,0.113209,preds.pt#3404
1BC080,0161,BridgeRefine-L1,42,0.947800,27.210934,0.116832,preds.pt#3405
1BC080,0162,BridgeRefine-L1,42,0.937161,25.162795,0.139205,preds.pt#3406
1BC080,0163,BridgeRefine-L1,42,0.931769,24.544605,0.167824,preds.pt#3407
1BC080,0164,BridgeRefine-L1,42,0.932077,24.110985,0.171959,preds.pt#3408
1BC080,0165,BridgeRefine-L1,42,0.933809,24.942491,0.162700,preds.pt#3409
1BC080,0166,BridgeRefine-L1,42,0.894275,20.566052,0.223974,preds.pt#3410
1BC080,0167,BridgeRefine-L1,42,0.914348,24.166966,0.224535,preds.pt#3411
1BC080,0168,BridgeRefine-L1,42,0.923146,23.525448,0.216969,preds.pt#3412
1BC080,0169,BridgeRefine-L1,42,0.937801,27.378568,0.157703,preds.pt#3413
1BC080,0170,BridgeRefine-L1,42,0.939432,26.719390,0.114878,preds.pt#3414
