patient,slice,method,seed,ssim,psnr,lpips,prediction_path
1BA012,0002,coarse-only,42,0.959799,33.423642,0.190088,preds.pt#0
1BA012,0003,coarse-only,42,0.967919,29.704831,0.180946,preds.pt#1
1BA012,0004,coarse-only,42,0.957129,27.214862,0.124681,preds.pt#2
1BA012,0005,coarse-only,42,0.961830,26.552807,0.158800,preds.pt#3
1BA012,0006,coarse-only,42,0.953533,26.416127,0.124842,preds.pt#4
1BA012,0007,coarse-only,42,0.946016,24.072370,0.129255,preds.pt#5
1BA012,0008,coarse-only,42,0.954676,23.978351,0.176486,preds.pt#6
1BA012,0009,coarse-only,42,0.956455,25.675290,0.112995,preds.pt#7
1BA012,0010,coarse-only,42,0.952959,25.026504,0.098483,preds.pt#8
1BA012,0011,coarse-only,42,0.938122,22.964993,0.109205,preds.pt#9
1BA012,0012,coarse-only,42,0.956133,25.579079,0.113385,preds.pt#10
1BA012,0013,coarse-only,42,0.946702,25.144479,0.113819,preds.pt#11
1BA012,0014,coarse-only,42,0.961443,28.238913,0.100724,preds.pt#12
1BA012,0015,coarse-only,42,0.947007,25.196154,0.135974,preds.pt#13
1BA012,0016,coarse-only,42,0.937439,25.161198,0.133352,preds.pt#14
1BA012,0017,coarse-only,42,0.944710,23.427033,0.128289,preds.pt#15
1BA012,0018,coarse-only,42,0.938897,26.371920,0.127869,preds.pt#16
1BA012,0019,coarse-only,42,0.936716,25.659795,0.137010,preds.pt#17
1BA012,0020,coarse-only,42,0.926582,24.883660,0.149099,preds.pt#18
1BA012,0021,coarse-only,42,0.926545,24.415422,0.146883,preds.pt#19
1BA012,0022,coarse-only,42,0.936659,25.128770,0.126927,preds.pt#20
1BA012,0023,coarse-only,42,0.921708,23.269753,0.140015,preds.pt#21
1BA012,0024,coarse-only,42,0.918307,22.313190,0.157975,preds.pt#22
1BA012,0025,coarse-only,42,0.913602,23.192939,0.166698,preds.pt#23
1BA012,0026,coarse-only,42,0.916728,22.930622,0.170154,preds.pt#24
1BA012,0027,coarse-only,42,0.903708,22.855432,0.173290,preds.pt#25
1BA012,0028,coarse-only,42,0.908023,22.506578,0.178160,preds.pt#26
1BA012,0029,coarse-only,42,0.899907,22.385079,0.194065,preds.pt#27
1BA012,0030,coarse-only,42,0.888787,21.724285,0.194803,preds.pt#28
1BA012,0031,coarse-only,42,0.894393,22.353051,0.211096,preds.pt#29
1BA012,0032,coarse-only,42,0.894102,22.102408,0.195184,preds.pt#30
1BA012,0033,coarse-only,42,0.879097,21.690282,0.202744,preds.pt#31
1BA012,0034,coarse-only,42,0.887576,21.739610,0.226601,preds.pt#32
1BA012,0035,coarse-only,42,0.885053,21.541063,0.207119,preds.pt#33
1BA012,0036,coarse-only,42,0.874095,20.800929,0.209189,preds.pt#34
1BA012,0037,coarse-only,42,0.878590,20.991251,0.207205,preds.pt#35
1BA012,0038,coarse-only,42,0.865176,20.946083,0.208326,preds.pt#36
1BA012,0039,coarse-only,42,0.858871,20.081954,0.191058,preds.pt#37
1BA012,0040,coarse-only,42,0.875777,20.915918,0.199752,preds.pt#38
1BA012,0041,coarse-only,42,0.860379,20.424966,0.192190,preds.pt#39
1BA012,0042,coarse-only,42,0.846226,19.423024,0.218074,preds.pt#40
1BA012,0043,coarse-only,42,0.838337,19.939640,0.209763,preds.pt#41
1BA012,0044,coarse-only,42,0.834974,19.243440,0.233740,preds.pt#42
1BA012,0045,coarse-only,42,0.832908,19.550923,0.220010,preds.pt#43
1BA012,0046,coarse-only,42,0.844838,19.607775,0.232477,preds.pt#44
1BA012,0047,coarse-only,42,0.825698,18.527049,0.245633,preds.pt#45
1BA012,0048,coarse-only,42,0.827241,19.590905,0.231870,preds.pt#46
1BA012,0049,coarse-only,42,0.834978,19.832776,0.223455,preds.pt#47
1BA012,0050,coarse-only,42,0.827705,19.529409,0.237235,preds.pt#48
1BA012,0051,coarse-only,42,0.843253,19.733571,0.229653,preds.pt#49
1BA012,0052,coarse-only,42,0.826168,19.740697,0.224255,preds.pt#50
1BA012,0053,coarse-only,42,0.850195,20.342989,0.193486,preds.pt#51
1BA012,0054,coarse-only,42,0.833737,19.586775,0.214131,preds.pt#52
1BA012,0055,coarse-only,42,0.841374,19.905655,0.197072,preds.pt#53
1BA012,0056,coarse-only,42,0.835546,19.784238,0.189108,preds.pt#54
1BA012,0057,coarse-only,42,0.841935,20.287310,0.201823,preds.pt#55
1BA012,0058,coarse-only,42,0.842909,20.292215,0.200770,preds.pt#56
1BA012,0059,coarse-only,42,0.834826,20.215849,0.204003,preds.pt#57
1BA012,0060,coarse-only,42,0.825915,19.959386,0.229582,preds.pt#58
1BA012,0061,coarse-only,42,0.826899,19.887283,0.254813,preds.pt#59
1BA012,0062,coarse-only,42,0.830126,20.338607,0.253902,preds.pt#60
1BA012,0063,coarse-only,42,0.818807,19.511488,0.207516,preds.pt#61
1BA012,0064,coarse-only,42,0.813992,19.506800,0.220837,preds.pt#62
1BA012,0065,coarse-only,42,0.804419,19.136644,0.222239,preds.pt#63
1BA012,0066,coarse-only,42,0.803219,19.117382,0.220066,preds.pt#64
1BA012,0067,coarse-only,42,0.805282,19.417762,0.227769,preds.pt#65
1BA012,0068,coarse-only,42,0.802655,19.111577,0.264261,preds.pt#66
1BA012,0069,coarse-only,42,0.790460,18.780597,0.218750,preds.pt#67
1BA012,0070,coarse-only,42,0.805701,19.346536,0.197656,preds.pt#68
1BA012,0071,coarse-only,42,0.798145,19.199107,0.211765,preds.pt#69
1BA012,0072,coarse-only,42,0.803284,19.410446,0.205254,preds.pt#70
1BA012,0073,coarse-only,42,0.802777,19.452163,0.222452,preds.pt#71
1BA012,0074,coarse-only,42,0.804569,19.379562,0.203637,preds.pt#72
1BA012,0075,coarse-only,42,0.786296,18.997059,0.226558,preds.pt#73
1BA012,0076,coarse-only,42,0.787883,19.396986,0.217955,preds.pt#74
1BA012,0077,coarse-only,42,0.779098,18.979195,0.235607,preds.pt#75
1BA012,0078,coarse-only,42,0.794194,19.585894,0.220490,preds.pt#76
1BA012,0079,coarse-only,42,0.771085,18.869548,0.211553,preds.pt#77
1BA012,0080,coarse-only,42,0.769726,18.826653,0.224712,preds.pt#78
1BA012,0081,coarse-only,42,0.765732,18.884578,0.188998,preds.pt#79
1BA012,0082,coarse-only,42,0.762219,18.501421,0.184615,preds.pt#80
1BA012,0083,coarse-only,42,0.772101,18.945669,0.206205,preds.pt#81
1BA012,0084,coarse-only,42,0.759239,18.108321,0.205551,preds.pt#82
1BA012,0085,coarse-only,42,0.734436,17.771220,0.245933,preds.pt#83
1BA012,0086,coarse-only,42,0.751346,18.045975,0.212616,preds.pt#84
1BA012,0087,coarse-only,42,0.765270,18.398364,0.186608,preds.pt#85
1BA012,0088,coarse-only,42,0.754516,18.139638,0.206731,preds.pt#86
1BA012,0089,coarse-only,42,0.767634,18.634792,0.210831,preds.pt#87
1BA012,0090,coarse-only,42,0.755678,17.922391,0.209342,preds.pt#88
1BA012,0091,coarse-only,42,0.755252,17.862477,0.183157,preds.pt#89
1BA012,0092,coarse-only,42,0.755494,18.185179,0.192245,preds.pt#90
1BA012,0093,coarse-only,42,0.777228,18.151396,0.170541,preds.pt#91
1BA012,0094,coarse-only,42,0.782034,18.314187,0.184026,preds.pt#92
1BA012,0095,coarse-only,42,0.788680,18.359660,0.159014,preds.pt#93
1BA012,0096,coarse-only,42,0.792169,18.124094,0.159150,preds.pt#94
1BA012,0097,coarse-only,42,0.800972,19.034974,0.146108,preds.pt#95
1BA012,0098,coarse-only,42,0.800180,18.334255,0.154971,preds.pt#96
1BA012,0099,coarse-only,42,0.803818,19.131569,0.146030,preds.pt#97
1BA012,0100,coarse-only,42,0.812408,18.869569,0.148661,preds.pt#98
1BA012,0101,coarse-only,42,0.808295,18.721493,0.143401,preds.pt#99
1BA012,0102,coarse-only,42,0.808786,18.335793,0.144640,preds.pt#100
1BA012,0103,coarse-only,42,0.795734,18.111575,0.151447,preds.pt#101
1BA012,0104,coarse-only,42,0.801223,17.718787,0.138115,preds.pt#102
1BA012,0105,coarse-only,42,0.789476,18.194647,0.147185,preds.pt#103
1BA012,0106,coarse-only,42,0.804234,18.018727,0.157026,preds.pt#104
1BA012,0107,coarse-only,42,0.809537,18.500558,0.143265,preds.pt#105
1BA012,0108,coarse-only,42,0.821597,18.345260,0.134118,preds.pt#106
1BA012,0109,coarse-only,42,0.803059,18.363252,0.134135,preds.pt#107
1BA012,0110,coarse-only,42,0.828264,18.716687,0.136835,preds.pt#108
1BA012,0111,coarse-only,42,0.824207,19.044670,0.124063,preds.pt#109
1BA012,0112,coarse-only,42,0.817492,18.291473,0.124415,preds.pt#110
1BA012,0113,coarse-only,42,0.819576,19.440916,0.121722,preds.pt#111
1BA012,0114,coarse-only,42,0.831050,18.766141,0.112191,preds.pt#112
1BA012,0115,coarse-only,42,0.847899,19.754355,0.111994,preds.pt#113
1BA012,0116,coarse-only,42,0.840667,18.529052,0.127284,preds.pt#114
1BA012,0117,coarse-only,42,0.818383,18.843745,0.117356,preds.pt#115
1BA012,0118,coarse-only,42,0.829062,18.675984,0.118265,preds.pt#116
1BA012,0119,coarse-only,42,0.826240,19.475108,0.102594,preds.pt#117
1BA012,0120,coarse-only,42,0.836352,18.870947,0.107222,preds.pt#118
1BA012,0121,coarse-only,42,0.826629,18.826496,0.107227,preds.pt#119
1BA012,0122,coarse-only,42,0.821183,18.350958,0.114666,preds.pt#120
1BA012,0123,coarse-only,42,0.812553,18.838811,0.130593,preds.pt#121
1BA012,0124,coarse-only,42,0.820306,18.304117,0.134709,preds.pt#122
1BA012,0125,coarse-only,42,0.830164,19.224187,0.128274,preds.pt#123
1BA012,0126,coarse-only,42,0.815605,18.724259,0.119581,preds.pt#124
1BA012,0127,coarse-only,42,0.844909,19.253352,0.098268,preds.pt#125
1BA012,0128,coarse-only,42,0.830066,19.015983,0.095163,preds.pt#126
1BA012,0129,coarse-only,42,0.838435,19.544242,0.114923,preds.pt#127
1BA012,0130,coarse-only,42,0.839532,19.083983,0.099476,preds.pt#128
1BA012,0131,coarse-only,42,0.832351,19.115911,0.090835,preds.pt#129
1BA012,0132,coarse-only,42,0.849748,20.000244,0.086918,preds.pt#130
1BA012,0133,coarse-only,42,0.833287,19.588637,0.113405,preds.pt#131
1BA012,0134,coarse-only,42,0.832993,19.531253,0.100455,preds.pt#132
1BA012,0135,coarse-only,42,0.841373,20.195906,0.108759,preds.pt#133
1BA012,0136,coarse-only,42,0.842196,19.850518,0.093104,preds.pt#134
1BA012,0137,coarse-only,42,0.846553,20.171103,0.082631,preds.pt#135
1BA012,0138,coarse-only,42,0.833409,19.628497,0.098538,preds.pt#136
1BA012,0139,coarse-only,42,0.842527,20.353443,0.099427,preds.pt#137
1BA012,0140,coarse-only,42,0.832799,19.234639,0.113719,preds.pt#138
1BA012,0141,coarse-only,42,0.826816,19.483073,0.104619,preds.pt#139
1BA012,0142,coarse-only,42,0.827718,19.549080,0.117780,preds.pt#140
1BA012,0143,coarse-only,42,0.818900,19.037917,0.114461,preds.pt#141
1BA012,0144,coarse-only,42,0.826945,19.259142,0.130266,preds.pt#142
1BA012,0145,coarse-only,42,0.812153,19.027870,0.122800,preds.pt#143
1BA012,0146,coarse-only,42,0.824347,19.284294,0.108883,preds.pt#144
1BA012,0147,coarse-only,42,0.814565,19.017157,0.104850,preds.pt#145
1BA012,0148,coarse-only,42,0.826336,19.193454,0.107705,preds.pt#146
1BA012,0149,coarse-only,42,0.818667,19.474510,0.107811,preds.pt#147
1BA012,0150,coarse-only,42,0.808407,19.065316,0.125941,preds.pt#148
1BA012,0151,coarse-only,42,0.822540,19.339903,0.123892,preds.pt#149
1BA012,0152,coarse-only,42,0.825345,19.173248,0.117056,preds.pt#150
1BA012,0153,coarse-only,42,0.834088,19.400633,0.100402,preds.pt#151
1BA012,0154,coarse-only,42,0.831249,19.248260,0.125678,preds.pt#152
1BA012,0155,coarse-only,42,0.832525,19.197770,0.100713,preds.pt#153
1BA012,0156,coarse-only,42,0.845401,19.453454,0.099965,preds.pt#154
1BA012,0157,coarse-only,42,0.839540,19.470883,0.105233,preds.pt#155
1BA012,0158,coarse-only,42,0.830327,18.853475,0.112754,preds.pt#156
1BA012,0159,coarse-only,42,0.841381,19.531986,0.123731,preds.pt#157
1BA012,0160,coarse-only,42,0.853125,19.589149,0.086500,preds.pt#158
1BA012,0161,coarse-only,42,0.845696,19.475783,0.118051,preds.pt#159
1BA012,0162,coarse-only,42,0.838082,19.253119,0.105750,preds.pt#160
1BA012,0163,coarse-only,42,0.846921,19.483678,0.106333,preds.pt#161
1BA012,0164,coarse-only,42,0.861946,19.980737,0.100662,preds.pt#162
1BA012,0165,coarse-only,42,0.855947,20.221012,0.124158,preds.pt#163
1BA012,0166,coarse-only,42,0.869621,20.159857,0.109969,preds.pt#164
1BA012,0167,coarse-only,42,0.855392,19.793296,0.115885,preds.pt#165
1BA012,0168,coarse-only,42,0.850862,19.396116,0.115673,preds.pt#166
1BA012,0169,coarse-only,42,0.858867,20.598255,0.116275,preds.pt#167
1BA012,0170,coarse-only,42,0.873831,21.118920,0.108738,preds.pt#168
1BA012,0171,coarse-only,42,0.858259,20.521536,0.138548,preds.pt#169
1BA012,0172,coarse-only,42,0.889498,21.411208,0.122209,preds.pt#170
1BA012,0173,coarse-only,42,0.880916,21.291323,0.110251,preds.pt#171
1BA012,0174,coarse-only,42,0.878084,20.588520,0.105868,preds.pt#172
1BA012,0175,coarse-only,42,0.863606,20.691096,0.133986,preds.pt#173
1BA012,0176,coarse-only,42,0.873238,20.473071,0.117612,preds.pt#174
1BA012,0177,coarse-only,42,0.870707,20.457326,0.117861,preds.pt#175
1BA012,0178,coarse-only,42,0.884124,20.748685,0.112536,preds.pt#176
1BA012,0179,coarse-only,42,0.848580,20.405235,0.122161,preds.pt#177
1BA012,0180,coarse-only,42,0.891946,22.711922,0.109405,preds.pt#178
1BA012,0181,coarse-only,42,0.872338,21.679217,0.152777,preds.pt#179
1BA012,0182,coarse-only,42,0.895878,22.436901,0.130601,preds.pt#180
1BA012,0183,coarse-only,42,0.874525,20.614056,0.146292,preds.pt#181
1BA012,0184,coarse-only,42,0.897514,21.578129,0.136530,preds.pt#182
1BA012,0185,coarse-only,42,0.870323,20.197693,0.175024,preds.pt#183
1BA012,0186,coarse-only,42,0.889693,22.634910,0.141001,preds.pt#184
1BA012,0187,coarse-only,42,0.892037,22.781682,0.167480,preds.pt#185
1BA012,0188,coarse-only,42,0.901395,22.453066,0.157103,preds.pt#186
1BA012,0189,coarse-only,42,0.886856,21.997168,0.164667,preds.pt#187
1BA012,0190,coarse-only,42,0.880318,21.066888,0.133583,preds.pt#188
1BA012,0191,coarse-only,42,0.886333,22.835215,0.182542,preds.pt#189
1BA012,0192,coarse-only,42,0.898638,25.104573,0.170103,preds.pt#190
1BA012,0194,coarse-only,42,0.904520,25.111004,0.142960,preds.pt#191
1BA091,0001,coarse-only,42,0.987222,49.627647,0.057653,preds.pt#192
1BA091,0002,coarse-only,42,0.974554,39.879154,0.115386,preds.pt#193
1BA091,0003,coarse-only,42,0.973010,33.840651,0.110904,preds.pt#194
1BA091,0004,coarse-only,42,0.978525,34.219978,0.114616,preds.pt#195
1BA091,0005,coarse-only,42,0.952083,25.851066,0.179126,preds.pt#196
1BA091,0006,coarse-only,42,0.953443,26.911338,0.140029,preds.pt#197
1BA091,0007,coarse-only,42,0.958791,26.920662,0.158238,preds.pt#198
1BA091,0008,coarse-only,42,0.948056,24.567429,0.184302,preds.pt#199
1BA091,0009,coarse-only,42,0.945376,24.753732,0.170052,preds.pt#200
1BA091,0010,coarse-only,42,0.938659,23.486623,0.191589,preds.pt#201
1BA091,0011,coarse-only,42,0.943733,24.151286,0.214710,preds.pt#202
1BA091,0012,coarse-only,42,0.933294,23.997172,0.174980,preds.pt#203
1BA091,0013,coarse-only,42,0.936825,23.298847,0.168712,preds.pt#204
1BA091,0014,coarse-only,42,0.921817,21.998281,0.164612,preds.pt#205
1BA091,0015,coarse-only,42,0.927659,22.337063,0.174516,preds.pt#206
1BA091,0016,coarse-only,42,0.933213,23.692814,0.160984,preds.pt#207
1BA091,0017,coarse-only,42,0.927339,24.172440,0.166611,preds.pt#208
1BA091,0018,coarse-only,42,0.937085,25.046467,0.178183,preds.pt#209
1BA091,0019,coarse-only,42,0.918480,22.078116,0.195146,preds.pt#210
1BA091,0020,coarse-only,42,0.924507,22.957905,0.178510,preds.pt#211
1BA091,0021,coarse-only,42,0.921202,22.267455,0.188897,preds.pt#212
1BA091,0022,coarse-only,42,0.913433,21.741424,0.184121,preds.pt#213
1BA091,0023,coarse-only,42,0.878670,18.873390,0.204167,preds.pt#214
1BA091,0024,coarse-only,42,0.900970,21.909265,0.180922,preds.pt#215
1BA091,0025,coarse-only,42,0.917433,22.379516,0.195653,preds.pt#216
1BA091,0026,coarse-only,42,0.905502,21.217470,0.209380,preds.pt#217
1BA091,0027,coarse-only,42,0.909733,22.307809,0.176428,preds.pt#218
1BA091,0028,coarse-only,42,0.897706,20.881431,0.200956,preds.pt#219
1BA091,0029,coarse-only,42,0.887573,20.376409,0.213250,preds.pt#220
1BA091,0030,coarse-only,42,0.895164,21.186940,0.210556,preds.pt#221
1BA091,0031,coarse-only,42,0.876776,19.970513,0.242129,preds.pt#222
1BA091,0032,coarse-only,42,0.885456,20.609569,0.208850,preds.pt#223
1BA091,0033,coarse-only,42,0.882359,20.657938,0.214152,preds.pt#224
1BA091,0034,coarse-only,42,0.866839,19.628108,0.231920,preds.pt#225
1BA091,0035,coarse-only,42,0.865847,19.464266,0.226147,preds.pt#226
1BA091,0036,coarse-only,42,0.862530,19.807188,0.210364,preds.pt#227
1BA091,0037,coarse-only,42,0.869208,19.711698,0.201071,preds.pt#228
1BA091,0038,coarse-only,42,0.861563,19.324088,0.189871,preds.pt#229
1BA091,0039,coarse-only,42,0.864589,20.157176,0.201524,preds.pt#230
1BA091,0040,coarse-only,42,0.846034,18.866134,0.219430,preds.pt#231
1BA091,0041,coarse-only,42,0.839613,19.282179,0.202133,preds.pt#232
1BA091,0042,coarse-only,42,0.845127,19.134660,0.203264,preds.pt#233
1BA091,0043,coarse-only,42,0.844755,19.704094,0.226778,preds.pt#234
1BA091,0044,coarse-only,42,0.826843,18.739807,0.217779,preds.pt#235
1BA091,0045,coarse-only,42,0.831803,19.136863,0.219629,preds.pt#236
1BA091,0046,coarse-only,42,0.829455,19.028903,0.249522,preds.pt#237
1BA091,0047,coarse-only,42,0.820404,19.103730,0.228998,preds.pt#238
1BA091,0048,coarse-only,42,0.821804,18.993659,0.244284,preds.pt#239
1BA091,0049,coarse-only,42,0.807195,18.585199,0.257419,preds.pt#240
1BA091,0050,coarse-only,42,0.814028,18.714092,0.252651,preds.pt#241
1BA091,0051,coarse-only,42,0.795257,18.112205,0.256196,preds.pt#242
1BA091,0052,coarse-only,42,0.788121,18.151957,0.264892,preds.pt#243
1BA091,0053,coarse-only,42,0.798647,18.613587,0.284078,preds.pt#244
1BA091,0054,coarse-only,42,0.771126,17.577906,0.298929,preds.pt#245
1BA091,0055,coarse-only,42,0.784387,18.028099,0.296578,preds.pt#246
1BA091,0056,coarse-only,42,0.780787,17.759950,0.269854,preds.pt#247
1BA091,0057,coarse-only,42,0.776869,17.861551,0.271657,preds.pt#248
1BA091,0058,coarse-only,42,0.780979,17.672847,0.262123,preds.pt#249
1BA091,0059,coarse-only,42,0.765148,17.326829,0.258408,preds.pt#250
1BA091,0060,coarse-only,42,0.757246,17.227097,0.269468,preds.pt#251
1BA091,0061,coarse-only,42,0.764142,17.492359,0.252902,preds.pt#252
1BA091,0062,coarse-only,42,0.763070,17.466667,0.260701,preds.pt#253
1BA091,0063,coarse-only,42,0.764664,17.423383,0.275103,preds.pt#254
1BA091,0064,coarse-only,42,0.755208,16.587530,0.287519,preds.pt#255
1BA091,0065,coarse-only,42,0.766936,17.375006,0.263867,preds.pt#256
1BA091,0066,coarse-only,42,0.757472,17.349991,0.290612,preds.pt#257
1BA091,0067,coarse-only,42,0.772122,17.749744,0.285429,preds.pt#258
1BA091,0068,coarse-only,42,0.774987,18.131291,0.277242,preds.pt#259
1BA091,0069,coarse-only,42,0.766433,18.098800,0.275143,preds.pt#260
1BA091,0070,coarse-only,42,0.767365,17.926172,0.282318,preds.pt#261
1BA091,0071,coarse-only,42,0.769524,18.098642,0.264272,preds.pt#262
1BA091,0072,coarse-only,42,0.782086,18.855754,0.259585,preds.pt#263
1BA091,0073,coarse-only,42,0.774824,18.477777,0.281384,preds.pt#264
1BA091,0074,coarse-only,42,0.789255,18.788816,0.235792,preds.pt#265
1BA091,0075,coarse-only,42,0.776075,18.578544,0.249198,preds.pt#266
1BA091,0076,coarse-only,42,0.779571,18.403173,0.258047,preds.pt#267
1BA091,0077,coarse-only,42,0.788939,18.595161,0.239724,preds.pt#268
1BA091,0078,coarse-only,42,0.777871,18.530140,0.230127,preds.pt#269
1BA091,0079,coarse-only,42,0.767034,17.664624,0.280694,preds.pt#270
1BA091,0080,coarse-only,42,0.781418,18.283928,0.235081,preds.pt#271
1BA091,0081,coarse-only,42,0.790172,18.216638,0.241082,preds.pt#272
1BA091,0082,coarse-only,42,0.770122,18.151817,0.250745,preds.pt#273
1BA091,0083,coarse-only,42,0.772465,18.543984,0.229691,preds.pt#274
1BA091,0084,coarse-only,42,0.773251,18.625258,0.274706,preds.pt#275
1BA091,0085,coarse-only,42,0.755396,17.811799,0.269792,preds.pt#276
1BA091,0086,coarse-only,42,0.763297,18.301630,0.251943,preds.pt#277
1BA091,0087,coarse-only,42,0.767362,18.519545,0.247055,preds.pt#278
1BA091,0088,coarse-only,42,0.756796,18.451716,0.239019,preds.pt#279
1BA091,0089,coarse-only,42,0.767373,18.803398,0.213244,preds.pt#280
1BA091,0090,coarse-only,42,0.758005,18.294052,0.231653,preds.pt#281
1BA091,0091,coarse-only,42,0.779982,18.826379,0.217569,preds.pt#282
1BA091,0092,coarse-only,42,0.769365,18.609551,0.221783,preds.pt#283
1BA091,0093,coarse-only,42,0.758916,18.602866,0.231302,preds.pt#284
1BA091,0094,coarse-only,42,0.773582,18.793013,0.209814,preds.pt#285
1BA091,0095,coarse-only,42,0.763833,18.749031,0.214638,preds.pt#286
1BA091,0096,coarse-only,42,0.765946,18.702272,0.205062,preds.pt#287
1BA091,0097,coarse-only,42,0.773073,18.863944,0.184182,preds.pt#288
1BA091,0098,coarse-only,42,0.759675,18.500673,0.210268,preds.pt#289
1BA091,0099,coarse-only,42,0.760834,18.231618,0.189027,preds.pt#290
1BA091,0100,coarse-only,42,0.757733,17.965987,0.199470,preds.pt#291
1BA091,0101,coarse-only,42,0.756281,18.263773,0.196534,preds.pt#292
1BA091,0102,coarse-only,42,0.772673,18.570633,0.211440,preds.pt#293
1BA091,0103,coarse-only,42,0.758417,18.297880,0.205108,preds.pt#294
1BA091,0104,coarse-only,42,0.766470,17.796529,0.197341,preds.pt#295
1BA091,0105,coarse-only,42,0.785632,18.608058,0.193044,preds.pt#296
1BA091,0106,coarse-only,42,0.787650,18.631112,0.193059,preds.pt#297
1BA091,0107,coarse-only,42,0.787931,18.621208,0.189718,preds.pt#298
1BA091,0108,coarse-only,42,0.803661,18.785089,0.201390,preds.pt#299
1BA091,0109,coarse-only,42,0.801861,18.930564,0.169573,preds.pt#300
1BA091,0110,coarse-only,42,0.803543,19.052979,0.175125,preds.pt#301
1BA091,0111,coarse-only,42,0.811613,19.157329,0.159055,preds.pt#302
1BA091,0112,coarse-only,42,0.806711,18.929192,0.151827,preds.pt#303
1BA091,0113,coarse-only,42,0.808711,18.870505,0.149129,preds.pt#304
1BA091,0114,coarse-only,42,0.809281,18.612320,0.146708,preds.pt#305
1BA091,0115,coarse-only,42,0.817387,18.953877,0.140080,preds.pt#306
1BA091,0116,coarse-only,42,0.818904,18.984607,0.138327,preds.pt#307
1BA091,0117,coarse-only,42,0.818341,18.960085,0.143235,preds.pt#308
1BA091,0118,coarse-only,42,0.822070,19.329125,0.144330,preds.pt#309
1BA091,0119,coarse-only,42,0.824064,19.047757,0.126134,preds.pt#310
1BA091,0120,coarse-only,42,0.839633,20.089429,0.136715,preds.pt#311
1BA091,0121,coarse-only,42,0.833325,19.860780,0.143000,preds.pt#312
1BA091,0122,coarse-only,42,0.832580,19.737597,0.118416,preds.pt#313
1BA091,0123,coarse-only,42,0.837999,19.775774,0.121620,preds.pt#314
1BA091,0124,coarse-only,42,0.842401,19.653935,0.122333,preds.pt#315
1BA091,0125,coarse-only,42,0.838951,19.517080,0.125719,preds.pt#316
1BA091,0126,coarse-only,42,0.838277,19.708431,0.135347,preds.pt#317
1BA091,0127,coarse-only,42,0.837839,19.495206,0.127678,preds.pt#318
1BA091,0128,coarse-only,42,0.841481,19.683402,0.117400,preds.pt#319
1BA091,0129,coarse-only,42,0.839803,19.774470,0.108494,preds.pt#320
1BA091,0130,coarse-only,42,0.829154,19.128304,0.106347,preds.pt#321
1BA091,0131,coarse-only,42,0.838920,19.588042,0.103522,preds.pt#322
1BA091,0132,coarse-only,42,0.855271,20.053668,0.106395,preds.pt#323
1BA091,0133,coarse-only,42,0.846043,19.252489,0.101313,preds.pt#324
1BA091,0134,coarse-only,42,0.847387,19.522377,0.093306,preds.pt#325
1BA091,0135,coarse-only,42,0.853878,19.581498,0.095721,preds.pt#326
1BA091,0136,coarse-only,42,0.853204,19.519873,0.088612,preds.pt#327
1BA091,0137,coarse-only,42,0.859014,19.853348,0.084956,preds.pt#328
1BA091,0138,coarse-only,42,0.848706,19.659613,0.093042,preds.pt#329
1BA091,0139,coarse-only,42,0.855985,19.761374,0.100880,preds.pt#330
1BA091,0140,coarse-only,42,0.859301,20.098597,0.096216,preds.pt#331
1BA091,0141,coarse-only,42,0.853878,20.230361,0.098425,preds.pt#332
1BA091,0142,coarse-only,42,0.848658,20.057400,0.101081,preds.pt#333
1BA091,0143,coarse-only,42,0.856943,20.535451,0.099422,preds.pt#334
1BA091,0144,coarse-only,42,0.851408,20.607267,0.102493,preds.pt#335
1BA091,0145,coarse-only,42,0.862850,21.144460,0.094456,preds.pt#336
1BA091,0146,coarse-only,42,0.873556,21.612935,0.084465,preds.pt#337
1BA091,0147,coarse-only,42,0.856320,20.645258,0.091954,preds.pt#338
1BA091,0148,coarse-only,42,0.820096,19.915672,0.083967,preds.pt#339
1BA091,0149,coarse-only,42,0.858605,20.320401,0.072313,preds.pt#340
1BA091,0150,coarse-only,42,0.874164,20.982575,0.078012,preds.pt#341
1BA091,0151,coarse-only,42,0.870289,20.588283,0.077201,preds.pt#342
1BA091,0152,coarse-only,42,0.803341,20.403517,0.073435,preds.pt#343
1BA091,0153,coarse-only,42,0.872809,20.929127,0.083006,preds.pt#344
1BA091,0154,coarse-only,42,0.734604,19.776793,0.082680,preds.pt#345
1BA091,0155,coarse-only,42,0.758360,19.378979,0.097444,preds.pt#346
1BA091,0156,coarse-only,42,0.759053,20.070251,0.090654,preds.pt#347
1BA091,0157,coarse-only,42,0.743612,19.361556,0.092073,preds.pt#348
1BA091,0158,coarse-only,42,0.767470,19.389839,0.086160,preds.pt#349
1BA091,0159,coarse-only,42,0.868361,20.886288,0.080983,preds.pt#350
1BA091,0160,coarse-only,42,0.757315,19.378118,0.095987,preds.pt#351
1BA091,0161,coarse-only,42,0.889044,21.683667,0.076877,preds.pt#352
1BA091,0162,coarse-only,42,0.762578,19.489677,0.081832,preds.pt#353
1BA091,0163,coarse-only,42,0.750055,19.883104,0.078292,preds.pt#354
1BA091,0164,coarse-only,42,0.783413,20.096342,0.074344,preds.pt#355
1BA091,0165,coarse-only,42,0.768360,19.587328,0.075098,preds.pt#356
1BA091,0166,coarse-only,42,0.791940,19.770274,0.076929,preds.pt#357
1BA091,0167,coarse-only,42,0.794089,19.833927,0.073304,preds.pt#358
1BA091,0168,coarse-only,42,0.778711,19.211855,0.077283,preds.pt#359
1BA091,0169,coarse-only,42,0.899978,21.204528,0.071953,preds.pt#360
1BA091,0170,coarse-only,42,0.799563,20.083590,0.076926,preds.pt#361
1BA091,0171,coarse-only,42,0.770343,19.554401,0.072934,preds.pt#362
1BA091,0172,coarse-only,42,0.897762,20.776049,0.068465,preds.pt#363
1BA091,0173,coarse-only,42,0.811980,19.940167,0.077632,preds.pt#364
1BA091,0174,coarse-only,42,0.782710,18.886545,0.063713,preds.pt#365
1BA091,0175,coarse-only,42,0.831793,20.785283,0.078234,preds.pt#366
1BA091,0176,coarse-only,42,0.805193,19.049986,0.080240,preds.pt#367
1BA091,0177,coarse-only,42,0.905125,21.367081,0.066774,preds.pt#368
1BA091,0178,coarse-only,42,0.914667,21.951316,0.070031,preds.pt#369
1BA091,0179,coarse-only,42,0.918653,22.089534,0.066647,preds.pt#370
1BA091,0180,coarse-only,42,0.921836,22.288779,0.059511,preds.pt#371
1BA091,0181,coarse-only,42,0.915111,22.143703,0.056359,preds.pt#372
1BA091,0182,coarse-only,42,0.916095,22.440419,0.068627,preds.pt#373
1BA091,0183,coarse-only,42,0.912056,22.017171,0.071149,preds.pt#374
1BA091,0184,coarse-only,42,0.889370,21.333465,0.059448,preds.pt#375
1BA091,0185,coarse-only,42,0.912078,22.197482,0.060623,preds.pt#376
1BA091,0186,coarse-only,42,0.896670,21.447099,0.072247,preds.pt#377
1BA091,0187,coarse-only,42,0.893327,21.208459,0.065861,preds.pt#378
1BA091,0188,coarse-only,42,0.907804,22.073127,0.076769,preds.pt#379
1BA091,0189,coarse-only,42,0.905623,22.404274,0.066433,preds.pt#380
1BA091,0190,coarse-only,42,0.898818,21.579555,0.102146,preds.pt#381
1BA091,0191,coarse-only,42,0.895261,20.810020,0.097435,preds.pt#382
1BA091,0192,coarse-only,42,0.900970,21.265949,0.100215,preds.pt#383
1BA091,0193,coarse-only,42,0.725967,18.456577,0.133786,preds.pt#384
1BA091,0194,coarse-only,42,0.867601,19.764067,0.119645,preds.pt#385
1BA091,0195,coarse-only,42,0.883129,20.848572,0.125498,preds.pt#386
1BA091,0196,coarse-only,42,0.910942,22.243286,0.106288,preds.pt#387
1BA091,0197,coarse-only,42,0.913737,22.072302,0.129587,preds.pt#388
1BA091,0198,coarse-only,42,0.894912,20.902343,0.121230,preds.pt#389
1BA091,0199,coarse-only,42,0.907992,21.547468,0.120231,preds.pt#390
1BA091,0200,coarse-only,42,0.923028,22.953343,0.086707,preds.pt#391
1BA091,0201,coarse-only,42,0.938718,24.594409,0.065394,preds.pt#392
1BA091,0202,coarse-only,42,0.938428,25.127746,0.091853,preds.pt#393
1BA091,0203,coarse-only,42,0.943220,27.034256,0.096103,preds.pt#394
1BA091,0204,coarse-only,42,0.932196,24.100271,0.144704,preds.pt#395
1BA091,0205,coarse-only,42,0.942761,26.951232,0.153856,preds.pt#396
1BA091,0206,coarse-only,42,0.932174,24.959569,0.127110,preds.pt#397
1BA091,0207,coarse-only,42,0.926792,23.181298,0.136938,preds.pt#398
1BA100,0000,coarse-only,42,0.955315,28.827447,0.192122,preds.pt#399
1BA100,0001,coarse-only,42,0.981067,39.238396,0.082895,preds.pt#400
1BA100,0002,coarse-only,42,0.948353,23.804511,0.165283,preds.pt#401
1BA100,0003,coarse-only,42,0.939568,23.028381,0.148570,preds.pt#402
1BA100,0004,coarse-only,42,0.950482,25.879820,0.144547,preds.pt#403
1BA100,0005,coarse-only,42,0.924637,21.440213,0.164408,preds.pt#404
1BA100,0006,coarse-only,42,0.926567,23.098737,0.160278,preds.pt#405
1BA100,0007,coarse-only,42,0.927378,21.871704,0.164895,preds.pt#406
1BA100,0008,coarse-only,42,0.949625,25.105863,0.130768,preds.pt#407
1BA100,0009,coarse-only,42,0.940833,23.425748,0.130549,preds.pt#408
1BA100,0010,coarse-only,42,0.906393,19.923125,0.131111,preds.pt#409
1BA100,0011,coarse-only,42,0.938658,23.484946,0.109893,preds.pt#410
1BA100,0012,coarse-only,42,0.928147,21.874236,0.135852,preds.pt#411
1BA100,0013,coarse-only,42,0.933850,22.403289,0.149617,preds.pt#412
1BA100,0014,coarse-only,42,0.936061,22.978159,0.159413,preds.pt#413
1BA100,0015,coarse-only,42,0.917128,22.182013,0.177993,preds.pt#414
1BA100,0016,coarse-only,42,0.925007,22.352660,0.163859,preds.pt#415
1BA100,0017,coarse-only,42,0.908430,22.194909,0.181091,preds.pt#416
1BA100,0018,coarse-only,42,0.898541,20.023357,0.222117,preds.pt#417
1BA100,0019,coarse-only,42,0.908086,20.948438,0.230311,preds.pt#418
1BA100,0020,coarse-only,42,0.884436,19.768816,0.243262,preds.pt#419
1BA100,0021,coarse-only,42,0.889294,19.829976,0.235445,preds.pt#420
1BA100,0022,coarse-only,42,0.887979,19.932782,0.231305,preds.pt#421
1BA100,0023,coarse-only,42,0.880937,19.584703,0.233457,preds.pt#422
1BA100,0024,coarse-only,42,0.894585,19.974004,0.228310,preds.pt#423
1BA100,0025,coarse-only,42,0.889317,20.551534,0.232985,preds.pt#424
1BA100,0026,coarse-only,42,0.883681,20.603526,0.228569,preds.pt#425
1BA100,0027,coarse-only,42,0.878982,20.159894,0.237958,preds.pt#426
1BA100,0028,coarse-only,42,0.877449,20.231655,0.249231,preds.pt#427
1BA100,0029,coarse-only,42,0.862960,20.715147,0.216805,preds.pt#428
1BA100,0030,coarse-only,42,0.865460,19.864009,0.214694,preds.pt#429
1BA100,0031,coarse-only,42,0.869883,20.132705,0.196696,preds.pt#430
1BA100,0032,coarse-only,42,0.858577,19.652336,0.230761,preds.pt#431
1BA100,0033,coarse-only,42,0.846591,19.471434,0.249310,preds.pt#432
1BA100,0034,coarse-only,42,0.824738,18.725537,0.251919,preds.pt#433
1BA100,0035,coarse-only,42,0.831458,18.964080,0.245093,preds.pt#434
1BA100,0036,coarse-only,42,0.828215,18.520058,0.261494,preds.pt#435
1BA100,0037,coarse-only,42,0.815800,18.199149,0.244872,preds.pt#436
1BA100,0038,coarse-only,42,0.822223,18.381330,0.251362,preds.pt#437
1BA100,0039,coarse-only,42,0.822342,18.609953,0.244301,preds.pt#438
1BA100,0040,coarse-only,42,0.808909,18.220112,0.237729,preds.pt#439
1BA100,0041,coarse-only,42,0.802455,17.819360,0.243439,preds.pt#440
1BA100,0042,coarse-only,42,0.822739,18.835591,0.220835,preds.pt#441
1BA100,0043,coarse-only,42,0.821433,18.410628,0.251856,preds.pt#442
1BA100,0044,coarse-only,42,0.838928,19.152787,0.228762,preds.pt#443
1BA100,0045,coarse-only,42,0.816976,18.414899,0.248975,preds.pt#444
1BA100,0046,coarse-only,42,0.830145,18.979638,0.230844,preds.pt#445
1BA100,0047,coarse-only,42,0.804680,18.363216,0.238233,preds.pt#446
1BA100,0048,coarse-only,42,0.816601,18.847757,0.245545,preds.pt#447
1BA100,0049,coarse-only,42,0.793287,18.096030,0.239126,preds.pt#448
1BA100,0050,coarse-only,42,0.800670,18.232891,0.249925,preds.pt#449
1BA100,0051,coarse-only,42,0.809787,18.934688,0.254685,preds.pt#450
1BA100,0052,coarse-only,42,0.807942,18.695180,0.272404,preds.pt#451
1BA100,0053,coarse-only,42,0.809841,18.894524,0.257291,preds.pt#452
1BA100,0054,coarse-only,42,0.807601,18.571971,0.253693,preds.pt#453
1BA100,0055,coarse-only,42,0.797534,18.299270,0.246559,preds.pt#454
1BA100,0056,coarse-only,42,0.789396,18.109936,0.244241,preds.pt#455
1BA100,0057,coarse-only,42,0.785231,17.820142,0.225678,preds.pt#456
1BA100,0058,coarse-only,42,0.789049,18.150509,0.224154,preds.pt#457
1BA100,0059,coarse-only,42,0.787485,18.043993,0.208730,preds.pt#458
1BA100,0060,coarse-only,42,0.779077,17.797870,0.215059,preds.pt#459
1BA100,0061,coarse-only,42,0.771727,17.299640,0.244849,preds.pt#460
1BA100,0062,coarse-only,42,0.755782,17.190506,0.247964,preds.pt#461
1BA100,0063,coarse-only,42,0.758902,17.063870,0.231804,preds.pt#462
1BA100,0064,coarse-only,42,0.743999,16.849133,0.232468,preds.pt#463
1BA100,0065,coarse-only,42,0.743257,17.088972,0.243133,preds.pt#464
1BA100,0066,coarse-only,42,0.703492,16.155599,0.270514,preds.pt#465
1BA100,0067,coarse-only,42,0.737422,17.129455,0.251504,preds.pt#466
1BA100,0068,coarse-only,42,0.733503,16.923299,0.258005,preds.pt#467
1BA100,0069,coarse-only,42,0.702765,15.961914,0.258696,preds.pt#468
1BA100,0070,coarse-only,42,0.703561,16.129478,0.263381,preds.pt#469
1BA100,0071,coarse-only,42,0.688348,16.043762,0.232407,preds.pt#470
1BA100,0072,coarse-only,42,0.702974,16.581107,0.242332,preds.pt#471
1BA100,0073,coarse-only,42,0.697284,16.564209,0.252961,preds.pt#472
1BA100,0074,coarse-only,42,0.703945,16.665086,0.259743,preds.pt#473
1BA100,0075,coarse-only,42,0.710018,16.551718,0.259596,preds.pt#474
1BA100,0076,coarse-only,42,0.705738,16.847115,0.233840,preds.pt#475
1BA100,0077,coarse-only,42,0.741838,17.213264,0.200210,preds.pt#476
1BA100,0078,coarse-only,42,0.731898,16.812740,0.207316,preds.pt#477
1BA100,0079,coarse-only,42,0.757720,17.200008,0.185428,preds.pt#478
1BA100,0080,coarse-only,42,0.766277,17.439152,0.199973,preds.pt#479
1BA100,0081,coarse-only,42,0.766668,17.738679,0.183563,preds.pt#480
1BA100,0082,coarse-only,42,0.771716,17.804751,0.170666,preds.pt#481
1BA100,0083,coarse-only,42,0.760930,17.328603,0.190665,preds.pt#482
1BA100,0084,coarse-only,42,0.745557,16.973246,0.206502,preds.pt#483
1BA100,0085,coarse-only,42,0.765182,17.493011,0.174824,preds.pt#484
1BA100,0086,coarse-only,42,0.777282,17.834170,0.173622,preds.pt#485
1BA100,0087,coarse-only,42,0.790933,18.313615,0.167681,preds.pt#486
1BA100,0088,coarse-only,42,0.783754,17.675719,0.170772,preds.pt#487
1BA100,0089,coarse-only,42,0.797614,18.081023,0.141117,preds.pt#488
1BA100,0090,coarse-only,42,0.777412,17.429305,0.158962,preds.pt#489
1BA100,0091,coarse-only,42,0.775495,17.392402,0.148389,preds.pt#490
1BA100,0092,coarse-only,42,0.791590,17.879300,0.163325,preds.pt#491
1BA100,0093,coarse-only,42,0.789792,17.770491,0.157805,preds.pt#492
1BA100,0094,coarse-only,42,0.798846,18.061877,0.129135,preds.pt#493
1BA100,0095,coarse-only,42,0.782597,17.535048,0.138168,preds.pt#494
1BA100,0096,coarse-only,42,0.776065,17.408741,0.137575,preds.pt#495
1BA100,0097,coarse-only,42,0.794932,17.765815,0.137017,preds.pt#496
1BA100,0098,coarse-only,42,0.811965,18.407406,0.131071,preds.pt#497
1BA100,0099,coarse-only,42,0.809677,18.022269,0.129506,preds.pt#498
1BA100,0100,coarse-only,42,0.801945,17.749241,0.134058,preds.pt#499
1BA100,0101,coarse-only,42,0.803250,17.681925,0.137139,preds.pt#500
1BA100,0102,coarse-only,42,0.796214,17.823338,0.136132,preds.pt#501
1BA100,0103,coarse-only,42,0.800890,17.958241,0.133956,preds.pt#502
1BA100,0104,coarse-only,42,0.823352,18.351741,0.137463,preds.pt#503
1BA100,0105,coarse-only,42,0.825299,18.768664,0.119893,preds.pt#504
1BA100,0106,coarse-only,42,0.844225,18.896888,0.121298,preds.pt#505
1BA100,0107,coarse-only,42,0.829548,18.545072,0.104490,preds.pt#506
1BA100,0108,coarse-only,42,0.837102,18.782569,0.104434,preds.pt#507
1BA100,0109,coarse-only,42,0.828991,18.533449,0.113215,preds.pt#508
1BA100,0110,coarse-only,42,0.819414,18.158962,0.117255,preds.pt#509
1BA100,0111,coarse-only,42,0.810048,17.713509,0.129792,preds.pt#510
1BA100,0112,coarse-only,42,0.841016,18.960534,0.104656,preds.pt#511
1BA100,0113,coarse-only,42,0.822142,18.202863,0.107631,preds.pt#512
1BA100,0114,coarse-only,42,0.833086,18.667507,0.090756,preds.pt#513
1BA100,0115,coarse-only,42,0.838413,18.679089,0.099734,preds.pt#514
1BA100,0116,coarse-only,42,0.834681,18.737340,0.095305,preds.pt#515
1BA100,0117,coarse-only,42,0.849362,19.105265,0.105446,preds.pt#516
1BA100,0118,coarse-only,42,0.830774,18.618444,0.104953,preds.pt#517
1BA100,0119,coarse-only,42,0.830432,18.825981,0.100499,preds.pt#518
1BA100,0120,coarse-only,42,0.823212,18.255280,0.094637,preds.pt#519
1BA100,0121,coarse-only,42,0.823916,18.372659,0.104971,preds.pt#520
1BA100,0122,coarse-only,42,0.824318,18.554252,0.101121,preds.pt#521
1BA100,0123,coarse-only,42,0.842716,19.017957,0.108165,preds.pt#522
1BA100,0124,coarse-only,42,0.834351,18.467508,0.087437,preds.pt#523
1BA100,0125,coarse-only,42,0.839124,19.068260,0.084347,preds.pt#524
1BA100,0126,coarse-only,42,0.827986,18.475321,0.098984,preds.pt#525
1BA100,0127,coarse-only,42,0.835029,18.426500,0.102317,preds.pt#526
1BA100,0128,coarse-only,42,0.837306,18.466198,0.086164,preds.pt#527
1BA100,0129,coarse-only,42,0.835000,18.291385,0.090164,preds.pt#528
1BA100,0130,coarse-only,42,0.829708,18.611146,0.089311,preds.pt#529
1BA100,0131,coarse-only,42,0.822592,18.244408,0.103875,preds.pt#530
1BA100,0132,coarse-only,42,0.824604,18.359876,0.118885,preds.pt#531
1BA100,0133,coarse-only,42,0.808709,17.655886,0.109413,preds.pt#532
1BA100,0134,coarse-only,42,0.790735,17.406013,0.116888,preds.pt#533
1BA100,0135,coarse-only,42,0.812324,17.944041,0.121942,preds.pt#534
1BA100,0136,coarse-only,42,0.798421,17.246016,0.123021,preds.pt#535
1BA100,0137,coarse-only,42,0.826234,18.251723,0.122609,preds.pt#536
1BA100,0138,coarse-only,42,0.828364,18.443425,0.111394,preds.pt#537
1BA100,0139,coarse-only,42,0.817627,18.219641,0.107312,preds.pt#538
1BA100,0140,coarse-only,42,0.825277,17.808253,0.089741,preds.pt#539
1BA100,0141,coarse-only,42,0.834098,18.261409,0.108875,preds.pt#540
1BA100,0142,coarse-only,42,0.828397,17.915736,0.106164,preds.pt#541
1BA100,0143,coarse-only,42,0.830936,17.617733,0.108683,preds.pt#542
1BA100,0144,coarse-only,42,0.824149,17.478598,0.100914,preds.pt#543
1BA100,0145,coarse-only,42,0.824537,17.570136,0.097895,preds.pt#544
1BA100,0146,coarse-only,42,0.815276,17.165211,0.090662,preds.pt#545
1BA100,0147,coarse-only,42,0.831592,17.719657,0.086683,preds.pt#546
1BA100,0148,coarse-only,42,0.785375,17.068508,0.105054,preds.pt#547
1BA100,0149,coarse-only,42,0.781197,17.580879,0.094048,preds.pt#548
1BA100,0150,coarse-only,42,0.814917,17.300466,0.111202,preds.pt#549
1BA100,0151,coarse-only,42,0.826963,17.833215,0.111521,preds.pt#550
1BA100,0152,coarse-only,42,0.855836,18.409157,0.108805,preds.pt#551
1BA100,0153,coarse-only,42,0.862337,18.458640,0.101107,preds.pt#552
1BA100,0154,coarse-only,42,0.852068,17.834000,0.090408,preds.pt#553
1BA100,0155,coarse-only,42,0.854915,18.407221,0.093272,preds.pt#554
1BA100,0156,coarse-only,42,0.851072,18.061805,0.074864,preds.pt#555
1BA100,0157,coarse-only,42,0.836294,17.214074,0.093999,preds.pt#556
1BA100,0158,coarse-only,42,0.834890,17.424594,0.095198,preds.pt#557
1BA100,0159,coarse-only,42,0.845249,17.402180,0.097313,preds.pt#558
1BA100,0160,coarse-only,42,0.840633,17.320531,0.099602,preds.pt#559
1BA100,0161,coarse-only,42,0.851801,17.682969,0.087838,preds.pt#560
1BA100,0162,coarse-only,42,0.843645,17.177034,0.106287,preds.pt#561
1BA100,0163,coarse-only,42,0.845063,17.394200,0.109761,preds.pt#562
1BA100,0164,coarse-only,42,0.858666,17.961435,0.097491,preds.pt#563
1BA100,0165,coarse-only,42,0.844754,17.033999,0.095367,preds.pt#564
1BA100,0166,coarse-only,42,0.846293,17.337787,0.108099,preds.pt#565
1BA100,0167,coarse-only,42,0.837246,17.411798,0.100747,preds.pt#566
1BA100,0168,coarse-only,42,0.829093,17.293949,0.130124,preds.pt#567
1BA100,0169,coarse-only,42,0.847431,17.337728,0.114236,preds.pt#568
1BA100,0170,coarse-only,42,0.851738,17.398829,0.118459,preds.pt#569
1BA100,0171,coarse-only,42,0.847618,17.398088,0.101076,preds.pt#570
1BA100,0172,coarse-only,42,0.863452,17.624392,0.116075,preds.pt#571
1BA100,0173,coarse-only,42,0.877482,18.137991,0.104230,preds.pt#572
1BA100,0174,coarse-only,42,0.874280,18.251673,0.123014,preds.pt#573
1BA100,0175,coarse-only,42,0.896242,19.209479,0.118563,preds.pt#574
1BA100,0176,coarse-only,42,0.906634,19.617151,0.102688,preds.pt#575
1BA100,0177,coarse-only,42,0.898672,18.622194,0.139786,preds.pt#576
1BA100,0178,coarse-only,42,0.922653,19.858801,0.112502,preds.pt#577
1BA100,0179,coarse-only,42,0.919081,19.923167,0.113117,preds.pt#578
1BA100,0180,coarse-only,42,0.929446,21.862312,0.094259,preds.pt#579
1BA100,0181,coarse-only,42,0.937563,23.148466,0.098861,preds.pt#580
1BA100,0182,coarse-only,42,0.923182,21.671726,0.101356,preds.pt#581
1BA100,0183,coarse-only,42,0.917855,21.562097,0.137613,preds.pt#582
1BA100,0184,coarse-only,42,0.938726,25.677575,0.156458,preds.pt#583
1BA100,0185,coarse-only,42,0.939057,26.792863,0.157298,preds.pt#584
1BA100,0186,coarse-only,42,0.936012,27.441692,0.139734,preds.pt#585
1BA100,0187,coarse-only,42,0.940093,29.139559,0.099939,preds.pt#586
1BA116,0000,coarse-only,42,0.977899,43.804274,0.094442,preds.pt#587
1BA116,0001,coarse-only,42,0.977503,38.583597,0.135040,preds.pt#588
1BA116,0002,coarse-only,42,0.970420,35.600216,0.161734,preds.pt#589
1BA116,0003,coarse-only,42,0.974573,32.883439,0.161558,preds.pt#590
1BA116,0004,coarse-only,42,0.975436,32.831466,0.124799,preds.pt#591
1BA116,0005,coarse-only,42,0.973704,30.404286,0.198008,preds.pt#592
1BA116,0006,coarse-only,42,0.968415,29.025986,0.164035,preds.pt#593
1BA116,0007,coarse-only,42,0.976541,29.434956,0.134365,preds.pt#594
1BA116,0008,coarse-only,42,0.968880,27.302056,0.146036,preds.pt#595
1BA116,0009,coarse-only,42,0.962140,25.718275,0.170556,preds.pt#596
1BA116,0010,coarse-only,42,0.962164,27.405456,0.121973,preds.pt#597
1BA116,0011,coarse-only,42,0.953124,25.896278,0.165088,preds.pt#598
1BA116,0012,coarse-only,42,0.971877,27.546560,0.150681,preds.pt#599
1BA116,0013,coarse-only,42,0.960742,27.226148,0.167618,preds.pt#600
1BA116,0014,coarse-only,42,0.954387,24.009478,0.171885,preds.pt#601
1BA116,0015,coarse-only,42,0.954261,25.665245,0.170786,preds.pt#602
1BA116,0016,coarse-only,42,0.937337,24.323120,0.187456,preds.pt#603
1BA116,0017,coarse-only,42,0.938237,24.848358,0.183165,preds.pt#604
1BA116,0018,coarse-only,42,0.952117,24.341001,0.193151,preds.pt#605
1BA116,0019,coarse-only,42,0.928440,22.787356,0.230815,preds.pt#606
1BA116,0020,coarse-only,42,0.926140,23.985347,0.203848,preds.pt#607
1BA116,0021,coarse-only,42,0.947709,25.133156,0.227484,preds.pt#608
1BA116,0022,coarse-only,42,0.915315,23.920871,0.217361,preds.pt#609
1BA116,0023,coarse-only,42,0.930306,22.546646,0.248174,preds.pt#610
1BA116,0024,coarse-only,42,0.929687,23.795335,0.266083,preds.pt#611
1BA116,0025,coarse-only,42,0.917411,23.139814,0.225099,preds.pt#612
1BA116,0026,coarse-only,42,0.905761,22.597282,0.259773,preds.pt#613
1BA116,0027,coarse-only,42,0.896255,20.945310,0.263963,preds.pt#614
1BA116,0028,coarse-only,42,0.908682,22.445841,0.247625,preds.pt#615
1BA116,0029,coarse-only,42,0.895942,19.432153,0.267682,preds.pt#616
1BA116,0030,coarse-only,42,0.888091,22.258000,0.226488,preds.pt#617
1BA116,0031,coarse-only,42,0.887728,19.651737,0.269497,preds.pt#618
1BA116,0032,coarse-only,42,0.863889,20.144372,0.218658,preds.pt#619
1BA116,0033,coarse-only,42,0.866506,19.202165,0.261841,preds.pt#620
1BA116,0034,coarse-only,42,0.867785,19.226437,0.261729,preds.pt#621
1BA116,0035,coarse-only,42,0.854463,19.462472,0.217009,preds.pt#622
1BA116,0036,coarse-only,42,0.858418,18.688530,0.246489,preds.pt#623
1BA116,0037,coarse-only,42,0.847365,18.869353,0.241395,preds.pt#624
1BA116,0038,coarse-only,42,0.831721,17.434041,0.267439,preds.pt#625
1BA116,0039,coarse-only,42,0.830162,17.942462,0.273328,preds.pt#626
1BA116,0040,coarse-only,42,0.821122,18.329465,0.255797,preds.pt#627
1BA116,0041,coarse-only,42,0.828193,17.518676,0.276385,preds.pt#628
1BA116,0042,coarse-only,42,0.831207,18.608193,0.275958,preds.pt#629
1BA116,0043,coarse-only,42,0.813489,16.871942,0.287820,preds.pt#630
1BA116,0044,coarse-only,42,0.804433,17.493497,0.281319,preds.pt#631
1BA116,0045,coarse-only,42,0.804223,16.624093,0.311287,preds.pt#632
1BA116,0046,coarse-only,42,0.790808,16.294527,0.297438,preds.pt#633
1BA116,0047,coarse-only,42,0.798262,16.949575,0.283270,preds.pt#634
1BA116,0048,coarse-only,42,0.782948,16.746134,0.299989,preds.pt#635
1BA116,0049,coarse-only,42,0.783199,16.810083,0.306870,preds.pt#636
1BA116,0050,coarse-only,42,0.782095,17.949694,0.273391,preds.pt#637
1BA116,0051,coarse-only,42,0.767884,16.265488,0.271027,preds.pt#638
1BA116,0052,coarse-only,42,0.758557,16.501534,0.285080,preds.pt#639
1BA116,0053,coarse-only,42,0.754697,16.124479,0.301239,preds.pt#640
1BA116,0054,coarse-only,42,0.739295,16.260459,0.286396,preds.pt#641
1BA116,0055,coarse-only,42,0.759744,16.999139,0.279251,preds.pt#642
1BA116,0056,coarse-only,42,0.753579,16.415300,0.303926,preds.pt#643
1BA116,0057,coarse-only,42,0.753906,16.963315,0.274706,preds.pt#644
1BA116,0058,coarse-only,42,0.742602,16.528608,0.274602,preds.pt#645
1BA116,0059,coarse-only,42,0.743638,16.999096,0.266802,preds.pt#646
1BA116,0060,coarse-only,42,0.738240,17.015799,0.234037,preds.pt#647
1BA116,0061,coarse-only,42,0.754671,17.136350,0.260364,preds.pt#648
1BA116,0062,coarse-only,42,0.753455,17.420940,0.221441,preds.pt#649
1BA116,0063,coarse-only,42,0.757143,17.082371,0.248426,preds.pt#650
1BA116,0064,coarse-only,42,0.720682,16.555738,0.252368,preds.pt#651
1BA116,0065,coarse-only,42,0.721288,16.099922,0.249501,preds.pt#652
1BA116,0066,coarse-only,42,0.718229,15.914025,0.265909,preds.pt#653
1BA116,0067,coarse-only,42,0.714330,16.473049,0.253479,preds.pt#654
1BA116,0068,coarse-only,42,0.730405,16.117608,0.233183,preds.pt#655
1BA116,0069,coarse-only,42,0.724743,16.596983,0.240881,preds.pt#656
1BA116,0070,coarse-only,42,0.752487,17.247140,0.252133,preds.pt#657
1BA116,0071,coarse-only,42,0.740305,16.720973,0.256722,preds.pt#658
1BA116,0072,coarse-only,42,0.737734,16.784784,0.233474,preds.pt#659
1BA116,0073,coarse-only,42,0.719104,15.972901,0.252733,preds.pt#660
1BA116,0074,coarse-only,42,0.747395,16.874854,0.236290,preds.pt#661
1BA116,0075,coarse-only,42,0.720399,16.168425,0.267949,preds.pt#662
1BA116,0076,coarse-only,42,0.714098,15.866459,0.255883,preds.pt#663
1BA116,0077,coarse-only,42,0.746095,16.481582,0.255461,preds.pt#664
1BA116,0078,coarse-only,42,0.736068,16.495196,0.260311,preds.pt#665
1BA116,0079,coarse-only,42,0.741238,16.490529,0.253684,preds.pt#666
1BA116,0080,coarse-only,42,0.748525,17.086494,0.248064,preds.pt#667
1BA116,0081,coarse-only,42,0.746667,16.763404,0.240255,preds.pt#668
1BA116,0082,coarse-only,42,0.760998,17.269236,0.233441,preds.pt#669
1BA116,0083,coarse-only,42,0.772844,18.023877,0.214163,preds.pt#670
1BA116,0084,coarse-only,42,0.762726,17.650824,0.215071,preds.pt#671
1BA116,0085,coarse-only,42,0.763539,17.704124,0.206268,preds.pt#672
1BA116,0086,coarse-only,42,0.782892,18.554895,0.204508,preds.pt#673
1BA116,0087,coarse-only,42,0.765238,18.158052,0.222772,preds.pt#674
1BA116,0088,coarse-only,42,0.767502,18.295927,0.230259,preds.pt#675
1BA116,0089,coarse-only,42,0.754845,18.229857,0.232032,preds.pt#676
1BA116,0090,coarse-only,42,0.751769,18.029909,0.224994,preds.pt#677
1BA116,0091,coarse-only,42,0.751321,18.047131,0.219596,preds.pt#678
1BA116,0092,coarse-only,42,0.741835,17.779126,0.254286,preds.pt#679
1BA116,0093,coarse-only,42,0.757126,17.965680,0.223837,preds.pt#680
1BA116,0094,coarse-only,42,0.757246,17.769102,0.239224,preds.pt#681
1BA116,0095,coarse-only,42,0.750203,17.461871,0.216696,preds.pt#682
1BA116,0096,coarse-only,42,0.761746,17.659327,0.198500,preds.pt#683
1BA116,0097,coarse-only,42,0.731061,17.021640,0.219775,preds.pt#684
1BA116,0098,coarse-only,42,0.744018,16.961979,0.195385,preds.pt#685
1BA116,0099,coarse-only,42,0.753774,17.112309,0.180860,preds.pt#686
1BA116,0100,coarse-only,42,0.739843,16.793429,0.169005,preds.pt#687
1BA116,0101,coarse-only,42,0.748855,17.322971,0.151279,preds.pt#688
1BA116,0102,coarse-only,42,0.754163,17.414259,0.181103,preds.pt#689
1BA116,0103,coarse-only,42,0.756121,17.283178,0.167437,preds.pt#690
1BA116,0104,coarse-only,42,0.753294,17.340070,0.176117,preds.pt#691
1BA116,0105,coarse-only,42,0.758461,17.161818,0.168004,preds.pt#692
1BA116,0106,coarse-only,42,0.748815,17.243815,0.182830,preds.pt#693
1BA116,0107,coarse-only,42,0.739705,16.902768,0.165072,preds.pt#694
1BA116,0108,coarse-only,42,0.743216,17.287177,0.157634,preds.pt#695
1BA116,0109,coarse-only,42,0.752476,17.217467,0.168796,preds.pt#696
1BA116,0110,coarse-only,42,0.728132,16.779470,0.167873,preds.pt#697
1BA116,0111,coarse-only,42,0.770903,17.899219,0.152072,preds.pt#698
1BA116,0112,coarse-only,42,0.762131,17.242115,0.143554,preds.pt#699
1BA116,0113,coarse-only,42,0.764315,17.590712,0.166316,preds.pt#700
1BA116,0114,coarse-only,42,0.771769,17.969591,0.159817,preds.pt#701
1BA116,0115,coarse-only,42,0.772578,18.027544,0.154092,preds.pt#702
1BA116,0116,coarse-only,42,0.770573,17.762660,0.151950,preds.pt#703
1BA116,0117,coarse-only,42,0.775499,17.938635,0.169598,preds.pt#704
1BA116,0118,coarse-only,42,0.777725,18.329942,0.167907,preds.pt#705
1BA116,0119,coarse-only,42,0.782128,18.170311,0.145808,preds.pt#706
1BA116,0120,coarse-only,42,0.790535,18.302784,0.146181,preds.pt#707
1BA116,0121,coarse-only,42,0.777494,17.531835,0.154008,preds.pt#708
1BA116,0122,coarse-only,42,0.791365,17.958032,0.136370,preds.pt#709
1BA116,0123,coarse-only,42,0.802977,18.656764,0.136023,preds.pt#710
1BA116,0124,coarse-only,42,0.790636,18.187469,0.140405,preds.pt#711
1BA116,0125,coarse-only,42,0.794830,18.541618,0.163058,preds.pt#712
1BA116,0126,coarse-only,42,0.787159,18.201018,0.156304,preds.pt#713
1BA116,0127,coarse-only,42,0.795313,18.822954,0.162264,preds.pt#714
1BA116,0128,coarse-only,42,0.780977,17.835561,0.154252,preds.pt#715
1BA116,0129,coarse-only,42,0.779695,18.241901,0.159168,preds.pt#716
1BA116,0130,coarse-only,42,0.785627,18.010781,0.165859,preds.pt#717
1BA116,0131,coarse-only,42,0.786870,17.642946,0.164756,preds.pt#718
1BA116,0132,coarse-only,42,0.795393,18.296991,0.173033,preds.pt#719
1BA116,0133,coarse-only,42,0.796684,18.048325,0.181683,preds.pt#720
1BA116,0134,coarse-only,42,0.808762,18.682745,0.156871,preds.pt#721
1BA116,0135,coarse-only,42,0.818346,18.770711,0.172584,preds.pt#722
1BA116,0136,coarse-only,42,0.803075,18.409143,0.154245,preds.pt#723
1BA116,0137,coarse-only,42,0.811198,18.598670,0.167362,preds.pt#724
1BA116,0138,coarse-only,42,0.816168,19.109758,0.148256,preds.pt#725
1BA116,0139,coarse-only,42,0.805511,18.730559,0.169711,preds.pt#726
1BA116,0140,coarse-only,42,0.823471,18.982545,0.137381,preds.pt#727
1BA116,0141,coarse-only,42,0.800119,18.169352,0.144913,preds.pt#728
1BA116,0142,coarse-only,42,0.809745,18.497495,0.135581,preds.pt#729
1BA116,0143,coarse-only,42,0.805340,18.206558,0.146888,preds.pt#730
1BA116,0144,coarse-only,42,0.803925,18.415994,0.147487,preds.pt#731
1BA116,0145,coarse-only,42,0.794038,17.982962,0.160370,preds.pt#732
1BA116,0146,coarse-only,42,0.793159,17.726980,0.161068,preds.pt#733
1BA116,0147,coarse-only,42,0.808655,18.185284,0.159145,preds.pt#734
1BA116,0148,coarse-only,42,0.794331,18.111075,0.159329,preds.pt#735
1BA116,0149,coarse-only,42,0.795532,18.206985,0.167377,preds.pt#736
1BA116,0150,coarse-only,42,0.784916,17.946147,0.160437,preds.pt#737
1BA116,0151,coarse-only,42,0.795604,17.892691,0.152545,preds.pt#738
1BA116,0152,coarse-only,42,0.800607,18.277618,0.152729,preds.pt#739
1BA116,0153,coarse-only,42,0.806291,18.371547,0.148382,preds.pt#740
1BA116,0154,coarse-only,42,0.778617,17.645313,0.190723,preds.pt#741
1BA116,0155,coarse-only,42,0.817679,18.560677,0.155655,preds.pt#742
1BA116,0156,coarse-only,42,0.796271,17.902650,0.174615,preds.pt#743
1BA116,0157,coarse-only,42,0.826215,18.452678,0.144441,preds.pt#744
1BA116,0158,coarse-only,42,0.821831,18.401809,0.159179,preds.pt#745
1BA116,0159,coarse-only,42,0.828235,18.545881,0.142413,preds.pt#746
1BA116,0160,coarse-only,42,0.814695,18.069345,0.168089,preds.pt#747
1BA116,0161,coarse-only,42,0.820909,18.157087,0.161919,preds.pt#748
1BA116,0162,coarse-only,42,0.817178,17.981465,0.126499,preds.pt#749
1BA116,0163,coarse-only,42,0.818691,18.061651,0.141856,preds.pt#750
1BA116,0164,coarse-only,42,0.832544,18.129006,0.137531,preds.pt#751
1BA116,0165,coarse-only,42,0.832175,18.051163,0.142656,preds.pt#752
1BA116,0166,coarse-only,42,0.824320,17.746652,0.175607,preds.pt#753
1BA116,0167,coarse-only,42,0.811345,17.494068,0.154589,preds.pt#754
1BA116,0168,coarse-only,42,0.827942,18.183671,0.156050,preds.pt#755
1BA116,0169,coarse-only,42,0.823441,18.123792,0.144997,preds.pt#756
1BA116,0170,coarse-only,42,0.824859,17.845993,0.165314,preds.pt#757
1BA116,0171,coarse-only,42,0.836720,17.961983,0.137370,preds.pt#758
1BA116,0172,coarse-only,42,0.836946,17.993320,0.131117,preds.pt#759
1BA116,0173,coarse-only,42,0.831728,17.255606,0.132465,preds.pt#760
1BA116,0174,coarse-only,42,0.820704,17.501018,0.160681,preds.pt#761
1BA116,0175,coarse-only,42,0.837364,17.939819,0.133764,preds.pt#762
1BA116,0176,coarse-only,42,0.833939,17.574953,0.138977,preds.pt#763
1BA116,0177,coarse-only,42,0.849600,18.295417,0.139514,preds.pt#764
1BA116,0178,coarse-only,42,0.824173,17.438648,0.149148,preds.pt#765
1BA116,0179,coarse-only,42,0.843150,17.206347,0.130579,preds.pt#766
1BA116,0180,coarse-only,42,0.843507,17.776882,0.125378,preds.pt#767
1BA116,0181,coarse-only,42,0.845103,17.379920,0.139372,preds.pt#768
1BA116,0182,coarse-only,42,0.842245,17.033238,0.153903,preds.pt#769
1BA116,0183,coarse-only,42,0.857460,17.380419,0.171200,preds.pt#770
1BA116,0184,coarse-only,42,0.861251,18.303321,0.132905,preds.pt#771
1BA116,0185,coarse-only,42,0.868784,18.264097,0.143626,preds.pt#772
1BA116,0186,coarse-only,42,0.874574,18.573528,0.158410,preds.pt#773
1BA116,0187,coarse-only,42,0.896743,19.414462,0.147127,preds.pt#774
1BA116,0188,coarse-only,42,0.906369,20.281588,0.123718,preds.pt#775
1BA116,0189,coarse-only,42,0.922309,21.079216,0.136230,preds.pt#776
1BA116,0190,coarse-only,42,0.940918,23.086088,0.097807,preds.pt#777
1BA116,0191,coarse-only,42,0.949542,24.687208,0.108025,preds.pt#778
1BA116,0192,coarse-only,42,0.949044,25.994887,0.128624,preds.pt#779
1BA116,0193,coarse-only,42,0.946188,25.412529,0.134680,preds.pt#780
1BA116,0194,coarse-only,42,0.939595,26.691989,0.156220,preds.pt#781
1BA116,0195,coarse-only,42,0.957013,28.752734,0.136520,preds.pt#782
1BA116,0196,coarse-only,42,0.939708,27.293590,0.162197,preds.pt#783
1BA184,0000,coarse-only,42,0.943276,24.849395,0.119075,preds.pt#784
1BA184,0001,coarse-only,42,0.927246,22.953039,0.126732,preds.pt#785
1BA184,0002,coarse-only,42,0.945689,25.138201,0.123745,preds.pt#786
1BA184,0003,coarse-only,42,0.943439,27.076976,0.106032,preds.pt#787
1BA184,0004,coarse-only,42,0.918601,23.784162,0.130889,preds.pt#788
1BA184,0005,coarse-only,42,0.930338,24.029889,0.133116,preds.pt#789
1BA184,0006,coarse-only,42,0.899065,20.769761,0.147144,preds.pt#790
1BA184,0007,coarse-only,42,0.910991,21.666700,0.117297,preds.pt#791
1BA184,0008,coarse-only,42,0.924193,22.698018,0.141563,preds.pt#792
1BA184,0009,coarse-only,42,0.902091,19.458148,0.158223,preds.pt#793
1BA184,0010,coarse-only,42,0.914158,20.612623,0.162803,preds.pt#794
1BA184,0011,coarse-only,42,0.933747,21.623822,0.149377,preds.pt#795
1BA184,0012,coarse-only,42,0.925712,20.639805,0.161296,preds.pt#796
1BA184,0013,coarse-only,42,0.921704,21.528322,0.140871,preds.pt#797
1BA184,0014,coarse-only,42,0.912472,20.305392,0.191941,preds.pt#798
1BA184,0015,coarse-only,42,0.900939,19.509419,0.185462,preds.pt#799
1BA184,0016,coarse-only,42,0.926025,22.595936,0.151644,preds.pt#800
1BA184,0017,coarse-only,42,0.922242,22.759275,0.155453,preds.pt#801
1BA184,0018,coarse-only,42,0.903364,19.383105,0.166234,preds.pt#802
1BA184,0019,coarse-only,42,0.910998,20.790444,0.130057,preds.pt#803
1BA184,0020,coarse-only,42,0.909485,21.217105,0.158762,preds.pt#804
1BA184,0021,coarse-only,42,0.907464,22.022320,0.143126,preds.pt#805
1BA184,0022,coarse-only,42,0.893087,20.568758,0.171276,preds.pt#806
1BA184,0023,coarse-only,42,0.915135,22.936509,0.123066,preds.pt#807
1BA184,0024,coarse-only,42,0.898654,21.480062,0.156634,preds.pt#808
1BA184,0025,coarse-only,42,0.887928,20.442336,0.167577,preds.pt#809
1BA184,0026,coarse-only,42,0.894980,21.417035,0.176473,preds.pt#810
1BA184,0027,coarse-only,42,0.864696,18.667653,0.202311,preds.pt#811
1BA184,0028,coarse-only,42,0.874967,20.145781,0.186731,preds.pt#812
1BA184,0029,coarse-only,42,0.893053,22.190986,0.163690,preds.pt#813
1BA184,0030,coarse-only,42,0.865639,19.737937,0.213972,preds.pt#814
1BA184,0031,coarse-only,42,0.871615,20.072678,0.196944,preds.pt#815
1BA184,0032,coarse-only,42,0.877250,20.579639,0.205951,preds.pt#816
1BA184,0033,coarse-only,42,0.864170,18.848440,0.194936,preds.pt#817
1BA184,0034,coarse-only,42,0.867095,19.636201,0.202079,preds.pt#818
1BA184,0035,coarse-only,42,0.853511,19.058237,0.202919,preds.pt#819
1BA184,0036,coarse-only,42,0.865104,20.009686,0.207920,preds.pt#820
1BA184,0037,coarse-only,42,0.878496,21.468325,0.198408,preds.pt#821
1BA184,0038,coarse-only,42,0.843746,19.161572,0.200590,preds.pt#822
1BA184,0039,coarse-only,42,0.842422,18.897422,0.203501,preds.pt#823
1BA184,0040,coarse-only,42,0.839370,19.220791,0.183607,preds.pt#824
1BA184,0041,coarse-only,42,0.827647,18.296866,0.211491,preds.pt#825
1BA184,0042,coarse-only,42,0.844460,19.053063,0.189960,preds.pt#826
1BA184,0043,coarse-only,42,0.824435,18.146163,0.199100,preds.pt#827
1BA184,0044,coarse-only,42,0.813714,17.946588,0.206097,preds.pt#828
1BA184,0045,coarse-only,42,0.785184,16.382075,0.215327,preds.pt#829
1BA184,0046,coarse-only,42,0.788333,16.746476,0.217574,preds.pt#830
1BA184,0047,coarse-only,42,0.798431,16.995346,0.217975,preds.pt#831
1BA184,0048,coarse-only,42,0.787245,16.866563,0.233558,preds.pt#832
1BA184,0049,coarse-only,42,0.775876,16.939850,0.257788,preds.pt#833
1BA184,0050,coarse-only,42,0.760931,16.383942,0.247090,preds.pt#834
1BA184,0051,coarse-only,42,0.766896,16.690282,0.275002,preds.pt#835
1BA184,0052,coarse-only,42,0.792784,18.186137,0.235074,preds.pt#836
1BA184,0053,coarse-only,42,0.790055,17.959099,0.256614,preds.pt#837
1BA184,0054,coarse-only,42,0.795276,17.250142,0.247322,preds.pt#838
1BA184,0055,coarse-only,42,0.799437,18.255304,0.232786,preds.pt#839
1BA184,0056,coarse-only,42,0.770095,16.469705,0.251695,preds.pt#840
1BA184,0057,coarse-only,42,0.756742,15.922790,0.251850,preds.pt#841
1BA184,0058,coarse-only,42,0.786815,16.898593,0.253574,preds.pt#842
1BA184,0059,coarse-only,42,0.783712,17.329088,0.243097,preds.pt#843
1BA184,0060,coarse-only,42,0.789148,17.503932,0.251622,preds.pt#844
1BA184,0061,coarse-only,42,0.789429,18.051641,0.257235,preds.pt#845
1BA184,0062,coarse-only,42,0.803334,18.562716,0.265749,preds.pt#846
1BA184,0063,coarse-only,42,0.794028,18.166641,0.288230,preds.pt#847
1BA184,0064,coarse-only,42,0.792917,17.643440,0.312411,preds.pt#848
1BA184,0065,coarse-only,42,0.774632,17.632713,0.295164,preds.pt#849
1BA184,0066,coarse-only,42,0.778302,18.137854,0.291424,preds.pt#850
1BA184,0067,coarse-only,42,0.782747,18.189038,0.273849,preds.pt#851
1BA184,0068,coarse-only,42,0.777746,18.088258,0.259228,preds.pt#852
1BA184,0069,coarse-only,42,0.770982,18.261096,0.276403,preds.pt#853
1BA184,0070,coarse-only,42,0.776453,18.456486,0.271618,preds.pt#854
1BA184,0071,coarse-only,42,0.758313,17.995199,0.275712,preds.pt#855
1BA184,0072,coarse-only,42,0.767372,18.262142,0.241057,preds.pt#856
1BA184,0073,coarse-only,42,0.748685,17.295189,0.288239,preds.pt#857
1BA184,0074,coarse-only,42,0.739467,16.650911,0.295846,preds.pt#858
1BA184,0075,coarse-only,42,0.752083,17.502161,0.292173,preds.pt#859
1BA184,0076,coarse-only,42,0.749002,17.662400,0.270679,preds.pt#860
1BA184,0077,coarse-only,42,0.731514,17.161427,0.240885,preds.pt#861
1BA184,0078,coarse-only,42,0.741496,17.685976,0.241023,preds.pt#862
1BA184,0079,coarse-only,42,0.741888,17.635233,0.269034,preds.pt#863
1BA184,0080,coarse-only,42,0.728204,17.166296,0.237631,preds.pt#864
1BA184,0081,coarse-only,42,0.714417,16.929997,0.223204,preds.pt#865
1BA184,0082,coarse-only,42,0.725819,17.424072,0.239681,preds.pt#866
1BA184,0083,coarse-only,42,0.717559,17.078538,0.237243,preds.pt#867
1BA184,0084,coarse-only,42,0.729410,17.759906,0.229231,preds.pt#868
1BA184,0085,coarse-only,42,0.720542,17.307930,0.246410,preds.pt#869
1BA184,0086,coarse-only,42,0.729809,17.697883,0.237037,preds.pt#870
1BA184,0087,coarse-only,42,0.721900,17.546993,0.256054,preds.pt#871
1BA184,0088,coarse-only,42,0.710861,17.053352,0.268734,preds.pt#872
1BA184,0089,coarse-only,42,0.727848,17.575381,0.237094,preds.pt#873
1BA184,0090,coarse-only,42,0.716224,17.267516,0.237683,preds.pt#874
1BA184,0091,coarse-only,42,0.694022,17.244514,0.257045,preds.pt#875
1BA184,0092,coarse-only,42,0.684231,16.737346,0.248452,preds.pt#876
1BA184,0093,coarse-only,42,0.679184,16.582961,0.219331,preds.pt#877
1BA184,0094,coarse-only,42,0.693526,17.404954,0.211168,preds.pt#878
1BA184,0095,coarse-only,42,0.686008,16.923644,0.219647,preds.pt#879
1BA184,0096,coarse-only,42,0.691653,16.578345,0.233526,preds.pt#880
1BA184,0097,coarse-only,42,0.685579,16.408256,0.243952,preds.pt#881
1BA184,0098,coarse-only,42,0.691373,16.832161,0.231058,preds.pt#882
1BA184,0099,coarse-only,42,0.695394,16.910735,0.223852,preds.pt#883
1BA184,0100,coarse-only,42,0.720193,17.474219,0.208044,preds.pt#884
1BA184,0101,coarse-only,42,0.721674,17.472504,0.193076,preds.pt#885
1BA184,0102,coarse-only,42,0.735442,17.822568,0.194339,preds.pt#886
1BA184,0103,coarse-only,42,0.733582,17.469226,0.184852,preds.pt#887
1BA184,0104,coarse-only,42,0.741698,17.731318,0.188431,preds.pt#888
1BA184,0105,coarse-only,42,0.750828,17.621640,0.181308,preds.pt#889
1BA184,0106,coarse-only,42,0.747232,17.524437,0.183773,preds.pt#890
1BA184,0107,coarse-only,42,0.756701,17.989361,0.181363,preds.pt#891
1BA184,0108,coarse-only,42,0.757277,17.972104,0.201684,preds.pt#892
1BA184,0109,coarse-only,42,0.769354,18.233653,0.191057,preds.pt#893
1BA184,0110,coarse-only,42,0.749281,17.742550,0.189626,preds.pt#894
1BA184,0111,coarse-only,42,0.759818,17.840886,0.192828,preds.pt#895
1BA184,0112,coarse-only,42,0.758021,18.241574,0.186773,preds.pt#896
1BA184,0113,coarse-only,42,0.761518,18.176074,0.178514,preds.pt#897
1BA184,0114,coarse-only,42,0.762435,17.883267,0.186162,preds.pt#898
1BA184,0115,coarse-only,42,0.780025,17.792281,0.189538,preds.pt#899
1BA184,0116,coarse-only,42,0.797799,18.520305,0.181299,preds.pt#900
1BA184,0117,coarse-only,42,0.772520,17.560843,0.175233,preds.pt#901
1BA184,0118,coarse-only,42,0.798080,18.303491,0.158440,preds.pt#902
1BA184,0119,coarse-only,42,0.770613,17.579887,0.154855,preds.pt#903
1BA184,0120,coarse-only,42,0.778316,17.981942,0.155534,preds.pt#904
1BA184,0121,coarse-only,42,0.790152,18.214395,0.133566,preds.pt#905
1BA184,0122,coarse-only,42,0.801691,18.715264,0.143202,preds.pt#906
1BA184,0123,coarse-only,42,0.784630,18.005541,0.131609,preds.pt#907
1BA184,0124,coarse-only,42,0.792252,18.671275,0.122205,preds.pt#908
1BA184,0125,coarse-only,42,0.790998,18.128296,0.121486,preds.pt#909
1BA184,0126,coarse-only,42,0.786155,18.047336,0.118496,preds.pt#910
1BA184,0127,coarse-only,42,0.790364,18.135504,0.127383,preds.pt#911
1BA184,0128,coarse-only,42,0.803812,18.555988,0.125359,preds.pt#912
1BA184,0129,coarse-only,42,0.802599,18.413469,0.111466,preds.pt#913
1BA184,0130,coarse-only,42,0.804076,18.910668,0.127455,preds.pt#914
1BA184,0131,coarse-only,42,0.808055,18.464502,0.112982,preds.pt#915
1BA184,0132,coarse-only,42,0.813353,18.772437,0.105907,preds.pt#916
1BA184,0133,coarse-only,42,0.824348,19.257811,0.122275,preds.pt#917
1BA184,0134,coarse-only,42,0.820807,19.438679,0.124176,preds.pt#918
1BA184,0135,coarse-only,42,0.812474,19.054626,0.112039,preds.pt#919
1BA184,0136,coarse-only,42,0.806532,18.454637,0.105025,preds.pt#920
1BA184,0137,coarse-only,42,0.816811,18.990194,0.112051,preds.pt#921
1BA184,0138,coarse-only,42,0.801579,18.142550,0.104118,preds.pt#922
1BA184,0139,coarse-only,42,0.822084,18.838017,0.100946,preds.pt#923
1BA184,0140,coarse-only,42,0.822842,19.222600,0.089574,preds.pt#924
1BA184,0141,coarse-only,42,0.809667,18.619259,0.078589,preds.pt#925
1BA184,0142,coarse-only,42,0.826904,19.072646,0.075501,preds.pt#926
1BA184,0143,coarse-only,42,0.832438,19.278883,0.083887,preds.pt#927
1BA184,0144,coarse-only,42,0.829464,19.127555,0.097692,preds.pt#928
1BA184,0145,coarse-only,42,0.757251,19.052385,0.091193,preds.pt#929
1BA184,0146,coarse-only,42,0.830263,19.380871,0.097261,preds.pt#930
1BA184,0147,coarse-only,42,0.804526,19.074814,0.088031,preds.pt#931
1BA184,0148,coarse-only,42,0.836421,19.578536,0.095982,preds.pt#932
1BA184,0149,coarse-only,42,0.856501,21.083238,0.083130,preds.pt#933
1BA184,0150,coarse-only,42,0.844978,19.686583,0.086193,preds.pt#934
1BA184,0151,coarse-only,42,0.829877,19.088629,0.089314,preds.pt#935
1BA184,0152,coarse-only,42,0.842636,19.309919,0.101196,preds.pt#936
1BA184,0153,coarse-only,42,0.842990,19.474991,0.085311,preds.pt#937
1BA184,0154,coarse-only,42,0.777717,19.394920,0.072708,preds.pt#938
1BA184,0155,coarse-only,42,0.781914,18.975165,0.072732,preds.pt#939
1BA184,0156,coarse-only,42,0.786495,19.353187,0.069090,preds.pt#940
1BA184,0157,coarse-only,42,0.803348,20.139228,0.068319,preds.pt#941
1BA184,0158,coarse-only,42,0.776881,19.036182,0.078247,preds.pt#942
1BA184,0159,coarse-only,42,0.799357,19.584137,0.081844,preds.pt#943
1BA184,0160,coarse-only,42,0.857756,20.386039,0.079942,preds.pt#944
1BA184,0161,coarse-only,42,0.868408,19.779781,0.073237,preds.pt#945
1BA184,0162,coarse-only,42,0.776747,18.985148,0.077432,preds.pt#946
1BA184,0163,coarse-only,42,0.866272,19.876792,0.076370,preds.pt#947
1BA184,0164,coarse-only,42,0.873697,19.841645,0.064547,preds.pt#948
1BA184,0165,coarse-only,42,0.862615,19.400111,0.071695,preds.pt#949
1BA184,0166,coarse-only,42,0.868257,19.335272,0.063231,preds.pt#950
1BA184,0167,coarse-only,42,0.868436,19.821062,0.071288,preds.pt#951
1BA184,0168,coarse-only,42,0.881077,20.093404,0.069745,preds.pt#952
1BA184,0169,coarse-only,42,0.881710,20.023132,0.078635,preds.pt#953
1BA184,0170,coarse-only,42,0.877286,19.673374,0.071993,preds.pt#954
1BA184,0171,coarse-only,42,0.879748,19.743119,0.074324,preds.pt#955
1BA184,0172,coarse-only,42,0.887622,20.447373,0.069627,preds.pt#956
1BA184,0173,coarse-only,42,0.886201,20.593299,0.079320,preds.pt#957
1BA184,0174,coarse-only,42,0.886597,20.101510,0.063730,preds.pt#958
1BA184,0175,coarse-only,42,0.893161,20.864578,0.069813,preds.pt#959
1BA184,0176,coarse-only,42,0.878872,20.165675,0.059385,preds.pt#960
1BA184,0177,coarse-only,42,0.872896,19.594436,0.058488,preds.pt#961
1BA184,0178,coarse-only,42,0.877776,19.931058,0.069934,preds.pt#962
1BA184,0179,coarse-only,42,0.864402,19.324753,0.070091,preds.pt#963
1BA184,0180,coarse-only,42,0.857901,19.084632,0.078940,preds.pt#964
1BA184,0181,coarse-only,42,0.857639,19.185943,0.070298,preds.pt#965
1BA184,0182,coarse-only,42,0.850973,19.021937,0.068497,preds.pt#966
1BA184,0183,coarse-only,42,0.828905,17.796544,0.094834,preds.pt#967
1BA184,0184,coarse-only,42,0.842757,17.600912,0.087471,preds.pt#968
1BA184,0185,coarse-only,42,0.860790,18.945154,0.089513,preds.pt#969
1BA184,0186,coarse-only,42,0.849206,17.643824,0.096300,preds.pt#970
1BA184,0187,coarse-only,42,0.858053,19.254350,0.080755,preds.pt#971
1BA184,0188,coarse-only,42,0.851045,18.324107,0.089766,preds.pt#972
1BA184,0189,coarse-only,42,0.828914,16.979436,0.107451,preds.pt#973
1BA184,0190,coarse-only,42,0.863212,17.987514,0.096918,preds.pt#974
1BA184,0191,coarse-only,42,0.838545,16.114895,0.123379,preds.pt#975
1BA184,0192,coarse-only,42,0.819133,15.197102,0.133028,preds.pt#976
1BA184,0193,coarse-only,42,0.830146,15.006677,0.146953,preds.pt#977
1BA184,0194,coarse-only,42,0.822029,14.489239,0.156315,preds.pt#978
1BA184,0195,coarse-only,42,0.840888,14.833459,0.208195,preds.pt#979
1BA184,0196,coarse-only,42,0.849439,15.988051,0.218627,preds.pt#980
1BA184,0197,coarse-only,42,0.873247,16.749735,0.222490,preds.pt#981
1BA222,0001,coarse-only,42,0.963648,33.061931,0.152203,preds.pt#982
1BA222,0002,coarse-only,42,0.966273,30.004918,0.192659,preds.pt#983
1BA222,0003,coarse-only,42,0.954015,27.230020,0.141798,preds.pt#984
1BA222,0004,coarse-only,42,0.959755,26.613049,0.206152,preds.pt#985
1BA222,0005,coarse-only,42,0.910380,22.350021,0.208253,preds.pt#986
1BA222,0006,coarse-only,42,0.935085,22.689524,0.094858,preds.pt#987
1BA222,0007,coarse-only,42,0.938489,23.091101,0.163554,preds.pt#988
1BA222,0008,coarse-only,42,0.924946,20.957315,0.115593,preds.pt#989
1BA222,0009,coarse-only,42,0.944691,22.255270,0.224743,preds.pt#990
1BA222,0010,coarse-only,42,0.936607,23.723841,0.104749,preds.pt#991
1BA222,0011,coarse-only,42,0.951925,24.271611,0.171304,preds.pt#992
1BA222,0012,coarse-only,42,0.924311,21.315455,0.111055,preds.pt#993
1BA222,0013,coarse-only,42,0.925173,22.109265,0.139306,preds.pt#994
1BA222,0014,coarse-only,42,0.919615,21.773410,0.148763,preds.pt#995
1BA222,0015,coarse-only,42,0.934619,23.082103,0.150334,preds.pt#996
1BA222,0016,coarse-only,42,0.912264,20.730226,0.165041,preds.pt#997
1BA222,0017,coarse-only,42,0.910302,19.978088,0.174793,preds.pt#998
1BA222,0018,coarse-only,42,0.920971,19.999132,0.185829,preds.pt#999
1BA222,0019,coarse-only,42,0.899203,20.248107,0.159553,preds.pt#1000
1BA222,0020,coarse-only,42,0.928441,22.219474,0.141162,preds.pt#1001
1BA222,0021,coarse-only,42,0.892257,18.673260,0.205240,preds.pt#1002
1BA222,0022,coarse-only,42,0.929914,22.449248,0.149823,preds.pt#1003
1BA222,0023,coarse-only,42,0.928045,22.721229,0.143459,preds.pt#1004
1BA222,0024,coarse-only,42,0.911062,21.545645,0.186916,preds.pt#1005
1BA222,0025,coarse-only,42,0.902084,20.255255,0.173298,preds.pt#1006
1BA222,0026,coarse-only,42,0.925734,23.119233,0.158768,preds.pt#1007
1BA222,0027,coarse-only,42,0.892934,20.172047,0.176732,preds.pt#1008
1BA222,0028,coarse-only,42,0.899606,21.282072,0.187044,preds.pt#1009
1BA222,0029,coarse-only,42,0.892770,20.318998,0.190334,preds.pt#1010
1BA222,0030,coarse-only,42,0.895923,20.805202,0.198114,preds.pt#1011
1BA222,0031,coarse-only,42,0.901123,21.955173,0.147920,preds.pt#1012
1BA222,0032,coarse-only,42,0.878227,19.771620,0.211331,preds.pt#1013
1BA222,0033,coarse-only,42,0.891011,21.117170,0.182658,preds.pt#1014
1BA222,0034,coarse-only,42,0.878021,20.293136,0.188245,preds.pt#1015
1BA222,0035,coarse-only,42,0.874733,20.391440,0.187543,preds.pt#1016
1BA222,0036,coarse-only,42,0.870398,20.033010,0.192568,preds.pt#1017
1BA222,0037,coarse-only,42,0.868687,19.626392,0.201295,preds.pt#1018
1BA222,0038,coarse-only,42,0.873991,20.558810,0.184933,preds.pt#1019
1BA222,0039,coarse-only,42,0.859681,19.696936,0.198875,preds.pt#1020
1BA222,0040,coarse-only,42,0.855718,19.378115,0.213356,preds.pt#1021
1BA222,0041,coarse-only,42,0.864162,21.019370,0.198110,preds.pt#1022
1BA222,0042,coarse-only,42,0.854817,20.452693,0.196828,preds.pt#1023
1BA222,0043,coarse-only,42,0.843278,18.856832,0.234518,preds.pt#1024
1BA222,0044,coarse-only,42,0.824031,19.009845,0.205749,preds.pt#1025
1BA222,0045,coarse-only,42,0.833147,19.574313,0.216325,preds.pt#1026
1BA222,0046,coarse-only,42,0.823456,18.261766,0.233512,preds.pt#1027
1BA222,0047,coarse-only,42,0.830421,19.762339,0.217128,preds.pt#1028
1BA222,0048,coarse-only,42,0.808714,18.355166,0.226607,preds.pt#1029
1BA222,0049,coarse-only,42,0.794432,17.805894,0.221804,preds.pt#1030
1BA222,0050,coarse-only,42,0.786346,17.431019,0.228745,preds.pt#1031
1BA222,0051,coarse-only,42,0.799632,18.608804,0.207751,preds.pt#1032
1BA222,0052,coarse-only,42,0.789172,18.070383,0.218751,preds.pt#1033
1BA222,0053,coarse-only,42,0.783932,16.973587,0.243266,preds.pt#1034
1BA222,0054,coarse-only,42,0.793863,17.684872,0.219925,preds.pt#1035
1BA222,0055,coarse-only,42,0.793383,17.147821,0.244198,preds.pt#1036
1BA222,0056,coarse-only,42,0.803836,17.953710,0.229777,preds.pt#1037
1BA222,0057,coarse-only,42,0.809550,17.968827,0.216992,preds.pt#1038
1BA222,0058,coarse-only,42,0.800756,17.318637,0.236301,preds.pt#1039
1BA222,0059,coarse-only,42,0.797010,17.467643,0.217307,preds.pt#1040
1BA222,0060,coarse-only,42,0.794914,17.805922,0.243190,preds.pt#1041
1BA222,0061,coarse-only,42,0.783513,17.691942,0.252197,preds.pt#1042
1BA222,0062,coarse-only,42,0.777012,16.728453,0.280218,preds.pt#1043
1BA222,0063,coarse-only,42,0.786504,17.691123,0.287159,preds.pt#1044
1BA222,0064,coarse-only,42,0.778620,17.551489,0.293535,preds.pt#1045
1BA222,0065,coarse-only,42,0.804128,19.102923,0.234609,preds.pt#1046
1BA222,0066,coarse-only,42,0.801837,18.801759,0.239339,preds.pt#1047
1BA222,0067,coarse-only,42,0.806532,19.129723,0.235284,preds.pt#1048
1BA222,0068,coarse-only,42,0.787946,18.227575,0.257928,preds.pt#1049
1BA222,0069,coarse-only,42,0.800253,18.886978,0.243058,preds.pt#1050
1BA222,0070,coarse-only,42,0.796869,18.835520,0.228865,preds.pt#1051
1BA222,0071,coarse-only,42,0.797835,19.024783,0.245408,preds.pt#1052
1BA222,0072,coarse-only,42,0.787879,18.811220,0.237826,preds.pt#1053
1BA222,0073,coarse-only,42,0.785279,18.421431,0.252920,preds.pt#1054
1BA222,0074,coarse-only,42,0.769369,18.558518,0.248032,preds.pt#1055
1BA222,0075,coarse-only,42,0.764841,18.456827,0.255214,preds.pt#1056
1BA222,0076,coarse-only,42,0.776640,18.848198,0.229459,preds.pt#1057
1BA222,0077,coarse-only,42,0.762389,18.284155,0.239650,preds.pt#1058
1BA222,0078,coarse-only,42,0.766831,18.416510,0.225209,preds.pt#1059
1BA222,0079,coarse-only,42,0.760321,18.337623,0.258455,preds.pt#1060
1BA222,0080,coarse-only,42,0.756373,18.130248,0.225764,preds.pt#1061
1BA222,0081,coarse-only,42,0.754839,18.343613,0.213638,preds.pt#1062
1BA222,0082,coarse-only,42,0.764341,18.422372,0.187945,preds.pt#1063
1BA222,0083,coarse-only,42,0.755065,18.363064,0.206543,preds.pt#1064
1BA222,0084,coarse-only,42,0.738794,17.924177,0.215163,preds.pt#1065
1BA222,0085,coarse-only,42,0.764352,18.806074,0.231059,preds.pt#1066
1BA222,0086,coarse-only,42,0.754316,18.757739,0.196776,preds.pt#1067
1BA222,0087,coarse-only,42,0.751589,18.090568,0.202795,preds.pt#1068
1BA222,0088,coarse-only,42,0.771886,19.245569,0.204844,preds.pt#1069
1BA222,0089,coarse-only,42,0.738328,18.229942,0.214901,preds.pt#1070
1BA222,0090,coarse-only,42,0.737202,18.475896,0.214425,preds.pt#1071
1BA222,0091,coarse-only,42,0.718423,17.597268,0.212306,preds.pt#1072
1BA222,0092,coarse-only,42,0.727706,17.954776,0.218938,preds.pt#1073
1BA222,0093,coarse-only,42,0.721379,17.700225,0.207139,preds.pt#1074
1BA222,0094,coarse-only,42,0.743813,18.795334,0.192444,preds.pt#1075
1BA222,0095,coarse-only,42,0.747388,18.649441,0.199817,preds.pt#1076
1BA222,0096,coarse-only,42,0.744634,18.565508,0.209064,preds.pt#1077
1BA222,0097,coarse-only,42,0.741007,18.096855,0.219213,preds.pt#1078
1BA222,0098,coarse-only,42,0.742002,18.258315,0.187128,preds.pt#1079
1BA222,0099,coarse-only,42,0.752543,18.515939,0.216853,preds.pt#1080
1BA222,0100,coarse-only,42,0.760448,18.709829,0.204513,preds.pt#1081
1BA222,0101,coarse-only,42,0.755903,18.634319,0.211975,preds.pt#1082
1BA222,0102,coarse-only,42,0.755861,18.412489,0.178008,preds.pt#1083
1BA222,0103,coarse-only,42,0.752990,18.312553,0.203120,preds.pt#1084
1BA222,0104,coarse-only,42,0.778367,19.306040,0.188147,preds.pt#1085
1BA222,0105,coarse-only,42,0.762677,18.692718,0.177882,preds.pt#1086
1BA222,0106,coarse-only,42,0.776062,18.744975,0.187310,preds.pt#1087
1BA222,0107,coarse-only,42,0.762576,18.454258,0.177688,preds.pt#1088
1BA222,0108,coarse-only,42,0.766312,18.345204,0.181390,preds.pt#1089
1BA222,0109,coarse-only,42,0.771491,18.479613,0.182608,preds.pt#1090
1BA222,0110,coarse-only,42,0.785622,19.159134,0.189521,preds.pt#1091
1BA222,0111,coarse-only,42,0.777490,19.174243,0.171238,preds.pt#1092
1BA222,0112,coarse-only,42,0.800200,19.644293,0.148163,preds.pt#1093
1BA222,0113,coarse-only,42,0.783018,19.023692,0.144826,preds.pt#1094
1BA222,0114,coarse-only,42,0.812450,19.961726,0.138737,preds.pt#1095
1BA222,0115,coarse-only,42,0.803322,19.521981,0.141736,preds.pt#1096
1BA222,0116,coarse-only,42,0.789908,19.398959,0.139793,preds.pt#1097
1BA222,0117,coarse-only,42,0.802051,19.532209,0.125669,preds.pt#1098
1BA222,0118,coarse-only,42,0.818636,19.750734,0.125694,preds.pt#1099
1BA222,0119,coarse-only,42,0.822595,19.958345,0.115491,preds.pt#1100
1BA222,0120,coarse-only,42,0.814517,19.457725,0.117982,preds.pt#1101
1BA222,0121,coarse-only,42,0.829987,20.286966,0.120176,preds.pt#1102
1BA222,0122,coarse-only,42,0.822830,19.950457,0.106962,preds.pt#1103
1BA222,0123,coarse-only,42,0.822456,19.825338,0.124940,preds.pt#1104
1BA222,0124,coarse-only,42,0.817209,19.936037,0.121694,preds.pt#1105
1BA222,0125,coarse-only,42,0.813565,19.769590,0.139673,preds.pt#1106
1BA222,0126,coarse-only,42,0.810142,19.472082,0.122152,preds.pt#1107
1BA222,0127,coarse-only,42,0.826884,20.137730,0.109664,preds.pt#1108
1BA222,0128,coarse-only,42,0.812166,19.652692,0.108982,preds.pt#1109
1BA222,0129,coarse-only,42,0.800679,19.439930,0.107199,preds.pt#1110
1BA222,0130,coarse-only,42,0.817154,20.035392,0.113270,preds.pt#1111
1BA222,0131,coarse-only,42,0.825871,19.960827,0.095198,preds.pt#1112
1BA222,0132,coarse-only,42,0.826828,20.094952,0.096204,preds.pt#1113
1BA222,0133,coarse-only,42,0.831712,20.122282,0.088647,preds.pt#1114
1BA222,0134,coarse-only,42,0.825158,19.675187,0.084651,preds.pt#1115
1BA222,0135,coarse-only,42,0.840734,20.492937,0.072299,preds.pt#1116
1BA222,0136,coarse-only,42,0.839239,20.642841,0.082255,preds.pt#1117
1BA222,0137,coarse-only,42,0.853588,21.508746,0.080769,preds.pt#1118
1BA222,0138,coarse-only,42,0.833983,20.637191,0.085907,preds.pt#1119
1BA222,0139,coarse-only,42,0.854409,21.481774,0.089958,preds.pt#1120
1BA222,0140,coarse-only,42,0.838236,20.861150,0.088158,preds.pt#1121
1BA222,0141,coarse-only,42,0.858117,21.800241,0.084537,preds.pt#1122
1BA222,0142,coarse-only,42,0.844726,21.227019,0.083762,preds.pt#1123
1BA222,0143,coarse-only,42,0.845157,21.512779,0.077509,preds.pt#1124
1BA222,0144,coarse-only,42,0.861244,21.951031,0.080949,preds.pt#1125
1BA222,0145,coarse-only,42,0.846589,21.668380,0.097067,preds.pt#1126
1BA222,0146,coarse-only,42,0.838985,21.525411,0.080393,preds.pt#1127
1BA222,0147,coarse-only,42,0.840017,21.084830,0.084591,preds.pt#1128
1BA222,0148,coarse-only,42,0.834946,21.414338,0.065132,preds.pt#1129
1BA222,0149,coarse-only,42,0.864386,21.758641,0.074389,preds.pt#1130
1BA222,0150,coarse-only,42,0.860200,21.469871,0.073910,preds.pt#1131
1BA222,0151,coarse-only,42,0.852493,20.891414,0.075810,preds.pt#1132
1BA222,0152,coarse-only,42,0.856071,21.363404,0.070603,preds.pt#1133
1BA222,0153,coarse-only,42,0.845706,21.294580,0.062580,preds.pt#1134
1BA222,0154,coarse-only,42,0.850286,21.178658,0.070600,preds.pt#1135
1BA222,0155,coarse-only,42,0.854068,20.873867,0.068696,preds.pt#1136
1BA222,0156,coarse-only,42,0.857628,21.388011,0.063614,preds.pt#1137
1BA222,0157,coarse-only,42,0.867480,22.068090,0.064224,preds.pt#1138
1BA222,0158,coarse-only,42,0.873789,21.774449,0.066025,preds.pt#1139
1BA222,0159,coarse-only,42,0.875431,21.454267,0.061813,preds.pt#1140
1BA222,0160,coarse-only,42,0.883046,21.930756,0.061256,preds.pt#1141
1BA222,0161,coarse-only,42,0.886424,21.368410,0.064967,preds.pt#1142
1BA222,0162,coarse-only,42,0.866924,20.804115,0.061093,preds.pt#1143
1BA222,0163,coarse-only,42,0.883030,21.467742,0.063642,preds.pt#1144
1BA222,0164,coarse-only,42,0.899310,22.287761,0.054970,preds.pt#1145
1BA222,0165,coarse-only,42,0.907927,22.414515,0.054371,preds.pt#1146
1BA222,0166,coarse-only,42,0.893735,21.355974,0.046502,preds.pt#1147
1BA222,0167,coarse-only,42,0.899940,22.036150,0.047774,preds.pt#1148
1BA222,0168,coarse-only,42,0.895111,21.591562,0.051436,preds.pt#1149
1BA222,0169,coarse-only,42,0.883054,21.013602,0.052823,preds.pt#1150
1BA222,0170,coarse-only,42,0.902540,22.741659,0.048584,preds.pt#1151
1BA222,0171,coarse-only,42,0.891129,21.662599,0.050414,preds.pt#1152
1BA222,0172,coarse-only,42,0.882369,21.393019,0.053589,preds.pt#1153
1BA222,0173,coarse-only,42,0.892197,21.977832,0.053008,preds.pt#1154
1BA222,0174,coarse-only,42,0.878856,21.225271,0.068544,preds.pt#1155
1BA222,0175,coarse-only,42,0.894752,21.646134,0.061286,preds.pt#1156
1BA222,0176,coarse-only,42,0.899648,22.612295,0.059133,preds.pt#1157
1BA222,0177,coarse-only,42,0.896816,22.442917,0.060293,preds.pt#1158
1BA222,0178,coarse-only,42,0.879518,21.358481,0.070463,preds.pt#1159
1BA222,0179,coarse-only,42,0.896470,22.106360,0.062956,preds.pt#1160
1BA222,0180,coarse-only,42,0.892541,22.277884,0.067669,preds.pt#1161
1BA222,0181,coarse-only,42,0.900715,23.374322,0.058446,preds.pt#1162
1BA222,0182,coarse-only,42,0.891700,22.711399,0.060153,preds.pt#1163
1BA222,0183,coarse-only,42,0.888093,22.460127,0.058853,preds.pt#1164
1BA222,0184,coarse-only,42,0.886142,22.304278,0.050115,preds.pt#1165
1BA222,0185,coarse-only,42,0.871909,22.185602,0.065258,preds.pt#1166
1BA222,0186,coarse-only,42,0.893775,22.607425,0.065252,preds.pt#1167
1BA222,0187,coarse-only,42,0.916080,24.012201,0.052207,preds.pt#1168
1BA222,0188,coarse-only,42,0.905277,23.177648,0.056823,preds.pt#1169
1BA222,0189,coarse-only,42,0.916730,23.713876,0.056743,preds.pt#1170
1BA222,0190,coarse-only,42,0.917729,23.567175,0.059527,preds.pt#1171
1BA222,0191,coarse-only,42,0.899602,22.548968,0.078090,preds.pt#1172
1BA222,0192,coarse-only,42,0.838720,20.222817,0.116003,preds.pt#1173
1BA222,0193,coarse-only,42,0.918378,23.203922,0.076119,preds.pt#1174
1BA222,0194,coarse-only,42,0.924321,24.383254,0.066169,preds.pt#1175
1BA222,0195,coarse-only,42,0.937786,25.648152,0.062610,preds.pt#1176
1BA222,0196,coarse-only,42,0.931258,24.780626,0.081165,preds.pt#1177
1BA222,0197,coarse-only,42,0.930821,22.576204,0.082217,preds.pt#1178
1BA222,0198,coarse-only,42,0.939570,25.324348,0.095791,preds.pt#1179
1BA222,0199,coarse-only,42,0.919594,22.480091,0.147238,preds.pt#1180
1BA222,0200,coarse-only,42,0.903572,19.676965,0.234448,preds.pt#1181
1BA222,0201,coarse-only,42,0.935578,27.318544,0.150140,preds.pt#1182
1BA222,0202,coarse-only,42,0.936078,27.420305,0.140148,preds.pt#1183
1BA222,0203,coarse-only,42,0.908746,23.043691,0.186747,preds.pt#1184
1BA256,0000,coarse-only,42,0.963146,35.364401,0.226601,preds.pt#1185
1BA256,0001,coarse-only,42,0.962291,31.707222,0.257320,preds.pt#1186
1BA256,0002,coarse-only,42,0.960356,29.230891,0.255342,preds.pt#1187
1BA256,0003,coarse-only,42,0.972859,30.563932,0.134055,preds.pt#1188
1BA256,0004,coarse-only,42,0.949660,25.868280,0.288147,preds.pt#1189
1BA256,0005,coarse-only,42,0.932747,24.421982,0.314636,preds.pt#1190
1BA256,0006,coarse-only,42,0.955243,24.577299,0.197733,preds.pt#1191
1BA256,0007,coarse-only,42,0.962916,25.943193,0.159488,preds.pt#1192
1BA256,0008,coarse-only,42,0.892189,22.679199,0.323320,preds.pt#1193
1BA256,0009,coarse-only,42,0.946779,23.211684,0.217838,preds.pt#1194
1BA256,0010,coarse-only,42,0.948847,23.689945,0.186629,preds.pt#1195
1BA256,0011,coarse-only,42,0.968782,27.637853,0.117624,preds.pt#1196
1BA256,0012,coarse-only,42,0.936739,21.636966,0.216889,preds.pt#1197
1BA256,0013,coarse-only,42,0.952757,24.775558,0.149100,preds.pt#1198
1BA256,0014,coarse-only,42,0.930444,22.426829,0.168503,preds.pt#1199
1BA256,0015,coarse-only,42,0.960272,26.097156,0.121775,preds.pt#1200
1BA256,0016,coarse-only,42,0.946362,24.452023,0.157545,preds.pt#1201
1BA256,0017,coarse-only,42,0.952684,24.551366,0.152500,preds.pt#1202
1BA256,0018,coarse-only,42,0.947722,23.981414,0.156544,preds.pt#1203
1BA256,0019,coarse-only,42,0.947815,24.658017,0.156179,preds.pt#1204
1BA256,0020,coarse-only,42,0.944598,24.503086,0.169755,preds.pt#1205
1BA256,0021,coarse-only,42,0.941527,24.369874,0.183952,preds.pt#1206
1BA256,0022,coarse-only,42,0.936442,23.483054,0.186207,preds.pt#1207
1BA256,0023,coarse-only,42,0.946038,24.656148,0.178391,preds.pt#1208
1BA256,0024,coarse-only,42,0.932849,23.375114,0.162459,preds.pt#1209
1BA256,0025,coarse-only,42,0.909530,21.663792,0.189708,preds.pt#1210
1BA256,0026,coarse-only,42,0.924306,22.715059,0.173001,preds.pt#1211
1BA256,0027,coarse-only,42,0.915045,22.487709,0.220120,preds.pt#1212
1BA256,0028,coarse-only,42,0.896106,20.496320,0.224360,preds.pt#1213
1BA256,0029,coarse-only,42,0.919171,23.610331,0.197456,preds.pt#1214
1BA256,0030,coarse-only,42,0.899609,21.771059,0.214184,preds.pt#1215
1BA256,0031,coarse-only,42,0.897003,20.796191,0.197537,preds.pt#1216
1BA256,0032,coarse-only,42,0.922156,24.104879,0.164061,preds.pt#1217
1BA256,0033,coarse-only,42,0.894503,20.815545,0.172855,preds.pt#1218
1BA256,0034,coarse-only,42,0.901077,22.079490,0.195837,preds.pt#1219
1BA256,0035,coarse-only,42,0.875865,20.013751,0.210895,preds.pt#1220
1BA256,0036,coarse-only,42,0.889450,21.639879,0.193774,preds.pt#1221
1BA256,0037,coarse-only,42,0.884114,21.160113,0.199780,preds.pt#1222
1BA256,0038,coarse-only,42,0.888804,21.638527,0.180753,preds.pt#1223
1BA256,0039,coarse-only,42,0.868365,20.423456,0.205378,preds.pt#1224
1BA256,0040,coarse-only,42,0.873252,20.523863,0.210388,preds.pt#1225
1BA256,0041,coarse-only,42,0.868417,20.713499,0.190705,preds.pt#1226
1BA256,0042,coarse-only,42,0.866619,20.195019,0.212836,preds.pt#1227
1BA256,0043,coarse-only,42,0.845452,19.368692,0.214232,preds.pt#1228
1BA256,0044,coarse-only,42,0.839668,18.593558,0.224315,preds.pt#1229
1BA256,0045,coarse-only,42,0.850871,19.749760,0.204552,preds.pt#1230
1BA256,0046,coarse-only,42,0.815797,17.557037,0.244607,preds.pt#1231
1BA256,0047,coarse-only,42,0.804012,17.242917,0.235815,preds.pt#1232
1BA256,0048,coarse-only,42,0.775304,15.894218,0.271007,preds.pt#1233
1BA256,0049,coarse-only,42,0.776532,16.532149,0.266957,preds.pt#1234
1BA256,0050,coarse-only,42,0.774804,16.500061,0.258987,preds.pt#1235
1BA256,0051,coarse-only,42,0.760801,15.943773,0.276767,preds.pt#1236
1BA256,0052,coarse-only,42,0.785734,16.591486,0.262060,preds.pt#1237
1BA256,0053,coarse-only,42,0.788092,16.501598,0.235692,preds.pt#1238
1BA256,0054,coarse-only,42,0.789357,16.947909,0.228917,preds.pt#1239
1BA256,0055,coarse-only,42,0.793220,16.811419,0.226509,preds.pt#1240
1BA256,0056,coarse-only,42,0.830862,19.304956,0.212037,preds.pt#1241
1BA256,0057,coarse-only,42,0.830913,18.404759,0.233900,preds.pt#1242
1BA256,0058,coarse-only,42,0.810557,17.289039,0.218770,preds.pt#1243
1BA256,0059,coarse-only,42,0.827814,18.602598,0.223966,preds.pt#1244
1BA256,0060,coarse-only,42,0.803353,17.911329,0.213206,preds.pt#1245
1BA256,0061,coarse-only,42,0.792055,17.509054,0.221048,preds.pt#1246
1BA256,0062,coarse-only,42,0.790461,17.094969,0.249338,preds.pt#1247
1BA256,0063,coarse-only,42,0.799246,18.512627,0.228957,preds.pt#1248
1BA256,0064,coarse-only,42,0.809704,19.060484,0.223460,preds.pt#1249
1BA256,0065,coarse-only,42,0.789475,17.382636,0.235531,preds.pt#1250
1BA256,0066,coarse-only,42,0.786568,17.258545,0.238079,preds.pt#1251
1BA256,0067,coarse-only,42,0.786409,17.709651,0.266971,preds.pt#1252
1BA256,0068,coarse-only,42,0.795538,18.439693,0.267002,preds.pt#1253
1BA256,0069,coarse-only,42,0.792173,18.353989,0.231767,preds.pt#1254
1BA256,0070,coarse-only,42,0.808842,19.609030,0.246971,preds.pt#1255
1BA256,0071,coarse-only,42,0.792654,18.867387,0.239437,preds.pt#1256
1BA256,0072,coarse-only,42,0.784846,18.233197,0.236800,preds.pt#1257
1BA256,0073,coarse-only,42,0.783798,18.416131,0.224056,preds.pt#1258
1BA256,0074,coarse-only,42,0.761717,17.513146,0.257547,preds.pt#1259
1BA256,0075,coarse-only,42,0.784230,18.366202,0.229124,preds.pt#1260
1BA256,0076,coarse-only,42,0.775608,18.434894,0.224332,preds.pt#1261
1BA256,0077,coarse-only,42,0.771706,18.156609,0.210772,preds.pt#1262
1BA256,0078,coarse-only,42,0.771637,18.408172,0.247920,preds.pt#1263
1BA256,0079,coarse-only,42,0.754957,17.320706,0.227563,preds.pt#1264
1BA256,0080,coarse-only,42,0.765458,18.154150,0.227156,preds.pt#1265
1BA256,0081,coarse-only,42,0.755247,17.807326,0.227526,preds.pt#1266
1BA256,0082,coarse-only,42,0.770169,18.216291,0.202869,preds.pt#1267
1BA256,0083,coarse-only,42,0.761717,18.284140,0.207801,preds.pt#1268
1BA256,0084,coarse-only,42,0.749402,17.715731,0.226377,preds.pt#1269
1BA256,0085,coarse-only,42,0.766984,17.944445,0.185664,preds.pt#1270
1BA256,0086,coarse-only,42,0.774052,18.809864,0.184411,preds.pt#1271
1BA256,0087,coarse-only,42,0.750431,17.923172,0.197727,preds.pt#1272
1BA256,0088,coarse-only,42,0.759900,18.420899,0.194025,preds.pt#1273
1BA256,0089,coarse-only,42,0.750022,17.802051,0.193647,preds.pt#1274
1BA256,0090,coarse-only,42,0.744285,17.702213,0.198374,preds.pt#1275
1BA256,0091,coarse-only,42,0.735664,17.498151,0.227264,preds.pt#1276
1BA256,0092,coarse-only,42,0.755113,18.266118,0.198937,preds.pt#1277
1BA256,0093,coarse-only,42,0.756685,18.249708,0.175746,preds.pt#1278
1BA256,0094,coarse-only,42,0.747764,18.170754,0.220927,preds.pt#1279
1BA256,0095,coarse-only,42,0.762322,18.520384,0.190170,preds.pt#1280
1BA256,0096,coarse-only,42,0.759552,17.715914,0.185487,preds.pt#1281
1BA256,0097,coarse-only,42,0.735483,17.110366,0.192600,preds.pt#1282
1BA256,0098,coarse-only,42,0.750690,18.263467,0.169441,preds.pt#1283
1BA256,0099,coarse-only,42,0.744946,18.211992,0.190470,preds.pt#1284
1BA256,0100,coarse-only,42,0.772079,18.915594,0.167410,preds.pt#1285
1BA256,0101,coarse-only,42,0.778560,18.561937,0.158247,preds.pt#1286
1BA256,0102,coarse-only,42,0.772683,18.478945,0.157845,preds.pt#1287
1BA256,0103,coarse-only,42,0.772574,18.209539,0.153059,preds.pt#1288
1BA256,0104,coarse-only,42,0.798640,18.892258,0.144811,preds.pt#1289
1BA256,0105,coarse-only,42,0.788633,18.741405,0.145813,preds.pt#1290
1BA256,0106,coarse-only,42,0.804868,19.483325,0.148770,preds.pt#1291
1BA256,0107,coarse-only,42,0.804069,19.707082,0.141475,preds.pt#1292
1BA256,0108,coarse-only,42,0.789991,19.071034,0.153467,preds.pt#1293
1BA256,0109,coarse-only,42,0.799793,19.052413,0.153604,preds.pt#1294
1BA256,0110,coarse-only,42,0.794667,19.073497,0.144623,preds.pt#1295
1BA256,0111,coarse-only,42,0.814772,19.716791,0.149571,preds.pt#1296
1BA256,0112,coarse-only,42,0.807030,19.467452,0.150087,preds.pt#1297
1BA256,0113,coarse-only,42,0.775439,18.422150,0.137887,preds.pt#1298
1BA256,0114,coarse-only,42,0.789964,18.665986,0.153387,preds.pt#1299
1BA256,0115,coarse-only,42,0.803309,19.338869,0.119894,preds.pt#1300
1BA256,0116,coarse-only,42,0.804948,19.058752,0.135081,preds.pt#1301
1BA256,0117,coarse-only,42,0.817919,19.414441,0.132689,preds.pt#1302
1BA256,0118,coarse-only,42,0.810401,19.438633,0.141988,preds.pt#1303
1BA256,0119,coarse-only,42,0.816685,19.559227,0.140412,preds.pt#1304
1BA256,0120,coarse-only,42,0.806663,19.054584,0.133166,preds.pt#1305
1BA256,0121,coarse-only,42,0.809411,19.323337,0.143407,preds.pt#1306
1BA256,0122,coarse-only,42,0.813010,19.462385,0.123762,preds.pt#1307
1BA256,0123,coarse-only,42,0.811136,19.026606,0.143677,preds.pt#1308
1BA256,0124,coarse-only,42,0.806575,19.641573,0.120875,preds.pt#1309
1BA256,0125,coarse-only,42,0.805350,19.190191,0.135861,preds.pt#1310
1BA256,0126,coarse-only,42,0.807854,19.337453,0.123173,preds.pt#1311
1BA256,0127,coarse-only,42,0.826711,19.742414,0.119975,preds.pt#1312
1BA256,0128,coarse-only,42,0.813308,19.369422,0.114881,preds.pt#1313
1BA256,0129,coarse-only,42,0.813977,19.165376,0.119322,preds.pt#1314
1BA256,0130,coarse-only,42,0.823549,19.676680,0.113662,preds.pt#1315
1BA256,0131,coarse-only,42,0.815619,19.388903,0.111883,preds.pt#1316
1BA256,0132,coarse-only,42,0.818494,19.563580,0.104182,preds.pt#1317
1BA256,0133,coarse-only,42,0.802790,19.101948,0.114091,preds.pt#1318
1BA256,0134,coarse-only,42,0.808295,19.056448,0.110759,preds.pt#1319
1BA256,0135,coarse-only,42,0.821722,19.465499,0.097260,preds.pt#1320
1BA256,0136,coarse-only,42,0.807393,18.612961,0.109368,preds.pt#1321
1BA256,0137,coarse-only,42,0.821705,19.153928,0.095690,preds.pt#1322
1BA256,0138,coarse-only,42,0.809832,19.517515,0.090015,preds.pt#1323
1BA256,0139,coarse-only,42,0.819220,18.891197,0.092809,preds.pt#1324
1BA256,0140,coarse-only,42,0.822727,19.374303,0.087665,preds.pt#1325
1BA256,0141,coarse-only,42,0.804247,19.817402,0.084759,preds.pt#1326
1BA256,0142,coarse-only,42,0.815151,19.236524,0.100499,preds.pt#1327
1BA256,0143,coarse-only,42,0.826997,19.724586,0.099498,preds.pt#1328
1BA256,0144,coarse-only,42,0.822037,19.441474,0.093374,preds.pt#1329
1BA256,0145,coarse-only,42,0.807935,18.636541,0.093921,preds.pt#1330
1BA256,0146,coarse-only,42,0.830980,20.126091,0.098650,preds.pt#1331
1BA256,0147,coarse-only,42,0.826798,19.416584,0.092447,preds.pt#1332
1BA256,0148,coarse-only,42,0.831008,19.780382,0.089059,preds.pt#1333
1BA256,0149,coarse-only,42,0.820997,19.735066,0.085577,preds.pt#1334
1BA256,0150,coarse-only,42,0.780376,19.809014,0.075758,preds.pt#1335
1BA256,0151,coarse-only,42,0.763673,20.340790,0.076419,preds.pt#1336
1BA256,0152,coarse-only,42,0.829991,20.382214,0.090054,preds.pt#1337
1BA256,0153,coarse-only,42,0.823251,20.023909,0.095800,preds.pt#1338
1BA256,0154,coarse-only,42,0.709589,19.156562,0.102723,preds.pt#1339
1BA256,0155,coarse-only,42,0.752186,19.819448,0.097152,preds.pt#1340
1BA256,0156,coarse-only,42,0.739634,19.954517,0.101422,preds.pt#1341
1BA256,0157,coarse-only,42,0.833537,20.106397,0.087870,preds.pt#1342
1BA256,0158,coarse-only,42,0.743207,20.060879,0.089313,preds.pt#1343
1BA256,0159,coarse-only,42,0.826330,19.729461,0.116105,preds.pt#1344
1BA256,0160,coarse-only,42,0.834863,20.493091,0.086431,preds.pt#1345
1BA256,0161,coarse-only,42,0.840805,20.311150,0.081648,preds.pt#1346
1BA256,0162,coarse-only,42,0.839199,20.004249,0.080092,preds.pt#1347
1BA256,0163,coarse-only,42,0.841493,20.460004,0.084540,preds.pt#1348
1BA256,0164,coarse-only,42,0.820392,20.385359,0.079167,preds.pt#1349
1BA256,0165,coarse-only,42,0.808528,20.044877,0.080617,preds.pt#1350
1BA256,0166,coarse-only,42,0.771961,19.940438,0.083555,preds.pt#1351
1BA256,0167,coarse-only,42,0.853126,20.073361,0.086049,preds.pt#1352
1BA256,0168,coarse-only,42,0.868167,20.812306,0.085705,preds.pt#1353
1BA256,0169,coarse-only,42,0.870591,20.918296,0.079319,preds.pt#1354
1BA256,0170,coarse-only,42,0.767946,19.716867,0.067797,preds.pt#1355
1BA256,0171,coarse-only,42,0.851707,19.753347,0.091100,preds.pt#1356
1BA256,0172,coarse-only,42,0.861314,20.758257,0.071096,preds.pt#1357
1BA256,0173,coarse-only,42,0.865062,21.242790,0.084795,preds.pt#1358
1BA256,0174,coarse-only,42,0.875986,20.534306,0.078011,preds.pt#1359
1BA256,0175,coarse-only,42,0.880029,20.659592,0.056687,preds.pt#1360
1BA256,0176,coarse-only,42,0.879937,20.649551,0.067410,preds.pt#1361
1BA256,0177,coarse-only,42,0.888602,21.446529,0.075495,preds.pt#1362
1BA256,0178,coarse-only,42,0.894875,21.428707,0.076997,preds.pt#1363
1BA256,0179,coarse-only,42,0.890776,20.841186,0.068202,preds.pt#1364
1BA256,0180,coarse-only,42,0.846744,19.905462,0.075114,preds.pt#1365
1BA256,0181,coarse-only,42,0.889156,21.053150,0.078956,preds.pt#1366
1BA256,0182,coarse-only,42,0.887144,20.112331,0.074107,preds.pt#1367
1BA256,0183,coarse-only,42,0.891515,20.706163,0.113017,preds.pt#1368
1BA256,0184,coarse-only,42,0.893360,20.922022,0.115179,preds.pt#1369
1BA256,0185,coarse-only,42,0.896326,21.323692,0.099624,preds.pt#1370
1BA256,0186,coarse-only,42,0.902311,21.293166,0.093324,preds.pt#1371
1BA256,0187,coarse-only,42,0.838728,19.316554,0.106905,preds.pt#1372
1BA256,0188,coarse-only,42,0.872320,20.655292,0.106798,preds.pt#1373
1BA256,0189,coarse-only,42,0.916552,21.950166,0.093948,preds.pt#1374
1BA256,0190,coarse-only,42,0.892622,21.578575,0.082614,preds.pt#1375
1BA256,0191,coarse-only,42,0.740918,18.807388,0.103236,preds.pt#1376
1BA256,0192,coarse-only,42,0.770862,18.853640,0.113502,preds.pt#1377
1BA256,0193,coarse-only,42,0.920224,21.733462,0.097242,preds.pt#1378
1BA256,0194,coarse-only,42,0.929772,22.926056,0.079517,preds.pt#1379
1BA256,0195,coarse-only,42,0.935229,23.280688,0.083421,preds.pt#1380
1BA256,0196,coarse-only,42,0.950682,24.352681,0.084880,preds.pt#1381
1BA256,0197,coarse-only,42,0.943666,23.976733,0.098957,preds.pt#1382
1BA256,0198,coarse-only,42,0.956362,24.612456,0.114896,preds.pt#1383
1BA256,0199,coarse-only,42,0.944331,23.357952,0.112083,preds.pt#1384
1BA256,0200,coarse-only,42,0.942604,23.042783,0.128181,preds.pt#1385
1BA256,0201,coarse-only,42,0.938495,24.589324,0.149377,preds.pt#1386
1BA256,0202,coarse-only,42,0.956570,30.484847,0.106965,preds.pt#1387
1BA256,0203,coarse-only,42,0.946759,28.177499,0.094186,preds.pt#1388
1BA328,0001,coarse-only,42,0.979126,37.886307,0.146326,preds.pt#1389
1BA328,0002,coarse-only,42,0.971385,33.763023,0.170437,preds.pt#1390
1BA328,0003,coarse-only,42,0.963627,31.837808,0.149823,preds.pt#1391
1BA328,0004,coarse-only,42,0.960429,30.085427,0.117715,preds.pt#1392
1BA328,0005,coarse-only,42,0.948308,26.411555,0.126112,preds.pt#1393
1BA328,0006,coarse-only,42,0.941884,24.673660,0.140280,preds.pt#1394
1BA328,0007,coarse-only,42,0.946781,24.233267,0.117413,preds.pt#1395
1BA328,0008,coarse-only,42,0.940061,24.307889,0.118607,preds.pt#1396
1BA328,0009,coarse-only,42,0.938010,23.600776,0.133316,preds.pt#1397
1BA328,0010,coarse-only,42,0.929944,22.671486,0.141846,preds.pt#1398
1BA328,0011,coarse-only,42,0.938201,24.704859,0.143048,preds.pt#1399
1BA328,0012,coarse-only,42,0.924424,21.773434,0.142812,preds.pt#1400
1BA328,0013,coarse-only,42,0.925547,21.531873,0.121343,preds.pt#1401
1BA328,0014,coarse-only,42,0.913164,20.850551,0.137892,preds.pt#1402
1BA328,0015,coarse-only,42,0.912406,20.349985,0.108862,preds.pt#1403
1BA328,0016,coarse-only,42,0.920091,21.463806,0.124148,preds.pt#1404
1BA328,0017,coarse-only,42,0.897847,19.241995,0.131082,preds.pt#1405
1BA328,0018,coarse-only,42,0.910025,20.138918,0.125725,preds.pt#1406
1BA328,0019,coarse-only,42,0.899807,19.612582,0.134933,preds.pt#1407
1BA328,0020,coarse-only,42,0.886556,17.978946,0.182988,preds.pt#1408
1BA328,0021,coarse-only,42,0.886667,18.716338,0.186183,preds.pt#1409
1BA328,0022,coarse-only,42,0.885797,19.056978,0.180307,preds.pt#1410
1BA328,0023,coarse-only,42,0.868771,18.118136,0.188570,preds.pt#1411
1BA328,0024,coarse-only,42,0.868229,17.559051,0.193627,preds.pt#1412
1BA328,0025,coarse-only,42,0.867375,17.976843,0.192506,preds.pt#1413
1BA328,0026,coarse-only,42,0.875397,18.674350,0.188762,preds.pt#1414
1BA328,0027,coarse-only,42,0.852456,16.958109,0.224744,preds.pt#1415
1BA328,0028,coarse-only,42,0.856032,18.038518,0.207143,preds.pt#1416
1BA328,0029,coarse-only,42,0.837013,16.797144,0.242752,preds.pt#1417
1BA328,0030,coarse-only,42,0.831946,16.500961,0.251396,preds.pt#1418
1BA328,0031,coarse-only,42,0.811797,15.672561,0.237787,preds.pt#1419
1BA328,0032,coarse-only,42,0.819840,16.560330,0.230421,preds.pt#1420
1BA328,0033,coarse-only,42,0.795557,15.133886,0.247694,preds.pt#1421
1BA328,0034,coarse-only,42,0.805704,15.742982,0.215516,preds.pt#1422
1BA328,0035,coarse-only,42,0.804225,16.451225,0.217118,preds.pt#1423
1BA328,0036,coarse-only,42,0.789628,15.443844,0.233863,preds.pt#1424
1BA328,0037,coarse-only,42,0.778341,15.144910,0.252154,preds.pt#1425
1BA328,0038,coarse-only,42,0.772974,15.415670,0.247636,preds.pt#1426
1BA328,0039,coarse-only,42,0.748918,14.531860,0.259667,preds.pt#1427
1BA328,0040,coarse-only,42,0.755744,14.837481,0.252026,preds.pt#1428
1BA328,0041,coarse-only,42,0.741612,13.946611,0.272946,preds.pt#1429
1BA328,0042,coarse-only,42,0.707929,12.066955,0.322137,preds.pt#1430
1BA328,0043,coarse-only,42,0.757830,14.704406,0.255268,preds.pt#1431
1BA328,0044,coarse-only,42,0.709947,12.668697,0.318133,preds.pt#1432
1BA328,0045,coarse-only,42,0.714939,13.519847,0.299492,preds.pt#1433
1BA328,0046,coarse-only,42,0.698442,13.010796,0.325212,preds.pt#1434
1BA328,0047,coarse-only,42,0.704031,13.596375,0.291313,preds.pt#1435
1BA328,0048,coarse-only,42,0.693648,13.776366,0.291783,preds.pt#1436
1BA328,0049,coarse-only,42,0.687509,13.098057,0.308435,preds.pt#1437
1BA328,0050,coarse-only,42,0.671791,13.388627,0.310827,preds.pt#1438
1BA328,0051,coarse-only,42,0.707297,13.732407,0.281858,preds.pt#1439
1BA328,0052,coarse-only,42,0.681671,13.485439,0.297863,preds.pt#1440
1BA328,0053,coarse-only,42,0.704757,14.263049,0.267824,preds.pt#1441
1BA328,0054,coarse-only,42,0.708882,14.337250,0.270457,preds.pt#1442
1BA328,0055,coarse-only,42,0.701630,14.531963,0.258718,preds.pt#1443
1BA328,0056,coarse-only,42,0.721636,15.143931,0.241530,preds.pt#1444
1BA328,0057,coarse-only,42,0.723731,15.537250,0.247091,preds.pt#1445
1BA328,0058,coarse-only,42,0.731398,15.891029,0.271390,preds.pt#1446
1BA328,0059,coarse-only,42,0.744115,16.657293,0.249574,preds.pt#1447
1BA328,0060,coarse-only,42,0.732332,16.492311,0.251054,preds.pt#1448
1BA328,0061,coarse-only,42,0.752235,17.316108,0.243403,preds.pt#1449
1BA328,0062,coarse-only,42,0.755779,17.490942,0.263547,preds.pt#1450
1BA328,0063,coarse-only,42,0.765214,17.945420,0.203538,preds.pt#1451
1BA328,0064,coarse-only,42,0.741303,17.202682,0.227530,preds.pt#1452
1BA328,0065,coarse-only,42,0.760008,17.540764,0.225187,preds.pt#1453
1BA328,0066,coarse-only,42,0.752640,17.315970,0.245678,preds.pt#1454
1BA328,0067,coarse-only,42,0.748300,17.718660,0.233262,preds.pt#1455
1BA328,0068,coarse-only,42,0.759504,17.938698,0.229696,preds.pt#1456
1BA328,0069,coarse-only,42,0.732821,17.256062,0.253896,preds.pt#1457
1BA328,0070,coarse-only,42,0.743401,17.640590,0.244720,preds.pt#1458
1BA328,0071,coarse-only,42,0.733368,17.246268,0.241599,preds.pt#1459
1BA328,0072,coarse-only,42,0.733460,17.027404,0.228539,preds.pt#1460
1BA328,0073,coarse-only,42,0.733387,17.481050,0.238572,preds.pt#1461
1BA328,0074,coarse-only,42,0.735641,17.565997,0.255572,preds.pt#1462
1BA328,0075,coarse-only,42,0.740049,17.471158,0.261436,preds.pt#1463
1BA328,0076,coarse-only,42,0.727885,17.477054,0.242405,preds.pt#1464
1BA328,0077,coarse-only,42,0.743539,17.721124,0.221614,preds.pt#1465
1BA328,0078,coarse-only,42,0.732789,17.911786,0.230268,preds.pt#1466
1BA328,0079,coarse-only,42,0.726472,17.400600,0.232614,preds.pt#1467
1BA328,0080,coarse-only,42,0.717328,17.310257,0.237362,preds.pt#1468
1BA328,0081,coarse-only,42,0.744817,18.233756,0.228702,preds.pt#1469
1BA328,0082,coarse-only,42,0.740149,18.385824,0.232123,preds.pt#1470
1BA328,0083,coarse-only,42,0.735029,18.172341,0.223997,preds.pt#1471
1BA328,0084,coarse-only,42,0.726108,17.781746,0.225245,preds.pt#1472
1BA328,0085,coarse-only,42,0.724308,17.965285,0.226164,preds.pt#1473
1BA328,0086,coarse-only,42,0.742237,18.434498,0.214275,preds.pt#1474
1BA328,0087,coarse-only,42,0.745498,18.668682,0.240705,preds.pt#1475
1BA328,0088,coarse-only,42,0.723180,17.838570,0.230936,preds.pt#1476
1BA328,0089,coarse-only,42,0.727376,18.132436,0.202317,preds.pt#1477
1BA328,0090,coarse-only,42,0.749033,18.466219,0.200299,preds.pt#1478
1BA328,0091,coarse-only,42,0.733362,17.737896,0.202356,preds.pt#1479
1BA328,0092,coarse-only,42,0.732099,17.948887,0.186683,preds.pt#1480
1BA328,0093,coarse-only,42,0.733528,17.959627,0.191453,preds.pt#1481
1BA328,0094,coarse-only,42,0.746540,18.196730,0.173182,preds.pt#1482
1BA328,0095,coarse-only,42,0.743177,17.977778,0.178476,preds.pt#1483
1BA328,0096,coarse-only,42,0.763743,18.500633,0.173413,preds.pt#1484
1BA328,0097,coarse-only,42,0.755254,18.596596,0.169575,preds.pt#1485
1BA328,0098,coarse-only,42,0.763227,18.676439,0.167144,preds.pt#1486
1BA328,0099,coarse-only,42,0.766574,18.689572,0.154686,preds.pt#1487
1BA328,0100,coarse-only,42,0.760800,18.402671,0.161623,preds.pt#1488
1BA328,0101,coarse-only,42,0.755603,18.023794,0.168276,preds.pt#1489
1BA328,0102,coarse-only,42,0.777726,18.614051,0.151845,preds.pt#1490
1BA328,0103,coarse-only,42,0.781942,18.523081,0.141112,preds.pt#1491
1BA328,0104,coarse-only,42,0.773680,18.345952,0.128262,preds.pt#1492
1BA328,0105,coarse-only,42,0.774106,18.653495,0.122124,preds.pt#1493
1BA328,0106,coarse-only,42,0.779786,18.632906,0.131146,preds.pt#1494
1BA328,0107,coarse-only,42,0.790972,19.008538,0.114702,preds.pt#1495
1BA328,0108,coarse-only,42,0.773764,18.574848,0.129640,preds.pt#1496
1BA328,0109,coarse-only,42,0.785659,18.417530,0.130700,preds.pt#1497
1BA328,0110,coarse-only,42,0.779633,18.586352,0.139902,preds.pt#1498
1BA328,0111,coarse-only,42,0.778081,18.399166,0.121733,preds.pt#1499
1BA328,0112,coarse-only,42,0.785206,18.514205,0.136971,preds.pt#1500
1BA328,0113,coarse-only,42,0.787780,18.861049,0.135838,preds.pt#1501
1BA328,0114,coarse-only,42,0.777444,17.761904,0.121051,preds.pt#1502
1BA328,0115,coarse-only,42,0.811455,19.220502,0.105697,preds.pt#1503
1BA328,0116,coarse-only,42,0.799825,18.904251,0.118114,preds.pt#1504
1BA328,0117,coarse-only,42,0.788269,18.349204,0.114380,preds.pt#1505
1BA328,0118,coarse-only,42,0.778539,18.338061,0.122774,preds.pt#1506
1BA328,0119,coarse-only,42,0.778833,18.318284,0.111404,preds.pt#1507
1BA328,0120,coarse-only,42,0.777267,18.142577,0.113449,preds.pt#1508
1BA328,0121,coarse-only,42,0.790248,18.499406,0.112287,preds.pt#1509
1BA328,0122,coarse-only,42,0.817823,19.511046,0.092315,preds.pt#1510
1BA328,0123,coarse-only,42,0.811180,19.278573,0.094553,preds.pt#1511
1BA328,0124,coarse-only,42,0.807847,19.465903,0.091311,preds.pt#1512
1BA328,0125,coarse-only,42,0.798159,19.173054,0.090842,preds.pt#1513
1BA328,0126,coarse-only,42,0.810206,19.298385,0.091213,preds.pt#1514
1BA328,0127,coarse-only,42,0.829129,19.986122,0.086551,preds.pt#1515
1BA328,0128,coarse-only,42,0.823154,19.615529,0.091819,preds.pt#1516
1BA328,0129,coarse-only,42,0.818095,19.352608,0.087628,preds.pt#1517
1BA328,0130,coarse-only,42,0.822889,19.886811,0.097149,preds.pt#1518
1BA328,0131,coarse-only,42,0.829307,19.978224,0.092143,preds.pt#1519
1BA328,0132,coarse-only,42,0.853304,20.914842,0.085746,preds.pt#1520
1BA328,0133,coarse-only,42,0.836344,20.210458,0.101102,preds.pt#1521
1BA328,0134,coarse-only,42,0.845520,20.499474,0.093135,preds.pt#1522
1BA328,0135,coarse-only,42,0.853430,21.144063,0.088326,preds.pt#1523
1BA328,0136,coarse-only,42,0.822577,19.578632,0.099157,preds.pt#1524
1BA328,0137,coarse-only,42,0.854231,20.859609,0.089145,preds.pt#1525
1BA328,0138,coarse-only,42,0.857956,20.765314,0.077207,preds.pt#1526
1BA328,0139,coarse-only,42,0.854330,20.292585,0.085494,preds.pt#1527
1BA328,0140,coarse-only,42,0.848088,20.497625,0.072507,preds.pt#1528
1BA328,0141,coarse-only,42,0.839346,19.622718,0.090016,preds.pt#1529
1BA328,0142,coarse-only,42,0.857255,20.461511,0.082475,preds.pt#1530
1BA328,0143,coarse-only,42,0.853753,20.359339,0.091679,preds.pt#1531
1BA328,0144,coarse-only,42,0.845524,20.408295,0.089351,preds.pt#1532
1BA328,0145,coarse-only,42,0.840506,20.190169,0.101962,preds.pt#1533
1BA328,0146,coarse-only,42,0.846544,20.488459,0.086580,preds.pt#1534
1BA328,0147,coarse-only,42,0.841390,20.135621,0.099405,preds.pt#1535
1BA328,0148,coarse-only,42,0.845703,20.149737,0.086224,preds.pt#1536
1BA328,0149,coarse-only,42,0.852174,20.274045,0.077291,preds.pt#1537
1BA328,0150,coarse-only,42,0.850811,20.084027,0.077614,preds.pt#1538
1BA328,0151,coarse-only,42,0.843744,19.793381,0.081164,preds.pt#1539
1BA328,0152,coarse-only,42,0.838087,19.384671,0.085135,preds.pt#1540
1BA328,0153,coarse-only,42,0.851617,19.505013,0.094686,preds.pt#1541
1BA328,0154,coarse-only,42,0.847788,19.355760,0.093089,preds.pt#1542
1BA328,0155,coarse-only,42,0.861431,19.969602,0.077372,preds.pt#1543
1BA328,0156,coarse-only,42,0.867025,19.884548,0.080738,preds.pt#1544
1BA328,0157,coarse-only,42,0.869129,19.732808,0.064249,preds.pt#1545
1BA328,0158,coarse-only,42,0.871563,20.305384,0.069137,preds.pt#1546
1BA328,0159,coarse-only,42,0.864654,19.758072,0.071201,preds.pt#1547
1BA328,0160,coarse-only,42,0.868490,20.044128,0.069124,preds.pt#1548
1BA328,0161,coarse-only,42,0.874395,20.017007,0.069850,preds.pt#1549
1BA328,0162,coarse-only,42,0.878644,20.252435,0.061541,preds.pt#1550
1BA328,0163,coarse-only,42,0.874884,19.811284,0.065196,preds.pt#1551
1BA328,0164,coarse-only,42,0.881025,19.856982,0.068917,preds.pt#1552
1BA328,0165,coarse-only,42,0.885200,20.108943,0.066293,preds.pt#1553
1BA328,0166,coarse-only,42,0.890698,20.542843,0.056071,preds.pt#1554
1BA328,0167,coarse-only,42,0.870675,19.512228,0.064069,preds.pt#1555
1BA328,0168,coarse-only,42,0.878125,19.816304,0.071364,preds.pt#1556
1BA328,0169,coarse-only,42,0.895718,20.715781,0.065499,preds.pt#1557
1BA328,0170,coarse-only,42,0.872438,19.624706,0.077499,preds.pt#1558
1BA328,0171,coarse-only,42,0.884539,20.252926,0.057649,preds.pt#1559
1BA328,0172,coarse-only,42,0.894354,20.264008,0.059886,preds.pt#1560
1BA328,0173,coarse-only,42,0.874992,19.392514,0.066050,preds.pt#1561
1BA328,0174,coarse-only,42,0.902725,21.071432,0.058494,preds.pt#1562
1BA328,0175,coarse-only,42,0.875681,19.415529,0.064179,preds.pt#1563
1BA328,0176,coarse-only,42,0.902615,21.127861,0.055183,preds.pt#1564
1BA328,0177,coarse-only,42,0.891004,20.737921,0.064871,preds.pt#1565
1BA328,0178,coarse-only,42,0.906066,21.413811,0.052278,preds.pt#1566
1BA328,0179,coarse-only,42,0.903795,21.466242,0.051765,preds.pt#1567
1BA328,0180,coarse-only,42,0.922651,22.402629,0.053987,preds.pt#1568
1BA328,0181,coarse-only,42,0.896270,20.490352,0.061369,preds.pt#1569
1BA328,0182,coarse-only,42,0.881328,20.608944,0.082306,preds.pt#1570
1BA328,0183,coarse-only,42,0.908605,22.023107,0.065775,preds.pt#1571
1BA328,0184,coarse-only,42,0.895319,21.760176,0.074020,preds.pt#1572
1BA328,0185,coarse-only,42,0.905617,22.744107,0.072235,preds.pt#1573
1BA328,0186,coarse-only,42,0.888740,22.388443,0.095858,preds.pt#1574
1BA328,0187,coarse-only,42,0.886425,21.992866,0.105980,preds.pt#1575
1BA328,0188,coarse-only,42,0.882522,22.069926,0.077390,preds.pt#1576
1BA328,0189,coarse-only,42,0.884580,21.969107,0.085566,preds.pt#1577
1BA328,0190,coarse-only,42,0.862808,20.649145,0.082458,preds.pt#1578
1BA328,0191,coarse-only,42,0.907663,24.018897,0.075864,preds.pt#1579
1BA328,0192,coarse-only,42,0.925241,26.154849,0.067386,preds.pt#1580
1BA328,0193,coarse-only,42,0.920527,24.894825,0.062382,preds.pt#1581
1BA328,0194,coarse-only,42,0.927719,25.408778,0.066409,preds.pt#1582
1BA328,0195,coarse-only,42,0.936110,27.435226,0.071567,preds.pt#1583
1BA328,0196,coarse-only,42,0.916356,23.875229,0.125098,preds.pt#1584
1BA328,0197,coarse-only,42,0.932730,25.530808,0.151059,preds.pt#1585
1BA328,0198,coarse-only,42,0.940633,28.631752,0.123400,preds.pt#1586
1BB002,0000,coarse-only,42,0.574092,12.040907,0.553069,preds.pt#1587
1BB002,0001,coarse-only,42,0.615150,12.029421,0.502096,preds.pt#1588
1BB002,0002,coarse-only,42,0.610295,12.552024,0.476705,preds.pt#1589
1BB002,0003,coarse-only,42,0.619454,12.417755,0.450049,preds.pt#1590
1BB002,0004,coarse-only,42,0.618872,13.620142,0.403870,preds.pt#1591
1BB002,0005,coarse-only,42,0.620306,14.136513,0.388304,preds.pt#1592
1BB002,0006,coarse-only,42,0.664678,13.126761,0.380672,preds.pt#1593
1BB002,0007,coarse-only,42,0.663012,15.559959,0.286758,preds.pt#1594
1BB002,0008,coarse-only,42,0.665077,15.865138,0.259519,preds.pt#1595
1BB002,0009,coarse-only,42,0.706244,16.517834,0.242337,preds.pt#1596
1BB002,0010,coarse-only,42,0.707097,16.759496,0.258092,preds.pt#1597
1BB002,0011,coarse-only,42,0.706390,17.115099,0.235633,preds.pt#1598
1BB002,0012,coarse-only,42,0.669652,16.162544,0.247083,preds.pt#1599
1BB002,0013,coarse-only,42,0.708619,16.788459,0.263303,preds.pt#1600
1BB002,0014,coarse-only,42,0.712701,17.343632,0.253610,preds.pt#1601
1BB002,0015,coarse-only,42,0.703966,17.305733,0.235147,preds.pt#1602
1BB002,0016,coarse-only,42,0.708631,17.023745,0.241999,preds.pt#1603
1BB002,0017,coarse-only,42,0.717339,17.456254,0.249199,preds.pt#1604
1BB002,0018,coarse-only,42,0.690570,16.586289,0.257748,preds.pt#1605
1BB002,0019,coarse-only,42,0.700072,16.685699,0.248561,preds.pt#1606
1BB002,0020,coarse-only,42,0.689111,16.792926,0.246552,preds.pt#1607
1BB002,0021,coarse-only,42,0.683321,16.228546,0.258088,preds.pt#1608
1BB002,0022,coarse-only,42,0.706328,16.941988,0.226228,preds.pt#1609
1BB002,0023,coarse-only,42,0.705925,17.014297,0.216425,preds.pt#1610
1BB002,0024,coarse-only,42,0.719885,16.989007,0.205597,preds.pt#1611
1BB002,0025,coarse-only,42,0.698255,16.890250,0.223391,preds.pt#1612
1BB002,0026,coarse-only,42,0.691900,16.930530,0.223726,preds.pt#1613
1BB002,0027,coarse-only,42,0.713139,16.952725,0.199308,preds.pt#1614
1BB002,0028,coarse-only,42,0.730090,17.567310,0.218575,preds.pt#1615
1BB002,0029,coarse-only,42,0.738328,17.503051,0.233612,preds.pt#1616
1BB002,0030,coarse-only,42,0.718139,17.725616,0.221144,preds.pt#1617
1BB002,0031,coarse-only,42,0.750237,17.404449,0.197942,preds.pt#1618
1BB002,0032,coarse-only,42,0.739812,17.506184,0.186510,preds.pt#1619
1BB002,0033,coarse-only,42,0.756413,17.503984,0.211338,preds.pt#1620
1BB002,0034,coarse-only,42,0.749599,17.844045,0.189414,preds.pt#1621
1BB002,0035,coarse-only,42,0.736952,17.632013,0.182165,preds.pt#1622
1BB002,0036,coarse-only,42,0.732233,17.692680,0.206419,preds.pt#1623
1BB002,0037,coarse-only,42,0.757777,17.831909,0.195509,preds.pt#1624
1BB002,0038,coarse-only,42,0.748202,17.581739,0.186721,preds.pt#1625
1BB002,0039,coarse-only,42,0.736549,17.316288,0.198825,preds.pt#1626
1BB002,0040,coarse-only,42,0.735825,17.312432,0.205994,preds.pt#1627
1BB002,0041,coarse-only,42,0.717555,17.053074,0.208970,preds.pt#1628
1BB002,0042,coarse-only,42,0.736888,17.245744,0.219260,preds.pt#1629
1BB002,0043,coarse-only,42,0.741003,17.373096,0.199288,preds.pt#1630
1BB002,0044,coarse-only,42,0.722618,17.198615,0.247721,preds.pt#1631
1BB002,0045,coarse-only,42,0.722619,17.204327,0.225330,preds.pt#1632
1BB002,0046,coarse-only,42,0.732971,17.488740,0.253002,preds.pt#1633
1BB002,0047,coarse-only,42,0.744421,17.576846,0.231178,preds.pt#1634
1BB002,0048,coarse-only,42,0.744093,17.760799,0.200352,preds.pt#1635
1BB002,0049,coarse-only,42,0.735168,17.539574,0.193432,preds.pt#1636
1BB002,0050,coarse-only,42,0.733190,17.404861,0.199283,preds.pt#1637
1BB002,0051,coarse-only,42,0.737424,17.232660,0.214752,preds.pt#1638
1BB002,0052,coarse-only,42,0.742831,17.348287,0.216535,preds.pt#1639
1BB002,0053,coarse-only,42,0.747383,17.482497,0.205528,preds.pt#1640
1BB002,0054,coarse-only,42,0.729323,17.098184,0.217738,preds.pt#1641
1BB002,0055,coarse-only,42,0.697019,16.638852,0.211331,preds.pt#1642
1BB002,0056,coarse-only,42,0.701586,16.793092,0.215367,preds.pt#1643
1BB002,0057,coarse-only,42,0.718491,16.897994,0.213445,preds.pt#1644
1BB002,0058,coarse-only,42,0.720869,17.364311,0.235230,preds.pt#1645
1BB002,0059,coarse-only,42,0.723670,17.256705,0.229992,preds.pt#1646
1BB002,0060,coarse-only,42,0.730088,17.671388,0.236965,preds.pt#1647
1BB002,0061,coarse-only,42,0.714920,17.519734,0.237174,preds.pt#1648
1BB002,0062,coarse-only,42,0.708985,17.268608,0.239227,preds.pt#1649
1BB002,0063,coarse-only,42,0.721538,17.633814,0.253451,preds.pt#1650
1BB002,0064,coarse-only,42,0.704431,17.327273,0.246205,preds.pt#1651
1BB002,0065,coarse-only,42,0.708892,17.331797,0.248176,preds.pt#1652
1BB002,0066,coarse-only,42,0.698889,17.141710,0.241998,preds.pt#1653
1BB002,0067,coarse-only,42,0.699950,17.123411,0.235287,preds.pt#1654
1BB002,0068,coarse-only,42,0.716199,17.561703,0.220366,preds.pt#1655
1BB002,0069,coarse-only,42,0.703333,17.160263,0.207967,preds.pt#1656
1BB002,0070,coarse-only,42,0.705935,17.219088,0.220158,preds.pt#1657
1BB002,0071,coarse-only,42,0.695895,17.085265,0.202665,preds.pt#1658
1BB002,0072,coarse-only,42,0.696398,17.452423,0.207732,preds.pt#1659
1BB002,0073,coarse-only,42,0.705591,17.553413,0.216612,preds.pt#1660
1BB002,0074,coarse-only,42,0.660008,16.728897,0.189883,preds.pt#1661
1BB002,0075,coarse-only,42,0.670335,16.872007,0.171713,preds.pt#1662
1BB002,0076,coarse-only,42,0.648464,16.504870,0.175299,preds.pt#1663
1BB002,0077,coarse-only,42,0.663401,16.751472,0.163922,preds.pt#1664
1BB002,0078,coarse-only,42,0.675824,17.074229,0.176196,preds.pt#1665
1BB002,0079,coarse-only,42,0.691941,17.533495,0.172444,preds.pt#1666
1BB002,0080,coarse-only,42,0.671414,16.733393,0.160517,preds.pt#1667
1BB002,0081,coarse-only,42,0.702552,18.011235,0.162901,preds.pt#1668
1BB002,0082,coarse-only,42,0.687140,17.444510,0.153981,preds.pt#1669
1BB002,0083,coarse-only,42,0.711141,17.718468,0.141655,preds.pt#1670
1BB002,0084,coarse-only,42,0.706476,17.488757,0.148828,preds.pt#1671
1BB002,0085,coarse-only,42,0.704434,17.563193,0.144254,preds.pt#1672
1BB002,0086,coarse-only,42,0.720335,17.782207,0.131139,preds.pt#1673
1BB002,0087,coarse-only,42,0.716966,17.669605,0.132721,preds.pt#1674
1BB002,0088,coarse-only,42,0.724978,17.940366,0.141571,preds.pt#1675
1BB002,0089,coarse-only,42,0.730138,18.068096,0.159067,preds.pt#1676
1BB002,0090,coarse-only,42,0.707515,17.411837,0.150804,preds.pt#1677
1BB002,0091,coarse-only,42,0.715551,17.466203,0.149107,preds.pt#1678
1BB002,0092,coarse-only,42,0.741601,18.308581,0.147105,preds.pt#1679
1BB002,0093,coarse-only,42,0.737299,18.282493,0.141229,preds.pt#1680
1BB002,0094,coarse-only,42,0.731310,18.288461,0.146341,preds.pt#1681
1BB002,0095,coarse-only,42,0.744258,18.622402,0.141567,preds.pt#1682
1BB002,0096,coarse-only,42,0.759629,18.956150,0.125887,preds.pt#1683
1BB002,0097,coarse-only,42,0.741947,18.439841,0.138661,preds.pt#1684
1BB002,0098,coarse-only,42,0.752771,18.467207,0.125883,preds.pt#1685
1BB002,0099,coarse-only,42,0.771833,18.875089,0.122017,preds.pt#1686
1BB002,0100,coarse-only,42,0.764106,19.094151,0.113903,preds.pt#1687
1BB002,0101,coarse-only,42,0.762835,19.019383,0.121218,preds.pt#1688
1BB002,0102,coarse-only,42,0.773682,19.351446,0.127538,preds.pt#1689
1BB002,0103,coarse-only,42,0.785775,19.494838,0.113216,preds.pt#1690
1BB002,0104,coarse-only,42,0.786663,19.395064,0.096670,preds.pt#1691
1BB002,0105,coarse-only,42,0.789602,19.518452,0.092494,preds.pt#1692
1BB002,0106,coarse-only,42,0.785334,19.542933,0.100937,preds.pt#1693
1BB002,0107,coarse-only,42,0.788072,19.809270,0.090997,preds.pt#1694
1BB002,0108,coarse-only,42,0.766310,19.226975,0.090716,preds.pt#1695
1BB002,0109,coarse-only,42,0.794211,20.017158,0.108491,preds.pt#1696
1BB002,0110,coarse-only,42,0.796396,20.200290,0.102424,preds.pt#1697
1BB002,0111,coarse-only,42,0.777191,19.686440,0.110024,preds.pt#1698
1BB002,0112,coarse-only,42,0.757805,19.102752,0.104134,preds.pt#1699
1BB002,0113,coarse-only,42,0.778112,19.832928,0.106401,preds.pt#1700
1BB002,0114,coarse-only,42,0.753973,19.337048,0.105241,preds.pt#1701
1BB002,0115,coarse-only,42,0.757552,18.794887,0.102674,preds.pt#1702
1BB002,0116,coarse-only,42,0.777516,19.401458,0.092306,preds.pt#1703
1BB002,0117,coarse-only,42,0.774028,19.415958,0.102570,preds.pt#1704
1BB002,0118,coarse-only,42,0.771125,19.005136,0.099484,preds.pt#1705
1BB002,0119,coarse-only,42,0.772356,19.230368,0.104136,preds.pt#1706
1BB002,0120,coarse-only,42,0.746037,18.573607,0.107216,preds.pt#1707
1BB002,0121,coarse-only,42,0.765696,19.084272,0.100478,preds.pt#1708
1BB002,0122,coarse-only,42,0.771455,19.392448,0.099292,preds.pt#1709
1BB002,0123,coarse-only,42,0.781467,19.383550,0.098985,preds.pt#1710
1BB002,0124,coarse-only,42,0.720478,18.860404,0.109770,preds.pt#1711
1BB002,0125,coarse-only,42,0.763280,18.776012,0.115566,preds.pt#1712
1BB002,0126,coarse-only,42,0.785091,19.508711,0.105082,preds.pt#1713
1BB002,0127,coarse-only,42,0.797176,19.705827,0.093412,preds.pt#1714
1BB002,0128,coarse-only,42,0.774371,19.138716,0.082198,preds.pt#1715
1BB002,0129,coarse-only,42,0.785560,19.216416,0.084700,preds.pt#1716
1BB002,0130,coarse-only,42,0.779158,19.167985,0.085275,preds.pt#1717
1BB002,0131,coarse-only,42,0.775184,18.882719,0.079793,preds.pt#1718
1BB002,0132,coarse-only,42,0.775569,18.886433,0.082880,preds.pt#1719
1BB002,0133,coarse-only,42,0.795308,19.445810,0.093604,preds.pt#1720
1BB002,0134,coarse-only,42,0.806791,19.883171,0.094390,preds.pt#1721
1BB002,0135,coarse-only,42,0.802225,19.535335,0.090186,preds.pt#1722
1BB002,0136,coarse-only,42,0.797553,19.239454,0.084746,preds.pt#1723
1BB002,0137,coarse-only,42,0.797890,19.369283,0.075647,preds.pt#1724
1BB002,0138,coarse-only,42,0.790780,19.079964,0.087796,preds.pt#1725
1BB002,0139,coarse-only,42,0.799417,19.333660,0.092318,preds.pt#1726
1BB002,0140,coarse-only,42,0.814224,20.103851,0.083623,preds.pt#1727
1BB002,0141,coarse-only,42,0.807207,19.507242,0.083191,preds.pt#1728
1BB002,0142,coarse-only,42,0.806807,19.506790,0.084625,preds.pt#1729
1BB002,0143,coarse-only,42,0.815794,19.617695,0.081702,preds.pt#1730
1BB002,0144,coarse-only,42,0.813153,19.423216,0.076588,preds.pt#1731
1BB002,0145,coarse-only,42,0.815780,19.377450,0.070446,preds.pt#1732
1BB002,0146,coarse-only,42,0.814661,19.164282,0.073527,preds.pt#1733
1BB002,0147,coarse-only,42,0.823896,19.280907,0.064560,preds.pt#1734
1BB002,0148,coarse-only,42,0.839178,19.863434,0.055935,preds.pt#1735
1BB002,0149,coarse-only,42,0.843802,19.764174,0.059854,preds.pt#1736
1BB002,0150,coarse-only,42,0.854263,20.447838,0.051030,preds.pt#1737
1BB002,0151,coarse-only,42,0.868196,20.882530,0.061852,preds.pt#1738
1BB002,0152,coarse-only,42,0.840593,19.713779,0.056155,preds.pt#1739
1BB002,0153,coarse-only,42,0.822841,19.905848,0.052331,preds.pt#1740
1BB002,0154,coarse-only,42,0.851867,20.865573,0.050231,preds.pt#1741
1BB002,0155,coarse-only,42,0.844069,19.933632,0.048665,preds.pt#1742
1BB002,0156,coarse-only,42,0.847324,20.427623,0.061859,preds.pt#1743
1BB002,0157,coarse-only,42,0.842059,19.815949,0.059113,preds.pt#1744
1BB002,0158,coarse-only,42,0.807067,20.405777,0.054679,preds.pt#1745
1BB002,0159,coarse-only,42,0.833488,20.108631,0.061509,preds.pt#1746
1BB002,0160,coarse-only,42,0.841619,20.234933,0.055005,preds.pt#1747
1BB002,0161,coarse-only,42,0.762167,19.769550,0.065136,preds.pt#1748
1BB002,0162,coarse-only,42,0.850847,21.084402,0.050870,preds.pt#1749
1BB002,0163,coarse-only,42,0.851691,22.265837,0.060797,preds.pt#1750
1BB002,0164,coarse-only,42,0.822265,21.030754,0.061959,preds.pt#1751
1BB002,0165,coarse-only,42,0.781631,19.497592,0.079761,preds.pt#1752
1BB002,0166,coarse-only,42,0.765144,21.504753,0.053468,preds.pt#1753
1BB002,0167,coarse-only,42,0.707066,22.492026,0.053057,preds.pt#1754
1BB002,0168,coarse-only,42,0.703073,21.032052,0.096450,preds.pt#1755
1BB002,0169,coarse-only,42,0.678776,20.779272,0.088497,preds.pt#1756
1BB003,0000,coarse-only,42,0.650400,15.353329,0.538656,preds.pt#1757
1BB003,0001,coarse-only,42,0.697536,15.316118,0.406082,preds.pt#1758
1BB003,0002,coarse-only,42,0.666116,15.640682,0.426147,preds.pt#1759
1BB003,0003,coarse-only,42,0.640346,14.246972,0.453052,preds.pt#1760
1BB003,0004,coarse-only,42,0.710719,16.630646,0.349743,preds.pt#1761
1BB003,0005,coarse-only,42,0.683922,15.761016,0.429966,preds.pt#1762
1BB003,0006,coarse-only,42,0.688999,16.200122,0.364964,preds.pt#1763
1BB003,0007,coarse-only,42,0.679582,16.085728,0.341885,preds.pt#1764
1BB003,0008,coarse-only,42,0.662798,15.219914,0.348867,preds.pt#1765
1BB003,0009,coarse-only,42,0.729347,17.755952,0.278779,preds.pt#1766
1BB003,0010,coarse-only,42,0.676796,15.608878,0.348383,preds.pt#1767
1BB003,0011,coarse-only,42,0.700822,17.153373,0.305854,preds.pt#1768
1BB003,0012,coarse-only,42,0.676712,15.760013,0.338689,preds.pt#1769
1BB003,0013,coarse-only,42,0.694721,15.787031,0.339630,preds.pt#1770
1BB003,0014,coarse-only,42,0.678405,15.561147,0.301643,preds.pt#1771
1BB003,0015,coarse-only,42,0.681738,16.149462,0.295412,preds.pt#1772
1BB003,0016,coarse-only,42,0.668807,14.620982,0.338720,preds.pt#1773
1BB003,0017,coarse-only,42,0.622207,12.953887,0.429848,preds.pt#1774
1BB003,0018,coarse-only,42,0.622747,12.093199,0.440468,preds.pt#1775
1BB003,0019,coarse-only,42,0.602018,11.820830,0.462626,preds.pt#1776
1BB003,0020,coarse-only,42,0.708940,16.515896,0.282041,preds.pt#1777
1BB003,0021,coarse-only,42,0.685978,14.239808,0.314932,preds.pt#1778
1BB003,0022,coarse-only,42,0.738687,17.156375,0.257103,preds.pt#1779
1BB003,0023,coarse-only,42,0.634278,12.486018,0.413110,preds.pt#1780
1BB003,0024,coarse-only,42,0.611686,11.967030,0.436149,preds.pt#1781
1BB003,0025,coarse-only,42,0.624366,12.902497,0.406091,preds.pt#1782
1BB003,0026,coarse-only,42,0.658579,14.708352,0.366544,preds.pt#1783
1BB003,0027,coarse-only,42,0.604298,12.031677,0.447034,preds.pt#1784
1BB003,0028,coarse-only,42,0.697642,15.667849,0.303138,preds.pt#1785
1BB003,0029,coarse-only,42,0.594924,11.746550,0.433009,preds.pt#1786
1BB003,0030,coarse-only,42,0.672296,14.689605,0.324918,preds.pt#1787
1BB003,0031,coarse-only,42,0.706964,16.435872,0.313868,preds.pt#1788
1BB003,0032,coarse-only,42,0.652809,13.879857,0.355957,preds.pt#1789
1BB003,0033,coarse-only,42,0.707348,16.499846,0.311014,preds.pt#1790
1BB003,0034,coarse-only,42,0.637298,12.311368,0.387395,preds.pt#1791
1BB003,0035,coarse-only,42,0.682025,15.595303,0.323887,preds.pt#1792
1BB003,0036,coarse-only,42,0.705576,16.569401,0.299706,preds.pt#1793
1BB003,0037,coarse-only,42,0.593948,11.726995,0.390961,preds.pt#1794
1BB003,0038,coarse-only,42,0.701994,16.786492,0.256324,preds.pt#1795
1BB003,0039,coarse-only,42,0.626115,13.263530,0.324605,preds.pt#1796
1BB003,0040,coarse-only,42,0.655888,14.149991,0.305004,preds.pt#1797
1BB003,0041,coarse-only,42,0.707328,17.033711,0.264134,preds.pt#1798
1BB003,0042,coarse-only,42,0.701862,16.794482,0.239001,preds.pt#1799
1BB003,0043,coarse-only,42,0.648890,14.269718,0.276072,preds.pt#1800
1BB003,0044,coarse-only,42,0.709379,16.908940,0.239546,preds.pt#1801
1BB003,0045,coarse-only,42,0.724394,17.253841,0.217938,preds.pt#1802
1BB003,0046,coarse-only,42,0.709535,16.665825,0.241138,preds.pt#1803
1BB003,0047,coarse-only,42,0.733926,17.308164,0.231601,preds.pt#1804
1BB003,0048,coarse-only,42,0.732958,17.145572,0.258116,preds.pt#1805
1BB003,0049,coarse-only,42,0.711465,16.544118,0.251948,preds.pt#1806
1BB003,0050,coarse-only,42,0.708229,16.394219,0.272981,preds.pt#1807
1BB003,0051,coarse-only,42,0.728946,17.024759,0.248509,preds.pt#1808
1BB003,0052,coarse-only,42,0.736809,17.485640,0.216016,preds.pt#1809
1BB003,0053,coarse-only,42,0.723718,17.114520,0.240085,preds.pt#1810
1BB003,0054,coarse-only,42,0.713418,16.934840,0.247844,preds.pt#1811
1BB003,0055,coarse-only,42,0.735880,17.552271,0.246893,preds.pt#1812
1BB003,0056,coarse-only,42,0.735467,17.650171,0.219174,preds.pt#1813
1BB003,0057,coarse-only,42,0.730879,17.594762,0.264395,preds.pt#1814
1BB003,0058,coarse-only,42,0.732029,17.678969,0.238672,preds.pt#1815
1BB003,0059,coarse-only,42,0.712795,17.275560,0.222413,preds.pt#1816
1BB003,0060,coarse-only,42,0.722301,17.215275,0.222843,preds.pt#1817
1BB003,0061,coarse-only,42,0.732778,17.463639,0.219499,preds.pt#1818
1BB003,0062,coarse-only,42,0.722039,17.246872,0.224019,preds.pt#1819
1BB003,0063,coarse-only,42,0.728348,17.298773,0.229946,preds.pt#1820
1BB003,0064,coarse-only,42,0.728104,17.172152,0.212061,preds.pt#1821
1BB003,0065,coarse-only,42,0.723416,17.110431,0.211661,preds.pt#1822
1BB003,0066,coarse-only,42,0.745556,17.414035,0.200156,preds.pt#1823
1BB003,0067,coarse-only,42,0.734574,17.202552,0.212765,preds.pt#1824
1BB003,0068,coarse-only,42,0.730861,17.255596,0.219283,preds.pt#1825
1BB003,0069,coarse-only,42,0.734968,17.290568,0.205881,preds.pt#1826
1BB003,0070,coarse-only,42,0.748152,17.617682,0.213751,preds.pt#1827
1BB003,0071,coarse-only,42,0.743902,17.651743,0.208750,preds.pt#1828
1BB003,0072,coarse-only,42,0.716131,17.369805,0.211884,preds.pt#1829
1BB003,0073,coarse-only,42,0.728819,17.538738,0.187487,preds.pt#1830
1BB003,0074,coarse-only,42,0.718402,17.275896,0.209844,preds.pt#1831
1BB003,0075,coarse-only,42,0.726799,17.604647,0.191673,preds.pt#1832
1BB003,0076,coarse-only,42,0.735229,18.053587,0.186823,preds.pt#1833
1BB003,0077,coarse-only,42,0.721349,17.858373,0.192159,preds.pt#1834
1BB003,0078,coarse-only,42,0.704437,17.119922,0.207054,preds.pt#1835
1BB003,0079,coarse-only,42,0.698265,17.069539,0.198484,preds.pt#1836
1BB003,0080,coarse-only,42,0.688130,16.995977,0.188111,preds.pt#1837
1BB003,0081,coarse-only,42,0.702489,17.286553,0.185285,preds.pt#1838
1BB003,0082,coarse-only,42,0.709334,17.204836,0.190106,preds.pt#1839
1BB003,0083,coarse-only,42,0.703145,17.601673,0.177429,preds.pt#1840
1BB003,0084,coarse-only,42,0.704015,17.371527,0.173295,preds.pt#1841
1BB003,0085,coarse-only,42,0.703626,17.218394,0.167124,preds.pt#1842
1BB003,0086,coarse-only,42,0.713447,17.289779,0.160187,preds.pt#1843
1BB003,0087,coarse-only,42,0.719111,17.499930,0.173733,preds.pt#1844
1BB003,0088,coarse-only,42,0.746706,17.931678,0.132910,preds.pt#1845
1BB003,0089,coarse-only,42,0.740646,17.917914,0.156431,preds.pt#1846
1BB003,0090,coarse-only,42,0.744297,17.873259,0.148575,preds.pt#1847
1BB003,0091,coarse-only,42,0.735898,17.787482,0.159227,preds.pt#1848
1BB003,0092,coarse-only,42,0.731195,17.654207,0.153392,preds.pt#1849
1BB003,0093,coarse-only,42,0.737708,18.008961,0.129440,preds.pt#1850
1BB003,0094,coarse-only,42,0.753662,18.354333,0.127616,preds.pt#1851
1BB003,0095,coarse-only,42,0.737989,17.676723,0.151498,preds.pt#1852
1BB003,0096,coarse-only,42,0.741539,18.178543,0.138277,preds.pt#1853
1BB003,0097,coarse-only,42,0.750620,18.285173,0.142283,preds.pt#1854
1BB003,0098,coarse-only,42,0.736624,17.893569,0.152867,preds.pt#1855
1BB003,0099,coarse-only,42,0.741737,18.224990,0.157020,preds.pt#1856
1BB003,0100,coarse-only,42,0.732945,18.029312,0.179003,preds.pt#1857
1BB003,0101,coarse-only,42,0.730442,18.044207,0.156298,preds.pt#1858
1BB003,0102,coarse-only,42,0.719304,17.948430,0.178484,preds.pt#1859
1BB003,0103,coarse-only,42,0.718164,17.914603,0.170497,preds.pt#1860
1BB003,0104,coarse-only,42,0.705865,17.386664,0.156027,preds.pt#1861
1BB003,0105,coarse-only,42,0.734417,18.216606,0.149462,preds.pt#1862
1BB003,0106,coarse-only,42,0.732603,18.060893,0.140957,preds.pt#1863
1BB003,0107,coarse-only,42,0.741024,18.232613,0.130174,preds.pt#1864
1BB003,0108,coarse-only,42,0.742879,18.462760,0.144269,preds.pt#1865
1BB003,0109,coarse-only,42,0.731927,18.125505,0.145934,preds.pt#1866
1BB003,0110,coarse-only,42,0.744255,18.467030,0.137871,preds.pt#1867
1BB003,0111,coarse-only,42,0.675656,17.206134,0.148995,preds.pt#1868
1BB003,0112,coarse-only,42,0.682000,16.843531,0.159504,preds.pt#1869
1BB003,0113,coarse-only,42,0.680316,17.174519,0.157167,preds.pt#1870
1BB003,0114,coarse-only,42,0.720666,17.750862,0.132130,preds.pt#1871
1BB003,0115,coarse-only,42,0.713696,17.672377,0.130472,preds.pt#1872
1BB003,0116,coarse-only,42,0.695823,17.668572,0.133145,preds.pt#1873
1BB003,0117,coarse-only,42,0.702822,17.556483,0.141751,preds.pt#1874
1BB003,0118,coarse-only,42,0.690143,17.400245,0.137772,preds.pt#1875
1BB003,0119,coarse-only,42,0.690813,17.345070,0.139227,preds.pt#1876
1BB003,0120,coarse-only,42,0.707587,17.763891,0.128285,preds.pt#1877
1BB003,0121,coarse-only,42,0.703441,17.548083,0.116484,preds.pt#1878
1BB003,0122,coarse-only,42,0.703059,17.597059,0.117151,preds.pt#1879
1BB003,0123,coarse-only,42,0.734705,18.255282,0.117699,preds.pt#1880
1BB003,0124,coarse-only,42,0.747461,18.383653,0.105157,preds.pt#1881
1BB003,0125,coarse-only,42,0.745811,18.388500,0.117393,preds.pt#1882
1BB003,0126,coarse-only,42,0.737057,18.236470,0.119579,preds.pt#1883
1BB003,0127,coarse-only,42,0.753997,18.570746,0.112789,preds.pt#1884
1BB003,0128,coarse-only,42,0.750150,18.141485,0.105795,preds.pt#1885
1BB003,0129,coarse-only,42,0.759042,18.479615,0.103750,preds.pt#1886
1BB003,0130,coarse-only,42,0.747590,18.378762,0.111475,preds.pt#1887
1BB003,0131,coarse-only,42,0.768150,18.968864,0.093356,preds.pt#1888
1BB003,0132,coarse-only,42,0.746365,18.133988,0.098461,preds.pt#1889
1BB003,0133,coarse-only,42,0.749714,18.682146,0.096868,preds.pt#1890
1BB003,0134,coarse-only,42,0.768514,18.816321,0.101811,preds.pt#1891
1BB003,0135,coarse-only,42,0.746996,18.283184,0.103094,preds.pt#1892
1BB003,0136,coarse-only,42,0.756521,18.213684,0.099075,preds.pt#1893
1BB003,0137,coarse-only,42,0.755182,18.706334,0.115538,preds.pt#1894
1BB003,0138,coarse-only,42,0.743901,18.069660,0.113341,preds.pt#1895
1BB003,0139,coarse-only,42,0.735615,18.069602,0.093011,preds.pt#1896
1BB003,0140,coarse-only,42,0.743731,18.428000,0.116888,preds.pt#1897
1BB003,0141,coarse-only,42,0.765907,18.971119,0.104733,preds.pt#1898
1BB003,0142,coarse-only,42,0.738427,18.008751,0.115630,preds.pt#1899
1BB003,0143,coarse-only,42,0.746056,18.428340,0.104354,preds.pt#1900
1BB003,0144,coarse-only,42,0.756270,18.763084,0.116188,preds.pt#1901
1BB003,0145,coarse-only,42,0.764112,18.591635,0.113453,preds.pt#1902
1BB003,0146,coarse-only,42,0.771914,18.889775,0.095999,preds.pt#1903
1BB003,0147,coarse-only,42,0.740074,18.085493,0.108747,preds.pt#1904
1BB003,0148,coarse-only,42,0.739359,17.756590,0.099558,preds.pt#1905
1BB003,0149,coarse-only,42,0.754017,17.919765,0.105580,preds.pt#1906
1BB003,0150,coarse-only,42,0.751669,18.212149,0.094103,preds.pt#1907
1BB003,0151,coarse-only,42,0.745061,18.142997,0.104180,preds.pt#1908
1BB003,0152,coarse-only,42,0.765977,18.136374,0.094867,preds.pt#1909
1BB003,0153,coarse-only,42,0.754727,17.787119,0.112457,preds.pt#1910
1BB003,0154,coarse-only,42,0.750627,17.574696,0.101359,preds.pt#1911
1BB003,0155,coarse-only,42,0.774628,18.185659,0.101959,preds.pt#1912
1BB003,0156,coarse-only,42,0.765450,18.009645,0.101655,preds.pt#1913
1BB003,0157,coarse-only,42,0.743676,17.428035,0.110991,preds.pt#1914
1BB003,0158,coarse-only,42,0.743033,17.124963,0.117066,preds.pt#1915
1BB003,0159,coarse-only,42,0.745898,17.345874,0.113009,preds.pt#1916
1BB003,0160,coarse-only,42,0.744765,16.971209,0.113132,preds.pt#1917
1BB003,0161,coarse-only,42,0.737531,17.052087,0.113815,preds.pt#1918
1BB003,0162,coarse-only,42,0.738729,16.705494,0.101273,preds.pt#1919
1BB003,0163,coarse-only,42,0.747990,16.641457,0.100484,preds.pt#1920
1BB003,0164,coarse-only,42,0.746008,16.750426,0.102105,preds.pt#1921
1BB003,0165,coarse-only,42,0.732966,16.566939,0.106926,preds.pt#1922
1BB003,0166,coarse-only,42,0.761532,17.384756,0.094511,preds.pt#1923
1BB003,0167,coarse-only,42,0.744473,17.088373,0.101896,preds.pt#1924
1BB003,0168,coarse-only,42,0.780689,17.687338,0.099567,preds.pt#1925
1BB003,0169,coarse-only,42,0.791146,18.044958,0.086066,preds.pt#1926
1BB003,0170,coarse-only,42,0.781168,17.569749,0.098903,preds.pt#1927
1BB003,0171,coarse-only,42,0.805455,18.128610,0.089286,preds.pt#1928
1BB003,0172,coarse-only,42,0.815431,18.785119,0.081593,preds.pt#1929
1BB003,0173,coarse-only,42,0.827181,18.887953,0.078933,preds.pt#1930
1BB003,0174,coarse-only,42,0.825419,18.899389,0.083158,preds.pt#1931
1BB003,0175,coarse-only,42,0.846883,19.741215,0.070114,preds.pt#1932
1BB003,0176,coarse-only,42,0.827721,18.597745,0.067057,preds.pt#1933
1BB003,0177,coarse-only,42,0.867605,20.373968,0.077136,preds.pt#1934
1BB003,0178,coarse-only,42,0.850114,19.817473,0.079407,preds.pt#1935
1BB003,0179,coarse-only,42,0.845965,19.624129,0.070549,preds.pt#1936
1BB003,0180,coarse-only,42,0.849232,20.157113,0.061729,preds.pt#1937
1BB003,0181,coarse-only,42,0.846553,21.153452,0.067101,preds.pt#1938
1BB003,0182,coarse-only,42,0.843748,19.116951,0.068931,preds.pt#1939
1BB003,0183,coarse-only,42,0.829858,18.651959,0.056576,preds.pt#1940
1BB003,0184,coarse-only,42,0.811170,18.914181,0.068166,preds.pt#1941
1BB003,0185,coarse-only,42,0.836277,19.484660,0.052616,preds.pt#1942
1BB003,0186,coarse-only,42,0.842001,20.287572,0.061231,preds.pt#1943
1BB003,0187,coarse-only,42,0.864447,20.865680,0.076030,preds.pt#1944
1BB003,0188,coarse-only,42,0.758603,21.990544,0.061299,preds.pt#1945
1BB003,0189,coarse-only,42,0.779741,23.147815,0.047482,preds.pt#1946
1BB003,0190,coarse-only,42,0.745986,23.618211,0.048934,preds.pt#1947
1BB003,0191,coarse-only,42,0.758930,23.854683,0.051935,preds.pt#1948
1BB003,0192,coarse-only,42,0.728391,20.242756,0.067958,preds.pt#1949
1BB003,0193,coarse-only,42,0.757577,21.110757,0.086266,preds.pt#1950
1BB008,0000,coarse-only,42,0.592628,12.986343,0.501357,preds.pt#1951
1BB008,0001,coarse-only,42,0.624218,14.023717,0.428254,preds.pt#1952
1BB008,0002,coarse-only,42,0.624527,15.411803,0.316043,preds.pt#1953
1BB008,0003,coarse-only,42,0.664142,15.614148,0.280153,preds.pt#1954
1BB008,0004,coarse-only,42,0.614304,15.145773,0.307124,preds.pt#1955
1BB008,0005,coarse-only,42,0.603933,13.760036,0.329938,preds.pt#1956
1BB008,0006,coarse-only,42,0.610513,15.471708,0.283490,preds.pt#1957
1BB008,0007,coarse-only,42,0.605285,14.555475,0.307139,preds.pt#1958
1BB008,0008,coarse-only,42,0.626875,15.859785,0.277018,preds.pt#1959
1BB008,0009,coarse-only,42,0.640275,15.295670,0.279004,preds.pt#1960
1BB008,0010,coarse-only,42,0.649341,15.850169,0.274830,preds.pt#1961
1BB008,0011,coarse-only,42,0.611621,15.395826,0.268461,preds.pt#1962
1BB008,0012,coarse-only,42,0.640942,16.101841,0.274174,preds.pt#1963
1BB008,0013,coarse-only,42,0.627093,14.894133,0.283580,preds.pt#1964
1BB008,0014,coarse-only,42,0.599471,12.861524,0.352499,preds.pt#1965
1BB008,0015,coarse-only,42,0.632208,14.285404,0.300834,preds.pt#1966
1BB008,0016,coarse-only,42,0.644173,14.192884,0.300816,preds.pt#1967
1BB008,0017,coarse-only,42,0.689523,17.252443,0.230347,preds.pt#1968
1BB008,0018,coarse-only,42,0.582370,12.606762,0.329327,preds.pt#1969
1BB008,0019,coarse-only,42,0.676178,16.943116,0.245470,preds.pt#1970
1BB008,0020,coarse-only,42,0.689597,17.292360,0.247086,preds.pt#1971
1BB008,0021,coarse-only,42,0.680489,16.992114,0.249358,preds.pt#1972
1BB008,0022,coarse-only,42,0.666036,16.657308,0.262578,preds.pt#1973
1BB008,0023,coarse-only,42,0.664154,16.669248,0.287833,preds.pt#1974
1BB008,0024,coarse-only,42,0.692125,17.479920,0.252985,preds.pt#1975
1BB008,0025,coarse-only,42,0.693810,17.367142,0.225859,preds.pt#1976
1BB008,0026,coarse-only,42,0.685518,16.907875,0.244981,preds.pt#1977
1BB008,0027,coarse-only,42,0.687397,16.882751,0.251552,preds.pt#1978
1BB008,0028,coarse-only,42,0.691106,17.033610,0.230880,preds.pt#1979
1BB008,0029,coarse-only,42,0.693772,17.249438,0.231707,preds.pt#1980
1BB008,0030,coarse-only,42,0.702768,17.151355,0.232358,preds.pt#1981
1BB008,0031,coarse-only,42,0.691195,16.890589,0.216214,preds.pt#1982
1BB008,0032,coarse-only,42,0.680702,16.549920,0.229843,preds.pt#1983
1BB008,0033,coarse-only,42,0.717720,17.527095,0.227016,preds.pt#1984
1BB008,0034,coarse-only,42,0.687497,16.700098,0.228250,preds.pt#1985
1BB008,0035,coarse-only,42,0.714078,17.287371,0.213523,preds.pt#1986
1BB008,0036,coarse-only,42,0.714435,17.180308,0.229861,preds.pt#1987
1BB008,0037,coarse-only,42,0.723147,17.185507,0.186603,preds.pt#1988
1BB008,0038,coarse-only,42,0.723322,17.525882,0.199661,preds.pt#1989
1BB008,0039,coarse-only,42,0.722474,17.634182,0.210146,preds.pt#1990
1BB008,0040,coarse-only,42,0.730408,17.528464,0.202925,preds.pt#1991
1BB008,0041,coarse-only,42,0.719903,17.876327,0.215139,preds.pt#1992
1BB008,0042,coarse-only,42,0.713943,17.456316,0.210381,preds.pt#1993
1BB008,0043,coarse-only,42,0.732421,17.674329,0.220372,preds.pt#1994
1BB008,0044,coarse-only,42,0.724598,17.685499,0.201618,preds.pt#1995
1BB008,0045,coarse-only,42,0.719154,17.420189,0.208007,preds.pt#1996
1BB008,0046,coarse-only,42,0.724803,17.445905,0.205575,preds.pt#1997
1BB008,0047,coarse-only,42,0.739910,17.631585,0.184195,preds.pt#1998
1BB008,0048,coarse-only,42,0.723461,17.250234,0.196027,preds.pt#1999
1BB008,0049,coarse-only,42,0.711442,17.204559,0.215933,preds.pt#2000
1BB008,0050,coarse-only,42,0.715215,17.174488,0.204274,preds.pt#2001
1BB008,0051,coarse-only,42,0.719907,17.162039,0.226285,preds.pt#2002
1BB008,0052,coarse-only,42,0.714796,17.375322,0.202761,preds.pt#2003
1BB008,0053,coarse-only,42,0.699199,17.116505,0.208859,preds.pt#2004
1BB008,0054,coarse-only,42,0.705203,17.287300,0.216409,preds.pt#2005
1BB008,0055,coarse-only,42,0.715004,17.470186,0.199167,preds.pt#2006
1BB008,0056,coarse-only,42,0.690019,17.318406,0.213618,preds.pt#2007
1BB008,0057,coarse-only,42,0.709558,17.658464,0.208968,preds.pt#2008
1BB008,0058,coarse-only,42,0.696120,17.329853,0.190756,preds.pt#2009
1BB008,0059,coarse-only,42,0.709758,17.657381,0.190573,preds.pt#2010
1BB008,0060,coarse-only,42,0.693430,17.217846,0.188694,preds.pt#2011
1BB008,0061,coarse-only,42,0.693468,17.231600,0.214601,preds.pt#2012
1BB008,0062,coarse-only,42,0.679940,16.725958,0.238605,preds.pt#2013
1BB008,0063,coarse-only,42,0.685622,16.987106,0.224739,preds.pt#2014
1BB008,0064,coarse-only,42,0.678320,16.866597,0.230197,preds.pt#2015
1BB008,0065,coarse-only,42,0.671906,17.028641,0.232423,preds.pt#2016
1BB008,0066,coarse-only,42,0.663279,16.936497,0.218657,preds.pt#2017
1BB008,0067,coarse-only,42,0.663631,16.978072,0.207260,preds.pt#2018
1BB008,0068,coarse-only,42,0.642114,16.760678,0.247687,preds.pt#2019
1BB008,0069,coarse-only,42,0.655755,17.150072,0.224181,preds.pt#2020
1BB008,0070,coarse-only,42,0.658783,16.977580,0.212363,preds.pt#2021
1BB008,0071,coarse-only,42,0.660711,16.957832,0.203423,preds.pt#2022
1BB008,0072,coarse-only,42,0.659878,16.891355,0.201232,preds.pt#2023
1BB008,0073,coarse-only,42,0.655748,16.882976,0.213323,preds.pt#2024
1BB008,0074,coarse-only,42,0.649357,16.741404,0.233703,preds.pt#2025
1BB008,0075,coarse-only,42,0.657086,16.509818,0.205108,preds.pt#2026
1BB008,0076,coarse-only,42,0.670685,16.864816,0.216748,preds.pt#2027
1BB008,0077,coarse-only,42,0.664459,16.829749,0.199583,preds.pt#2028
1BB008,0078,coarse-only,42,0.669346,17.236342,0.196347,preds.pt#2029
1BB008,0079,coarse-only,42,0.670565,17.082071,0.191059,preds.pt#2030
1BB008,0080,coarse-only,42,0.656723,16.725259,0.194062,preds.pt#2031
1BB008,0081,coarse-only,42,0.667661,17.058438,0.184628,preds.pt#2032
1BB008,0082,coarse-only,42,0.662414,17.200444,0.185283,preds.pt#2033
1BB008,0083,coarse-only,42,0.661926,17.159758,0.180269,preds.pt#2034
1BB008,0084,coarse-only,42,0.660206,17.331027,0.185174,preds.pt#2035
1BB008,0085,coarse-only,42,0.620546,16.641964,0.181353,preds.pt#2036
1BB008,0086,coarse-only,42,0.625307,16.753180,0.172695,preds.pt#2037
1BB008,0087,coarse-only,42,0.616280,16.595801,0.163308,preds.pt#2038
1BB008,0088,coarse-only,42,0.634271,16.749209,0.173401,preds.pt#2039
1BB008,0089,coarse-only,42,0.633113,16.709888,0.173656,preds.pt#2040
1BB008,0090,coarse-only,42,0.650737,16.880769,0.177380,preds.pt#2041
1BB008,0091,coarse-only,42,0.642678,16.787258,0.175044,preds.pt#2042
1BB008,0092,coarse-only,42,0.659957,17.069353,0.153483,preds.pt#2043
1BB008,0093,coarse-only,42,0.655455,16.903875,0.175580,preds.pt#2044
1BB008,0094,coarse-only,42,0.649510,16.701842,0.168147,preds.pt#2045
1BB008,0095,coarse-only,42,0.670730,17.268079,0.148972,preds.pt#2046
1BB008,0096,coarse-only,42,0.669712,17.311675,0.158877,preds.pt#2047
1BB008,0097,coarse-only,42,0.664208,17.196962,0.162224,preds.pt#2048
1BB008,0098,coarse-only,42,0.677229,17.653404,0.156104,preds.pt#2049
1BB008,0099,coarse-only,42,0.668234,17.367220,0.157322,preds.pt#2050
1BB008,0100,coarse-only,42,0.673983,17.313185,0.153240,preds.pt#2051
1BB008,0101,coarse-only,42,0.682069,17.577066,0.139890,preds.pt#2052
1BB008,0102,coarse-only,42,0.688063,17.546558,0.142500,preds.pt#2053
1BB008,0103,coarse-only,42,0.692225,17.624316,0.152851,preds.pt#2054
1BB008,0104,coarse-only,42,0.710137,17.765377,0.135633,preds.pt#2055
1BB008,0105,coarse-only,42,0.684118,17.385305,0.133110,preds.pt#2056
1BB008,0106,coarse-only,42,0.701264,17.749578,0.127788,preds.pt#2057
1BB008,0107,coarse-only,42,0.690778,17.430673,0.119026,preds.pt#2058
1BB008,0108,coarse-only,42,0.699934,17.873881,0.121738,preds.pt#2059
1BB008,0109,coarse-only,42,0.713531,17.946748,0.117147,preds.pt#2060
1BB008,0110,coarse-only,42,0.693991,17.432792,0.121804,preds.pt#2061
1BB008,0111,coarse-only,42,0.737601,18.734684,0.123525,preds.pt#2062
1BB008,0112,coarse-only,42,0.737222,18.645230,0.119038,preds.pt#2063
1BB008,0113,coarse-only,42,0.711368,18.104826,0.107126,preds.pt#2064
1BB008,0114,coarse-only,42,0.729635,18.694085,0.091641,preds.pt#2065
1BB008,0115,coarse-only,42,0.723562,18.586114,0.084113,preds.pt#2066
1BB008,0116,coarse-only,42,0.727707,18.297919,0.096455,preds.pt#2067
1BB008,0117,coarse-only,42,0.722747,18.290703,0.114246,preds.pt#2068
1BB008,0118,coarse-only,42,0.729725,18.551855,0.101919,preds.pt#2069
1BB008,0119,coarse-only,42,0.734631,18.744204,0.107628,preds.pt#2070
1BB008,0120,coarse-only,42,0.713917,18.286641,0.108229,preds.pt#2071
1BB008,0121,coarse-only,42,0.731897,18.518651,0.120435,preds.pt#2072
1BB008,0122,coarse-only,42,0.713876,17.948047,0.117534,preds.pt#2073
1BB008,0123,coarse-only,42,0.703776,17.525488,0.113222,preds.pt#2074
1BB008,0124,coarse-only,42,0.695430,17.479549,0.104810,preds.pt#2075
1BB008,0125,coarse-only,42,0.707067,17.778253,0.110940,preds.pt#2076
1BB008,0126,coarse-only,42,0.703082,17.356709,0.117418,preds.pt#2077
1BB008,0127,coarse-only,42,0.730957,18.020387,0.129664,preds.pt#2078
1BB008,0128,coarse-only,42,0.713660,17.600198,0.110427,preds.pt#2079
1BB008,0129,coarse-only,42,0.723130,17.710034,0.120577,preds.pt#2080
1BB008,0130,coarse-only,42,0.732980,18.134880,0.112802,preds.pt#2081
1BB008,0131,coarse-only,42,0.728486,17.971860,0.110703,preds.pt#2082
1BB008,0132,coarse-only,42,0.715581,17.899099,0.100648,preds.pt#2083
1BB008,0133,coarse-only,42,0.724719,18.121597,0.103668,preds.pt#2084
1BB008,0134,coarse-only,42,0.732269,18.250446,0.108908,preds.pt#2085
1BB008,0135,coarse-only,42,0.714978,17.636542,0.095913,preds.pt#2086
1BB008,0136,coarse-only,42,0.737787,18.102850,0.102093,preds.pt#2087
1BB008,0137,coarse-only,42,0.747787,18.218661,0.101180,preds.pt#2088
1BB008,0138,coarse-only,42,0.778913,19.020820,0.082969,preds.pt#2089
1BB008,0139,coarse-only,42,0.770772,18.481645,0.083984,preds.pt#2090
1BB008,0140,coarse-only,42,0.771252,18.673110,0.089571,preds.pt#2091
1BB008,0141,coarse-only,42,0.752682,18.219369,0.091099,preds.pt#2092
1BB008,0142,coarse-only,42,0.769862,18.555790,0.101716,preds.pt#2093
1BB008,0143,coarse-only,42,0.777253,18.644583,0.087930,preds.pt#2094
1BB008,0144,coarse-only,42,0.778516,18.406268,0.094815,preds.pt#2095
1BB008,0145,coarse-only,42,0.790920,18.840383,0.077495,preds.pt#2096
1BB008,0146,coarse-only,42,0.797184,18.913541,0.081004,preds.pt#2097
1BB008,0147,coarse-only,42,0.799917,19.130711,0.073781,preds.pt#2098
1BB008,0148,coarse-only,42,0.798674,18.978232,0.078727,preds.pt#2099
1BB008,0149,coarse-only,42,0.815336,19.240993,0.083477,preds.pt#2100
1BB008,0150,coarse-only,42,0.804209,19.202072,0.081611,preds.pt#2101
1BB008,0151,coarse-only,42,0.806413,19.252673,0.072147,preds.pt#2102
1BB008,0152,coarse-only,42,0.819518,19.683853,0.067064,preds.pt#2103
1BB008,0153,coarse-only,42,0.834338,19.994747,0.067699,preds.pt#2104
1BB008,0154,coarse-only,42,0.826118,19.449592,0.072537,preds.pt#2105
1BB008,0155,coarse-only,42,0.799573,19.543408,0.080454,preds.pt#2106
1BB008,0156,coarse-only,42,0.820121,19.308763,0.074912,preds.pt#2107
1BB008,0157,coarse-only,42,0.810119,19.079639,0.064265,preds.pt#2108
1BB008,0158,coarse-only,42,0.826320,20.178867,0.060032,preds.pt#2109
1BB008,0159,coarse-only,42,0.840545,20.180193,0.051727,preds.pt#2110
1BB008,0160,coarse-only,42,0.812694,19.521941,0.058855,preds.pt#2111
1BB008,0161,coarse-only,42,0.818577,20.187458,0.064045,preds.pt#2112
1BB008,0162,coarse-only,42,0.830155,20.652713,0.057814,preds.pt#2113
1BB008,0163,coarse-only,42,0.799421,20.042105,0.049889,preds.pt#2114
1BB008,0164,coarse-only,42,0.789147,19.348510,0.068597,preds.pt#2115
1BB008,0165,coarse-only,42,0.790011,19.964814,0.065481,preds.pt#2116
1BB008,0166,coarse-only,42,0.806106,20.281871,0.069572,preds.pt#2117
1BB008,0167,coarse-only,42,0.759846,19.110142,0.078654,preds.pt#2118
1BB008,0168,coarse-only,42,0.755045,18.708936,0.084393,preds.pt#2119
1BB008,0169,coarse-only,42,0.731522,18.505595,0.079648,preds.pt#2120
1BB008,0170,coarse-only,42,0.573633,17.464973,0.128764,preds.pt#2121
1BB008,0171,coarse-only,42,0.721344,20.278938,0.068306,preds.pt#2122
1BB008,0172,coarse-only,42,0.753287,20.607046,0.072057,preds.pt#2123
1BB008,0173,coarse-only,42,0.642414,17.885580,0.121079,preds.pt#2124
1BB008,0174,coarse-only,42,0.613750,19.164260,0.120857,preds.pt#2125
1BB008,0175,coarse-only,42,0.634364,18.975721,0.135407,preds.pt#2126
1BB008,0176,coarse-only,42,0.662469,21.969062,0.066010,preds.pt#2127
1BB008,0177,coarse-only,42,0.658010,19.267516,0.102245,preds.pt#2128
1BB200,0000,coarse-only,42,0.610478,13.349596,0.475045,preds.pt#2129
1BB200,0001,coarse-only,42,0.615330,13.719420,0.464298,preds.pt#2130
1BB200,0002,coarse-only,42,0.615673,12.734154,0.480970,preds.pt#2131
1BB200,0003,coarse-only,42,0.633908,13.253374,0.476987,preds.pt#2132
1BB200,0004,coarse-only,42,0.615229,13.444806,0.463815,preds.pt#2133
1BB200,0005,coarse-only,42,0.630752,13.793585,0.441365,preds.pt#2134
1BB200,0006,coarse-only,42,0.637755,14.548157,0.413554,preds.pt#2135
1BB200,0007,coarse-only,42,0.645872,13.965108,0.415026,preds.pt#2136
1BB200,0008,coarse-only,42,0.663036,14.711094,0.392909,preds.pt#2137
1BB200,0009,coarse-only,42,0.654650,15.023269,0.404600,preds.pt#2138
1BB200,0010,coarse-only,42,0.621262,13.768169,0.366238,preds.pt#2139
1BB200,0011,coarse-only,42,0.653504,14.632441,0.362907,preds.pt#2140
1BB200,0012,coarse-only,42,0.667771,14.607789,0.357593,preds.pt#2141
1BB200,0013,coarse-only,42,0.637992,14.247220,0.348772,preds.pt#2142
1BB200,0014,coarse-only,42,0.672913,14.450121,0.335876,preds.pt#2143
1BB200,0015,coarse-only,42,0.665622,14.729745,0.349679,preds.pt#2144
1BB200,0016,coarse-only,42,0.683008,15.201668,0.322436,preds.pt#2145
1BB200,0017,coarse-only,42,0.677206,15.320706,0.319730,preds.pt#2146
1BB200,0018,coarse-only,42,0.703438,16.419575,0.291248,preds.pt#2147
1BB200,0019,coarse-only,42,0.677171,15.591964,0.317501,preds.pt#2148
1BB200,0020,coarse-only,42,0.692533,16.433386,0.282041,preds.pt#2149
1BB200,0021,coarse-only,42,0.701501,16.248519,0.304321,preds.pt#2150
1BB200,0022,coarse-only,42,0.685936,15.755907,0.282569,preds.pt#2151
1BB200,0023,coarse-only,42,0.709063,16.752564,0.269294,preds.pt#2152
1BB200,0024,coarse-only,42,0.692014,16.257464,0.277528,preds.pt#2153
1BB200,0025,coarse-only,42,0.694435,16.377392,0.272826,preds.pt#2154
1BB200,0026,coarse-only,42,0.697626,16.828440,0.267761,preds.pt#2155
1BB200,0027,coarse-only,42,0.668088,16.878244,0.241053,preds.pt#2156
1BB200,0028,coarse-only,42,0.671742,16.882736,0.234274,preds.pt#2157
1BB200,0029,coarse-only,42,0.694844,17.562394,0.244988,preds.pt#2158
1BB200,0030,coarse-only,42,0.698647,17.448145,0.242053,preds.pt#2159
1BB200,0031,coarse-only,42,0.687391,17.335917,0.252087,preds.pt#2160
1BB200,0032,coarse-only,42,0.693039,16.922750,0.232290,preds.pt#2161
1BB200,0033,coarse-only,42,0.682103,16.971950,0.236906,preds.pt#2162
1BB200,0034,coarse-only,42,0.678951,16.741383,0.255274,preds.pt#2163
1BB200,0035,coarse-only,42,0.693735,17.349860,0.262586,preds.pt#2164
1BB200,0036,coarse-only,42,0.686136,17.102186,0.238547,preds.pt#2165
1BB200,0037,coarse-only,42,0.690453,17.132420,0.253223,preds.pt#2166
1BB200,0038,coarse-only,42,0.683101,17.042481,0.242186,preds.pt#2167
1BB200,0039,coarse-only,42,0.680666,16.841002,0.232595,preds.pt#2168
1BB200,0040,coarse-only,42,0.699184,16.906502,0.236145,preds.pt#2169
1BB200,0041,coarse-only,42,0.697478,16.993004,0.219595,preds.pt#2170
1BB200,0042,coarse-only,42,0.697416,16.823775,0.230040,preds.pt#2171
1BB200,0043,coarse-only,42,0.700763,17.104314,0.228113,preds.pt#2172
1BB200,0044,coarse-only,42,0.694604,16.406947,0.224108,preds.pt#2173
1BB200,0045,coarse-only,42,0.690323,16.270077,0.230500,preds.pt#2174
1BB200,0046,coarse-only,42,0.704093,16.816845,0.246623,preds.pt#2175
1BB200,0047,coarse-only,42,0.712275,16.865582,0.221896,preds.pt#2176
1BB200,0048,coarse-only,42,0.705565,16.754365,0.231475,preds.pt#2177
1BB200,0049,coarse-only,42,0.718808,16.823331,0.213719,preds.pt#2178
1BB200,0050,coarse-only,42,0.712027,17.292997,0.215316,preds.pt#2179
1BB200,0051,coarse-only,42,0.712154,17.058370,0.236594,preds.pt#2180
1BB200,0052,coarse-only,42,0.723152,17.491255,0.252649,preds.pt#2181
1BB200,0053,coarse-only,42,0.710778,17.705909,0.228067,preds.pt#2182
1BB200,0054,coarse-only,42,0.697368,17.210077,0.221732,preds.pt#2183
1BB200,0055,coarse-only,42,0.705514,17.278433,0.222607,preds.pt#2184
1BB200,0056,coarse-only,42,0.704176,16.883164,0.236034,preds.pt#2185
1BB200,0057,coarse-only,42,0.709866,17.075441,0.222949,preds.pt#2186
1BB200,0058,coarse-only,42,0.716591,17.174045,0.235419,preds.pt#2187
1BB200,0059,coarse-only,42,0.695621,16.964520,0.236896,preds.pt#2188
1BB200,0060,coarse-only,42,0.703056,17.064404,0.229921,preds.pt#2189
1BB200,0061,coarse-only,42,0.730984,17.705035,0.193384,preds.pt#2190
1BB200,0062,coarse-only,42,0.710089,17.401974,0.223754,preds.pt#2191
1BB200,0063,coarse-only,42,0.718707,17.834525,0.222663,preds.pt#2192
1BB200,0064,coarse-only,42,0.730858,17.915428,0.202508,preds.pt#2193
1BB200,0065,coarse-only,42,0.704455,17.156721,0.209390,preds.pt#2194
1BB200,0066,coarse-only,42,0.725915,17.438355,0.221313,preds.pt#2195
1BB200,0067,coarse-only,42,0.737481,17.894247,0.218075,preds.pt#2196
1BB200,0068,coarse-only,42,0.722519,17.740674,0.201325,preds.pt#2197
1BB200,0069,coarse-only,42,0.723829,17.475079,0.231164,preds.pt#2198
1BB200,0070,coarse-only,42,0.715467,17.416593,0.238082,preds.pt#2199
1BB200,0071,coarse-only,42,0.721223,17.630988,0.202603,preds.pt#2200
1BB200,0072,coarse-only,42,0.694109,16.913332,0.185591,preds.pt#2201
1BB200,0073,coarse-only,42,0.706610,17.396215,0.183746,preds.pt#2202
1BB200,0074,coarse-only,42,0.682856,16.957167,0.172553,preds.pt#2203
1BB200,0075,coarse-only,42,0.613005,16.219240,0.180297,preds.pt#2204
1BB200,0076,coarse-only,42,0.617176,16.110190,0.210651,preds.pt#2205
1BB200,0077,coarse-only,42,0.622195,16.094601,0.183235,preds.pt#2206
1BB200,0078,coarse-only,42,0.620323,15.979121,0.204491,preds.pt#2207
1BB200,0079,coarse-only,42,0.625393,16.137965,0.189029,preds.pt#2208
1BB200,0080,coarse-only,42,0.619331,15.813314,0.197532,preds.pt#2209
1BB200,0081,coarse-only,42,0.605629,15.556337,0.204223,preds.pt#2210
1BB200,0082,coarse-only,42,0.634653,16.110351,0.193012,preds.pt#2211
1BB200,0083,coarse-only,42,0.630761,16.086193,0.192813,preds.pt#2212
1BB200,0084,coarse-only,42,0.648024,16.509523,0.168698,preds.pt#2213
1BB200,0085,coarse-only,42,0.664052,16.879224,0.158849,preds.pt#2214
1BB200,0086,coarse-only,42,0.669885,16.950386,0.153707,preds.pt#2215
1BB200,0087,coarse-only,42,0.687116,17.126929,0.161500,preds.pt#2216
1BB200,0088,coarse-only,42,0.679903,16.787144,0.163476,preds.pt#2217
1BB200,0089,coarse-only,42,0.704276,17.296327,0.152349,preds.pt#2218
1BB200,0090,coarse-only,42,0.702504,17.224868,0.150525,preds.pt#2219
1BB200,0091,coarse-only,42,0.694185,17.270796,0.141165,preds.pt#2220
1BB200,0092,coarse-only,42,0.708462,17.663579,0.152209,preds.pt#2221
1BB200,0093,coarse-only,42,0.719483,18.071159,0.144142,preds.pt#2222
1BB200,0094,coarse-only,42,0.729347,18.080198,0.142090,preds.pt#2223
1BB200,0095,coarse-only,42,0.736464,18.264540,0.130582,preds.pt#2224
1BB200,0096,coarse-only,42,0.742307,18.344675,0.119897,preds.pt#2225
1BB200,0097,coarse-only,42,0.730243,17.827973,0.113508,preds.pt#2226
1BB200,0098,coarse-only,42,0.752721,18.397154,0.122381,preds.pt#2227
1BB200,0099,coarse-only,42,0.733646,17.729192,0.111882,preds.pt#2228
1BB200,0100,coarse-only,42,0.749019,17.945986,0.107070,preds.pt#2229
1BB200,0101,coarse-only,42,0.758456,18.248665,0.113712,preds.pt#2230
1BB200,0102,coarse-only,42,0.755061,18.327601,0.108699,preds.pt#2231
1BB200,0103,coarse-only,42,0.756132,18.630831,0.115724,preds.pt#2232
1BB200,0104,coarse-only,42,0.750957,18.217973,0.119108,preds.pt#2233
1BB200,0105,coarse-only,42,0.754890,18.249315,0.118389,preds.pt#2234
1BB200,0106,coarse-only,42,0.756160,18.243727,0.098759,preds.pt#2235
1BB200,0107,coarse-only,42,0.773648,18.621234,0.098100,preds.pt#2236
1BB200,0108,coarse-only,42,0.761858,18.171877,0.111994,preds.pt#2237
1BB200,0109,coarse-only,42,0.765838,18.452645,0.100413,preds.pt#2238
1BB200,0110,coarse-only,42,0.777585,18.739349,0.104356,preds.pt#2239
1BB200,0111,coarse-only,42,0.795347,19.386349,0.093755,preds.pt#2240
1BB200,0112,coarse-only,42,0.786259,18.972837,0.102611,preds.pt#2241
1BB200,0113,coarse-only,42,0.771538,18.558217,0.102624,preds.pt#2242
1BB200,0114,coarse-only,42,0.774624,19.000259,0.094664,preds.pt#2243
1BB200,0115,coarse-only,42,0.767995,18.629084,0.089125,preds.pt#2244
1BB200,0116,coarse-only,42,0.767437,18.888414,0.079604,preds.pt#2245
1BB200,0117,coarse-only,42,0.784589,19.037629,0.077433,preds.pt#2246
1BB200,0118,coarse-only,42,0.771829,18.775949,0.077618,preds.pt#2247
1BB200,0119,coarse-only,42,0.790628,18.958431,0.070056,preds.pt#2248
1BB200,0120,coarse-only,42,0.796930,19.225502,0.072668,preds.pt#2249
1BB200,0121,coarse-only,42,0.794840,19.233609,0.072115,preds.pt#2250
1BB200,0122,coarse-only,42,0.783786,18.880300,0.070491,preds.pt#2251
1BB200,0123,coarse-only,42,0.766204,18.616082,0.079432,preds.pt#2252
1BB200,0124,coarse-only,42,0.763703,18.726850,0.077024,preds.pt#2253
1BB200,0125,coarse-only,42,0.759187,18.417238,0.086507,preds.pt#2254
1BB200,0126,coarse-only,42,0.765088,18.858104,0.094122,preds.pt#2255
1BB200,0127,coarse-only,42,0.761619,18.695066,0.099647,preds.pt#2256
1BB200,0128,coarse-only,42,0.771870,18.550993,0.087028,preds.pt#2257
1BB200,0129,coarse-only,42,0.771627,18.574160,0.089065,preds.pt#2258
1BB200,0130,coarse-only,42,0.797482,19.211930,0.082492,preds.pt#2259
1BB200,0131,coarse-only,42,0.782037,18.749490,0.086338,preds.pt#2260
1BB200,0132,coarse-only,42,0.781696,18.792611,0.093006,preds.pt#2261
1BB200,0133,coarse-only,42,0.785783,18.758244,0.086203,preds.pt#2262
1BB200,0134,coarse-only,42,0.788764,18.700074,0.084683,preds.pt#2263
1BB200,0135,coarse-only,42,0.784029,18.900806,0.089230,preds.pt#2264
1BB200,0136,coarse-only,42,0.771021,18.525627,0.093006,preds.pt#2265
1BB200,0137,coarse-only,42,0.761955,18.036412,0.091931,preds.pt#2266
1BB200,0138,coarse-only,42,0.797255,19.055955,0.079196,preds.pt#2267
1BB200,0139,coarse-only,42,0.797495,19.350724,0.093331,preds.pt#2268
1BB200,0140,coarse-only,42,0.799819,19.074843,0.093503,preds.pt#2269
1BB200,0141,coarse-only,42,0.817857,19.505575,0.099267,preds.pt#2270
1BB200,0142,coarse-only,42,0.805607,18.879029,0.088962,preds.pt#2271
1BB200,0143,coarse-only,42,0.828720,19.359802,0.101157,preds.pt#2272
1BB200,0144,coarse-only,42,0.801813,18.625688,0.118396,preds.pt#2273
1BB200,0145,coarse-only,42,0.813071,18.979433,0.102081,preds.pt#2274
1BB200,0146,coarse-only,42,0.827261,19.543218,0.090401,preds.pt#2275
1BB200,0147,coarse-only,42,0.816917,19.084357,0.096970,preds.pt#2276
1BB200,0148,coarse-only,42,0.816998,19.234092,0.075536,preds.pt#2277
1BB200,0149,coarse-only,42,0.833311,19.584356,0.083772,preds.pt#2278
1BB200,0150,coarse-only,42,0.815012,18.824171,0.088926,preds.pt#2279
1BB200,0151,coarse-only,42,0.829959,19.339060,0.075912,preds.pt#2280
1BB200,0152,coarse-only,42,0.820942,19.083399,0.078627,preds.pt#2281
1BB200,0153,coarse-only,42,0.834711,19.592553,0.071599,preds.pt#2282
1BB200,0154,coarse-only,42,0.825664,19.162133,0.076270,preds.pt#2283
1BB200,0155,coarse-only,42,0.825480,19.124753,0.071248,preds.pt#2284
1BB200,0156,coarse-only,42,0.828122,19.153387,0.072057,preds.pt#2285
1BB200,0157,coarse-only,42,0.842455,19.587381,0.081889,preds.pt#2286
1BB200,0158,coarse-only,42,0.841272,19.428716,0.079332,preds.pt#2287
1BB200,0159,coarse-only,42,0.840536,19.862107,0.088069,preds.pt#2288
1BB200,0160,coarse-only,42,0.850880,20.081419,0.095933,preds.pt#2289
1BB200,0161,coarse-only,42,0.848476,19.932322,0.078812,preds.pt#2290
1BB200,0162,coarse-only,42,0.842263,19.951318,0.092944,preds.pt#2291
1BB200,0163,coarse-only,42,0.862406,20.582738,0.082909,preds.pt#2292
1BB200,0164,coarse-only,42,0.848850,20.194810,0.075891,preds.pt#2293
1BB200,0165,coarse-only,42,0.845708,20.102032,0.089019,preds.pt#2294
1BB200,0166,coarse-only,42,0.851661,20.190280,0.079682,preds.pt#2295
1BB200,0167,coarse-only,42,0.848009,20.240813,0.085497,preds.pt#2296
1BB200,0168,coarse-only,42,0.857412,20.216091,0.078829,preds.pt#2297
1BB200,0169,coarse-only,42,0.853708,20.174382,0.083309,preds.pt#2298
1BB200,0170,coarse-only,42,0.863820,20.208046,0.087971,preds.pt#2299
1BB200,0171,coarse-only,42,0.855152,19.599876,0.088527,preds.pt#2300
1BB200,0172,coarse-only,42,0.854727,19.805003,0.096349,preds.pt#2301
1BB200,0173,coarse-only,42,0.866082,20.643325,0.089794,preds.pt#2302
1BB200,0174,coarse-only,42,0.859985,20.572316,0.082781,preds.pt#2303
1BB200,0175,coarse-only,42,0.847750,20.266271,0.078183,preds.pt#2304
1BB200,0176,coarse-only,42,0.854787,20.391356,0.085849,preds.pt#2305
1BB200,0177,coarse-only,42,0.851965,21.877605,0.085492,preds.pt#2306
1BB200,0178,coarse-only,42,0.844366,22.191563,0.092424,preds.pt#2307
1BB200,0179,coarse-only,42,0.856520,23.177462,0.088593,preds.pt#2308
1BB200,0180,coarse-only,42,0.850090,21.109341,0.084009,preds.pt#2309
1BB200,0181,coarse-only,42,0.829664,20.536036,0.123227,preds.pt#2310
1BB200,0182,coarse-only,42,0.752707,20.148769,0.132155,preds.pt#2311
1BB200,0183,coarse-only,42,0.731916,20.002843,0.122991,preds.pt#2312
1BB200,0184,coarse-only,42,0.752453,20.010380,0.138597,preds.pt#2313
1BB200,0185,coarse-only,42,0.716409,20.130654,0.151015,preds.pt#2314
1BB200,0186,coarse-only,42,0.744784,21.235877,0.133466,preds.pt#2315
1BB200,0187,coarse-only,42,0.718512,20.723994,0.176667,preds.pt#2316
1BB200,0188,coarse-only,42,0.720451,20.574406,0.215295,preds.pt#2317
1BB205,0000,coarse-only,42,0.621636,13.742178,0.545595,preds.pt#2318
1BB205,0001,coarse-only,42,0.576861,13.436937,0.566215,preds.pt#2319
1BB205,0002,coarse-only,42,0.550250,13.384589,0.537942,preds.pt#2320
1BB205,0003,coarse-only,42,0.775825,18.384227,0.364725,preds.pt#2321
1BB205,0004,coarse-only,42,0.689604,15.141029,0.439968,preds.pt#2322
1BB205,0005,coarse-only,42,0.584382,13.590572,0.507330,preds.pt#2323
1BB205,0006,coarse-only,42,0.635806,15.553064,0.563389,preds.pt#2324
1BB205,0007,coarse-only,42,0.522573,13.294832,0.550042,preds.pt#2325
1BB205,0008,coarse-only,42,0.539818,13.529896,0.539272,preds.pt#2326
1BB205,0009,coarse-only,42,0.571701,14.587052,0.507952,preds.pt#2327
1BB205,0010,coarse-only,42,0.507581,13.036945,0.528296,preds.pt#2328
1BB205,0011,coarse-only,42,0.523341,13.306549,0.493073,preds.pt#2329
1BB205,0012,coarse-only,42,0.510428,13.042808,0.508327,preds.pt#2330
1BB205,0013,coarse-only,42,0.521262,13.444142,0.491081,preds.pt#2331
1BB205,0014,coarse-only,42,0.530350,13.341199,0.488196,preds.pt#2332
1BB205,0015,coarse-only,42,0.512941,12.940550,0.472779,preds.pt#2333
1BB205,0016,coarse-only,42,0.497841,13.024788,0.482206,preds.pt#2334
1BB205,0017,coarse-only,42,0.666649,16.979341,0.432142,preds.pt#2335
1BB205,0018,coarse-only,42,0.528132,13.985011,0.441395,preds.pt#2336
1BB205,0019,coarse-only,42,0.647505,17.012881,0.365987,preds.pt#2337
1BB205,0020,coarse-only,42,0.582974,15.495217,0.413620,preds.pt#2338
1BB205,0021,coarse-only,42,0.552943,14.062144,0.440476,preds.pt#2339
1BB205,0022,coarse-only,42,0.519269,13.335642,0.431728,preds.pt#2340
1BB205,0023,coarse-only,42,0.545604,14.311471,0.434234,preds.pt#2341
1BB205,0024,coarse-only,42,0.652221,17.367721,0.338354,preds.pt#2342
1BB205,0025,coarse-only,42,0.594197,16.041586,0.387302,preds.pt#2343
1BB205,0026,coarse-only,42,0.602982,15.482814,0.387734,preds.pt#2344
1BB205,0027,coarse-only,42,0.670749,18.058063,0.327826,preds.pt#2345
1BB205,0028,coarse-only,42,0.628760,16.723654,0.358950,preds.pt#2346
1BB205,0029,coarse-only,42,0.644360,15.354365,0.402622,preds.pt#2347
1BB205,0030,coarse-only,42,0.626563,15.124981,0.395527,preds.pt#2348
1BB205,0031,coarse-only,42,0.637090,14.646835,0.417519,preds.pt#2349
1BB205,0032,coarse-only,42,0.601741,13.038110,0.491041,preds.pt#2350
1BB205,0033,coarse-only,42,0.595228,13.090415,0.471185,preds.pt#2351
1BB205,0034,coarse-only,42,0.612859,13.478899,0.449077,preds.pt#2352
1BB205,0035,coarse-only,42,0.617069,13.954338,0.414683,preds.pt#2353
1BB205,0036,coarse-only,42,0.618376,14.398450,0.385159,preds.pt#2354
1BB205,0037,coarse-only,42,0.597849,12.798615,0.423664,preds.pt#2355
1BB205,0038,coarse-only,42,0.620873,14.062357,0.368996,preds.pt#2356
1BB205,0039,coarse-only,42,0.584910,12.392267,0.421901,preds.pt#2357
1BB205,0040,coarse-only,42,0.634742,13.125328,0.383419,preds.pt#2358
1BB205,0041,coarse-only,42,0.574967,12.520878,0.401188,preds.pt#2359
1BB205,0042,coarse-only,42,0.583797,11.765572,0.400099,preds.pt#2360
1BB205,0043,coarse-only,42,0.595708,11.985080,0.397285,preds.pt#2361
1BB205,0044,coarse-only,42,0.587600,12.460228,0.390045,preds.pt#2362
1BB205,0045,coarse-only,42,0.572908,12.175560,0.397153,preds.pt#2363
1BB205,0046,coarse-only,42,0.600189,14.132551,0.307620,preds.pt#2364
1BB205,0047,coarse-only,42,0.598216,13.458259,0.311521,preds.pt#2365
1BB205,0048,coarse-only,42,0.572430,12.606713,0.342860,preds.pt#2366
1BB205,0049,coarse-only,42,0.574975,13.077168,0.316045,preds.pt#2367
1BB205,0050,coarse-only,42,0.587064,12.520704,0.354449,preds.pt#2368
1BB205,0051,coarse-only,42,0.551516,11.588415,0.374273,preds.pt#2369
1BB205,0052,coarse-only,42,0.567324,11.279162,0.420440,preds.pt#2370
1BB205,0053,coarse-only,42,0.616345,13.539382,0.316384,preds.pt#2371
1BB205,0054,coarse-only,42,0.652561,15.535355,0.264705,preds.pt#2372
1BB205,0055,coarse-only,42,0.596722,12.852217,0.325175,preds.pt#2373
1BB205,0056,coarse-only,42,0.605780,12.891595,0.324277,preds.pt#2374
1BB205,0057,coarse-only,42,0.612123,13.474581,0.294824,preds.pt#2375
1BB205,0058,coarse-only,42,0.653963,15.323435,0.225051,preds.pt#2376
1BB205,0059,coarse-only,42,0.664931,15.606937,0.235119,preds.pt#2377
1BB205,0060,coarse-only,42,0.680532,16.044322,0.242452,preds.pt#2378
1BB205,0061,coarse-only,42,0.685916,16.256880,0.249234,preds.pt#2379
1BB205,0062,coarse-only,42,0.687059,15.795708,0.255823,preds.pt#2380
1BB205,0063,coarse-only,42,0.690975,16.201527,0.247731,preds.pt#2381
1BB205,0064,coarse-only,42,0.668055,15.464651,0.269542,preds.pt#2382
1BB205,0065,coarse-only,42,0.676195,15.826192,0.276265,preds.pt#2383
1BB205,0066,coarse-only,42,0.675031,15.624554,0.273924,preds.pt#2384
1BB205,0067,coarse-only,42,0.662609,15.437459,0.291761,preds.pt#2385
1BB205,0068,coarse-only,42,0.671025,15.379995,0.283323,preds.pt#2386
1BB205,0069,coarse-only,42,0.666171,15.434073,0.262427,preds.pt#2387
1BB205,0070,coarse-only,42,0.657821,15.235964,0.255807,preds.pt#2388
1BB205,0071,coarse-only,42,0.679460,15.869444,0.271539,preds.pt#2389
1BB205,0072,coarse-only,42,0.674953,16.167935,0.245409,preds.pt#2390
1BB205,0073,coarse-only,42,0.680596,16.026969,0.262644,preds.pt#2391
1BB205,0074,coarse-only,42,0.698844,16.361045,0.226451,preds.pt#2392
1BB205,0075,coarse-only,42,0.687393,16.145100,0.218040,preds.pt#2393
1BB205,0076,coarse-only,42,0.698271,16.070019,0.236678,preds.pt#2394
1BB205,0077,coarse-only,42,0.690020,16.002990,0.230222,preds.pt#2395
1BB205,0078,coarse-only,42,0.702903,16.291056,0.228902,preds.pt#2396
1BB205,0079,coarse-only,42,0.678637,15.856584,0.200206,preds.pt#2397
1BB205,0080,coarse-only,42,0.688393,16.141866,0.202331,preds.pt#2398
1BB205,0081,coarse-only,42,0.687671,16.076308,0.191437,preds.pt#2399
1BB205,0082,coarse-only,42,0.692590,16.317371,0.212192,preds.pt#2400
1BB205,0083,coarse-only,42,0.696325,16.509251,0.214419,preds.pt#2401
1BB205,0084,coarse-only,42,0.708353,16.504942,0.213384,preds.pt#2402
1BB205,0085,coarse-only,42,0.675721,16.153128,0.195316,preds.pt#2403
1BB205,0086,coarse-only,42,0.678562,16.221369,0.195806,preds.pt#2404
1BB205,0087,coarse-only,42,0.672721,16.088224,0.198894,preds.pt#2405
1BB205,0088,coarse-only,42,0.679505,16.034848,0.202239,preds.pt#2406
1BB205,0089,coarse-only,42,0.677796,16.331487,0.201601,preds.pt#2407
1BB205,0090,coarse-only,42,0.661933,15.891694,0.215218,preds.pt#2408
1BB205,0091,coarse-only,42,0.658926,15.967387,0.216864,preds.pt#2409
1BB205,0092,coarse-only,42,0.664793,16.385974,0.229921,preds.pt#2410
1BB205,0093,coarse-only,42,0.641572,15.951574,0.232161,preds.pt#2411
1BB205,0094,coarse-only,42,0.667948,16.700496,0.259615,preds.pt#2412
1BB205,0095,coarse-only,42,0.656523,16.449865,0.220699,preds.pt#2413
1BB205,0096,coarse-only,42,0.674373,16.475608,0.221066,preds.pt#2414
1BB205,0097,coarse-only,42,0.648419,16.077627,0.230582,preds.pt#2415
1BB205,0098,coarse-only,42,0.648494,16.426097,0.223773,preds.pt#2416
1BB205,0099,coarse-only,42,0.637454,16.282770,0.217312,preds.pt#2417
1BB205,0100,coarse-only,42,0.642675,16.160586,0.220244,preds.pt#2418
1BB205,0101,coarse-only,42,0.670195,16.690983,0.185172,preds.pt#2419
1BB205,0102,coarse-only,42,0.665991,16.216285,0.208180,preds.pt#2420
1BB205,0103,coarse-only,42,0.685724,16.907560,0.201264,preds.pt#2421
1BB205,0104,coarse-only,42,0.685940,16.560471,0.169893,preds.pt#2422
1BB205,0105,coarse-only,42,0.682142,16.496107,0.170742,preds.pt#2423
1BB205,0106,coarse-only,42,0.680263,16.420151,0.186427,preds.pt#2424
1BB205,0107,coarse-only,42,0.690689,16.492223,0.197619,preds.pt#2425
1BB205,0108,coarse-only,42,0.688079,17.084674,0.228260,preds.pt#2426
1BB205,0109,coarse-only,42,0.699964,17.349548,0.192448,preds.pt#2427
1BB205,0110,coarse-only,42,0.700465,16.863205,0.197224,preds.pt#2428
1BB205,0111,coarse-only,42,0.702209,17.175765,0.197209,preds.pt#2429
1BB205,0112,coarse-only,42,0.720871,17.504197,0.197168,preds.pt#2430
1BB205,0113,coarse-only,42,0.690962,16.885090,0.206425,preds.pt#2431
1BB205,0114,coarse-only,42,0.726521,17.677143,0.184297,preds.pt#2432
1BB205,0115,coarse-only,42,0.721526,17.413402,0.193409,preds.pt#2433
1BB205,0116,coarse-only,42,0.716029,16.899455,0.184446,preds.pt#2434
1BB205,0117,coarse-only,42,0.692479,16.834957,0.194386,preds.pt#2435
1BB205,0118,coarse-only,42,0.688734,16.565626,0.187361,preds.pt#2436
1BB205,0119,coarse-only,42,0.687449,16.756646,0.202775,preds.pt#2437
1BB205,0120,coarse-only,42,0.692236,16.925120,0.184787,preds.pt#2438
1BB205,0121,coarse-only,42,0.693324,16.811653,0.196966,preds.pt#2439
1BB205,0122,coarse-only,42,0.700301,17.207862,0.196066,preds.pt#2440
1BB205,0123,coarse-only,42,0.699719,17.311451,0.196255,preds.pt#2441
1BB205,0124,coarse-only,42,0.711547,17.617091,0.179247,preds.pt#2442
1BB205,0125,coarse-only,42,0.709003,17.821102,0.160457,preds.pt#2443
1BB205,0126,coarse-only,42,0.716997,17.846827,0.173935,preds.pt#2444
1BB205,0127,coarse-only,42,0.723754,18.266700,0.165133,preds.pt#2445
1BB205,0128,coarse-only,42,0.710448,17.766532,0.181942,preds.pt#2446
1BB205,0129,coarse-only,42,0.719361,18.018183,0.180819,preds.pt#2447
1BB205,0130,coarse-only,42,0.720331,18.004067,0.172769,preds.pt#2448
1BB205,0131,coarse-only,42,0.715129,18.052179,0.178714,preds.pt#2449
1BB205,0132,coarse-only,42,0.674316,17.585097,0.172775,preds.pt#2450
1BB205,0133,coarse-only,42,0.668957,17.645789,0.177694,preds.pt#2451
1BB205,0134,coarse-only,42,0.674291,17.675039,0.185059,preds.pt#2452
1BB205,0135,coarse-only,42,0.677248,17.761353,0.179042,preds.pt#2453
1BB205,0136,coarse-only,42,0.667765,17.683005,0.160444,preds.pt#2454
1BB205,0137,coarse-only,42,0.672978,17.914592,0.155411,preds.pt#2455
1BB205,0138,coarse-only,42,0.669646,17.802830,0.152782,preds.pt#2456
1BB205,0139,coarse-only,42,0.687650,18.182400,0.155810,preds.pt#2457
1BB205,0140,coarse-only,42,0.702276,18.484382,0.151140,preds.pt#2458
1BB205,0141,coarse-only,42,0.688261,18.017621,0.151422,preds.pt#2459
1BB205,0142,coarse-only,42,0.693046,18.017141,0.160071,preds.pt#2460
1BB205,0143,coarse-only,42,0.707261,18.409788,0.148276,preds.pt#2461
1BB205,0144,coarse-only,42,0.719598,18.388310,0.131545,preds.pt#2462
1BB205,0145,coarse-only,42,0.719536,18.507582,0.122364,preds.pt#2463
1BB205,0146,coarse-only,42,0.733006,18.811794,0.117851,preds.pt#2464
1BB205,0147,coarse-only,42,0.719761,18.440368,0.108043,preds.pt#2465
1BB205,0148,coarse-only,42,0.732535,18.900126,0.116730,preds.pt#2466
1BB205,0149,coarse-only,42,0.738315,19.106025,0.116731,preds.pt#2467
1BB205,0150,coarse-only,42,0.740091,19.436985,0.106525,preds.pt#2468
1BB205,0151,coarse-only,42,0.749458,19.412408,0.111596,preds.pt#2469
1BB205,0152,coarse-only,42,0.731472,18.964187,0.108437,preds.pt#2470
1BB205,0153,coarse-only,42,0.750983,19.274647,0.118176,preds.pt#2471
1BB205,0154,coarse-only,42,0.737371,18.793727,0.119503,preds.pt#2472
1BB205,0155,coarse-only,42,0.720037,18.611595,0.107227,preds.pt#2473
1BB205,0156,coarse-only,42,0.740073,19.136199,0.111332,preds.pt#2474
1BB205,0157,coarse-only,42,0.734500,19.140968,0.112012,preds.pt#2475
1BB205,0158,coarse-only,42,0.728561,19.104250,0.114457,preds.pt#2476
1BB205,0159,coarse-only,42,0.741514,19.405837,0.106664,preds.pt#2477
1BB205,0160,coarse-only,42,0.726811,18.810085,0.103057,preds.pt#2478
1BB205,0161,coarse-only,42,0.732099,18.886878,0.117739,preds.pt#2479
1BB205,0162,coarse-only,42,0.741414,18.999054,0.116838,preds.pt#2480
1BB205,0163,coarse-only,42,0.742788,18.917574,0.108361,preds.pt#2481
1BB205,0164,coarse-only,42,0.750830,19.191749,0.098512,preds.pt#2482
1BB205,0165,coarse-only,42,0.734156,18.608101,0.101756,preds.pt#2483
1BB205,0166,coarse-only,42,0.757334,19.271293,0.103635,preds.pt#2484
1BB205,0167,coarse-only,42,0.749429,18.595354,0.098779,preds.pt#2485
1BB205,0168,coarse-only,42,0.761386,19.002177,0.114096,preds.pt#2486
1BB205,0169,coarse-only,42,0.755214,18.874358,0.102643,preds.pt#2487
1BB205,0170,coarse-only,42,0.754245,18.925552,0.119812,preds.pt#2488
1BB205,0171,coarse-only,42,0.761194,19.174119,0.109444,preds.pt#2489
1BB205,0172,coarse-only,42,0.762314,19.163254,0.107656,preds.pt#2490
1BB205,0173,coarse-only,42,0.761753,18.849818,0.110472,preds.pt#2491
1BB205,0174,coarse-only,42,0.778614,18.958668,0.097643,preds.pt#2492
1BB205,0175,coarse-only,42,0.782752,18.912475,0.098972,preds.pt#2493
1BB205,0176,coarse-only,42,0.778886,19.029436,0.102591,preds.pt#2494
1BB205,0177,coarse-only,42,0.770549,18.522264,0.095938,preds.pt#2495
1BB205,0178,coarse-only,42,0.786411,18.799737,0.098632,preds.pt#2496
1BB205,0179,coarse-only,42,0.784966,18.619196,0.090502,preds.pt#2497
1BB205,0180,coarse-only,42,0.772964,18.183561,0.100897,preds.pt#2498
1BB205,0181,coarse-only,42,0.791556,18.998467,0.098675,preds.pt#2499
1BB205,0182,coarse-only,42,0.775338,18.201438,0.101967,preds.pt#2500
1BB205,0183,coarse-only,42,0.781503,18.223239,0.098330,preds.pt#2501
1BB205,0184,coarse-only,42,0.786811,18.445175,0.095024,preds.pt#2502
1BB205,0185,coarse-only,42,0.779202,17.979705,0.096603,preds.pt#2503
1BB205,0186,coarse-only,42,0.784215,18.354615,0.099956,preds.pt#2504
1BB205,0187,coarse-only,42,0.773729,17.864139,0.088033,preds.pt#2505
1BB205,0188,coarse-only,42,0.779135,17.859890,0.095194,preds.pt#2506
1BB205,0189,coarse-only,42,0.777552,17.524673,0.088073,preds.pt#2507
1BB205,0190,coarse-only,42,0.783751,17.733408,0.087078,preds.pt#2508
1BB205,0191,coarse-only,42,0.799675,18.228080,0.084438,preds.pt#2509
1BB205,0192,coarse-only,42,0.776473,17.321218,0.091072,preds.pt#2510
1BB205,0193,coarse-only,42,0.790784,18.053606,0.071210,preds.pt#2511
1BB205,0194,coarse-only,42,0.802624,18.390644,0.073442,preds.pt#2512
1BB205,0195,coarse-only,42,0.794453,18.047977,0.073676,preds.pt#2513
1BB205,0196,coarse-only,42,0.785515,17.699204,0.077113,preds.pt#2514
1BB205,0197,coarse-only,42,0.778279,17.916074,0.091365,preds.pt#2515
1BB205,0198,coarse-only,42,0.786193,17.936431,0.077721,preds.pt#2516
1BB205,0199,coarse-only,42,0.785260,18.257189,0.069609,preds.pt#2517
1BB205,0200,coarse-only,42,0.790118,17.831800,0.093875,preds.pt#2518
1BB205,0201,coarse-only,42,0.797927,18.403848,0.076176,preds.pt#2519
1BB205,0202,coarse-only,42,0.808323,18.239769,0.081569,preds.pt#2520
1BB205,0203,coarse-only,42,0.835490,19.726196,0.065790,preds.pt#2521
1BB205,0204,coarse-only,42,0.827146,18.614137,0.065952,preds.pt#2522
1BB205,0205,coarse-only,42,0.825432,18.341691,0.071942,preds.pt#2523
1BB205,0206,coarse-only,42,0.830642,18.728599,0.072396,preds.pt#2524
1BB205,0207,coarse-only,42,0.842656,18.905236,0.086263,preds.pt#2525
1BB205,0208,coarse-only,42,0.828834,19.507713,0.085703,preds.pt#2526
1BB205,0209,coarse-only,42,0.864662,19.767597,0.074338,preds.pt#2527
1BB205,0210,coarse-only,42,0.862952,20.138509,0.077547,preds.pt#2528
1BB205,0211,coarse-only,42,0.834594,20.098925,0.079859,preds.pt#2529
1BB205,0212,coarse-only,42,0.849110,22.115916,0.080557,preds.pt#2530
1BB205,0213,coarse-only,42,0.847909,23.709047,0.073090,preds.pt#2531
1BB205,0214,coarse-only,42,0.822634,21.923032,0.083594,preds.pt#2532
1BB205,0215,coarse-only,42,0.803626,21.231015,0.121628,preds.pt#2533
1BB205,0216,coarse-only,42,0.781941,19.583621,0.199483,preds.pt#2534
1BB205,0217,coarse-only,42,0.828403,21.417951,0.124523,preds.pt#2535
1BC007,0002,coarse-only,42,0.941985,47.894110,0.051182,preds.pt#2536
1BC007,0003,coarse-only,42,0.979307,41.930339,0.060646,preds.pt#2537
1BC007,0004,coarse-only,42,0.963370,33.291817,0.219056,preds.pt#2538
1BC007,0005,coarse-only,42,0.951523,29.032985,0.191734,preds.pt#2539
1BC007,0006,coarse-only,42,0.943183,27.191878,0.240903,preds.pt#2540
1BC007,0007,coarse-only,42,0.924642,24.719213,0.259089,preds.pt#2541
1BC007,0008,coarse-only,42,0.913042,25.532567,0.245689,preds.pt#2542
1BC007,0009,coarse-only,42,0.852662,21.836248,0.287586,preds.pt#2543
1BC007,0010,coarse-only,42,0.856024,22.417342,0.282760,preds.pt#2544
1BC007,0011,coarse-only,42,0.834181,21.200788,0.299670,preds.pt#2545
1BC007,0012,coarse-only,42,0.815022,22.159158,0.258760,preds.pt#2546
1BC007,0013,coarse-only,42,0.805704,22.009695,0.313971,preds.pt#2547
1BC007,0014,coarse-only,42,0.780210,21.215159,0.306509,preds.pt#2548
1BC007,0015,coarse-only,42,0.766065,20.800587,0.321980,preds.pt#2549
1BC007,0016,coarse-only,42,0.764330,20.793230,0.288523,preds.pt#2550
1BC007,0017,coarse-only,42,0.744503,20.169990,0.301046,preds.pt#2551
1BC007,0018,coarse-only,42,0.746292,20.034750,0.289316,preds.pt#2552
1BC007,0019,coarse-only,42,0.730323,19.870497,0.298248,preds.pt#2553
1BC007,0020,coarse-only,42,0.710461,19.277296,0.289370,preds.pt#2554
1BC007,0021,coarse-only,42,0.694092,18.877776,0.279347,preds.pt#2555
1BC007,0022,coarse-only,42,0.701550,19.168422,0.293383,preds.pt#2556
1BC007,0023,coarse-only,42,0.690136,18.842912,0.330222,preds.pt#2557
1BC007,0024,coarse-only,42,0.690044,18.818315,0.344382,preds.pt#2558
1BC007,0025,coarse-only,42,0.666566,17.834997,0.346178,preds.pt#2559
1BC007,0026,coarse-only,42,0.667120,17.864141,0.351805,preds.pt#2560
1BC007,0027,coarse-only,42,0.661367,17.695968,0.341425,preds.pt#2561
1BC007,0028,coarse-only,42,0.666628,17.138294,0.335876,preds.pt#2562
1BC007,0029,coarse-only,42,0.649975,17.692859,0.276016,preds.pt#2563
1BC007,0030,coarse-only,42,0.679129,18.337684,0.310534,preds.pt#2564
1BC007,0031,coarse-only,42,0.624468,17.453061,0.320178,preds.pt#2565
1BC007,0032,coarse-only,42,0.681269,17.466797,0.304211,preds.pt#2566
1BC007,0033,coarse-only,42,0.648165,17.585159,0.303382,preds.pt#2567
1BC007,0034,coarse-only,42,0.675670,17.651001,0.261291,preds.pt#2568
1BC007,0035,coarse-only,42,0.675154,17.554714,0.271178,preds.pt#2569
1BC007,0036,coarse-only,42,0.685047,17.591995,0.280467,preds.pt#2570
1BC007,0037,coarse-only,42,0.691120,17.428165,0.305090,preds.pt#2571
1BC007,0038,coarse-only,42,0.688077,17.435402,0.311628,preds.pt#2572
1BC007,0039,coarse-only,42,0.719596,17.641581,0.298678,preds.pt#2573
1BC007,0040,coarse-only,42,0.717073,17.329489,0.298519,preds.pt#2574
1BC007,0041,coarse-only,42,0.713807,17.508507,0.307328,preds.pt#2575
1BC007,0042,coarse-only,42,0.732769,17.647294,0.276344,preds.pt#2576
1BC007,0043,coarse-only,42,0.733302,17.287845,0.253830,preds.pt#2577
1BC007,0044,coarse-only,42,0.722320,17.066522,0.243149,preds.pt#2578
1BC007,0045,coarse-only,42,0.718309,17.451048,0.234885,preds.pt#2579
1BC007,0046,coarse-only,42,0.739372,17.594336,0.227716,preds.pt#2580
1BC007,0047,coarse-only,42,0.741596,17.543968,0.225770,preds.pt#2581
1BC007,0048,coarse-only,42,0.740233,17.332498,0.242051,preds.pt#2582
1BC007,0049,coarse-only,42,0.733253,17.348922,0.245158,preds.pt#2583
1BC007,0050,coarse-only,42,0.707436,17.025786,0.223554,preds.pt#2584
1BC007,0051,coarse-only,42,0.722640,17.078935,0.246552,preds.pt#2585
1BC007,0052,coarse-only,42,0.725425,17.162736,0.241460,preds.pt#2586
1BC007,0053,coarse-only,42,0.710222,16.518704,0.224214,preds.pt#2587
1BC007,0054,coarse-only,42,0.741337,17.293346,0.259900,preds.pt#2588
1BC007,0055,coarse-only,42,0.736433,17.200907,0.229906,preds.pt#2589
1BC007,0056,coarse-only,42,0.757770,17.767402,0.211907,preds.pt#2590
1BC007,0057,coarse-only,42,0.757913,18.004608,0.220596,preds.pt#2591
1BC007,0058,coarse-only,42,0.735973,17.290549,0.240814,preds.pt#2592
1BC007,0059,coarse-only,42,0.761172,17.755982,0.233898,preds.pt#2593
1BC007,0060,coarse-only,42,0.740698,18.085682,0.216996,preds.pt#2594
1BC007,0061,coarse-only,42,0.730173,17.333475,0.226817,preds.pt#2595
1BC007,0062,coarse-only,42,0.750487,17.879880,0.230561,preds.pt#2596
1BC007,0063,coarse-only,42,0.756297,18.009160,0.211890,preds.pt#2597
1BC007,0064,coarse-only,42,0.759490,18.337795,0.182962,preds.pt#2598
1BC007,0065,coarse-only,42,0.766923,18.246609,0.185921,preds.pt#2599
1BC007,0066,coarse-only,42,0.763539,18.013294,0.169891,preds.pt#2600
1BC007,0067,coarse-only,42,0.760158,17.973250,0.188717,preds.pt#2601
1BC007,0068,coarse-only,42,0.759741,18.047372,0.197073,preds.pt#2602
1BC007,0069,coarse-only,42,0.739748,17.974620,0.215214,preds.pt#2603
1BC007,0070,coarse-only,42,0.743399,17.698974,0.208063,preds.pt#2604
1BC007,0071,coarse-only,42,0.753658,18.044846,0.222235,preds.pt#2605
1BC007,0072,coarse-only,42,0.731756,17.255001,0.246737,preds.pt#2606
1BC007,0073,coarse-only,42,0.726081,17.785774,0.216088,preds.pt#2607
1BC007,0074,coarse-only,42,0.709569,17.183196,0.221489,preds.pt#2608
1BC007,0075,coarse-only,42,0.706904,17.381503,0.253427,preds.pt#2609
1BC007,0076,coarse-only,42,0.715156,17.460584,0.221929,preds.pt#2610
1BC007,0077,coarse-only,42,0.716828,17.632358,0.227915,preds.pt#2611
1BC007,0078,coarse-only,42,0.733682,17.831239,0.244882,preds.pt#2612
1BC007,0079,coarse-only,42,0.720999,17.521758,0.234382,preds.pt#2613
1BC007,0080,coarse-only,42,0.740323,17.962251,0.224791,preds.pt#2614
1BC007,0081,coarse-only,42,0.726513,17.590561,0.231658,preds.pt#2615
1BC007,0082,coarse-only,42,0.732991,17.667195,0.215884,preds.pt#2616
1BC007,0083,coarse-only,42,0.735094,17.788400,0.201397,preds.pt#2617
1BC007,0084,coarse-only,42,0.722637,17.753698,0.222032,preds.pt#2618
1BC007,0085,coarse-only,42,0.750630,18.118082,0.206741,preds.pt#2619
1BC007,0086,coarse-only,42,0.760776,18.379700,0.168302,preds.pt#2620
1BC007,0087,coarse-only,42,0.745532,18.021756,0.169175,preds.pt#2621
1BC007,0088,coarse-only,42,0.744960,18.088375,0.172748,preds.pt#2622
1BC007,0089,coarse-only,42,0.759940,18.459556,0.176093,preds.pt#2623
1BC007,0090,coarse-only,42,0.769984,18.447402,0.163116,preds.pt#2624
1BC007,0091,coarse-only,42,0.776359,18.495096,0.156750,preds.pt#2625
1BC007,0092,coarse-only,42,0.776524,18.663568,0.166549,preds.pt#2626
1BC007,0093,coarse-only,42,0.777170,18.568060,0.161282,preds.pt#2627
1BC007,0094,coarse-only,42,0.780833,18.392232,0.153688,preds.pt#2628
1BC007,0095,coarse-only,42,0.792776,19.117240,0.153944,preds.pt#2629
1BC007,0096,coarse-only,42,0.785837,18.573160,0.145868,preds.pt#2630
1BC007,0097,coarse-only,42,0.802055,19.075050,0.129873,preds.pt#2631
1BC007,0098,coarse-only,42,0.789176,18.822707,0.149975,preds.pt#2632
1BC007,0099,coarse-only,42,0.791199,19.001370,0.147250,preds.pt#2633
1BC007,0100,coarse-only,42,0.785600,18.908062,0.152850,preds.pt#2634
1BC007,0101,coarse-only,42,0.801130,18.993172,0.136952,preds.pt#2635
1BC007,0102,coarse-only,42,0.808136,19.605652,0.132321,preds.pt#2636
1BC007,0103,coarse-only,42,0.776619,18.618187,0.157824,preds.pt#2637
1BC007,0104,coarse-only,42,0.813649,19.594192,0.123195,preds.pt#2638
1BC007,0105,coarse-only,42,0.791622,18.956770,0.138553,preds.pt#2639
1BC007,0106,coarse-only,42,0.791437,18.874251,0.144135,preds.pt#2640
1BC007,0107,coarse-only,42,0.802294,19.466097,0.145782,preds.pt#2641
1BC007,0108,coarse-only,42,0.808842,19.592628,0.136026,preds.pt#2642
1BC007,0109,coarse-only,42,0.815153,19.750170,0.128368,preds.pt#2643
1BC007,0110,coarse-only,42,0.811851,19.735104,0.124005,preds.pt#2644
1BC007,0111,coarse-only,42,0.815899,19.932525,0.134258,preds.pt#2645
1BC007,0112,coarse-only,42,0.804154,19.546910,0.086362,preds.pt#2646
1BC007,0113,coarse-only,42,0.798785,19.484537,0.098868,preds.pt#2647
1BC007,0114,coarse-only,42,0.808854,20.044713,0.091378,preds.pt#2648
1BC007,0115,coarse-only,42,0.777998,19.983338,0.087909,preds.pt#2649
1BC007,0116,coarse-only,42,0.804044,19.667539,0.081833,preds.pt#2650
1BC007,0117,coarse-only,42,0.810257,19.941838,0.088937,preds.pt#2651
1BC007,0118,coarse-only,42,0.807259,19.561736,0.091781,preds.pt#2652
1BC007,0119,coarse-only,42,0.804126,19.846187,0.095634,preds.pt#2653
1BC007,0120,coarse-only,42,0.771533,19.270542,0.114485,preds.pt#2654
1BC007,0121,coarse-only,42,0.788471,18.931703,0.106242,preds.pt#2655
1BC007,0122,coarse-only,42,0.791008,19.335108,0.099939,preds.pt#2656
1BC007,0123,coarse-only,42,0.775553,19.191702,0.118358,preds.pt#2657
1BC007,0124,coarse-only,42,0.805181,19.734102,0.098581,preds.pt#2658
1BC007,0125,coarse-only,42,0.789340,19.504415,0.103554,preds.pt#2659
1BC007,0126,coarse-only,42,0.793168,18.921230,0.099626,preds.pt#2660
1BC007,0127,coarse-only,42,0.796435,19.239699,0.095997,preds.pt#2661
1BC007,0128,coarse-only,42,0.780760,18.554804,0.108112,preds.pt#2662
1BC007,0129,coarse-only,42,0.770819,18.663594,0.129772,preds.pt#2663
1BC007,0130,coarse-only,42,0.775839,18.406613,0.109474,preds.pt#2664
1BC007,0131,coarse-only,42,0.780260,18.986637,0.106094,preds.pt#2665
1BC007,0132,coarse-only,42,0.789974,18.728338,0.109602,preds.pt#2666
1BC007,0133,coarse-only,42,0.795773,18.567916,0.096073,preds.pt#2667
1BC007,0134,coarse-only,42,0.799872,18.525829,0.091076,preds.pt#2668
1BC007,0135,coarse-only,42,0.795720,18.503135,0.101077,preds.pt#2669
1BC007,0136,coarse-only,42,0.796234,18.599066,0.104318,preds.pt#2670
1BC007,0137,coarse-only,42,0.764929,18.325305,0.091117,preds.pt#2671
1BC007,0138,coarse-only,42,0.807251,18.565779,0.086276,preds.pt#2672
1BC007,0139,coarse-only,42,0.794301,18.245035,0.095151,preds.pt#2673
1BC007,0140,coarse-only,42,0.808210,18.539927,0.067230,preds.pt#2674
1BC007,0141,coarse-only,42,0.810599,18.383252,0.074163,preds.pt#2675
1BC007,0142,coarse-only,42,0.792160,18.414623,0.078283,preds.pt#2676
1BC007,0143,coarse-only,42,0.802971,18.006510,0.072533,preds.pt#2677
1BC007,0144,coarse-only,42,0.801329,18.350044,0.085513,preds.pt#2678
1BC007,0145,coarse-only,42,0.815246,18.591250,0.067654,preds.pt#2679
1BC007,0146,coarse-only,42,0.793304,18.325816,0.081203,preds.pt#2680
1BC007,0147,coarse-only,42,0.820396,18.474710,0.059770,preds.pt#2681
1BC007,0148,coarse-only,42,0.811754,18.474500,0.072237,preds.pt#2682
1BC007,0149,coarse-only,42,0.813227,18.253853,0.079304,preds.pt#2683
1BC007,0150,coarse-only,42,0.810674,18.270939,0.068171,preds.pt#2684
1BC007,0151,coarse-only,42,0.816546,18.619405,0.074246,preds.pt#2685
1BC007,0152,coarse-only,42,0.750659,18.592838,0.093010,preds.pt#2686
1BC007,0153,coarse-only,42,0.800455,18.421486,0.066756,preds.pt#2687
1BC007,0154,coarse-only,42,0.809227,18.709927,0.076497,preds.pt#2688
1BC007,0155,coarse-only,42,0.815202,18.963984,0.070436,preds.pt#2689
1BC007,0156,coarse-only,42,0.800898,18.720408,0.075154,preds.pt#2690
1BC007,0157,coarse-only,42,0.816408,19.037064,0.092002,preds.pt#2691
1BC007,0158,coarse-only,42,0.828570,19.412040,0.074941,preds.pt#2692
1BC007,0159,coarse-only,42,0.843308,19.740388,0.092637,preds.pt#2693
1BC007,0160,coarse-only,42,0.857833,20.303806,0.069554,preds.pt#2694
1BC007,0161,coarse-only,42,0.690109,18.763374,0.088482,preds.pt#2695
1BC007,0162,coarse-only,42,0.839030,19.349794,0.076756,preds.pt#2696
1BC007,0163,coarse-only,42,0.691885,18.896883,0.078215,preds.pt#2697
1BC007,0164,coarse-only,42,0.858526,20.258353,0.080570,preds.pt#2698
1BC007,0165,coarse-only,42,0.867956,21.651623,0.070277,preds.pt#2699
1BC007,0166,coarse-only,42,0.733437,19.908728,0.096151,preds.pt#2700
1BC007,0167,coarse-only,42,0.877506,21.833779,0.090833,preds.pt#2701
1BC007,0168,coarse-only,42,0.878279,22.330782,0.093360,preds.pt#2702
1BC007,0169,coarse-only,42,0.770285,21.615578,0.095547,preds.pt#2703
1BC007,0170,coarse-only,42,0.863774,22.299443,0.152493,preds.pt#2704
1BC007,0171,coarse-only,42,0.882418,23.014129,0.102988,preds.pt#2705
1BC007,0172,coarse-only,42,0.888493,24.791432,0.139596,preds.pt#2706
1BC007,0173,coarse-only,42,0.899553,24.244135,0.080613,preds.pt#2707
1BC007,0174,coarse-only,42,0.895709,24.268619,0.099282,preds.pt#2708
1BC007,0175,coarse-only,42,0.908171,24.968341,0.095391,preds.pt#2709
1BC007,0176,coarse-only,42,0.921163,25.779366,0.115539,preds.pt#2710
1BC007,0177,coarse-only,42,0.911694,25.393321,0.130116,preds.pt#2711
1BC007,0178,coarse-only,42,0.872815,19.557156,0.131532,preds.pt#2712
1BC007,0179,coarse-only,42,0.898806,23.913814,0.128440,preds.pt#2713
1BC007,0180,coarse-only,42,0.909896,22.769926,0.148803,preds.pt#2714
1BC007,0181,coarse-only,42,0.927433,25.859812,0.129430,preds.pt#2715
1BC007,0182,coarse-only,42,0.949509,29.330817,0.071571,preds.pt#2716
1BC007,0183,coarse-only,42,0.947476,28.198461,0.062935,preds.pt#2717
1BC007,0184,coarse-only,42,0.961622,31.974253,0.099109,preds.pt#2718
1BC007,0185,coarse-only,42,0.956127,27.923368,0.123634,preds.pt#2719
1BC014,0005,coarse-only,42,0.979822,52.177185,0.042097,preds.pt#2720
1BC014,0006,coarse-only,42,0.974633,40.832076,0.147800,preds.pt#2721
1BC014,0007,coarse-only,42,0.942607,32.688799,0.259424,preds.pt#2722
1BC014,0008,coarse-only,42,0.946629,28.200358,0.273683,preds.pt#2723
1BC014,0009,coarse-only,42,0.947249,26.876465,0.263057,preds.pt#2724
1BC014,0010,coarse-only,42,0.939525,27.195809,0.236457,preds.pt#2725
1BC014,0011,coarse-only,42,0.917056,25.226869,0.261315,preds.pt#2726
1BC014,0012,coarse-only,42,0.901233,23.597100,0.269623,preds.pt#2727
1BC014,0013,coarse-only,42,0.872495,22.758164,0.282662,preds.pt#2728
1BC014,0014,coarse-only,42,0.868523,23.090530,0.279829,preds.pt#2729
1BC014,0015,coarse-only,42,0.844091,22.442041,0.286397,preds.pt#2730
1BC014,0016,coarse-only,42,0.822188,19.754804,0.309896,preds.pt#2731
1BC014,0017,coarse-only,42,0.798878,19.389653,0.333358,preds.pt#2732
1BC014,0018,coarse-only,42,0.778488,19.926402,0.320032,preds.pt#2733
1BC014,0019,coarse-only,42,0.757285,19.231124,0.333602,preds.pt#2734
1BC014,0020,coarse-only,42,0.777046,19.717226,0.334845,preds.pt#2735
1BC014,0021,coarse-only,42,0.735950,19.287319,0.327579,preds.pt#2736
1BC014,0022,coarse-only,42,0.706879,18.430386,0.310627,preds.pt#2737
1BC014,0023,coarse-only,42,0.713954,19.366398,0.287800,preds.pt#2738
1BC014,0024,coarse-only,42,0.681310,18.197957,0.308126,preds.pt#2739
1BC014,0025,coarse-only,42,0.655315,17.005195,0.305756,preds.pt#2740
1BC014,0026,coarse-only,42,0.696995,18.700445,0.275368,preds.pt#2741
1BC014,0027,coarse-only,42,0.659589,16.828059,0.297014,preds.pt#2742
1BC014,0028,coarse-only,42,0.646999,16.901666,0.307438,preds.pt#2743
1BC014,0029,coarse-only,42,0.640225,16.975129,0.302743,preds.pt#2744
1BC014,0030,coarse-only,42,0.686279,18.259372,0.300059,preds.pt#2745
1BC014,0031,coarse-only,42,0.688288,18.422216,0.323843,preds.pt#2746
1BC014,0032,coarse-only,42,0.684314,18.448197,0.315398,preds.pt#2747
1BC014,0033,coarse-only,42,0.660770,17.819242,0.317663,preds.pt#2748
1BC014,0034,coarse-only,42,0.659099,17.790277,0.323921,preds.pt#2749
1BC014,0035,coarse-only,42,0.655145,18.132288,0.303169,preds.pt#2750
1BC014,0036,coarse-only,42,0.652009,17.723237,0.305197,preds.pt#2751
1BC014,0037,coarse-only,42,0.626685,16.749632,0.310367,preds.pt#2752
1BC014,0038,coarse-only,42,0.631482,16.893380,0.282031,preds.pt#2753
1BC014,0039,coarse-only,42,0.649187,16.912232,0.302796,preds.pt#2754
1BC014,0040,coarse-only,42,0.644425,16.214137,0.289900,preds.pt#2755
1BC014,0041,coarse-only,42,0.664501,17.128713,0.272148,preds.pt#2756
1BC014,0042,coarse-only,42,0.543642,13.900139,0.367325,preds.pt#2757
1BC014,0043,coarse-only,42,0.656643,16.497939,0.279874,preds.pt#2758
1BC014,0044,coarse-only,42,0.647632,16.091552,0.300514,preds.pt#2759
1BC014,0045,coarse-only,42,0.554963,13.642818,0.370357,preds.pt#2760
1BC014,0046,coarse-only,42,0.643400,15.809941,0.289518,preds.pt#2761
1BC014,0047,coarse-only,42,0.618034,15.428988,0.297276,preds.pt#2762
1BC014,0048,coarse-only,42,0.569602,14.143462,0.306001,preds.pt#2763
1BC014,0049,coarse-only,42,0.563302,13.996638,0.316658,preds.pt#2764
1BC014,0050,coarse-only,42,0.676242,16.375359,0.267117,preds.pt#2765
1BC014,0051,coarse-only,42,0.544429,13.537319,0.346937,preds.pt#2766
1BC014,0052,coarse-only,42,0.538302,13.071893,0.398463,preds.pt#2767
1BC014,0053,coarse-only,42,0.657799,15.790270,0.256139,preds.pt#2768
1BC014,0054,coarse-only,42,0.538067,13.372516,0.364106,preds.pt#2769
1BC014,0055,coarse-only,42,0.557135,13.567553,0.394740,preds.pt#2770
1BC014,0056,coarse-only,42,0.674648,16.343333,0.304167,preds.pt#2771
1BC014,0057,coarse-only,42,0.552380,13.990749,0.317782,preds.pt#2772
1BC014,0058,coarse-only,42,0.553916,13.368525,0.340082,preds.pt#2773
1BC014,0059,coarse-only,42,0.576271,14.016139,0.316426,preds.pt#2774
1BC014,0060,coarse-only,42,0.566318,13.482956,0.344118,preds.pt#2775
1BC014,0061,coarse-only,42,0.565279,13.182753,0.369103,preds.pt#2776
1BC014,0062,coarse-only,42,0.567041,13.271664,0.346921,preds.pt#2777
1BC014,0063,coarse-only,42,0.564585,13.084065,0.346359,preds.pt#2778
1BC014,0064,coarse-only,42,0.564623,13.139824,0.365641,preds.pt#2779
1BC014,0065,coarse-only,42,0.578790,13.544671,0.339335,preds.pt#2780
1BC014,0066,coarse-only,42,0.566985,12.855463,0.360803,preds.pt#2781
1BC014,0067,coarse-only,42,0.582803,13.479571,0.312919,preds.pt#2782
1BC014,0068,coarse-only,42,0.585548,13.531369,0.338770,preds.pt#2783
1BC014,0069,coarse-only,42,0.580504,13.259544,0.327484,preds.pt#2784
1BC014,0070,coarse-only,42,0.582165,13.616410,0.324390,preds.pt#2785
1BC014,0071,coarse-only,42,0.594383,14.430385,0.318192,preds.pt#2786
1BC014,0072,coarse-only,42,0.597239,13.986323,0.327090,preds.pt#2787
1BC014,0073,coarse-only,42,0.578327,14.448939,0.287517,preds.pt#2788
1BC014,0074,coarse-only,42,0.575319,13.484439,0.311966,preds.pt#2789
1BC014,0075,coarse-only,42,0.583799,14.430670,0.275570,preds.pt#2790
1BC014,0076,coarse-only,42,0.602346,14.925094,0.269403,preds.pt#2791
1BC014,0077,coarse-only,42,0.584136,14.593120,0.282107,preds.pt#2792
1BC014,0078,coarse-only,42,0.586407,14.043682,0.317095,preds.pt#2793
1BC014,0079,coarse-only,42,0.587763,14.020379,0.324942,preds.pt#2794
1BC014,0080,coarse-only,42,0.621089,15.450128,0.302620,preds.pt#2795
1BC014,0081,coarse-only,42,0.601820,15.053239,0.291950,preds.pt#2796
1BC014,0082,coarse-only,42,0.606797,15.192693,0.291378,preds.pt#2797
1BC014,0083,coarse-only,42,0.602552,14.561254,0.316821,preds.pt#2798
1BC014,0084,coarse-only,42,0.615013,15.485944,0.296391,preds.pt#2799
1BC014,0085,coarse-only,42,0.594547,14.208936,0.301271,preds.pt#2800
1BC014,0086,coarse-only,42,0.637217,15.637603,0.269805,preds.pt#2801
1BC014,0087,coarse-only,42,0.612312,14.669293,0.293338,preds.pt#2802
1BC014,0088,coarse-only,42,0.641619,16.243876,0.271337,preds.pt#2803
1BC014,0089,coarse-only,42,0.727651,17.670069,0.224017,preds.pt#2804
1BC014,0090,coarse-only,42,0.701959,17.178116,0.216729,preds.pt#2805
1BC014,0091,coarse-only,42,0.702311,17.114416,0.235628,preds.pt#2806
1BC014,0092,coarse-only,42,0.736792,17.943476,0.207064,preds.pt#2807
1BC014,0093,coarse-only,42,0.715048,17.522881,0.222451,preds.pt#2808
1BC014,0094,coarse-only,42,0.743913,18.097766,0.205329,preds.pt#2809
1BC014,0095,coarse-only,42,0.738387,17.832822,0.214389,preds.pt#2810
1BC014,0096,coarse-only,42,0.726490,17.605054,0.196927,preds.pt#2811
1BC014,0097,coarse-only,42,0.727016,17.752255,0.217956,preds.pt#2812
1BC014,0098,coarse-only,42,0.769121,18.456602,0.207268,preds.pt#2813
1BC014,0099,coarse-only,42,0.736505,17.833846,0.224457,preds.pt#2814
1BC014,0100,coarse-only,42,0.751872,18.007440,0.193085,preds.pt#2815
1BC014,0101,coarse-only,42,0.778630,18.849902,0.180157,preds.pt#2816
1BC014,0102,coarse-only,42,0.776547,18.674498,0.186174,preds.pt#2817
1BC014,0103,coarse-only,42,0.772540,18.538773,0.199898,preds.pt#2818
1BC014,0104,coarse-only,42,0.762470,18.275647,0.186549,preds.pt#2819
1BC014,0105,coarse-only,42,0.720959,18.031782,0.186169,preds.pt#2820
1BC014,0106,coarse-only,42,0.770239,18.543781,0.148358,preds.pt#2821
1BC014,0107,coarse-only,42,0.759463,18.249506,0.157618,preds.pt#2822
1BC014,0108,coarse-only,42,0.715399,17.788039,0.200452,preds.pt#2823
1BC014,0109,coarse-only,42,0.728634,17.914013,0.191445,preds.pt#2824
1BC014,0110,coarse-only,42,0.770643,18.421383,0.155760,preds.pt#2825
1BC014,0111,coarse-only,42,0.675083,17.330901,0.140563,preds.pt#2826
1BC014,0112,coarse-only,42,0.661967,17.158850,0.139764,preds.pt#2827
1BC014,0113,coarse-only,42,0.740670,17.979953,0.137648,preds.pt#2828
1BC014,0114,coarse-only,42,0.658654,16.928519,0.158052,preds.pt#2829
1BC014,0115,coarse-only,42,0.650183,16.706966,0.153332,preds.pt#2830
1BC014,0116,coarse-only,42,0.752810,17.811307,0.132305,preds.pt#2831
1BC014,0117,coarse-only,42,0.673857,17.273999,0.144551,preds.pt#2832
1BC014,0118,coarse-only,42,0.672590,16.990960,0.143646,preds.pt#2833
1BC014,0119,coarse-only,42,0.769489,17.988747,0.126225,preds.pt#2834
1BC014,0120,coarse-only,42,0.675089,16.803982,0.123238,preds.pt#2835
1BC014,0121,coarse-only,42,0.680829,17.231819,0.131998,preds.pt#2836
1BC014,0122,coarse-only,42,0.748216,17.906471,0.122968,preds.pt#2837
1BC014,0123,coarse-only,42,0.660751,17.053047,0.132902,preds.pt#2838
1BC014,0124,coarse-only,42,0.656467,16.955449,0.132682,preds.pt#2839
1BC014,0125,coarse-only,42,0.665330,17.178469,0.122349,preds.pt#2840
1BC014,0126,coarse-only,42,0.658777,16.547779,0.151240,preds.pt#2841
1BC014,0127,coarse-only,42,0.663825,16.650556,0.129310,preds.pt#2842
1BC014,0128,coarse-only,42,0.717912,17.879036,0.111826,preds.pt#2843
1BC014,0129,coarse-only,42,0.683238,17.199914,0.118570,preds.pt#2844
1BC014,0130,coarse-only,42,0.680323,17.322969,0.128529,preds.pt#2845
1BC014,0131,coarse-only,42,0.744186,17.780083,0.121316,preds.pt#2846
1BC014,0132,coarse-only,42,0.649650,16.640541,0.125865,preds.pt#2847
1BC014,0133,coarse-only,42,0.669291,17.383657,0.113324,preds.pt#2848
1BC014,0134,coarse-only,42,0.691635,17.684459,0.114712,preds.pt#2849
1BC014,0135,coarse-only,42,0.682563,17.682811,0.106494,preds.pt#2850
1BC014,0136,coarse-only,42,0.688736,18.307303,0.124981,preds.pt#2851
1BC014,0137,coarse-only,42,0.782868,19.709253,0.105230,preds.pt#2852
1BC014,0138,coarse-only,42,0.665171,17.673929,0.110010,preds.pt#2853
1BC014,0139,coarse-only,42,0.675228,17.850922,0.120023,preds.pt#2854
1BC014,0140,coarse-only,42,0.695786,18.885691,0.109161,preds.pt#2855
1BC014,0141,coarse-only,42,0.661395,17.443820,0.122112,preds.pt#2856
1BC014,0142,coarse-only,42,0.664393,17.711864,0.122017,preds.pt#2857
1BC014,0143,coarse-only,42,0.685021,18.071116,0.123482,preds.pt#2858
1BC014,0144,coarse-only,42,0.687228,17.983886,0.146381,preds.pt#2859
1BC014,0145,coarse-only,42,0.685182,18.083986,0.128904,preds.pt#2860
1BC014,0146,coarse-only,42,0.686054,18.137641,0.113914,preds.pt#2861
1BC014,0147,coarse-only,42,0.685185,18.001052,0.110587,preds.pt#2862
1BC014,0148,coarse-only,42,0.694864,18.179328,0.127859,preds.pt#2863
1BC014,0149,coarse-only,42,0.690704,18.224584,0.107495,preds.pt#2864
1BC014,0150,coarse-only,42,0.687324,17.894204,0.128086,preds.pt#2865
1BC014,0151,coarse-only,42,0.684572,17.848969,0.125915,preds.pt#2866
1BC014,0152,coarse-only,42,0.708457,18.334075,0.123993,preds.pt#2867
1BC014,0153,coarse-only,42,0.689531,17.811050,0.127754,preds.pt#2868
1BC014,0154,coarse-only,42,0.690871,17.767072,0.108640,preds.pt#2869
1BC014,0155,coarse-only,42,0.683866,17.315493,0.117556,preds.pt#2870
1BC014,0156,coarse-only,42,0.673472,17.153992,0.130481,preds.pt#2871
1BC014,0157,coarse-only,42,0.707714,18.181465,0.109765,preds.pt#2872
1BC014,0158,coarse-only,42,0.721068,18.429966,0.116535,preds.pt#2873
1BC014,0159,coarse-only,42,0.720741,18.328925,0.123447,preds.pt#2874
1BC014,0160,coarse-only,42,0.696966,17.444605,0.127210,preds.pt#2875
1BC014,0161,coarse-only,42,0.739045,18.849082,0.131647,preds.pt#2876
1BC014,0162,coarse-only,42,0.694812,17.505833,0.115802,preds.pt#2877
1BC014,0163,coarse-only,42,0.716625,17.980058,0.119037,preds.pt#2878
1BC014,0164,coarse-only,42,0.716425,17.769960,0.132511,preds.pt#2879
1BC014,0165,coarse-only,42,0.661702,16.333510,0.168524,preds.pt#2880
1BC014,0166,coarse-only,42,0.693160,17.010952,0.135857,preds.pt#2881
1BC014,0167,coarse-only,42,0.732538,17.741683,0.134880,preds.pt#2882
1BC014,0168,coarse-only,42,0.669014,16.194436,0.140217,preds.pt#2883
1BC014,0169,coarse-only,42,0.707341,17.442672,0.151565,preds.pt#2884
1BC014,0170,coarse-only,42,0.689742,16.836540,0.149134,preds.pt#2885
1BC014,0171,coarse-only,42,0.679727,16.027918,0.159523,preds.pt#2886
1BC014,0172,coarse-only,42,0.688277,16.261799,0.162956,preds.pt#2887
1BC014,0173,coarse-only,42,0.758735,18.274548,0.140091,preds.pt#2888
1BC014,0174,coarse-only,42,0.732222,17.552258,0.165649,preds.pt#2889
1BC014,0175,coarse-only,42,0.731644,17.408333,0.167813,preds.pt#2890
1BC014,0176,coarse-only,42,0.731375,17.111172,0.172179,preds.pt#2891
1BC014,0177,coarse-only,42,0.740119,17.034100,0.152867,preds.pt#2892
1BC014,0178,coarse-only,42,0.793418,19.463576,0.142879,preds.pt#2893
1BC014,0179,coarse-only,42,0.765912,17.468117,0.148909,preds.pt#2894
1BC014,0180,coarse-only,42,0.800204,18.954894,0.164840,preds.pt#2895
1BC014,0181,coarse-only,42,0.813670,19.195176,0.147139,preds.pt#2896
1BC014,0182,coarse-only,42,0.807122,18.518972,0.174325,preds.pt#2897
1BC014,0183,coarse-only,42,0.832101,19.914904,0.180833,preds.pt#2898
1BC014,0184,coarse-only,42,0.861927,21.544771,0.176331,preds.pt#2899
1BC014,0185,coarse-only,42,0.863285,20.820544,0.183888,preds.pt#2900
1BC014,0186,coarse-only,42,0.894661,23.208421,0.182478,preds.pt#2901
1BC014,0187,coarse-only,42,0.895182,22.992495,0.179248,preds.pt#2902
1BC014,0188,coarse-only,42,0.879024,19.126532,0.270916,preds.pt#2903
1BC014,0189,coarse-only,42,0.901651,20.181872,0.256300,preds.pt#2904
1BC014,0190,coarse-only,42,0.920699,23.190083,0.168152,preds.pt#2905
1BC050,0000,coarse-only,42,0.945580,28.993896,0.163753,preds.pt#2906
1BC050,0001,coarse-only,42,0.884353,24.983388,0.260673,preds.pt#2907
1BC050,0002,coarse-only,42,0.861800,24.306453,0.288331,preds.pt#2908
1BC050,0003,coarse-only,42,0.737737,19.038174,0.290904,preds.pt#2909
1BC050,0004,coarse-only,42,0.740523,19.709752,0.296906,preds.pt#2910
1BC050,0005,coarse-only,42,0.730806,19.346813,0.315506,preds.pt#2911
1BC050,0006,coarse-only,42,0.705751,19.610557,0.300482,preds.pt#2912
1BC050,0007,coarse-only,42,0.703894,19.529473,0.296986,preds.pt#2913
1BC050,0008,coarse-only,42,0.677057,18.898877,0.307089,preds.pt#2914
1BC050,0009,coarse-only,42,0.667220,17.960505,0.293053,preds.pt#2915
1BC050,0010,coarse-only,42,0.704221,19.628771,0.309453,preds.pt#2916
1BC050,0011,coarse-only,42,0.711238,19.675372,0.296621,preds.pt#2917
1BC050,0012,coarse-only,42,0.702637,19.705021,0.281955,preds.pt#2918
1BC050,0013,coarse-only,42,0.692978,19.505141,0.297643,preds.pt#2919
1BC050,0014,coarse-only,42,0.712032,18.721140,0.262338,preds.pt#2920
1BC050,0015,coarse-only,42,0.680936,18.931484,0.308612,preds.pt#2921
1BC050,0016,coarse-only,42,0.704663,18.426160,0.296123,preds.pt#2922
1BC050,0017,coarse-only,42,0.703137,18.694513,0.281956,preds.pt#2923
1BC050,0018,coarse-only,42,0.698507,18.384431,0.271637,preds.pt#2924
1BC050,0019,coarse-only,42,0.664281,17.831416,0.312354,preds.pt#2925
1BC050,0020,coarse-only,42,0.722158,18.720967,0.275872,preds.pt#2926
1BC050,0021,coarse-only,42,0.722009,18.346571,0.243310,preds.pt#2927
1BC050,0022,coarse-only,42,0.728736,18.506194,0.251231,preds.pt#2928
1BC050,0023,coarse-only,42,0.703059,18.032687,0.254723,preds.pt#2929
1BC050,0024,coarse-only,42,0.701770,17.805512,0.261968,preds.pt#2930
1BC050,0025,coarse-only,42,0.730039,18.396666,0.262512,preds.pt#2931
1BC050,0026,coarse-only,42,0.734418,18.333120,0.259332,preds.pt#2932
1BC050,0027,coarse-only,42,0.720983,17.969596,0.263838,preds.pt#2933
1BC050,0028,coarse-only,42,0.712856,17.809859,0.275799,preds.pt#2934
1BC050,0029,coarse-only,42,0.738063,18.009025,0.243121,preds.pt#2935
1BC050,0030,coarse-only,42,0.750540,18.268890,0.244665,preds.pt#2936
1BC050,0031,coarse-only,42,0.758925,18.272748,0.226031,preds.pt#2937
1BC050,0032,coarse-only,42,0.744667,18.256852,0.229644,preds.pt#2938
1BC050,0033,coarse-only,42,0.767868,18.185345,0.200371,preds.pt#2939
1BC050,0034,coarse-only,42,0.768800,18.328529,0.222858,preds.pt#2940
1BC050,0035,coarse-only,42,0.780270,18.355642,0.214687,preds.pt#2941
1BC050,0036,coarse-only,42,0.764361,18.160739,0.229047,preds.pt#2942
1BC050,0037,coarse-only,42,0.757170,17.843651,0.248147,preds.pt#2943
1BC050,0038,coarse-only,42,0.752586,17.753187,0.276907,preds.pt#2944
1BC050,0039,coarse-only,42,0.773653,18.023679,0.243332,preds.pt#2945
1BC050,0040,coarse-only,42,0.768299,18.030364,0.240559,preds.pt#2946
1BC050,0041,coarse-only,42,0.770186,18.277877,0.258012,preds.pt#2947
1BC050,0042,coarse-only,42,0.785665,18.554500,0.244582,preds.pt#2948
1BC050,0043,coarse-only,42,0.771703,18.345838,0.253240,preds.pt#2949
1BC050,0044,coarse-only,42,0.774215,18.126579,0.220102,preds.pt#2950
1BC050,0045,coarse-only,42,0.770128,18.093939,0.249201,preds.pt#2951
1BC050,0046,coarse-only,42,0.769971,18.009301,0.242423,preds.pt#2952
1BC050,0047,coarse-only,42,0.777021,18.173189,0.211171,preds.pt#2953
1BC050,0048,coarse-only,42,0.767427,18.096387,0.209203,preds.pt#2954
1BC050,0049,coarse-only,42,0.769857,18.595586,0.226529,preds.pt#2955
1BC050,0050,coarse-only,42,0.774917,18.394765,0.206939,preds.pt#2956
1BC050,0051,coarse-only,42,0.777816,18.319433,0.193487,preds.pt#2957
1BC050,0052,coarse-only,42,0.783527,18.554374,0.182553,preds.pt#2958
1BC050,0053,coarse-only,42,0.763235,17.803749,0.201862,preds.pt#2959
1BC050,0054,coarse-only,42,0.775143,18.268621,0.187803,preds.pt#2960
1BC050,0055,coarse-only,42,0.771262,17.923768,0.174509,preds.pt#2961
1BC050,0056,coarse-only,42,0.773653,18.145545,0.177787,preds.pt#2962
1BC050,0057,coarse-only,42,0.776023,18.435389,0.171998,preds.pt#2963
1BC050,0058,coarse-only,42,0.770282,18.364011,0.192732,preds.pt#2964
1BC050,0059,coarse-only,42,0.760800,18.283722,0.210455,preds.pt#2965
1BC050,0060,coarse-only,42,0.747647,17.772707,0.196811,preds.pt#2966
1BC050,0061,coarse-only,42,0.772709,18.374578,0.178363,preds.pt#2967
1BC050,0062,coarse-only,42,0.736970,17.440488,0.204803,preds.pt#2968
1BC050,0063,coarse-only,42,0.733868,17.534053,0.199565,preds.pt#2969
1BC050,0064,coarse-only,42,0.746725,18.185973,0.173664,preds.pt#2970
1BC050,0065,coarse-only,42,0.746624,18.105639,0.166343,preds.pt#2971
1BC050,0066,coarse-only,42,0.719204,17.593771,0.188620,preds.pt#2972
1BC050,0067,coarse-only,42,0.726228,17.743272,0.182547,preds.pt#2973
1BC050,0068,coarse-only,42,0.738240,18.131374,0.164660,preds.pt#2974
1BC050,0069,coarse-only,42,0.751446,18.555668,0.168174,preds.pt#2975
1BC050,0070,coarse-only,42,0.769795,19.092868,0.152802,preds.pt#2976
1BC050,0071,coarse-only,42,0.767697,18.805292,0.153905,preds.pt#2977
1BC050,0072,coarse-only,42,0.755097,18.318351,0.151911,preds.pt#2978
1BC050,0073,coarse-only,42,0.745446,18.239081,0.181697,preds.pt#2979
1BC050,0074,coarse-only,42,0.782970,19.197429,0.143879,preds.pt#2980
1BC050,0075,coarse-only,42,0.771059,19.019214,0.146705,preds.pt#2981
1BC050,0076,coarse-only,42,0.762649,18.515814,0.156296,preds.pt#2982
1BC050,0077,coarse-only,42,0.763398,18.783725,0.159296,preds.pt#2983
1BC050,0078,coarse-only,42,0.774130,18.888799,0.166653,preds.pt#2984
1BC050,0079,coarse-only,42,0.766236,18.899928,0.169695,preds.pt#2985
1BC050,0080,coarse-only,42,0.775581,18.906562,0.165479,preds.pt#2986
1BC050,0081,coarse-only,42,0.797034,19.535488,0.152699,preds.pt#2987
1BC050,0082,coarse-only,42,0.789619,19.049227,0.165563,preds.pt#2988
1BC050,0083,coarse-only,42,0.765810,18.287359,0.179690,preds.pt#2989
1BC050,0084,coarse-only,42,0.817871,20.183368,0.163664,preds.pt#2990
1BC050,0085,coarse-only,42,0.797639,19.565960,0.169716,preds.pt#2991
1BC050,0086,coarse-only,42,0.802185,19.490138,0.147797,preds.pt#2992
1BC050,0087,coarse-only,42,0.803052,19.773337,0.147364,preds.pt#2993
1BC050,0088,coarse-only,42,0.789936,19.303406,0.154673,preds.pt#2994
1BC050,0089,coarse-only,42,0.793124,19.526557,0.141139,preds.pt#2995
1BC050,0090,coarse-only,42,0.800435,19.471377,0.125983,preds.pt#2996
1BC050,0091,coarse-only,42,0.810045,19.799773,0.134694,preds.pt#2997
1BC050,0092,coarse-only,42,0.806691,19.566845,0.120900,preds.pt#2998
1BC050,0093,coarse-only,42,0.808549,19.724386,0.133394,preds.pt#2999
1BC050,0094,coarse-only,42,0.808408,19.835543,0.124373,preds.pt#3000
1BC050,0095,coarse-only,42,0.787291,19.267952,0.146754,preds.pt#3001
1BC050,0096,coarse-only,42,0.774297,19.053403,0.159283,preds.pt#3002
1BC050,0097,coarse-only,42,0.788859,19.397550,0.139443,preds.pt#3003
1BC050,0098,coarse-only,42,0.783373,19.301994,0.147273,preds.pt#3004
1BC050,0099,coarse-only,42,0.792738,19.584567,0.138310,preds.pt#3005
1BC050,0100,coarse-only,42,0.780500,19.213054,0.121393,preds.pt#3006
1BC050,0101,coarse-only,42,0.783473,19.293689,0.115088,preds.pt#3007
1BC050,0102,coarse-only,42,0.798104,19.290025,0.125364,preds.pt#3008
1BC050,0103,coarse-only,42,0.788413,19.438700,0.126768,preds.pt#3009
1BC050,0104,coarse-only,42,0.788457,19.349335,0.131540,preds.pt#3010
1BC050,0105,coarse-only,42,0.789024,19.295229,0.117451,preds.pt#3011
1BC050,0106,coarse-only,42,0.777692,18.906824,0.124272,preds.pt#3012
1BC050,0107,coarse-only,42,0.790250,19.165158,0.136362,preds.pt#3013
1BC050,0108,coarse-only,42,0.792220,19.467270,0.132465,preds.pt#3014
1BC050,0109,coarse-only,42,0.799802,19.542781,0.120080,preds.pt#3015
1BC050,0110,coarse-only,42,0.797170,19.341493,0.113556,preds.pt#3016
1BC050,0111,coarse-only,42,0.782353,19.062369,0.146299,preds.pt#3017
1BC050,0112,coarse-only,42,0.798523,19.818191,0.138060,preds.pt#3018
1BC050,0113,coarse-only,42,0.789055,19.285239,0.126663,preds.pt#3019
1BC050,0114,coarse-only,42,0.793849,19.556428,0.124405,preds.pt#3020
1BC050,0115,coarse-only,42,0.786098,19.615509,0.122421,preds.pt#3021
1BC050,0116,coarse-only,42,0.789570,19.670821,0.112189,preds.pt#3022
1BC050,0117,coarse-only,42,0.791486,19.924310,0.108464,preds.pt#3023
1BC050,0118,coarse-only,42,0.803869,19.752283,0.086007,preds.pt#3024
1BC050,0119,coarse-only,42,0.791833,19.825278,0.118156,preds.pt#3025
1BC050,0120,coarse-only,42,0.802297,19.752745,0.117206,preds.pt#3026
1BC050,0121,coarse-only,42,0.796109,19.585757,0.121825,preds.pt#3027
1BC050,0122,coarse-only,42,0.812399,19.778724,0.104051,preds.pt#3028
1BC050,0123,coarse-only,42,0.804584,19.022823,0.094814,preds.pt#3029
1BC050,0124,coarse-only,42,0.829674,20.072989,0.088748,preds.pt#3030
1BC050,0125,coarse-only,42,0.831457,19.851427,0.092646,preds.pt#3031
1BC050,0126,coarse-only,42,0.842141,20.051901,0.082867,preds.pt#3032
1BC050,0127,coarse-only,42,0.822672,19.317019,0.081345,preds.pt#3033
1BC050,0128,coarse-only,42,0.835051,19.836078,0.075052,preds.pt#3034
1BC050,0129,coarse-only,42,0.830260,19.674893,0.090710,preds.pt#3035
1BC050,0130,coarse-only,42,0.838301,19.859578,0.077478,preds.pt#3036
1BC050,0131,coarse-only,42,0.828589,19.890245,0.087650,preds.pt#3037
1BC050,0132,coarse-only,42,0.834090,19.640450,0.081182,preds.pt#3038
1BC050,0133,coarse-only,42,0.818935,19.318757,0.071700,preds.pt#3039
1BC050,0134,coarse-only,42,0.844077,19.765448,0.072948,preds.pt#3040
1BC050,0135,coarse-only,42,0.849834,20.184952,0.077089,preds.pt#3041
1BC050,0136,coarse-only,42,0.843462,20.278052,0.075160,preds.pt#3042
1BC050,0137,coarse-only,42,0.844892,20.526065,0.084381,preds.pt#3043
1BC050,0138,coarse-only,42,0.843562,20.884968,0.085304,preds.pt#3044
1BC050,0139,coarse-only,42,0.860380,20.614159,0.087578,preds.pt#3045
1BC050,0140,coarse-only,42,0.858132,20.961318,0.075211,preds.pt#3046
1BC050,0141,coarse-only,42,0.840982,20.593775,0.068990,preds.pt#3047
1BC050,0142,coarse-only,42,0.844124,20.421390,0.074103,preds.pt#3048
1BC050,0143,coarse-only,42,0.828076,20.700228,0.063810,preds.pt#3049
1BC050,0144,coarse-only,42,0.852532,20.946834,0.088199,preds.pt#3050
1BC050,0145,coarse-only,42,0.852647,20.491303,0.083401,preds.pt#3051
1BC050,0146,coarse-only,42,0.848135,20.303013,0.097459,preds.pt#3052
1BC050,0147,coarse-only,42,0.850698,20.794036,0.116972,preds.pt#3053
1BC050,0148,coarse-only,42,0.844962,20.319215,0.109879,preds.pt#3054
1BC050,0149,coarse-only,42,0.861832,20.948112,0.110934,preds.pt#3055
1BC050,0150,coarse-only,42,0.876751,21.603508,0.119311,preds.pt#3056
1BC050,0151,coarse-only,42,0.869548,22.380673,0.125836,preds.pt#3057
1BC050,0152,coarse-only,42,0.871987,22.007757,0.128137,preds.pt#3058
1BC050,0153,coarse-only,42,0.871889,21.864725,0.118446,preds.pt#3059
1BC050,0154,coarse-only,42,0.863541,21.399735,0.151205,preds.pt#3060
1BC050,0155,coarse-only,42,0.904197,23.743601,0.102472,preds.pt#3061
1BC050,0156,coarse-only,42,0.875135,22.583057,0.155433,preds.pt#3062
1BC050,0157,coarse-only,42,0.901098,24.142853,0.129193,preds.pt#3063
1BC050,0158,coarse-only,42,0.895154,23.805555,0.152028,preds.pt#3064
1BC050,0159,coarse-only,42,0.912294,25.493117,0.148089,preds.pt#3065
1BC050,0160,coarse-only,42,0.905136,24.053112,0.168852,preds.pt#3066
1BC050,0161,coarse-only,42,0.922342,25.604500,0.142369,preds.pt#3067
1BC050,0162,coarse-only,42,0.921356,25.716734,0.165933,preds.pt#3068
1BC050,0163,coarse-only,42,0.923049,25.287450,0.169488,preds.pt#3069
1BC050,0164,coarse-only,42,0.944522,28.739801,0.123131,preds.pt#3070
1BC066,0000,coarse-only,42,0.965845,32.886212,0.114537,preds.pt#3071
1BC066,0001,coarse-only,42,0.905314,25.604371,0.278905,preds.pt#3072
1BC066,0002,coarse-only,42,0.869836,22.915813,0.316091,preds.pt#3073
1BC066,0003,coarse-only,42,0.830783,22.075790,0.358151,preds.pt#3074
1BC066,0004,coarse-only,42,0.747302,20.171340,0.355773,preds.pt#3075
1BC066,0005,coarse-only,42,0.698934,18.837764,0.351722,preds.pt#3076
1BC066,0006,coarse-only,42,0.667954,18.251517,0.323923,preds.pt#3077
1BC066,0007,coarse-only,42,0.634234,16.211473,0.266321,preds.pt#3078
1BC066,0008,coarse-only,42,0.668216,17.974847,0.262808,preds.pt#3079
1BC066,0009,coarse-only,42,0.639943,16.330365,0.270858,preds.pt#3080
1BC066,0010,coarse-only,42,0.648073,16.566307,0.252241,preds.pt#3081
1BC066,0011,coarse-only,42,0.666283,16.566878,0.269738,preds.pt#3082
1BC066,0012,coarse-only,42,0.688145,16.826174,0.261123,preds.pt#3083
1BC066,0013,coarse-only,42,0.684614,17.155443,0.286152,preds.pt#3084
1BC066,0014,coarse-only,42,0.668848,16.974106,0.270753,preds.pt#3085
1BC066,0015,coarse-only,42,0.684966,17.787532,0.284666,preds.pt#3086
1BC066,0016,coarse-only,42,0.689206,17.721836,0.254144,preds.pt#3087
1BC066,0017,coarse-only,42,0.702893,17.853273,0.293543,preds.pt#3088
1BC066,0018,coarse-only,42,0.675741,16.885355,0.275436,preds.pt#3089
1BC066,0019,coarse-only,42,0.686372,17.184255,0.283328,preds.pt#3090
1BC066,0020,coarse-only,42,0.671324,17.100343,0.258891,preds.pt#3091
1BC066,0021,coarse-only,42,0.706401,17.236681,0.259336,preds.pt#3092
1BC066,0022,coarse-only,42,0.693188,16.774714,0.249440,preds.pt#3093
1BC066,0023,coarse-only,42,0.702251,17.204990,0.260647,preds.pt#3094
1BC066,0024,coarse-only,42,0.692814,16.717490,0.261888,preds.pt#3095
1BC066,0025,coarse-only,42,0.712916,17.026347,0.251519,preds.pt#3096
1BC066,0026,coarse-only,42,0.706463,16.752253,0.258556,preds.pt#3097
1BC066,0027,coarse-only,42,0.700568,16.416565,0.276843,preds.pt#3098
1BC066,0028,coarse-only,42,0.692411,16.170068,0.265371,preds.pt#3099
1BC066,0029,coarse-only,42,0.711753,16.574547,0.247722,preds.pt#3100
1BC066,0030,coarse-only,42,0.680615,15.957030,0.256801,preds.pt#3101
1BC066,0031,coarse-only,42,0.712816,16.471001,0.233470,preds.pt#3102
1BC066,0032,coarse-only,42,0.706758,16.035786,0.228657,preds.pt#3103
1BC066,0033,coarse-only,42,0.710800,16.227255,0.239129,preds.pt#3104
1BC066,0034,coarse-only,42,0.719725,16.271914,0.235212,preds.pt#3105
1BC066,0035,coarse-only,42,0.712161,16.010954,0.258577,preds.pt#3106
1BC066,0036,coarse-only,42,0.712192,16.110160,0.219321,preds.pt#3107
1BC066,0037,coarse-only,42,0.713389,16.106093,0.226811,preds.pt#3108
1BC066,0038,coarse-only,42,0.715435,15.916796,0.213204,preds.pt#3109
1BC066,0039,coarse-only,42,0.719052,16.265859,0.233548,preds.pt#3110
1BC066,0040,coarse-only,42,0.719838,16.428510,0.239089,preds.pt#3111
1BC066,0041,coarse-only,42,0.719413,16.461453,0.223853,preds.pt#3112
1BC066,0042,coarse-only,42,0.727959,16.714937,0.227151,preds.pt#3113
1BC066,0043,coarse-only,42,0.725905,16.752622,0.204552,preds.pt#3114
1BC066,0044,coarse-only,42,0.725027,16.320765,0.226710,preds.pt#3115
1BC066,0045,coarse-only,42,0.728668,16.336476,0.250109,preds.pt#3116
1BC066,0046,coarse-only,42,0.721021,16.477392,0.246627,preds.pt#3117
1BC066,0047,coarse-only,42,0.730331,16.471085,0.250087,preds.pt#3118
1BC066,0048,coarse-only,42,0.734903,16.500320,0.222440,preds.pt#3119
1BC066,0049,coarse-only,42,0.731415,16.488985,0.224570,preds.pt#3120
1BC066,0050,coarse-only,42,0.733173,16.756578,0.216959,preds.pt#3121
1BC066,0051,coarse-only,42,0.734513,16.576404,0.206499,preds.pt#3122
1BC066,0052,coarse-only,42,0.742980,16.695410,0.210116,preds.pt#3123
1BC066,0053,coarse-only,42,0.732984,16.587889,0.220310,preds.pt#3124
1BC066,0054,coarse-only,42,0.736300,16.720548,0.224804,preds.pt#3125
1BC066,0055,coarse-only,42,0.739639,16.591250,0.220728,preds.pt#3126
1BC066,0056,coarse-only,42,0.742559,16.787768,0.225910,preds.pt#3127
1BC066,0057,coarse-only,42,0.735174,16.503352,0.210330,preds.pt#3128
1BC066,0058,coarse-only,42,0.725619,16.268487,0.230448,preds.pt#3129
1BC066,0059,coarse-only,42,0.728191,16.485064,0.249846,preds.pt#3130
1BC066,0060,coarse-only,42,0.720696,16.426946,0.252221,preds.pt#3131
1BC066,0061,coarse-only,42,0.716450,16.301748,0.239844,preds.pt#3132
1BC066,0062,coarse-only,42,0.705508,15.872776,0.239894,preds.pt#3133
1BC066,0063,coarse-only,42,0.711473,16.256650,0.258089,preds.pt#3134
1BC066,0064,coarse-only,42,0.716182,16.259530,0.239969,preds.pt#3135
1BC066,0065,coarse-only,42,0.708478,15.980356,0.252496,preds.pt#3136
1BC066,0066,coarse-only,42,0.726365,16.382256,0.233586,preds.pt#3137
1BC066,0067,coarse-only,42,0.730435,16.378667,0.210669,preds.pt#3138
1BC066,0068,coarse-only,42,0.713110,16.168311,0.210682,preds.pt#3139
1BC066,0069,coarse-only,42,0.726476,16.382045,0.214669,preds.pt#3140
1BC066,0070,coarse-only,42,0.715689,16.220081,0.215661,preds.pt#3141
1BC066,0071,coarse-only,42,0.726041,16.700567,0.216739,preds.pt#3142
1BC066,0072,coarse-only,42,0.729061,16.644085,0.211452,preds.pt#3143
1BC066,0073,coarse-only,42,0.714021,16.400448,0.191065,preds.pt#3144
1BC066,0074,coarse-only,42,0.727745,16.644460,0.187668,preds.pt#3145
1BC066,0075,coarse-only,42,0.749229,17.121500,0.186206,preds.pt#3146
1BC066,0076,coarse-only,42,0.732849,17.014223,0.195432,preds.pt#3147
1BC066,0077,coarse-only,42,0.720633,16.611887,0.189398,preds.pt#3148
1BC066,0078,coarse-only,42,0.734017,16.688946,0.182106,preds.pt#3149
1BC066,0079,coarse-only,42,0.725353,16.384598,0.197465,preds.pt#3150
1BC066,0080,coarse-only,42,0.719943,16.393860,0.199729,preds.pt#3151
1BC066,0081,coarse-only,42,0.737236,16.817438,0.180006,preds.pt#3152
1BC066,0082,coarse-only,42,0.738117,16.814478,0.197424,preds.pt#3153
1BC066,0083,coarse-only,42,0.756456,17.117896,0.176807,preds.pt#3154
1BC066,0084,coarse-only,42,0.760869,17.567650,0.166888,preds.pt#3155
1BC066,0085,coarse-only,42,0.782421,17.891941,0.170326,preds.pt#3156
1BC066,0086,coarse-only,42,0.747052,16.898177,0.195982,preds.pt#3157
1BC066,0087,coarse-only,42,0.746863,16.966417,0.187999,preds.pt#3158
1BC066,0088,coarse-only,42,0.778070,17.933979,0.161638,preds.pt#3159
1BC066,0089,coarse-only,42,0.786533,18.147540,0.151515,preds.pt#3160
1BC066,0090,coarse-only,42,0.786013,18.324306,0.156255,preds.pt#3161
1BC066,0091,coarse-only,42,0.806228,18.655493,0.143227,preds.pt#3162
1BC066,0092,coarse-only,42,0.792883,18.251263,0.141970,preds.pt#3163
1BC066,0093,coarse-only,42,0.785083,17.886138,0.149015,preds.pt#3164
1BC066,0094,coarse-only,42,0.790594,18.103518,0.130611,preds.pt#3165
1BC066,0095,coarse-only,42,0.792315,18.030460,0.148898,preds.pt#3166
1BC066,0096,coarse-only,42,0.789957,18.064023,0.145817,preds.pt#3167
1BC066,0097,coarse-only,42,0.772676,17.660758,0.166553,preds.pt#3168
1BC066,0098,coarse-only,42,0.768169,17.513333,0.176403,preds.pt#3169
1BC066,0099,coarse-only,42,0.773785,17.801261,0.166854,preds.pt#3170
1BC066,0100,coarse-only,42,0.754266,16.908664,0.192973,preds.pt#3171
1BC066,0101,coarse-only,42,0.778987,17.737591,0.146254,preds.pt#3172
1BC066,0102,coarse-only,42,0.771356,17.496291,0.157412,preds.pt#3173
1BC066,0103,coarse-only,42,0.783358,18.125047,0.153678,preds.pt#3174
1BC066,0104,coarse-only,42,0.790023,18.110728,0.157094,preds.pt#3175
1BC066,0105,coarse-only,42,0.782795,18.114773,0.160572,preds.pt#3176
1BC066,0106,coarse-only,42,0.782837,18.127016,0.152982,preds.pt#3177
1BC066,0107,coarse-only,42,0.778881,18.042186,0.151089,preds.pt#3178
1BC066,0108,coarse-only,42,0.778873,17.672194,0.148309,preds.pt#3179
1BC066,0109,coarse-only,42,0.795062,18.588253,0.138897,preds.pt#3180
1BC066,0110,coarse-only,42,0.789262,18.038964,0.132762,preds.pt#3181
1BC066,0111,coarse-only,42,0.781434,17.762559,0.145918,preds.pt#3182
1BC066,0112,coarse-only,42,0.784824,18.641593,0.141886,preds.pt#3183
1BC066,0113,coarse-only,42,0.758578,17.580568,0.137259,preds.pt#3184
1BC066,0114,coarse-only,42,0.766361,17.958455,0.167215,preds.pt#3185
1BC066,0115,coarse-only,42,0.750907,17.316639,0.195416,preds.pt#3186
1BC066,0116,coarse-only,42,0.779914,18.611253,0.169384,preds.pt#3187
1BC066,0117,coarse-only,42,0.780972,18.360087,0.146066,preds.pt#3188
1BC066,0118,coarse-only,42,0.765703,18.101481,0.123532,preds.pt#3189
1BC066,0119,coarse-only,42,0.775111,18.172893,0.115644,preds.pt#3190
1BC066,0120,coarse-only,42,0.768844,17.946437,0.123688,preds.pt#3191
1BC066,0121,coarse-only,42,0.773774,17.771009,0.117161,preds.pt#3192
1BC066,0122,coarse-only,42,0.787822,18.273845,0.102888,preds.pt#3193
1BC066,0123,coarse-only,42,0.776200,17.839070,0.104894,preds.pt#3194
1BC066,0124,coarse-only,42,0.790491,17.989451,0.109799,preds.pt#3195
1BC066,0125,coarse-only,42,0.775640,17.404389,0.120164,preds.pt#3196
1BC066,0126,coarse-only,42,0.802645,18.144513,0.099596,preds.pt#3197
1BC066,0127,coarse-only,42,0.789467,17.480518,0.105693,preds.pt#3198
1BC066,0128,coarse-only,42,0.786695,17.461435,0.097592,preds.pt#3199
1BC066,0129,coarse-only,42,0.785588,17.301220,0.112385,preds.pt#3200
1BC066,0130,coarse-only,42,0.790152,17.397369,0.102022,preds.pt#3201
1BC066,0131,coarse-only,42,0.777493,17.088557,0.116151,preds.pt#3202
1BC066,0132,coarse-only,42,0.787746,17.740259,0.107434,preds.pt#3203
1BC066,0133,coarse-only,42,0.792723,17.630268,0.102137,preds.pt#3204
1BC066,0134,coarse-only,42,0.796024,17.707385,0.107056,preds.pt#3205
1BC066,0135,coarse-only,42,0.786223,17.524664,0.116987,preds.pt#3206
1BC066,0136,coarse-only,42,0.793717,17.517483,0.094273,preds.pt#3207
1BC066,0137,coarse-only,42,0.786170,17.153252,0.111540,preds.pt#3208
1BC066,0138,coarse-only,42,0.785704,17.369205,0.117581,preds.pt#3209
1BC066,0139,coarse-only,42,0.787009,17.264100,0.114715,preds.pt#3210
1BC066,0140,coarse-only,42,0.806821,17.636120,0.104379,preds.pt#3211
1BC066,0141,coarse-only,42,0.801042,17.553550,0.116477,preds.pt#3212
1BC066,0142,coarse-only,42,0.797016,17.541879,0.106451,preds.pt#3213
1BC066,0143,coarse-only,42,0.812622,17.968715,0.087580,preds.pt#3214
1BC066,0144,coarse-only,42,0.819140,17.738803,0.079317,preds.pt#3215
1BC066,0145,coarse-only,42,0.815664,18.280342,0.091880,preds.pt#3216
1BC066,0146,coarse-only,42,0.839602,18.697753,0.082675,preds.pt#3217
1BC066,0147,coarse-only,42,0.809216,17.825828,0.097113,preds.pt#3218
1BC066,0148,coarse-only,42,0.819465,18.132206,0.101607,preds.pt#3219
1BC066,0149,coarse-only,42,0.829721,18.263882,0.091275,preds.pt#3220
1BC066,0150,coarse-only,42,0.842990,18.848440,0.090098,preds.pt#3221
1BC066,0151,coarse-only,42,0.823592,18.447211,0.092376,preds.pt#3222
1BC066,0152,coarse-only,42,0.845445,18.951003,0.098268,preds.pt#3223
1BC066,0153,coarse-only,42,0.843851,18.874220,0.106971,preds.pt#3224
1BC066,0154,coarse-only,42,0.847014,19.291118,0.097676,preds.pt#3225
1BC066,0155,coarse-only,42,0.843309,18.939087,0.105267,preds.pt#3226
1BC066,0156,coarse-only,42,0.847770,19.074478,0.099762,preds.pt#3227
1BC066,0157,coarse-only,42,0.866280,20.097799,0.098996,preds.pt#3228
1BC066,0158,coarse-only,42,0.865396,19.635358,0.109752,preds.pt#3229
1BC066,0159,coarse-only,42,0.836993,19.411533,0.127890,preds.pt#3230
1BC066,0160,coarse-only,42,0.877178,20.916641,0.106250,preds.pt#3231
1BC066,0161,coarse-only,42,0.862799,20.132243,0.122344,preds.pt#3232
1BC066,0162,coarse-only,42,0.851643,19.196045,0.129536,preds.pt#3233
1BC066,0163,coarse-only,42,0.851095,19.394510,0.136918,preds.pt#3234
1BC066,0164,coarse-only,42,0.885913,20.756882,0.132784,preds.pt#3235
1BC066,0165,coarse-only,42,0.904659,21.221265,0.128452,preds.pt#3236
1BC066,0166,coarse-only,42,0.913186,21.400586,0.120003,preds.pt#3237
1BC066,0167,coarse-only,42,0.928304,24.141407,0.098232,preds.pt#3238
1BC066,0168,coarse-only,42,0.902743,22.564527,0.129152,preds.pt#3239
1BC066,0169,coarse-only,42,0.951561,26.379052,0.091745,preds.pt#3240
1BC066,0170,coarse-only,42,0.947155,26.255122,0.085619,preds.pt#3241
1BC066,0171,coarse-only,42,0.965009,29.337745,0.076721,preds.pt#3242
1BC066,0172,coarse-only,42,0.956491,28.270440,0.142778,preds.pt#3243
1BC066,0173,coarse-only,42,0.962692,31.699592,0.135171,preds.pt#3244
1BC080,0001,coarse-only,42,0.935120,27.764759,0.169170,preds.pt#3245
1BC080,0002,coarse-only,42,0.923573,26.349921,0.193775,preds.pt#3246
1BC080,0003,coarse-only,42,0.921995,27.668317,0.221328,preds.pt#3247
1BC080,0004,coarse-only,42,0.827465,22.782640,0.396394,preds.pt#3248
1BC080,0005,coarse-only,42,0.786023,19.519264,0.381029,preds.pt#3249
1BC080,0006,coarse-only,42,0.756955,18.252952,0.369605,preds.pt#3250
1BC080,0007,coarse-only,42,0.717825,19.070060,0.344716,preds.pt#3251
1BC080,0008,coarse-only,42,0.705643,19.208893,0.335520,preds.pt#3252
1BC080,0009,coarse-only,42,0.697692,17.978340,0.399331,preds.pt#3253
1BC080,0010,coarse-only,42,0.613268,14.731475,0.319617,preds.pt#3254
1BC080,0011,coarse-only,42,0.631497,15.127006,0.306924,preds.pt#3255
1BC080,0012,coarse-only,42,0.620744,15.169043,0.245028,preds.pt#3256
1BC080,0013,coarse-only,42,0.640681,16.396607,0.234460,preds.pt#3257
1BC080,0014,coarse-only,42,0.668573,16.334391,0.243543,preds.pt#3258
1BC080,0015,coarse-only,42,0.658343,15.535794,0.258920,preds.pt#3259
1BC080,0016,coarse-only,42,0.659163,15.386548,0.247124,preds.pt#3260
1BC080,0017,coarse-only,42,0.664738,15.112099,0.244823,preds.pt#3261
1BC080,0018,coarse-only,42,0.673153,15.460544,0.244374,preds.pt#3262
1BC080,0019,coarse-only,42,0.667924,15.373962,0.242965,preds.pt#3263
1BC080,0020,coarse-only,42,0.682088,15.317917,0.227036,preds.pt#3264
1BC080,0021,coarse-only,42,0.675275,15.401256,0.225912,preds.pt#3265
1BC080,0022,coarse-only,42,0.681180,15.473514,0.241418,preds.pt#3266
1BC080,0023,coarse-only,42,0.699436,15.599734,0.241973,preds.pt#3267
1BC080,0024,coarse-only,42,0.687119,15.424909,0.200341,preds.pt#3268
1BC080,0025,coarse-only,42,0.692288,15.808350,0.215452,preds.pt#3269
1BC080,0026,coarse-only,42,0.691187,15.480409,0.213196,preds.pt#3270
1BC080,0027,coarse-only,42,0.709463,15.974740,0.178489,preds.pt#3271
1BC080,0028,coarse-only,42,0.699453,15.786779,0.208395,preds.pt#3272
1BC080,0029,coarse-only,42,0.733043,16.260381,0.200666,preds.pt#3273
1BC080,0030,coarse-only,42,0.728398,16.231500,0.193823,preds.pt#3274
1BC080,0031,coarse-only,42,0.724920,16.182635,0.188685,preds.pt#3275
1BC080,0032,coarse-only,42,0.711165,16.038691,0.201651,preds.pt#3276
1BC080,0033,coarse-only,42,0.738605,16.507606,0.191477,preds.pt#3277
1BC080,0034,coarse-only,42,0.739205,16.323117,0.193743,preds.pt#3278
1BC080,0035,coarse-only,42,0.745836,16.755342,0.187533,preds.pt#3279
1BC080,0036,coarse-only,42,0.733102,16.516786,0.184956,preds.pt#3280
1BC080,0037,coarse-only,42,0.720282,15.740003,0.200823,preds.pt#3281
1BC080,0038,coarse-only,42,0.709703,15.636673,0.185729,preds.pt#3282
1BC080,0039,coarse-only,42,0.727096,16.335865,0.176200,preds.pt#3283
1BC080,0040,coarse-only,42,0.714911,16.040506,0.190039,preds.pt#3284
1BC080,0041,coarse-only,42,0.724882,16.381347,0.186476,preds.pt#3285
1BC080,0042,coarse-only,42,0.727153,16.460571,0.183933,preds.pt#3286
1BC080,0043,coarse-only,42,0.730142,16.417838,0.192621,preds.pt#3287
1BC080,0044,coarse-only,42,0.726962,16.484141,0.192084,preds.pt#3288
1BC080,0045,coarse-only,42,0.727178,16.182587,0.190674,preds.pt#3289
1BC080,0046,coarse-only,42,0.724339,16.524890,0.201814,preds.pt#3290
1BC080,0047,coarse-only,42,0.744535,17.018184,0.181060,preds.pt#3291
1BC080,0048,coarse-only,42,0.727177,16.616441,0.213298,preds.pt#3292
1BC080,0049,coarse-only,42,0.716644,16.575792,0.189317,preds.pt#3293
1BC080,0050,coarse-only,42,0.719647,16.809494,0.201353,preds.pt#3294
1BC080,0051,coarse-only,42,0.720227,16.964152,0.195697,preds.pt#3295
1BC080,0052,coarse-only,42,0.717830,16.870591,0.194586,preds.pt#3296
1BC080,0053,coarse-only,42,0.719859,16.993273,0.196072,preds.pt#3297
1BC080,0054,coarse-only,42,0.719097,16.671529,0.195718,preds.pt#3298
1BC080,0055,coarse-only,42,0.718879,16.613683,0.188454,preds.pt#3299
1BC080,0056,coarse-only,42,0.737992,17.024280,0.177650,preds.pt#3300
1BC080,0057,coarse-only,42,0.735053,16.821208,0.181685,preds.pt#3301
1BC080,0058,coarse-only,42,0.742254,17.219974,0.189840,preds.pt#3302
1BC080,0059,coarse-only,42,0.754220,17.144463,0.176247,preds.pt#3303
1BC080,0060,coarse-only,42,0.743219,17.053713,0.180931,preds.pt#3304
1BC080,0061,coarse-only,42,0.749779,17.335714,0.182498,preds.pt#3305
1BC080,0062,coarse-only,42,0.736187,16.804841,0.177524,preds.pt#3306
1BC080,0063,coarse-only,42,0.752071,17.274769,0.145676,preds.pt#3307
1BC080,0064,coarse-only,42,0.752298,17.547868,0.139629,preds.pt#3308
1BC080,0065,coarse-only,42,0.769002,18.089990,0.154895,preds.pt#3309
1BC080,0066,coarse-only,42,0.762153,17.941951,0.151415,preds.pt#3310
1BC080,0067,coarse-only,42,0.742466,17.267499,0.153065,preds.pt#3311
1BC080,0068,coarse-only,42,0.751270,17.463096,0.142771,preds.pt#3312
1BC080,0069,coarse-only,42,0.735357,17.297885,0.153519,preds.pt#3313
1BC080,0070,coarse-only,42,0.757853,17.680173,0.124526,preds.pt#3314
1BC080,0071,coarse-only,42,0.735081,17.368585,0.141396,preds.pt#3315
1BC080,0072,coarse-only,42,0.736543,17.342936,0.149319,preds.pt#3316
1BC080,0073,coarse-only,42,0.742606,17.689231,0.158346,preds.pt#3317
1BC080,0074,coarse-only,42,0.747284,17.657232,0.156373,preds.pt#3318
1BC080,0075,coarse-only,42,0.721143,17.333234,0.168043,preds.pt#3319
1BC080,0076,coarse-only,42,0.746342,17.591563,0.151303,preds.pt#3320
1BC080,0077,coarse-only,42,0.752255,17.817693,0.141101,preds.pt#3321
1BC080,0078,coarse-only,42,0.743451,17.617743,0.161668,preds.pt#3322
1BC080,0079,coarse-only,42,0.762584,18.103764,0.156056,preds.pt#3323
1BC080,0080,coarse-only,42,0.772495,18.231685,0.158470,preds.pt#3324
1BC080,0081,coarse-only,42,0.775478,18.337375,0.155565,preds.pt#3325
1BC080,0082,coarse-only,42,0.790837,18.746223,0.148854,preds.pt#3326
1BC080,0083,coarse-only,42,0.781520,18.668673,0.154629,preds.pt#3327
1BC080,0084,coarse-only,42,0.771414,18.399892,0.143594,preds.pt#3328
1BC080,0085,coarse-only,42,0.772347,18.681684,0.165876,preds.pt#3329
1BC080,0086,coarse-only,42,0.794380,19.101696,0.138103,preds.pt#3330
1BC080,0087,coarse-only,42,0.782310,18.669006,0.134879,preds.pt#3331
1BC080,0088,coarse-only,42,0.784613,18.651518,0.149040,preds.pt#3332
1BC080,0089,coarse-only,42,0.793997,19.063371,0.120597,preds.pt#3333
1BC080,0090,coarse-only,42,0.801759,19.110494,0.124510,preds.pt#3334
1BC080,0091,coarse-only,42,0.810184,19.553893,0.114047,preds.pt#3335
1BC080,0092,coarse-only,42,0.782741,18.511184,0.135140,preds.pt#3336
1BC080,0093,coarse-only,42,0.801508,19.134296,0.120772,preds.pt#3337
1BC080,0094,coarse-only,42,0.796871,19.212820,0.151754,preds.pt#3338
1BC080,0095,coarse-only,42,0.807340,19.764092,0.128442,preds.pt#3339
1BC080,0096,coarse-only,42,0.807007,19.209425,0.134531,preds.pt#3340
1BC080,0097,coarse-only,42,0.825860,19.647003,0.120865,preds.pt#3341
1BC080,0098,coarse-only,42,0.819346,19.379320,0.129246,preds.pt#3342
1BC080,0099,coarse-only,42,0.829004,19.722436,0.104576,preds.pt#3343
1BC080,0100,coarse-only,42,0.805361,19.254953,0.135552,preds.pt#3344
1BC080,0101,coarse-only,42,0.810402,19.609804,0.115471,preds.pt#3345
1BC080,0102,coarse-only,42,0.824741,19.949695,0.097202,preds.pt#3346
1BC080,0103,coarse-only,42,0.820287,19.694770,0.121838,preds.pt#3347
1BC080,0104,coarse-only,42,0.818694,19.527090,0.119853,preds.pt#3348
1BC080,0105,coarse-only,42,0.817719,19.444009,0.111086,preds.pt#3349
1BC080,0106,coarse-only,42,0.812882,19.499538,0.097175,preds.pt#3350
1BC080,0107,coarse-only,42,0.815381,19.402988,0.102711,preds.pt#3351
1BC080,0108,coarse-only,42,0.815041,19.595708,0.107135,preds.pt#3352
1BC080,0109,coarse-only,42,0.806885,18.888724,0.103735,preds.pt#3353
1BC080,0110,coarse-only,42,0.813128,18.901455,0.075184,preds.pt#3354
1BC080,0111,coarse-only,42,0.818692,19.142310,0.073659,preds.pt#3355
1BC080,0112,coarse-only,42,0.803131,18.871947,0.100682,preds.pt#3356
1BC080,0113,coarse-only,42,0.804927,19.036749,0.105098,preds.pt#3357
1BC080,0114,coarse-only,42,0.810994,19.294702,0.110546,preds.pt#3358
1BC080,0115,coarse-only,42,0.805530,18.754135,0.097578,preds.pt#3359
1BC080,0116,coarse-only,42,0.817541,19.282007,0.078325,preds.pt#3360
1BC080,0117,coarse-only,42,0.818607,19.346744,0.095304,preds.pt#3361
1BC080,0118,coarse-only,42,0.829883,19.512831,0.078282,preds.pt#3362
1BC080,0119,coarse-only,42,0.837831,19.635210,0.073483,preds.pt#3363
1BC080,0120,coarse-only,42,0.834045,19.464060,0.073710,preds.pt#3364
1BC080,0121,coarse-only,42,0.823071,19.391306,0.086842,preds.pt#3365
1BC080,0122,coarse-only,42,0.835498,19.411621,0.083710,preds.pt#3366
1BC080,0123,coarse-only,42,0.843084,19.469497,0.081466,preds.pt#3367
1BC080,0124,coarse-only,42,0.839884,19.409885,0.092190,preds.pt#3368
1BC080,0125,coarse-only,42,0.834874,19.050443,0.091812,preds.pt#3369
1BC080,0126,coarse-only,42,0.833907,19.059939,0.087933,preds.pt#3370
1BC080,0127,coarse-only,42,0.831362,19.129777,0.094026,preds.pt#3371
1BC080,0128,coarse-only,42,0.834682,18.921512,0.074538,preds.pt#3372
1BC080,0129,coarse-only,42,0.792100,19.215817,0.075878,preds.pt#3373
1BC080,0130,coarse-only,42,0.844501,18.767285,0.073161,preds.pt#3374
1BC080,0131,coarse-only,42,0.851709,19.014531,0.084579,preds.pt#3375
1BC080,0132,coarse-only,42,0.860935,19.320602,0.076711,preds.pt#3376
1BC080,0133,coarse-only,42,0.878020,19.943878,0.065841,preds.pt#3377
1BC080,0134,coarse-only,42,0.850413,18.947847,0.089776,preds.pt#3378
1BC080,0135,coarse-only,42,0.849475,18.961936,0.080615,preds.pt#3379
1BC080,0136,coarse-only,42,0.853785,19.156673,0.071498,preds.pt#3380
1BC080,0137,coarse-only,42,0.864254,19.484270,0.068685,preds.pt#3381
1BC080,0138,coarse-only,42,0.859579,19.275894,0.077623,preds.pt#3382
1BC080,0139,coarse-only,42,0.854338,19.123339,0.084153,preds.pt#3383
1BC080,0140,coarse-only,42,0.801298,19.049565,0.085430,preds.pt#3384
1BC080,0141,coarse-only,42,0.854895,19.516345,0.085168,preds.pt#3385
1BC080,0142,coarse-only,42,0.846386,18.895594,0.092473,preds.pt#3386
1BC080,0143,coarse-only,42,0.825147,18.838809,0.102446,preds.pt#3387
1BC080,0144,coarse-only,42,0.866320,19.492639,0.093662,preds.pt#3388
1BC080,0145,coarse-only,42,0.869471,19.989341,0.086617,preds.pt#3389
1BC080,0146,coarse-only,42,0.834135,19.999359,0.101804,preds.pt#3390
1BC080,0147,coarse-only,42,0.784669,19.047163,0.130214,preds.pt#3391
1BC080,0148,coarse-only,42,0.855253,19.382138,0.106997,preds.pt#3392
1BC080,0149,coarse-only,42,0.785465,18.553637,0.105919,preds.pt#3393
1BC080,0150,coarse-only,42,0.771630,17.463869,0.133245,preds.pt#3394
1BC080,0151,coarse-only,42,0.682207,17.690094,0.126391,preds.pt#3395
1BC080,0152,coarse-only,42,0.709838,17.642673,0.143230,preds.pt#3396
1BC080,0153,coarse-only,42,0.694577,17.716116,0.156997,preds.pt#3397
1BC080,0154,coarse-only,42,0.728192,17.602379,0.180765,preds.pt#3398
1BC080,0155,coarse-only,42,0.676441,17.194151,0.174269,preds.pt#3399
1BC080,0156,coarse-only,42,0.694054,17.367688,0.189933,preds.pt#3400
1BC080,0157,coarse-only,42,0.914497,23.269528,0.156116,preds.pt#3401
1BC080,0158,coarse-only,42,0.864261,20.601133,0.209062,preds.pt#3402
1BC080,0159,coarse-only,42,0.696971,17.720416,0.209155,preds.pt#3403
1BC080,0160,coarse-only,42,0.938114,26.114081,0.099796,preds.pt#3404
1BC080,0161,coarse-only,42,0.948576,26.302092,0.099201,preds.pt#3405
1BC080,0162,coarse-only,42,0.926114,24.233947,0.148000,preds.pt#3406
1BC080,0163,coarse-only,42,0.888915,20.142996,0.201167,preds.pt#3407
1BC080,0164,coarse-only,42,0.914710,22.964720,0.189531,preds.pt#3408
1BC080,0165,coarse-only,42,0.948619,26.467737,0.147067,preds.pt#3409
1BC080,0166,coarse-only,42,0.867816,18.034861,0.279920,preds.pt#3410
1BC080,0167,coarse-only,42,0.902197,22.270012,0.235115,preds.pt#3411
1BC080,0168,coarse-only,42,0.887008,19.319622,0.264172,preds.pt#3412
1BC080,0169,coarse-only,42,0.949892,28.102566,0.148387,preds.pt#3413
1BC080,0170,coarse-only,42,0.960127,29.284486,0.119949,preds.pt#3414
