patient,slice,method,seed,ssim,psnr,lpips,prediction_path
1BA012,0002,BridgeRefine-L1-seed123,123,0.954842,33.714778,0.154725,preds.pt#0
1BA012,0003,BridgeRefine-L1-seed123,123,0.960018,29.600618,0.095500,preds.pt#1
1BA012,0004,BridgeRefine-L1-seed123,123,0.958030,27.191444,0.128806,preds.pt#2
1BA012,0005,BridgeRefine-L1-seed123,123,0.955847,26.217072,0.111897,preds.pt#3
1BA012,0006,BridgeRefine-L1-seed123,123,0.947484,25.056963,0.109635,preds.pt#4
1BA012,0007,BridgeRefine-L1-seed123,123,0.944703,24.786797,0.130073,preds.pt#5
1BA012,0008,BridgeRefine-L1-seed123,123,0.950617,24.773844,0.121150,preds.pt#6
1BA012,0009,BridgeRefine-L1-seed123,123,0.942468,24.351006,0.097572,preds.pt#7
1BA012,0010,BridgeRefine-L1-seed123,123,0.939042,24.199001,0.091561,preds.pt#8
1BA012,0011,BridgeRefine-L1-seed123,123,0.934118,23.477689,0.101495,preds.pt#9
1BA012,0012,BridgeRefine-L1-seed123,123,0.948331,25.605219,0.090112,preds.pt#10
1BA012,0013,BridgeRefine-L1-seed123,123,0.940005,25.220160,0.098439,preds.pt#11
1BA012,0014,BridgeRefine-L1-seed123,123,0.955683,28.452159,0.076981,preds.pt#12
1BA012,0015,BridgeRefine-L1-seed123,123,0.951177,27.994185,0.096885,preds.pt#13
1BA012,0016,BridgeRefine-L1-seed123,123,0.945609,26.398385,0.103474,preds.pt#14
1BA012,0017,BridgeRefine-L1-seed123,123,0.925610,24.451684,0.107774,preds.pt#15
1BA012,0018,BridgeRefine-L1-seed123,123,0.934635,25.214823,0.108203,preds.pt#16
1BA012,0019,BridgeRefine-L1-seed123,123,0.931596,24.146135,0.101680,preds.pt#17
1BA012,0020,BridgeRefine-L1-seed123,123,0.932899,25.439425,0.105829,preds.pt#18
1BA012,0021,BridgeRefine-L1-seed123,123,0.923223,23.864924,0.115233,preds.pt#19
1BA012,0022,BridgeRefine-L1-seed123,123,0.925925,24.528265,0.111207,preds.pt#20
1BA012,0023,BridgeRefine-L1-seed123,123,0.923961,24.192604,0.105004,preds.pt#21
1BA012,0024,BridgeRefine-L1-seed123,123,0.927976,23.860607,0.113553,preds.pt#22
1BA012,0025,BridgeRefine-L1-seed123,123,0.914792,22.757064,0.123890,preds.pt#23
1BA012,0026,BridgeRefine-L1-seed123,123,0.918439,23.473321,0.125343,preds.pt#24
1BA012,0027,BridgeRefine-L1-seed123,123,0.914227,23.097091,0.136439,preds.pt#25
1BA012,0028,BridgeRefine-L1-seed123,123,0.915339,23.527712,0.142441,preds.pt#26
1BA012,0029,BridgeRefine-L1-seed123,123,0.912042,23.055970,0.141485,preds.pt#27
1BA012,0030,BridgeRefine-L1-seed123,123,0.909274,23.595367,0.146959,preds.pt#28
1BA012,0031,BridgeRefine-L1-seed123,123,0.915290,23.524980,0.162049,preds.pt#29
1BA012,0032,BridgeRefine-L1-seed123,123,0.912261,23.102315,0.144841,preds.pt#30
1BA012,0033,BridgeRefine-L1-seed123,123,0.903449,22.857209,0.162521,preds.pt#31
1BA012,0034,BridgeRefine-L1-seed123,123,0.903878,22.624636,0.171033,preds.pt#32
1BA012,0035,BridgeRefine-L1-seed123,123,0.901953,22.482482,0.146736,preds.pt#33
1BA012,0036,BridgeRefine-L1-seed123,123,0.892176,21.821365,0.140004,preds.pt#34
1BA012,0037,BridgeRefine-L1-seed123,123,0.904524,22.384910,0.144163,preds.pt#35
1BA012,0038,BridgeRefine-L1-seed123,123,0.888056,21.893681,0.150041,preds.pt#36
1BA012,0039,BridgeRefine-L1-seed123,123,0.885187,21.671575,0.137044,preds.pt#37
1BA012,0040,BridgeRefine-L1-seed123,123,0.889936,21.838541,0.124274,preds.pt#38
1BA012,0041,BridgeRefine-L1-seed123,123,0.886639,21.788258,0.131658,preds.pt#39
1BA012,0042,BridgeRefine-L1-seed123,123,0.885902,21.807344,0.138269,preds.pt#40
1BA012,0043,BridgeRefine-L1-seed123,123,0.874395,21.121324,0.141086,preds.pt#41
1BA012,0044,BridgeRefine-L1-seed123,123,0.881360,20.787099,0.162430,preds.pt#42
1BA012,0045,BridgeRefine-L1-seed123,123,0.869066,20.834437,0.161378,preds.pt#43
1BA012,0046,BridgeRefine-L1-seed123,123,0.870744,20.937608,0.178395,preds.pt#44
1BA012,0047,BridgeRefine-L1-seed123,123,0.858585,20.176412,0.170367,preds.pt#45
1BA012,0048,BridgeRefine-L1-seed123,123,0.860238,20.539617,0.171472,preds.pt#46
1BA012,0049,BridgeRefine-L1-seed123,123,0.864638,20.689154,0.144408,preds.pt#47
1BA012,0050,BridgeRefine-L1-seed123,123,0.868517,20.875146,0.149483,preds.pt#48
1BA012,0051,BridgeRefine-L1-seed123,123,0.876145,20.924197,0.146894,preds.pt#49
1BA012,0052,BridgeRefine-L1-seed123,123,0.871082,20.868077,0.140679,preds.pt#50
1BA012,0053,BridgeRefine-L1-seed123,123,0.867241,20.413462,0.130743,preds.pt#51
1BA012,0054,BridgeRefine-L1-seed123,123,0.882037,21.290596,0.127526,preds.pt#52
1BA012,0055,BridgeRefine-L1-seed123,123,0.877667,20.969836,0.144322,preds.pt#53
1BA012,0056,BridgeRefine-L1-seed123,123,0.878930,21.042741,0.121616,preds.pt#54
1BA012,0057,BridgeRefine-L1-seed123,123,0.873374,21.040604,0.129655,preds.pt#55
1BA012,0058,BridgeRefine-L1-seed123,123,0.877751,21.688111,0.129752,preds.pt#56
1BA012,0059,BridgeRefine-L1-seed123,123,0.871757,21.361712,0.146535,preds.pt#57
1BA012,0060,BridgeRefine-L1-seed123,123,0.867440,21.104844,0.155939,preds.pt#58
1BA012,0061,BridgeRefine-L1-seed123,123,0.860839,20.905732,0.167351,preds.pt#59
1BA012,0062,BridgeRefine-L1-seed123,123,0.860996,20.755152,0.177862,preds.pt#60
1BA012,0063,BridgeRefine-L1-seed123,123,0.841778,19.946855,0.181561,preds.pt#61
1BA012,0064,BridgeRefine-L1-seed123,123,0.836933,20.211311,0.184061,preds.pt#62
1BA012,0065,BridgeRefine-L1-seed123,123,0.845756,20.268972,0.167343,preds.pt#63
1BA012,0066,BridgeRefine-L1-seed123,123,0.842780,20.011973,0.159283,preds.pt#64
1BA012,0067,BridgeRefine-L1-seed123,123,0.847712,20.538208,0.165436,preds.pt#65
1BA012,0068,BridgeRefine-L1-seed123,123,0.846375,20.228879,0.160807,preds.pt#66
1BA012,0069,BridgeRefine-L1-seed123,123,0.831786,20.171778,0.178877,preds.pt#67
1BA012,0070,BridgeRefine-L1-seed123,123,0.846998,20.452333,0.143878,preds.pt#68
1BA012,0071,BridgeRefine-L1-seed123,123,0.837843,20.480677,0.147408,preds.pt#69
1BA012,0072,BridgeRefine-L1-seed123,123,0.844387,20.789650,0.148460,preds.pt#70
1BA012,0073,BridgeRefine-L1-seed123,123,0.836393,20.623076,0.161053,preds.pt#71
1BA012,0074,BridgeRefine-L1-seed123,123,0.849180,20.891055,0.142738,preds.pt#72
1BA012,0075,BridgeRefine-L1-seed123,123,0.837503,20.595104,0.154433,preds.pt#73
1BA012,0076,BridgeRefine-L1-seed123,123,0.842682,21.046137,0.141222,preds.pt#74
1BA012,0077,BridgeRefine-L1-seed123,123,0.828499,20.735924,0.160963,preds.pt#75
1BA012,0078,BridgeRefine-L1-seed123,123,0.833398,20.616076,0.140671,preds.pt#76
1BA012,0079,BridgeRefine-L1-seed123,123,0.819323,20.108432,0.153103,preds.pt#77
1BA012,0080,BridgeRefine-L1-seed123,123,0.823564,19.963317,0.138712,preds.pt#78
1BA012,0081,BridgeRefine-L1-seed123,123,0.818187,19.908109,0.132347,preds.pt#79
1BA012,0082,BridgeRefine-L1-seed123,123,0.818060,19.622011,0.135362,preds.pt#80
1BA012,0083,BridgeRefine-L1-seed123,123,0.806577,19.516198,0.148109,preds.pt#81
1BA012,0084,BridgeRefine-L1-seed123,123,0.792491,18.864855,0.151224,preds.pt#82
1BA012,0085,BridgeRefine-L1-seed123,123,0.781475,18.620491,0.171174,preds.pt#83
1BA012,0086,BridgeRefine-L1-seed123,123,0.797686,18.947768,0.154193,preds.pt#84
1BA012,0087,BridgeRefine-L1-seed123,123,0.804962,19.213425,0.149408,preds.pt#85
1BA012,0088,BridgeRefine-L1-seed123,123,0.820515,19.568147,0.149033,preds.pt#86
1BA012,0089,BridgeRefine-L1-seed123,123,0.815955,19.438236,0.158810,preds.pt#87
1BA012,0090,BridgeRefine-L1-seed123,123,0.816500,19.360480,0.140445,preds.pt#88
1BA012,0091,BridgeRefine-L1-seed123,123,0.817794,19.427864,0.136863,preds.pt#89
1BA012,0092,BridgeRefine-L1-seed123,123,0.820828,19.574981,0.128470,preds.pt#90
1BA012,0093,BridgeRefine-L1-seed123,123,0.832634,19.808164,0.116561,preds.pt#91
1BA012,0094,BridgeRefine-L1-seed123,123,0.845550,19.918955,0.113264,preds.pt#92
1BA012,0095,BridgeRefine-L1-seed123,123,0.844086,20.077643,0.108690,preds.pt#93
1BA012,0096,BridgeRefine-L1-seed123,123,0.854424,20.324549,0.097755,preds.pt#94
1BA012,0097,BridgeRefine-L1-seed123,123,0.847526,20.743357,0.084351,preds.pt#95
1BA012,0098,BridgeRefine-L1-seed123,123,0.860224,20.399269,0.106156,preds.pt#96
1BA012,0099,BridgeRefine-L1-seed123,123,0.857435,20.885557,0.100553,preds.pt#97
1BA012,0100,BridgeRefine-L1-seed123,123,0.867507,20.989047,0.092207,preds.pt#98
1BA012,0101,BridgeRefine-L1-seed123,123,0.861922,20.600033,0.100303,preds.pt#99
1BA012,0102,BridgeRefine-L1-seed123,123,0.868037,20.255044,0.099753,preds.pt#100
1BA012,0103,BridgeRefine-L1-seed123,123,0.855895,19.946399,0.101177,preds.pt#101
1BA012,0104,BridgeRefine-L1-seed123,123,0.863350,19.490408,0.097936,preds.pt#102
1BA012,0105,BridgeRefine-L1-seed123,123,0.843624,19.487014,0.098203,preds.pt#103
1BA012,0106,BridgeRefine-L1-seed123,123,0.860986,19.773578,0.104506,preds.pt#104
1BA012,0107,BridgeRefine-L1-seed123,123,0.845411,19.563155,0.101651,preds.pt#105
1BA012,0108,BridgeRefine-L1-seed123,123,0.860960,19.699898,0.096927,preds.pt#106
1BA012,0109,BridgeRefine-L1-seed123,123,0.846235,19.609425,0.099700,preds.pt#107
1BA012,0110,BridgeRefine-L1-seed123,123,0.865607,20.272316,0.094813,preds.pt#108
1BA012,0111,BridgeRefine-L1-seed123,123,0.858431,20.492987,0.092900,preds.pt#109
1BA012,0112,BridgeRefine-L1-seed123,123,0.859816,19.852926,0.092233,preds.pt#110
1BA012,0113,BridgeRefine-L1-seed123,123,0.872663,21.405897,0.084217,preds.pt#111
1BA012,0114,BridgeRefine-L1-seed123,123,0.882816,21.136909,0.074506,preds.pt#112
1BA012,0115,BridgeRefine-L1-seed123,123,0.884738,21.609922,0.081214,preds.pt#113
1BA012,0116,BridgeRefine-L1-seed123,123,0.875185,20.463369,0.091470,preds.pt#114
1BA012,0117,BridgeRefine-L1-seed123,123,0.867265,20.812786,0.089595,preds.pt#115
1BA012,0118,BridgeRefine-L1-seed123,123,0.874300,20.404880,0.087216,preds.pt#116
1BA012,0119,BridgeRefine-L1-seed123,123,0.870035,20.813060,0.075305,preds.pt#117
1BA012,0120,BridgeRefine-L1-seed123,123,0.878232,20.738797,0.076497,preds.pt#118
1BA012,0121,BridgeRefine-L1-seed123,123,0.876942,20.743190,0.068559,preds.pt#119
1BA012,0122,BridgeRefine-L1-seed123,123,0.871955,19.978168,0.079963,preds.pt#120
1BA012,0123,BridgeRefine-L1-seed123,123,0.865405,20.266977,0.084031,preds.pt#121
1BA012,0124,BridgeRefine-L1-seed123,123,0.862524,19.563969,0.098356,preds.pt#122
1BA012,0125,BridgeRefine-L1-seed123,123,0.873082,20.408786,0.087883,preds.pt#123
1BA012,0126,BridgeRefine-L1-seed123,123,0.877669,20.213358,0.076569,preds.pt#124
1BA012,0127,BridgeRefine-L1-seed123,123,0.881976,20.380969,0.065555,preds.pt#125
1BA012,0128,BridgeRefine-L1-seed123,123,0.884587,20.531139,0.069020,preds.pt#126
1BA012,0129,BridgeRefine-L1-seed123,123,0.879473,20.630760,0.080826,preds.pt#127
1BA012,0130,BridgeRefine-L1-seed123,123,0.888751,20.867473,0.072413,preds.pt#128
1BA012,0131,BridgeRefine-L1-seed123,123,0.888206,21.096209,0.058423,preds.pt#129
1BA012,0132,BridgeRefine-L1-seed123,123,0.896415,21.499124,0.056182,preds.pt#130
1BA012,0133,BridgeRefine-L1-seed123,123,0.884215,21.170014,0.072068,preds.pt#131
1BA012,0134,BridgeRefine-L1-seed123,123,0.885687,21.591678,0.066912,preds.pt#132
1BA012,0135,BridgeRefine-L1-seed123,123,0.884127,21.720227,0.058842,preds.pt#133
1BA012,0136,BridgeRefine-L1-seed123,123,0.891085,21.985637,0.060044,preds.pt#134
1BA012,0137,BridgeRefine-L1-seed123,123,0.890212,21.910009,0.068240,preds.pt#135
1BA012,0138,BridgeRefine-L1-seed123,123,0.883497,21.374638,0.084135,preds.pt#136
1BA012,0139,BridgeRefine-L1-seed123,123,0.880365,21.330294,0.072986,preds.pt#137
1BA012,0140,BridgeRefine-L1-seed123,123,0.878766,20.797717,0.087014,preds.pt#138
1BA012,0141,BridgeRefine-L1-seed123,123,0.864604,20.429438,0.078709,preds.pt#139
1BA012,0142,BridgeRefine-L1-seed123,123,0.866105,20.934930,0.079765,preds.pt#140
1BA012,0143,BridgeRefine-L1-seed123,123,0.856420,20.359094,0.078310,preds.pt#141
1BA012,0144,BridgeRefine-L1-seed123,123,0.865192,20.480547,0.086971,preds.pt#142
1BA012,0145,BridgeRefine-L1-seed123,123,0.850174,20.235065,0.088591,preds.pt#143
1BA012,0146,BridgeRefine-L1-seed123,123,0.866855,20.580088,0.076048,preds.pt#144
1BA012,0147,BridgeRefine-L1-seed123,123,0.846835,19.935917,0.078294,preds.pt#145
1BA012,0148,BridgeRefine-L1-seed123,123,0.865245,20.427732,0.081331,preds.pt#146
1BA012,0149,BridgeRefine-L1-seed123,123,0.858864,20.381404,0.076859,preds.pt#147
1BA012,0150,BridgeRefine-L1-seed123,123,0.853379,20.117868,0.084561,preds.pt#148
1BA012,0151,BridgeRefine-L1-seed123,123,0.853803,20.048337,0.085598,preds.pt#149
1BA012,0152,BridgeRefine-L1-seed123,123,0.854822,19.797091,0.083958,preds.pt#150
1BA012,0153,BridgeRefine-L1-seed123,123,0.851809,19.778375,0.073874,preds.pt#151
1BA012,0154,BridgeRefine-L1-seed123,123,0.862342,19.827980,0.076907,preds.pt#152
1BA012,0155,BridgeRefine-L1-seed123,123,0.852211,19.557449,0.072654,preds.pt#153
1BA012,0156,BridgeRefine-L1-seed123,123,0.859605,19.604552,0.072428,preds.pt#154
1BA012,0157,BridgeRefine-L1-seed123,123,0.857016,19.575563,0.074818,preds.pt#155
1BA012,0158,BridgeRefine-L1-seed123,123,0.863819,19.493387,0.077330,preds.pt#156
1BA012,0159,BridgeRefine-L1-seed123,123,0.857099,19.660572,0.082115,preds.pt#157
1BA012,0160,BridgeRefine-L1-seed123,123,0.872983,20.013361,0.067384,preds.pt#158
1BA012,0161,BridgeRefine-L1-seed123,123,0.859418,19.535146,0.073005,preds.pt#159
1BA012,0162,BridgeRefine-L1-seed123,123,0.876440,20.279901,0.067133,preds.pt#160
1BA012,0163,BridgeRefine-L1-seed123,123,0.880082,20.398954,0.074718,preds.pt#161
1BA012,0164,BridgeRefine-L1-seed123,123,0.888675,20.383845,0.071225,preds.pt#162
1BA012,0165,BridgeRefine-L1-seed123,123,0.886781,20.698514,0.074096,preds.pt#163
1BA012,0166,BridgeRefine-L1-seed123,123,0.889645,20.370494,0.070884,preds.pt#164
1BA012,0167,BridgeRefine-L1-seed123,123,0.882001,20.439555,0.088200,preds.pt#165
1BA012,0168,BridgeRefine-L1-seed123,123,0.887187,20.449234,0.081009,preds.pt#166
1BA012,0169,BridgeRefine-L1-seed123,123,0.886198,20.939253,0.093546,preds.pt#167
1BA012,0170,BridgeRefine-L1-seed123,123,0.895958,21.236155,0.082294,preds.pt#168
1BA012,0171,BridgeRefine-L1-seed123,123,0.886193,21.169923,0.090422,preds.pt#169
1BA012,0172,BridgeRefine-L1-seed123,123,0.895813,20.938935,0.094266,preds.pt#170
1BA012,0173,BridgeRefine-L1-seed123,123,0.887595,20.898126,0.102845,preds.pt#171
1BA012,0174,BridgeRefine-L1-seed123,123,0.890600,20.556289,0.085455,preds.pt#172
1BA012,0175,BridgeRefine-L1-seed123,123,0.883414,21.153816,0.101421,preds.pt#173
1BA012,0176,BridgeRefine-L1-seed123,123,0.888590,20.501051,0.105487,preds.pt#174
1BA012,0177,BridgeRefine-L1-seed123,123,0.887165,20.812731,0.101244,preds.pt#175
1BA012,0178,BridgeRefine-L1-seed123,123,0.888595,20.303490,0.089801,preds.pt#176
1BA012,0179,BridgeRefine-L1-seed123,123,0.876544,21.159664,0.087258,preds.pt#177
1BA012,0180,BridgeRefine-L1-seed123,123,0.887645,20.824223,0.110035,preds.pt#178
1BA012,0181,BridgeRefine-L1-seed123,123,0.890138,21.742035,0.131075,preds.pt#179
1BA012,0182,BridgeRefine-L1-seed123,123,0.886269,20.572782,0.116694,preds.pt#180
1BA012,0183,BridgeRefine-L1-seed123,123,0.891875,21.971959,0.137476,preds.pt#181
1BA012,0184,BridgeRefine-L1-seed123,123,0.898274,21.122724,0.134518,preds.pt#182
1BA012,0185,BridgeRefine-L1-seed123,123,0.892922,22.587776,0.166644,preds.pt#183
1BA012,0186,BridgeRefine-L1-seed123,123,0.913413,23.214433,0.142250,preds.pt#184
1BA012,0187,BridgeRefine-L1-seed123,123,0.902666,22.946490,0.159621,preds.pt#185
1BA012,0188,BridgeRefine-L1-seed123,123,0.909851,21.831747,0.134130,preds.pt#186
1BA012,0189,BridgeRefine-L1-seed123,123,0.892685,21.663796,0.166443,preds.pt#187
1BA012,0190,BridgeRefine-L1-seed123,123,0.901359,21.111468,0.120482,preds.pt#188
1BA012,0191,BridgeRefine-L1-seed123,123,0.889459,23.824897,0.135867,preds.pt#189
1BA012,0192,BridgeRefine-L1-seed123,123,0.905396,24.585851,0.116935,preds.pt#190
1BA012,0194,BridgeRefine-L1-seed123,123,0.915842,26.217027,0.110467,preds.pt#191
1BA091,0001,BridgeRefine-L1-seed123,123,0.981220,49.051054,0.030950,preds.pt#192
1BA091,0002,BridgeRefine-L1-seed123,123,0.971180,37.279513,0.088168,preds.pt#193
1BA091,0003,BridgeRefine-L1-seed123,123,0.969267,32.829796,0.124898,preds.pt#194
1BA091,0004,BridgeRefine-L1-seed123,123,0.967591,31.913644,0.125609,preds.pt#195
1BA091,0005,BridgeRefine-L1-seed123,123,0.955341,27.319213,0.158900,preds.pt#196
1BA091,0006,BridgeRefine-L1-seed123,123,0.951750,26.150215,0.134963,preds.pt#197
1BA091,0007,BridgeRefine-L1-seed123,123,0.957195,27.204848,0.147720,preds.pt#198
1BA091,0008,BridgeRefine-L1-seed123,123,0.941561,25.835854,0.196584,preds.pt#199
1BA091,0009,BridgeRefine-L1-seed123,123,0.940327,24.234048,0.182124,preds.pt#200
1BA091,0010,BridgeRefine-L1-seed123,123,0.934937,23.398117,0.193695,preds.pt#201
1BA091,0011,BridgeRefine-L1-seed123,123,0.946733,24.016956,0.181771,preds.pt#202
1BA091,0012,BridgeRefine-L1-seed123,123,0.931750,23.299262,0.158285,preds.pt#203
1BA091,0013,BridgeRefine-L1-seed123,123,0.934450,23.151615,0.148461,preds.pt#204
1BA091,0014,BridgeRefine-L1-seed123,123,0.925666,22.813812,0.137904,preds.pt#205
1BA091,0015,BridgeRefine-L1-seed123,123,0.921262,23.247769,0.137097,preds.pt#206
1BA091,0016,BridgeRefine-L1-seed123,123,0.931109,24.081411,0.149206,preds.pt#207
1BA091,0017,BridgeRefine-L1-seed123,123,0.927847,24.001899,0.151420,preds.pt#208
1BA091,0018,BridgeRefine-L1-seed123,123,0.931884,24.000357,0.152010,preds.pt#209
1BA091,0019,BridgeRefine-L1-seed123,123,0.917505,23.060541,0.179289,preds.pt#210
1BA091,0020,BridgeRefine-L1-seed123,123,0.933424,23.729348,0.154137,preds.pt#211
1BA091,0021,BridgeRefine-L1-seed123,123,0.933697,23.718807,0.158846,preds.pt#212
1BA091,0022,BridgeRefine-L1-seed123,123,0.922252,23.080618,0.154896,preds.pt#213
1BA091,0023,BridgeRefine-L1-seed123,123,0.883692,20.704706,0.174662,preds.pt#214
1BA091,0024,BridgeRefine-L1-seed123,123,0.908419,22.436125,0.149284,preds.pt#215
1BA091,0025,BridgeRefine-L1-seed123,123,0.915300,22.538878,0.141731,preds.pt#216
1BA091,0026,BridgeRefine-L1-seed123,123,0.915353,23.169414,0.117935,preds.pt#217
1BA091,0027,BridgeRefine-L1-seed123,123,0.903419,22.019353,0.118164,preds.pt#218
1BA091,0028,BridgeRefine-L1-seed123,123,0.898288,21.109115,0.138988,preds.pt#219
1BA091,0029,BridgeRefine-L1-seed123,123,0.907156,21.875060,0.150402,preds.pt#220
1BA091,0030,BridgeRefine-L1-seed123,123,0.901980,22.404385,0.140137,preds.pt#221
1BA091,0031,BridgeRefine-L1-seed123,123,0.901113,21.666824,0.153876,preds.pt#222
1BA091,0032,BridgeRefine-L1-seed123,123,0.897647,21.995958,0.149377,preds.pt#223
1BA091,0033,BridgeRefine-L1-seed123,123,0.899606,21.832714,0.141980,preds.pt#224
1BA091,0034,BridgeRefine-L1-seed123,123,0.899292,21.697483,0.135476,preds.pt#225
1BA091,0035,BridgeRefine-L1-seed123,123,0.894934,21.327515,0.149084,preds.pt#226
1BA091,0036,BridgeRefine-L1-seed123,123,0.896238,21.703189,0.141207,preds.pt#227
1BA091,0037,BridgeRefine-L1-seed123,123,0.882050,20.879373,0.132731,preds.pt#228
1BA091,0038,BridgeRefine-L1-seed123,123,0.872437,20.160969,0.130674,preds.pt#229
1BA091,0039,BridgeRefine-L1-seed123,123,0.869674,20.325989,0.128466,preds.pt#230
1BA091,0040,BridgeRefine-L1-seed123,123,0.862715,19.903251,0.125066,preds.pt#231
1BA091,0041,BridgeRefine-L1-seed123,123,0.861943,20.096553,0.142776,preds.pt#232
1BA091,0042,BridgeRefine-L1-seed123,123,0.859538,20.017747,0.142084,preds.pt#233
1BA091,0043,BridgeRefine-L1-seed123,123,0.857811,20.058930,0.168409,preds.pt#234
1BA091,0044,BridgeRefine-L1-seed123,123,0.852943,19.649726,0.162537,preds.pt#235
1BA091,0045,BridgeRefine-L1-seed123,123,0.849062,19.817846,0.168643,preds.pt#236
1BA091,0046,BridgeRefine-L1-seed123,123,0.851364,19.878430,0.173545,preds.pt#237
1BA091,0047,BridgeRefine-L1-seed123,123,0.842085,19.482428,0.181133,preds.pt#238
1BA091,0048,BridgeRefine-L1-seed123,123,0.844485,19.759019,0.184932,preds.pt#239
1BA091,0049,BridgeRefine-L1-seed123,123,0.839009,19.545675,0.182824,preds.pt#240
1BA091,0050,BridgeRefine-L1-seed123,123,0.839835,19.736301,0.173790,preds.pt#241
1BA091,0051,BridgeRefine-L1-seed123,123,0.837732,19.831138,0.186842,preds.pt#242
1BA091,0052,BridgeRefine-L1-seed123,123,0.830292,19.904267,0.205316,preds.pt#243
1BA091,0053,BridgeRefine-L1-seed123,123,0.837939,20.158984,0.195909,preds.pt#244
1BA091,0054,BridgeRefine-L1-seed123,123,0.816884,19.556411,0.209139,preds.pt#245
1BA091,0055,BridgeRefine-L1-seed123,123,0.825292,19.763323,0.213437,preds.pt#246
1BA091,0056,BridgeRefine-L1-seed123,123,0.828318,19.725362,0.182291,preds.pt#247
1BA091,0057,BridgeRefine-L1-seed123,123,0.823317,19.395842,0.177164,preds.pt#248
1BA091,0058,BridgeRefine-L1-seed123,123,0.822808,19.379953,0.152289,preds.pt#249
1BA091,0059,BridgeRefine-L1-seed123,123,0.817914,19.241915,0.153497,preds.pt#250
1BA091,0060,BridgeRefine-L1-seed123,123,0.825190,19.432369,0.160109,preds.pt#251
1BA091,0061,BridgeRefine-L1-seed123,123,0.809566,18.678143,0.165661,preds.pt#252
1BA091,0062,BridgeRefine-L1-seed123,123,0.806556,18.741541,0.166458,preds.pt#253
1BA091,0063,BridgeRefine-L1-seed123,123,0.800295,18.832760,0.173669,preds.pt#254
1BA091,0064,BridgeRefine-L1-seed123,123,0.806059,18.551573,0.180882,preds.pt#255
1BA091,0065,BridgeRefine-L1-seed123,123,0.812159,18.500668,0.202954,preds.pt#256
1BA091,0066,BridgeRefine-L1-seed123,123,0.814986,18.763974,0.180620,preds.pt#257
1BA091,0067,BridgeRefine-L1-seed123,123,0.815664,19.105919,0.180673,preds.pt#258
1BA091,0068,BridgeRefine-L1-seed123,123,0.821215,19.203031,0.173933,preds.pt#259
1BA091,0069,BridgeRefine-L1-seed123,123,0.816471,19.418365,0.172959,preds.pt#260
1BA091,0070,BridgeRefine-L1-seed123,123,0.814943,19.267499,0.174279,preds.pt#261
1BA091,0071,BridgeRefine-L1-seed123,123,0.820102,19.506032,0.157015,preds.pt#262
1BA091,0072,BridgeRefine-L1-seed123,123,0.820735,19.694934,0.151338,preds.pt#263
1BA091,0073,BridgeRefine-L1-seed123,123,0.822859,19.820012,0.159461,preds.pt#264
1BA091,0074,BridgeRefine-L1-seed123,123,0.831350,19.902605,0.150037,preds.pt#265
1BA091,0075,BridgeRefine-L1-seed123,123,0.821426,19.852626,0.150910,preds.pt#266
1BA091,0076,BridgeRefine-L1-seed123,123,0.822440,19.658736,0.159860,preds.pt#267
1BA091,0077,BridgeRefine-L1-seed123,123,0.822634,19.664620,0.158869,preds.pt#268
1BA091,0078,BridgeRefine-L1-seed123,123,0.810649,19.250750,0.162410,preds.pt#269
1BA091,0079,BridgeRefine-L1-seed123,123,0.812642,19.383551,0.155092,preds.pt#270
1BA091,0080,BridgeRefine-L1-seed123,123,0.815610,19.259538,0.149353,preds.pt#271
1BA091,0081,BridgeRefine-L1-seed123,123,0.822461,19.271219,0.158610,preds.pt#272
1BA091,0082,BridgeRefine-L1-seed123,123,0.810732,19.054252,0.171149,preds.pt#273
1BA091,0083,BridgeRefine-L1-seed123,123,0.812774,19.429046,0.159718,preds.pt#274
1BA091,0084,BridgeRefine-L1-seed123,123,0.806030,19.342146,0.156475,preds.pt#275
1BA091,0085,BridgeRefine-L1-seed123,123,0.793795,18.834524,0.167716,preds.pt#276
1BA091,0086,BridgeRefine-L1-seed123,123,0.791780,18.964313,0.164321,preds.pt#277
1BA091,0087,BridgeRefine-L1-seed123,123,0.792938,19.036590,0.163083,preds.pt#278
1BA091,0088,BridgeRefine-L1-seed123,123,0.796587,18.906772,0.170431,preds.pt#279
1BA091,0089,BridgeRefine-L1-seed123,123,0.811553,19.524839,0.138468,preds.pt#280
1BA091,0090,BridgeRefine-L1-seed123,123,0.792355,18.874030,0.144373,preds.pt#281
1BA091,0091,BridgeRefine-L1-seed123,123,0.820335,19.920049,0.127684,preds.pt#282
1BA091,0092,BridgeRefine-L1-seed123,123,0.819396,19.658273,0.149996,preds.pt#283
1BA091,0093,BridgeRefine-L1-seed123,123,0.810479,19.663362,0.149673,preds.pt#284
1BA091,0094,BridgeRefine-L1-seed123,123,0.815932,19.685512,0.134243,preds.pt#285
1BA091,0095,BridgeRefine-L1-seed123,123,0.804609,19.528730,0.131721,preds.pt#286
1BA091,0096,BridgeRefine-L1-seed123,123,0.807971,19.620915,0.118284,preds.pt#287
1BA091,0097,BridgeRefine-L1-seed123,123,0.809223,19.588765,0.118029,preds.pt#288
1BA091,0098,BridgeRefine-L1-seed123,123,0.814848,19.890478,0.123969,preds.pt#289
1BA091,0099,BridgeRefine-L1-seed123,123,0.812147,19.370305,0.115853,preds.pt#290
1BA091,0100,BridgeRefine-L1-seed123,123,0.816257,19.380343,0.115161,preds.pt#291
1BA091,0101,BridgeRefine-L1-seed123,123,0.793926,18.991366,0.117043,preds.pt#292
1BA091,0102,BridgeRefine-L1-seed123,123,0.812957,19.362904,0.124862,preds.pt#293
1BA091,0103,BridgeRefine-L1-seed123,123,0.812967,19.119120,0.126955,preds.pt#294
1BA091,0104,BridgeRefine-L1-seed123,123,0.822018,19.192640,0.144790,preds.pt#295
1BA091,0105,BridgeRefine-L1-seed123,123,0.832300,19.620549,0.133396,preds.pt#296
1BA091,0106,BridgeRefine-L1-seed123,123,0.838769,19.640836,0.134830,preds.pt#297
1BA091,0107,BridgeRefine-L1-seed123,123,0.837255,19.509046,0.143994,preds.pt#298
1BA091,0108,BridgeRefine-L1-seed123,123,0.852169,19.905887,0.146060,preds.pt#299
1BA091,0109,BridgeRefine-L1-seed123,123,0.859993,20.166217,0.117796,preds.pt#300
1BA091,0110,BridgeRefine-L1-seed123,123,0.865411,20.631142,0.121562,preds.pt#301
1BA091,0111,BridgeRefine-L1-seed123,123,0.863585,20.437756,0.118306,preds.pt#302
1BA091,0112,BridgeRefine-L1-seed123,123,0.867609,20.517137,0.098790,preds.pt#303
1BA091,0113,BridgeRefine-L1-seed123,123,0.864034,20.424597,0.103969,preds.pt#304
1BA091,0114,BridgeRefine-L1-seed123,123,0.868629,20.498638,0.109797,preds.pt#305
1BA091,0115,BridgeRefine-L1-seed123,123,0.873092,20.527394,0.102018,preds.pt#306
1BA091,0116,BridgeRefine-L1-seed123,123,0.869593,20.259718,0.104447,preds.pt#307
1BA091,0117,BridgeRefine-L1-seed123,123,0.871927,20.403404,0.099417,preds.pt#308
1BA091,0118,BridgeRefine-L1-seed123,123,0.873731,20.487035,0.097579,preds.pt#309
1BA091,0119,BridgeRefine-L1-seed123,123,0.872346,20.512236,0.093179,preds.pt#310
1BA091,0120,BridgeRefine-L1-seed123,123,0.881204,21.252941,0.095934,preds.pt#311
1BA091,0121,BridgeRefine-L1-seed123,123,0.881560,21.272704,0.087470,preds.pt#312
1BA091,0122,BridgeRefine-L1-seed123,123,0.882707,21.264303,0.085032,preds.pt#313
1BA091,0123,BridgeRefine-L1-seed123,123,0.885020,21.185264,0.082735,preds.pt#314
1BA091,0124,BridgeRefine-L1-seed123,123,0.881827,20.642610,0.086844,preds.pt#315
1BA091,0125,BridgeRefine-L1-seed123,123,0.881287,20.927090,0.082858,preds.pt#316
1BA091,0126,BridgeRefine-L1-seed123,123,0.873694,20.726813,0.086185,preds.pt#317
1BA091,0127,BridgeRefine-L1-seed123,123,0.872826,20.643583,0.086820,preds.pt#318
1BA091,0128,BridgeRefine-L1-seed123,123,0.881167,20.957995,0.075262,preds.pt#319
1BA091,0129,BridgeRefine-L1-seed123,123,0.885982,21.119959,0.069595,preds.pt#320
1BA091,0130,BridgeRefine-L1-seed123,123,0.884119,20.859817,0.067310,preds.pt#321
1BA091,0131,BridgeRefine-L1-seed123,123,0.887119,20.843785,0.072074,preds.pt#322
1BA091,0132,BridgeRefine-L1-seed123,123,0.896507,21.233008,0.073733,preds.pt#323
1BA091,0133,BridgeRefine-L1-seed123,123,0.899962,21.128987,0.067407,preds.pt#324
1BA091,0134,BridgeRefine-L1-seed123,123,0.907557,21.440445,0.065856,preds.pt#325
1BA091,0135,BridgeRefine-L1-seed123,123,0.909244,21.494063,0.068015,preds.pt#326
1BA091,0136,BridgeRefine-L1-seed123,123,0.907018,21.495563,0.064462,preds.pt#327
1BA091,0137,BridgeRefine-L1-seed123,123,0.907518,21.827716,0.060029,preds.pt#328
1BA091,0138,BridgeRefine-L1-seed123,123,0.906105,21.788921,0.055559,preds.pt#329
1BA091,0139,BridgeRefine-L1-seed123,123,0.908182,21.926194,0.067019,preds.pt#330
1BA091,0140,BridgeRefine-L1-seed123,123,0.903229,21.889344,0.068274,preds.pt#331
1BA091,0141,BridgeRefine-L1-seed123,123,0.893124,21.635338,0.081209,preds.pt#332
1BA091,0142,BridgeRefine-L1-seed123,123,0.897551,21.975331,0.084925,preds.pt#333
1BA091,0143,BridgeRefine-L1-seed123,123,0.905044,22.670131,0.081560,preds.pt#334
1BA091,0144,BridgeRefine-L1-seed123,123,0.903834,22.647805,0.087922,preds.pt#335
1BA091,0145,BridgeRefine-L1-seed123,123,0.907273,23.253805,0.074655,preds.pt#336
1BA091,0146,BridgeRefine-L1-seed123,123,0.907480,23.461536,0.075726,preds.pt#337
1BA091,0147,BridgeRefine-L1-seed123,123,0.903211,22.960895,0.073455,preds.pt#338
1BA091,0148,BridgeRefine-L1-seed123,123,0.901963,22.614661,0.073093,preds.pt#339
1BA091,0149,BridgeRefine-L1-seed123,123,0.908315,22.704012,0.068748,preds.pt#340
1BA091,0150,BridgeRefine-L1-seed123,123,0.918586,23.244007,0.067021,preds.pt#341
1BA091,0151,BridgeRefine-L1-seed123,123,0.920239,23.050158,0.064068,preds.pt#342
1BA091,0152,BridgeRefine-L1-seed123,123,0.835812,21.432184,0.049431,preds.pt#343
1BA091,0153,BridgeRefine-L1-seed123,123,0.915376,23.124160,0.058920,preds.pt#344
1BA091,0154,BridgeRefine-L1-seed123,123,0.828324,21.087781,0.053576,preds.pt#345
1BA091,0155,BridgeRefine-L1-seed123,123,0.791676,19.923953,0.065752,preds.pt#346
1BA091,0156,BridgeRefine-L1-seed123,123,0.802663,20.493845,0.056245,preds.pt#347
1BA091,0157,BridgeRefine-L1-seed123,123,0.785243,19.919198,0.064948,preds.pt#348
1BA091,0158,BridgeRefine-L1-seed123,123,0.803802,20.205274,0.059575,preds.pt#349
1BA091,0159,BridgeRefine-L1-seed123,123,0.905884,22.791077,0.061549,preds.pt#350
1BA091,0160,BridgeRefine-L1-seed123,123,0.801143,19.997715,0.062244,preds.pt#351
1BA091,0161,BridgeRefine-L1-seed123,123,0.910286,23.129117,0.041817,preds.pt#352
1BA091,0162,BridgeRefine-L1-seed123,123,0.799314,20.203348,0.049770,preds.pt#353
1BA091,0163,BridgeRefine-L1-seed123,123,0.814206,20.319845,0.044167,preds.pt#354
1BA091,0164,BridgeRefine-L1-seed123,123,0.824321,20.816199,0.041294,preds.pt#355
1BA091,0165,BridgeRefine-L1-seed123,123,0.826682,20.255127,0.052127,preds.pt#356
1BA091,0166,BridgeRefine-L1-seed123,123,0.821325,20.220490,0.047174,preds.pt#357
1BA091,0167,BridgeRefine-L1-seed123,123,0.836358,20.819879,0.046831,preds.pt#358
1BA091,0168,BridgeRefine-L1-seed123,123,0.821767,19.933134,0.060249,preds.pt#359
1BA091,0169,BridgeRefine-L1-seed123,123,0.947367,23.942710,0.038457,preds.pt#360
1BA091,0170,BridgeRefine-L1-seed123,123,0.834362,20.584984,0.048097,preds.pt#361
1BA091,0171,BridgeRefine-L1-seed123,123,0.838555,20.493273,0.048861,preds.pt#362
1BA091,0172,BridgeRefine-L1-seed123,123,0.904129,22.048858,0.034685,preds.pt#363
1BA091,0173,BridgeRefine-L1-seed123,123,0.824330,20.083227,0.039813,preds.pt#364
1BA091,0174,BridgeRefine-L1-seed123,123,0.813850,19.623674,0.042479,preds.pt#365
1BA091,0175,BridgeRefine-L1-seed123,123,0.826788,20.523419,0.050579,preds.pt#366
1BA091,0176,BridgeRefine-L1-seed123,123,0.867474,20.719213,0.048233,preds.pt#367
1BA091,0177,BridgeRefine-L1-seed123,123,0.952390,24.761961,0.028214,preds.pt#368
1BA091,0178,BridgeRefine-L1-seed123,123,0.948530,24.451206,0.027682,preds.pt#369
1BA091,0179,BridgeRefine-L1-seed123,123,0.941727,23.801789,0.028856,preds.pt#370
1BA091,0180,BridgeRefine-L1-seed123,123,0.954373,24.720542,0.021491,preds.pt#371
1BA091,0181,BridgeRefine-L1-seed123,123,0.912391,22.914416,0.032549,preds.pt#372
1BA091,0182,BridgeRefine-L1-seed123,123,0.950081,24.506821,0.025051,preds.pt#373
1BA091,0183,BridgeRefine-L1-seed123,123,0.953731,24.879920,0.030078,preds.pt#374
1BA091,0184,BridgeRefine-L1-seed123,123,0.925781,22.925636,0.030822,preds.pt#375
1BA091,0185,BridgeRefine-L1-seed123,123,0.947480,24.404174,0.026311,preds.pt#376
1BA091,0186,BridgeRefine-L1-seed123,123,0.940386,23.698711,0.030159,preds.pt#377
1BA091,0187,BridgeRefine-L1-seed123,123,0.937763,23.514781,0.029534,preds.pt#378
1BA091,0188,BridgeRefine-L1-seed123,123,0.937753,23.393631,0.037098,preds.pt#379
1BA091,0189,BridgeRefine-L1-seed123,123,0.930124,23.129840,0.043491,preds.pt#380
1BA091,0190,BridgeRefine-L1-seed123,123,0.925140,22.532656,0.056948,preds.pt#381
1BA091,0191,BridgeRefine-L1-seed123,123,0.911742,21.536609,0.073873,preds.pt#382
1BA091,0192,BridgeRefine-L1-seed123,123,0.917387,22.055302,0.062070,preds.pt#383
1BA091,0193,BridgeRefine-L1-seed123,123,0.874900,20.286002,0.086468,preds.pt#384
1BA091,0194,BridgeRefine-L1-seed123,123,0.885603,20.650226,0.092776,preds.pt#385
1BA091,0195,BridgeRefine-L1-seed123,123,0.898105,21.338340,0.098218,preds.pt#386
1BA091,0196,BridgeRefine-L1-seed123,123,0.913280,22.049528,0.081526,preds.pt#387
1BA091,0197,BridgeRefine-L1-seed123,123,0.918735,22.046045,0.114088,preds.pt#388
1BA091,0198,BridgeRefine-L1-seed123,123,0.916240,21.875147,0.132060,preds.pt#389
1BA091,0199,BridgeRefine-L1-seed123,123,0.910275,22.065504,0.141798,preds.pt#390
1BA091,0200,BridgeRefine-L1-seed123,123,0.929258,23.546328,0.091056,preds.pt#391
1BA091,0201,BridgeRefine-L1-seed123,123,0.934473,25.225894,0.075284,preds.pt#392
1BA091,0202,BridgeRefine-L1-seed123,123,0.949742,26.888002,0.066221,preds.pt#393
1BA091,0203,BridgeRefine-L1-seed123,123,0.956193,29.057183,0.056854,preds.pt#394
1BA091,0204,BridgeRefine-L1-seed123,123,0.951222,28.902121,0.075458,preds.pt#395
1BA091,0205,BridgeRefine-L1-seed123,123,0.958639,32.675365,0.065223,preds.pt#396
1BA091,0206,BridgeRefine-L1-seed123,123,0.950184,30.053859,0.071185,preds.pt#397
1BA091,0207,BridgeRefine-L1-seed123,123,0.934702,26.855440,0.097848,preds.pt#398
1BA100,0000,BridgeRefine-L1-seed123,123,0.944843,26.654198,0.202645,preds.pt#399
1BA100,0001,BridgeRefine-L1-seed123,123,0.970152,30.594196,0.126799,preds.pt#400
1BA100,0002,BridgeRefine-L1-seed123,123,0.941885,23.931466,0.167783,preds.pt#401
1BA100,0003,BridgeRefine-L1-seed123,123,0.938583,23.405775,0.151585,preds.pt#402
1BA100,0004,BridgeRefine-L1-seed123,123,0.930289,23.182561,0.158073,preds.pt#403
1BA100,0005,BridgeRefine-L1-seed123,123,0.922318,22.343562,0.150548,preds.pt#404
1BA100,0006,BridgeRefine-L1-seed123,123,0.926306,23.217302,0.138473,preds.pt#405
1BA100,0007,BridgeRefine-L1-seed123,123,0.934145,23.627315,0.141349,preds.pt#406
1BA100,0008,BridgeRefine-L1-seed123,123,0.944306,24.431374,0.123595,preds.pt#407
1BA100,0009,BridgeRefine-L1-seed123,123,0.940061,23.932756,0.109144,preds.pt#408
1BA100,0010,BridgeRefine-L1-seed123,123,0.927527,22.628751,0.105784,preds.pt#409
1BA100,0011,BridgeRefine-L1-seed123,123,0.936051,23.529709,0.090263,preds.pt#410
1BA100,0012,BridgeRefine-L1-seed123,123,0.924583,22.332777,0.105156,preds.pt#411
1BA100,0013,BridgeRefine-L1-seed123,123,0.931777,23.142858,0.106338,preds.pt#412
1BA100,0014,BridgeRefine-L1-seed123,123,0.932124,23.146125,0.105933,preds.pt#413
1BA100,0015,BridgeRefine-L1-seed123,123,0.922751,22.554550,0.120325,preds.pt#414
1BA100,0016,BridgeRefine-L1-seed123,123,0.918401,21.628468,0.125598,preds.pt#415
1BA100,0017,BridgeRefine-L1-seed123,123,0.914528,21.520782,0.150601,preds.pt#416
1BA100,0018,BridgeRefine-L1-seed123,123,0.905156,20.684002,0.178686,preds.pt#417
1BA100,0019,BridgeRefine-L1-seed123,123,0.912863,21.161850,0.173186,preds.pt#418
1BA100,0020,BridgeRefine-L1-seed123,123,0.903301,20.382446,0.174713,preds.pt#419
1BA100,0021,BridgeRefine-L1-seed123,123,0.904334,20.713792,0.172736,preds.pt#420
1BA100,0022,BridgeRefine-L1-seed123,123,0.893748,20.280919,0.174971,preds.pt#421
1BA100,0023,BridgeRefine-L1-seed123,123,0.894041,20.360429,0.166645,preds.pt#422
1BA100,0024,BridgeRefine-L1-seed123,123,0.906445,20.886576,0.147768,preds.pt#423
1BA100,0025,BridgeRefine-L1-seed123,123,0.905760,21.141459,0.156151,preds.pt#424
1BA100,0026,BridgeRefine-L1-seed123,123,0.901935,21.322601,0.164534,preds.pt#425
1BA100,0027,BridgeRefine-L1-seed123,123,0.901721,21.429192,0.165680,preds.pt#426
1BA100,0028,BridgeRefine-L1-seed123,123,0.903118,21.313062,0.149750,preds.pt#427
1BA100,0029,BridgeRefine-L1-seed123,123,0.887706,21.510702,0.167488,preds.pt#428
1BA100,0030,BridgeRefine-L1-seed123,123,0.892223,21.390203,0.148237,preds.pt#429
1BA100,0031,BridgeRefine-L1-seed123,123,0.893132,21.287678,0.145157,preds.pt#430
1BA100,0032,BridgeRefine-L1-seed123,123,0.884556,21.291242,0.177782,preds.pt#431
1BA100,0033,BridgeRefine-L1-seed123,123,0.869934,21.033155,0.177176,preds.pt#432
1BA100,0034,BridgeRefine-L1-seed123,123,0.857605,20.717772,0.171491,preds.pt#433
1BA100,0035,BridgeRefine-L1-seed123,123,0.866940,20.082347,0.175956,preds.pt#434
1BA100,0036,BridgeRefine-L1-seed123,123,0.859936,19.867826,0.197289,preds.pt#435
1BA100,0037,BridgeRefine-L1-seed123,123,0.850501,19.326649,0.198603,preds.pt#436
1BA100,0038,BridgeRefine-L1-seed123,123,0.850654,19.693701,0.190644,preds.pt#437
1BA100,0039,BridgeRefine-L1-seed123,123,0.861955,20.221487,0.161319,preds.pt#438
1BA100,0040,BridgeRefine-L1-seed123,123,0.851174,20.098823,0.165626,preds.pt#439
1BA100,0041,BridgeRefine-L1-seed123,123,0.847499,20.184480,0.157384,preds.pt#440
1BA100,0042,BridgeRefine-L1-seed123,123,0.858691,19.959458,0.160164,preds.pt#441
1BA100,0043,BridgeRefine-L1-seed123,123,0.857604,19.531761,0.163579,preds.pt#442
1BA100,0044,BridgeRefine-L1-seed123,123,0.868497,20.174634,0.147252,preds.pt#443
1BA100,0045,BridgeRefine-L1-seed123,123,0.835984,19.730361,0.154746,preds.pt#444
1BA100,0046,BridgeRefine-L1-seed123,123,0.837564,19.765962,0.144305,preds.pt#445
1BA100,0047,BridgeRefine-L1-seed123,123,0.808392,19.511326,0.146813,preds.pt#446
1BA100,0048,BridgeRefine-L1-seed123,123,0.817665,19.281753,0.148523,preds.pt#447
1BA100,0049,BridgeRefine-L1-seed123,123,0.835279,19.233241,0.163061,preds.pt#448
1BA100,0050,BridgeRefine-L1-seed123,123,0.843898,19.421115,0.172348,preds.pt#449
1BA100,0051,BridgeRefine-L1-seed123,123,0.848065,19.644252,0.162795,preds.pt#450
1BA100,0052,BridgeRefine-L1-seed123,123,0.846566,19.870268,0.163547,preds.pt#451
1BA100,0053,BridgeRefine-L1-seed123,123,0.848477,19.795124,0.167505,preds.pt#452
1BA100,0054,BridgeRefine-L1-seed123,123,0.848097,19.504975,0.181088,preds.pt#453
1BA100,0055,BridgeRefine-L1-seed123,123,0.841718,19.133361,0.167291,preds.pt#454
1BA100,0056,BridgeRefine-L1-seed123,123,0.835794,19.128862,0.143892,preds.pt#455
1BA100,0057,BridgeRefine-L1-seed123,123,0.828973,18.853365,0.130771,preds.pt#456
1BA100,0058,BridgeRefine-L1-seed123,123,0.834622,18.934694,0.147154,preds.pt#457
1BA100,0059,BridgeRefine-L1-seed123,123,0.834189,19.077737,0.146230,preds.pt#458
1BA100,0060,BridgeRefine-L1-seed123,123,0.821181,18.570312,0.156467,preds.pt#459
1BA100,0061,BridgeRefine-L1-seed123,123,0.805373,18.116646,0.164988,preds.pt#460
1BA100,0062,BridgeRefine-L1-seed123,123,0.809176,18.401610,0.161215,preds.pt#461
1BA100,0063,BridgeRefine-L1-seed123,123,0.792905,17.804093,0.169145,preds.pt#462
1BA100,0064,BridgeRefine-L1-seed123,123,0.783187,17.618342,0.175812,preds.pt#463
1BA100,0065,BridgeRefine-L1-seed123,123,0.767807,17.392997,0.187830,preds.pt#464
1BA100,0066,BridgeRefine-L1-seed123,123,0.730908,16.502719,0.202544,preds.pt#465
1BA100,0067,BridgeRefine-L1-seed123,123,0.765879,17.302080,0.197804,preds.pt#466
1BA100,0068,BridgeRefine-L1-seed123,123,0.765119,17.260169,0.190943,preds.pt#467
1BA100,0069,BridgeRefine-L1-seed123,123,0.718708,15.673136,0.215588,preds.pt#468
1BA100,0070,BridgeRefine-L1-seed123,123,0.738617,16.348927,0.199457,preds.pt#469
1BA100,0071,BridgeRefine-L1-seed123,123,0.717459,16.195871,0.183462,preds.pt#470
1BA100,0072,BridgeRefine-L1-seed123,123,0.739712,16.944537,0.184944,preds.pt#471
1BA100,0073,BridgeRefine-L1-seed123,123,0.732426,16.839601,0.172603,preds.pt#472
1BA100,0074,BridgeRefine-L1-seed123,123,0.739833,16.941816,0.158509,preds.pt#473
1BA100,0075,BridgeRefine-L1-seed123,123,0.753022,17.223975,0.160174,preds.pt#474
1BA100,0076,BridgeRefine-L1-seed123,123,0.762569,17.841192,0.141910,preds.pt#475
1BA100,0077,BridgeRefine-L1-seed123,123,0.784399,18.150672,0.149482,preds.pt#476
1BA100,0078,BridgeRefine-L1-seed123,123,0.776263,17.849618,0.141129,preds.pt#477
1BA100,0079,BridgeRefine-L1-seed123,123,0.792466,18.267652,0.128678,preds.pt#478
1BA100,0080,BridgeRefine-L1-seed123,123,0.813592,18.694720,0.126399,preds.pt#479
1BA100,0081,BridgeRefine-L1-seed123,123,0.827381,19.157802,0.110666,preds.pt#480
1BA100,0082,BridgeRefine-L1-seed123,123,0.826493,19.134253,0.103853,preds.pt#481
1BA100,0083,BridgeRefine-L1-seed123,123,0.820775,18.740177,0.123165,preds.pt#482
1BA100,0084,BridgeRefine-L1-seed123,123,0.800863,18.163739,0.142245,preds.pt#483
1BA100,0085,BridgeRefine-L1-seed123,123,0.826733,18.941341,0.120265,preds.pt#484
1BA100,0086,BridgeRefine-L1-seed123,123,0.828101,18.965407,0.118804,preds.pt#485
1BA100,0087,BridgeRefine-L1-seed123,123,0.838184,19.425720,0.125673,preds.pt#486
1BA100,0088,BridgeRefine-L1-seed123,123,0.830308,18.921589,0.125359,preds.pt#487
1BA100,0089,BridgeRefine-L1-seed123,123,0.847980,19.159963,0.097205,preds.pt#488
1BA100,0090,BridgeRefine-L1-seed123,123,0.838368,18.728718,0.107361,preds.pt#489
1BA100,0091,BridgeRefine-L1-seed123,123,0.832938,18.543173,0.115416,preds.pt#490
1BA100,0092,BridgeRefine-L1-seed123,123,0.834888,18.923054,0.104424,preds.pt#491
1BA100,0093,BridgeRefine-L1-seed123,123,0.837645,19.020415,0.104385,preds.pt#492
1BA100,0094,BridgeRefine-L1-seed123,123,0.846913,19.201684,0.092221,preds.pt#493
1BA100,0095,BridgeRefine-L1-seed123,123,0.838859,18.895855,0.104469,preds.pt#494
1BA100,0096,BridgeRefine-L1-seed123,123,0.837093,18.844685,0.098743,preds.pt#495
1BA100,0097,BridgeRefine-L1-seed123,123,0.838656,18.945697,0.106763,preds.pt#496
1BA100,0098,BridgeRefine-L1-seed123,123,0.854437,19.600177,0.095300,preds.pt#497
1BA100,0099,BridgeRefine-L1-seed123,123,0.848566,19.309509,0.092809,preds.pt#498
1BA100,0100,BridgeRefine-L1-seed123,123,0.856091,19.323290,0.098517,preds.pt#499
1BA100,0101,BridgeRefine-L1-seed123,123,0.849231,19.222467,0.094703,preds.pt#500
1BA100,0102,BridgeRefine-L1-seed123,123,0.855837,19.483941,0.092820,preds.pt#501
1BA100,0103,BridgeRefine-L1-seed123,123,0.850239,19.607120,0.096145,preds.pt#502
1BA100,0104,BridgeRefine-L1-seed123,123,0.867427,20.067610,0.094466,preds.pt#503
1BA100,0105,BridgeRefine-L1-seed123,123,0.880482,20.693238,0.077449,preds.pt#504
1BA100,0106,BridgeRefine-L1-seed123,123,0.884155,20.658271,0.081861,preds.pt#505
1BA100,0107,BridgeRefine-L1-seed123,123,0.887065,20.595180,0.076788,preds.pt#506
1BA100,0108,BridgeRefine-L1-seed123,123,0.874343,20.087702,0.085119,preds.pt#507
1BA100,0109,BridgeRefine-L1-seed123,123,0.879077,20.124541,0.082789,preds.pt#508
1BA100,0110,BridgeRefine-L1-seed123,123,0.874485,19.875086,0.080083,preds.pt#509
1BA100,0111,BridgeRefine-L1-seed123,123,0.861183,19.325388,0.091641,preds.pt#510
1BA100,0112,BridgeRefine-L1-seed123,123,0.885370,20.517435,0.082879,preds.pt#511
1BA100,0113,BridgeRefine-L1-seed123,123,0.860904,18.787103,0.085056,preds.pt#512
1BA100,0114,BridgeRefine-L1-seed123,123,0.883974,20.350413,0.062106,preds.pt#513
1BA100,0115,BridgeRefine-L1-seed123,123,0.884493,20.296417,0.066214,preds.pt#514
1BA100,0116,BridgeRefine-L1-seed123,123,0.877259,20.205335,0.071540,preds.pt#515
1BA100,0117,BridgeRefine-L1-seed123,123,0.877218,20.273394,0.079709,preds.pt#516
1BA100,0118,BridgeRefine-L1-seed123,123,0.869893,19.953594,0.074465,preds.pt#517
1BA100,0119,BridgeRefine-L1-seed123,123,0.861787,19.709433,0.072516,preds.pt#518
1BA100,0120,BridgeRefine-L1-seed123,123,0.850098,19.220479,0.072736,preds.pt#519
1BA100,0121,BridgeRefine-L1-seed123,123,0.858110,19.460028,0.074152,preds.pt#520
1BA100,0122,BridgeRefine-L1-seed123,123,0.861024,19.697299,0.071761,preds.pt#521
1BA100,0123,BridgeRefine-L1-seed123,123,0.867254,19.847781,0.078763,preds.pt#522
1BA100,0124,BridgeRefine-L1-seed123,123,0.866324,19.617329,0.079387,preds.pt#523
1BA100,0125,BridgeRefine-L1-seed123,123,0.861518,19.638354,0.073556,preds.pt#524
1BA100,0126,BridgeRefine-L1-seed123,123,0.854119,18.966969,0.082703,preds.pt#525
1BA100,0127,BridgeRefine-L1-seed123,123,0.853736,18.750326,0.078856,preds.pt#526
1BA100,0128,BridgeRefine-L1-seed123,123,0.857833,19.065175,0.067631,preds.pt#527
1BA100,0129,BridgeRefine-L1-seed123,123,0.861217,19.259797,0.069427,preds.pt#528
1BA100,0130,BridgeRefine-L1-seed123,123,0.859863,19.508313,0.072378,preds.pt#529
1BA100,0131,BridgeRefine-L1-seed123,123,0.853672,19.229791,0.083252,preds.pt#530
1BA100,0132,BridgeRefine-L1-seed123,123,0.852429,19.156799,0.085547,preds.pt#531
1BA100,0133,BridgeRefine-L1-seed123,123,0.852316,18.828951,0.107312,preds.pt#532
1BA100,0134,BridgeRefine-L1-seed123,123,0.845146,18.557308,0.103607,preds.pt#533
1BA100,0135,BridgeRefine-L1-seed123,123,0.846313,18.794251,0.094053,preds.pt#534
1BA100,0136,BridgeRefine-L1-seed123,123,0.843919,18.635820,0.095705,preds.pt#535
1BA100,0137,BridgeRefine-L1-seed123,123,0.853717,18.975094,0.093834,preds.pt#536
1BA100,0138,BridgeRefine-L1-seed123,123,0.865097,19.524965,0.086997,preds.pt#537
1BA100,0139,BridgeRefine-L1-seed123,123,0.867393,19.391151,0.084786,preds.pt#538
1BA100,0140,BridgeRefine-L1-seed123,123,0.862972,19.178518,0.079244,preds.pt#539
1BA100,0141,BridgeRefine-L1-seed123,123,0.872357,19.550340,0.089085,preds.pt#540
1BA100,0142,BridgeRefine-L1-seed123,123,0.862393,19.125536,0.103936,preds.pt#541
1BA100,0143,BridgeRefine-L1-seed123,123,0.858359,18.762569,0.095951,preds.pt#542
1BA100,0144,BridgeRefine-L1-seed123,123,0.857435,18.485808,0.088981,preds.pt#543
1BA100,0145,BridgeRefine-L1-seed123,123,0.862919,18.736577,0.079285,preds.pt#544
1BA100,0146,BridgeRefine-L1-seed123,123,0.857687,18.460198,0.072790,preds.pt#545
1BA100,0147,BridgeRefine-L1-seed123,123,0.861611,18.625990,0.069658,preds.pt#546
1BA100,0148,BridgeRefine-L1-seed123,123,0.844894,17.981370,0.080876,preds.pt#547
1BA100,0149,BridgeRefine-L1-seed123,123,0.851712,18.228799,0.079363,preds.pt#548
1BA100,0150,BridgeRefine-L1-seed123,123,0.843510,17.794999,0.088160,preds.pt#549
1BA100,0151,BridgeRefine-L1-seed123,123,0.858234,18.463152,0.091527,preds.pt#550
1BA100,0152,BridgeRefine-L1-seed123,123,0.870021,18.973136,0.075513,preds.pt#551
1BA100,0153,BridgeRefine-L1-seed123,123,0.876082,18.911321,0.079023,preds.pt#552
1BA100,0154,BridgeRefine-L1-seed123,123,0.877733,18.970232,0.073699,preds.pt#553
1BA100,0155,BridgeRefine-L1-seed123,123,0.879385,19.165739,0.077145,preds.pt#554
1BA100,0156,BridgeRefine-L1-seed123,123,0.876060,18.848096,0.071332,preds.pt#555
1BA100,0157,BridgeRefine-L1-seed123,123,0.868368,18.449412,0.069273,preds.pt#556
1BA100,0158,BridgeRefine-L1-seed123,123,0.872208,18.488350,0.074479,preds.pt#557
1BA100,0159,BridgeRefine-L1-seed123,123,0.877689,18.721371,0.078869,preds.pt#558
1BA100,0160,BridgeRefine-L1-seed123,123,0.885543,18.878070,0.087739,preds.pt#559
1BA100,0161,BridgeRefine-L1-seed123,123,0.888827,19.166749,0.084590,preds.pt#560
1BA100,0162,BridgeRefine-L1-seed123,123,0.890388,18.930246,0.077911,preds.pt#561
1BA100,0163,BridgeRefine-L1-seed123,123,0.901036,19.344872,0.080032,preds.pt#562
1BA100,0164,BridgeRefine-L1-seed123,123,0.901964,19.817381,0.097766,preds.pt#563
1BA100,0165,BridgeRefine-L1-seed123,123,0.894046,18.904166,0.093799,preds.pt#564
1BA100,0166,BridgeRefine-L1-seed123,123,0.894537,19.397154,0.102279,preds.pt#565
1BA100,0167,BridgeRefine-L1-seed123,123,0.887196,19.223883,0.092391,preds.pt#566
1BA100,0168,BridgeRefine-L1-seed123,123,0.871023,18.692561,0.112034,preds.pt#567
1BA100,0169,BridgeRefine-L1-seed123,123,0.872785,18.415039,0.111005,preds.pt#568
1BA100,0170,BridgeRefine-L1-seed123,123,0.878533,18.427772,0.103541,preds.pt#569
1BA100,0171,BridgeRefine-L1-seed123,123,0.860525,17.959135,0.102450,preds.pt#570
1BA100,0172,BridgeRefine-L1-seed123,123,0.884288,18.553768,0.102864,preds.pt#571
1BA100,0173,BridgeRefine-L1-seed123,123,0.889194,19.065152,0.094888,preds.pt#572
1BA100,0174,BridgeRefine-L1-seed123,123,0.899069,19.676729,0.120376,preds.pt#573
1BA100,0175,BridgeRefine-L1-seed123,123,0.912902,20.277567,0.106308,preds.pt#574
1BA100,0176,BridgeRefine-L1-seed123,123,0.930953,20.971986,0.081808,preds.pt#575
1BA100,0177,BridgeRefine-L1-seed123,123,0.929918,20.738613,0.091073,preds.pt#576
1BA100,0178,BridgeRefine-L1-seed123,123,0.938571,21.230703,0.094416,preds.pt#577
1BA100,0179,BridgeRefine-L1-seed123,123,0.940345,21.677762,0.089771,preds.pt#578
1BA100,0180,BridgeRefine-L1-seed123,123,0.941391,22.589581,0.073707,preds.pt#579
1BA100,0181,BridgeRefine-L1-seed123,123,0.950292,24.382431,0.072111,preds.pt#580
1BA100,0182,BridgeRefine-L1-seed123,123,0.947854,24.195866,0.071852,preds.pt#581
1BA100,0183,BridgeRefine-L1-seed123,123,0.941197,24.568169,0.096763,preds.pt#582
1BA100,0184,BridgeRefine-L1-seed123,123,0.949022,29.446396,0.111553,preds.pt#583
1BA100,0185,BridgeRefine-L1-seed123,123,0.957379,31.848607,0.097191,preds.pt#584
1BA100,0186,BridgeRefine-L1-seed123,123,0.948732,30.674756,0.079398,preds.pt#585
1BA100,0187,BridgeRefine-L1-seed123,123,0.949817,30.603841,0.067750,preds.pt#586
1BA116,0000,BridgeRefine-L1-seed123,123,0.984732,45.157923,0.080931,preds.pt#587
1BA116,0001,BridgeRefine-L1-seed123,123,0.976049,38.387860,0.093068,preds.pt#588
1BA116,0002,BridgeRefine-L1-seed123,123,0.979437,35.745665,0.172231,preds.pt#589
1BA116,0003,BridgeRefine-L1-seed123,123,0.969500,32.955500,0.125188,preds.pt#590
1BA116,0004,BridgeRefine-L1-seed123,123,0.970447,32.024413,0.168169,preds.pt#591
1BA116,0005,BridgeRefine-L1-seed123,123,0.970722,31.395003,0.135863,preds.pt#592
1BA116,0006,BridgeRefine-L1-seed123,123,0.966676,29.473141,0.160955,preds.pt#593
1BA116,0007,BridgeRefine-L1-seed123,123,0.968980,28.907469,0.127584,preds.pt#594
1BA116,0008,BridgeRefine-L1-seed123,123,0.968841,28.273352,0.122410,preds.pt#595
1BA116,0009,BridgeRefine-L1-seed123,123,0.956800,26.458384,0.152518,preds.pt#596
1BA116,0010,BridgeRefine-L1-seed123,123,0.961100,27.369283,0.124581,preds.pt#597
1BA116,0011,BridgeRefine-L1-seed123,123,0.961379,27.269494,0.150431,preds.pt#598
1BA116,0012,BridgeRefine-L1-seed123,123,0.962466,26.890874,0.145998,preds.pt#599
1BA116,0013,BridgeRefine-L1-seed123,123,0.962874,26.842743,0.153822,preds.pt#600
1BA116,0014,BridgeRefine-L1-seed123,123,0.940638,24.418607,0.151091,preds.pt#601
1BA116,0015,BridgeRefine-L1-seed123,123,0.958825,26.046680,0.138699,preds.pt#602
1BA116,0016,BridgeRefine-L1-seed123,123,0.947340,24.992785,0.138347,preds.pt#603
1BA116,0017,BridgeRefine-L1-seed123,123,0.959713,26.876407,0.136139,preds.pt#604
1BA116,0018,BridgeRefine-L1-seed123,123,0.952188,25.787027,0.163461,preds.pt#605
1BA116,0019,BridgeRefine-L1-seed123,123,0.920182,24.743392,0.164692,preds.pt#606
1BA116,0020,BridgeRefine-L1-seed123,123,0.943350,26.166509,0.151081,preds.pt#607
1BA116,0021,BridgeRefine-L1-seed123,123,0.923346,25.547584,0.165127,preds.pt#608
1BA116,0022,BridgeRefine-L1-seed123,123,0.930959,25.323384,0.155389,preds.pt#609
1BA116,0023,BridgeRefine-L1-seed123,123,0.892606,22.920830,0.192970,preds.pt#610
1BA116,0024,BridgeRefine-L1-seed123,123,0.901119,24.034617,0.192667,preds.pt#611
1BA116,0025,BridgeRefine-L1-seed123,123,0.911148,25.471372,0.181148,preds.pt#612
1BA116,0026,BridgeRefine-L1-seed123,123,0.893378,23.219221,0.195870,preds.pt#613
1BA116,0027,BridgeRefine-L1-seed123,123,0.878044,22.005096,0.197778,preds.pt#614
1BA116,0028,BridgeRefine-L1-seed123,123,0.884761,23.645822,0.202639,preds.pt#615
1BA116,0029,BridgeRefine-L1-seed123,123,0.860347,21.634494,0.202522,preds.pt#616
1BA116,0030,BridgeRefine-L1-seed123,123,0.908327,24.628161,0.148837,preds.pt#617
1BA116,0031,BridgeRefine-L1-seed123,123,0.851276,21.230818,0.173095,preds.pt#618
1BA116,0032,BridgeRefine-L1-seed123,123,0.891641,22.943779,0.152097,preds.pt#619
1BA116,0033,BridgeRefine-L1-seed123,123,0.876370,21.641287,0.170663,preds.pt#620
1BA116,0034,BridgeRefine-L1-seed123,123,0.857056,20.982307,0.179521,preds.pt#621
1BA116,0035,BridgeRefine-L1-seed123,123,0.863647,21.039271,0.173189,preds.pt#622
1BA116,0036,BridgeRefine-L1-seed123,123,0.845456,20.356222,0.174620,preds.pt#623
1BA116,0037,BridgeRefine-L1-seed123,123,0.846031,19.989864,0.177285,preds.pt#624
1BA116,0038,BridgeRefine-L1-seed123,123,0.829048,19.489860,0.185804,preds.pt#625
1BA116,0039,BridgeRefine-L1-seed123,123,0.810791,19.819971,0.185357,preds.pt#626
1BA116,0040,BridgeRefine-L1-seed123,123,0.822591,20.336056,0.206959,preds.pt#627
1BA116,0041,BridgeRefine-L1-seed123,123,0.809325,19.139427,0.200540,preds.pt#628
1BA116,0042,BridgeRefine-L1-seed123,123,0.830006,19.399248,0.203464,preds.pt#629
1BA116,0043,BridgeRefine-L1-seed123,123,0.784764,18.443130,0.219302,preds.pt#630
1BA116,0044,BridgeRefine-L1-seed123,123,0.815624,19.006597,0.203309,preds.pt#631
1BA116,0045,BridgeRefine-L1-seed123,123,0.784754,18.218853,0.218260,preds.pt#632
1BA116,0046,BridgeRefine-L1-seed123,123,0.789877,18.310792,0.195651,preds.pt#633
1BA116,0047,BridgeRefine-L1-seed123,123,0.808120,18.393905,0.194192,preds.pt#634
1BA116,0048,BridgeRefine-L1-seed123,123,0.806928,19.008646,0.201646,preds.pt#635
1BA116,0049,BridgeRefine-L1-seed123,123,0.788806,18.068541,0.216316,preds.pt#636
1BA116,0050,BridgeRefine-L1-seed123,123,0.813892,19.192037,0.196883,preds.pt#637
1BA116,0051,BridgeRefine-L1-seed123,123,0.788704,18.155078,0.195783,preds.pt#638
1BA116,0052,BridgeRefine-L1-seed123,123,0.794055,18.490205,0.204741,preds.pt#639
1BA116,0053,BridgeRefine-L1-seed123,123,0.768751,16.989680,0.209551,preds.pt#640
1BA116,0054,BridgeRefine-L1-seed123,123,0.784352,17.236937,0.197373,preds.pt#641
1BA116,0055,BridgeRefine-L1-seed123,123,0.780207,17.048927,0.201850,preds.pt#642
1BA116,0056,BridgeRefine-L1-seed123,123,0.774529,17.033599,0.206291,preds.pt#643
1BA116,0057,BridgeRefine-L1-seed123,123,0.788094,17.713374,0.171134,preds.pt#644
1BA116,0058,BridgeRefine-L1-seed123,123,0.785806,17.691450,0.177249,preds.pt#645
1BA116,0059,BridgeRefine-L1-seed123,123,0.790427,18.131120,0.155275,preds.pt#646
1BA116,0060,BridgeRefine-L1-seed123,123,0.791757,18.151664,0.157276,preds.pt#647
1BA116,0061,BridgeRefine-L1-seed123,123,0.797198,18.216284,0.155245,preds.pt#648
1BA116,0062,BridgeRefine-L1-seed123,123,0.803323,18.438266,0.138635,preds.pt#649
1BA116,0063,BridgeRefine-L1-seed123,123,0.800577,18.301669,0.139893,preds.pt#650
1BA116,0064,BridgeRefine-L1-seed123,123,0.762915,17.830514,0.155785,preds.pt#651
1BA116,0065,BridgeRefine-L1-seed123,123,0.749230,17.330455,0.158501,preds.pt#652
1BA116,0066,BridgeRefine-L1-seed123,123,0.755891,17.235932,0.160094,preds.pt#653
1BA116,0067,BridgeRefine-L1-seed123,123,0.756070,17.869170,0.143890,preds.pt#654
1BA116,0068,BridgeRefine-L1-seed123,123,0.756346,17.227054,0.163315,preds.pt#655
1BA116,0069,BridgeRefine-L1-seed123,123,0.767776,18.214788,0.163283,preds.pt#656
1BA116,0070,BridgeRefine-L1-seed123,123,0.784249,18.354216,0.154495,preds.pt#657
1BA116,0071,BridgeRefine-L1-seed123,123,0.776935,17.894435,0.166568,preds.pt#658
1BA116,0072,BridgeRefine-L1-seed123,123,0.786042,18.213705,0.186499,preds.pt#659
1BA116,0073,BridgeRefine-L1-seed123,123,0.773253,17.787614,0.159223,preds.pt#660
1BA116,0074,BridgeRefine-L1-seed123,123,0.795133,18.143503,0.153081,preds.pt#661
1BA116,0075,BridgeRefine-L1-seed123,123,0.788170,17.867508,0.158087,preds.pt#662
1BA116,0076,BridgeRefine-L1-seed123,123,0.776528,17.358527,0.182195,preds.pt#663
1BA116,0077,BridgeRefine-L1-seed123,123,0.798007,17.982948,0.168227,preds.pt#664
1BA116,0078,BridgeRefine-L1-seed123,123,0.794732,17.918522,0.159911,preds.pt#665
1BA116,0079,BridgeRefine-L1-seed123,123,0.791510,17.831372,0.167877,preds.pt#666
1BA116,0080,BridgeRefine-L1-seed123,123,0.792680,18.066303,0.161716,preds.pt#667
1BA116,0081,BridgeRefine-L1-seed123,123,0.783282,17.497564,0.164589,preds.pt#668
1BA116,0082,BridgeRefine-L1-seed123,123,0.802589,18.218573,0.148451,preds.pt#669
1BA116,0083,BridgeRefine-L1-seed123,123,0.803068,18.653675,0.146242,preds.pt#670
1BA116,0084,BridgeRefine-L1-seed123,123,0.803124,18.360731,0.140240,preds.pt#671
1BA116,0085,BridgeRefine-L1-seed123,123,0.804790,18.456847,0.136189,preds.pt#672
1BA116,0086,BridgeRefine-L1-seed123,123,0.810750,19.049186,0.135268,preds.pt#673
1BA116,0087,BridgeRefine-L1-seed123,123,0.807158,19.178152,0.145525,preds.pt#674
1BA116,0088,BridgeRefine-L1-seed123,123,0.815182,19.564035,0.143348,preds.pt#675
1BA116,0089,BridgeRefine-L1-seed123,123,0.801187,19.276465,0.151845,preds.pt#676
1BA116,0090,BridgeRefine-L1-seed123,123,0.809985,19.539159,0.134566,preds.pt#677
1BA116,0091,BridgeRefine-L1-seed123,123,0.810120,19.529599,0.138870,preds.pt#678
1BA116,0092,BridgeRefine-L1-seed123,123,0.796799,18.950488,0.159961,preds.pt#679
1BA116,0093,BridgeRefine-L1-seed123,123,0.810839,19.285899,0.153986,preds.pt#680
1BA116,0094,BridgeRefine-L1-seed123,123,0.813558,19.069748,0.153179,preds.pt#681
1BA116,0095,BridgeRefine-L1-seed123,123,0.801689,18.368128,0.147562,preds.pt#682
1BA116,0096,BridgeRefine-L1-seed123,123,0.810459,18.774785,0.128786,preds.pt#683
1BA116,0097,BridgeRefine-L1-seed123,123,0.795670,18.364019,0.152645,preds.pt#684
1BA116,0098,BridgeRefine-L1-seed123,123,0.791582,18.190853,0.139523,preds.pt#685
1BA116,0099,BridgeRefine-L1-seed123,123,0.802886,18.188784,0.119365,preds.pt#686
1BA116,0100,BridgeRefine-L1-seed123,123,0.788080,17.864105,0.123983,preds.pt#687
1BA116,0101,BridgeRefine-L1-seed123,123,0.799556,18.428526,0.113823,preds.pt#688
1BA116,0102,BridgeRefine-L1-seed123,123,0.789830,18.504401,0.109024,preds.pt#689
1BA116,0103,BridgeRefine-L1-seed123,123,0.800810,18.293582,0.111486,preds.pt#690
1BA116,0104,BridgeRefine-L1-seed123,123,0.791020,18.282545,0.111948,preds.pt#691
1BA116,0105,BridgeRefine-L1-seed123,123,0.793643,18.264109,0.125501,preds.pt#692
1BA116,0106,BridgeRefine-L1-seed123,123,0.773213,18.110661,0.125878,preds.pt#693
1BA116,0107,BridgeRefine-L1-seed123,123,0.774217,18.056229,0.109526,preds.pt#694
1BA116,0108,BridgeRefine-L1-seed123,123,0.763913,17.957342,0.108420,preds.pt#695
1BA116,0109,BridgeRefine-L1-seed123,123,0.778679,18.164380,0.126099,preds.pt#696
1BA116,0110,BridgeRefine-L1-seed123,123,0.759027,17.619451,0.129373,preds.pt#697
1BA116,0111,BridgeRefine-L1-seed123,123,0.790871,18.461386,0.113099,preds.pt#698
1BA116,0112,BridgeRefine-L1-seed123,123,0.786176,18.164428,0.102903,preds.pt#699
1BA116,0113,BridgeRefine-L1-seed123,123,0.789158,18.116321,0.126042,preds.pt#700
1BA116,0114,BridgeRefine-L1-seed123,123,0.806998,18.943770,0.108925,preds.pt#701
1BA116,0115,BridgeRefine-L1-seed123,123,0.805419,18.859441,0.110312,preds.pt#702
1BA116,0116,BridgeRefine-L1-seed123,123,0.811548,18.701550,0.110769,preds.pt#703
1BA116,0117,BridgeRefine-L1-seed123,123,0.814921,19.031153,0.112754,preds.pt#704
1BA116,0118,BridgeRefine-L1-seed123,123,0.811476,19.044194,0.113366,preds.pt#705
1BA116,0119,BridgeRefine-L1-seed123,123,0.816121,19.157262,0.106777,preds.pt#706
1BA116,0120,BridgeRefine-L1-seed123,123,0.816984,19.025253,0.104806,preds.pt#707
1BA116,0121,BridgeRefine-L1-seed123,123,0.810274,18.420257,0.095998,preds.pt#708
1BA116,0122,BridgeRefine-L1-seed123,123,0.828973,18.943033,0.093062,preds.pt#709
1BA116,0123,BridgeRefine-L1-seed123,123,0.835936,19.355242,0.094400,preds.pt#710
1BA116,0124,BridgeRefine-L1-seed123,123,0.823731,18.860556,0.093813,preds.pt#711
1BA116,0125,BridgeRefine-L1-seed123,123,0.821312,19.122823,0.107757,preds.pt#712
1BA116,0126,BridgeRefine-L1-seed123,123,0.823671,19.140371,0.107781,preds.pt#713
1BA116,0127,BridgeRefine-L1-seed123,123,0.823405,19.071495,0.104392,preds.pt#714
1BA116,0128,BridgeRefine-L1-seed123,123,0.817032,18.564719,0.100318,preds.pt#715
1BA116,0129,BridgeRefine-L1-seed123,123,0.824578,18.836595,0.114771,preds.pt#716
1BA116,0130,BridgeRefine-L1-seed123,123,0.820448,18.824952,0.116123,preds.pt#717
1BA116,0131,BridgeRefine-L1-seed123,123,0.825981,18.713817,0.119433,preds.pt#718
1BA116,0132,BridgeRefine-L1-seed123,123,0.827966,18.900603,0.118488,preds.pt#719
1BA116,0133,BridgeRefine-L1-seed123,123,0.833680,18.758237,0.127023,preds.pt#720
1BA116,0134,BridgeRefine-L1-seed123,123,0.844716,19.709300,0.116556,preds.pt#721
1BA116,0135,BridgeRefine-L1-seed123,123,0.848488,19.538461,0.115122,preds.pt#722
1BA116,0136,BridgeRefine-L1-seed123,123,0.844702,19.693287,0.116722,preds.pt#723
1BA116,0137,BridgeRefine-L1-seed123,123,0.844702,19.635314,0.106538,preds.pt#724
1BA116,0138,BridgeRefine-L1-seed123,123,0.850430,20.000031,0.107985,preds.pt#725
1BA116,0139,BridgeRefine-L1-seed123,123,0.840400,19.563116,0.115849,preds.pt#726
1BA116,0140,BridgeRefine-L1-seed123,123,0.849324,19.817950,0.098667,preds.pt#727
1BA116,0141,BridgeRefine-L1-seed123,123,0.835151,19.052718,0.103220,preds.pt#728
1BA116,0142,BridgeRefine-L1-seed123,123,0.843012,19.398034,0.095524,preds.pt#729
1BA116,0143,BridgeRefine-L1-seed123,123,0.834023,19.050883,0.109405,preds.pt#730
1BA116,0144,BridgeRefine-L1-seed123,123,0.841245,19.393855,0.102286,preds.pt#731
1BA116,0145,BridgeRefine-L1-seed123,123,0.842188,19.238564,0.103510,preds.pt#732
1BA116,0146,BridgeRefine-L1-seed123,123,0.826096,18.550537,0.122851,preds.pt#733
1BA116,0147,BridgeRefine-L1-seed123,123,0.828025,18.779560,0.129543,preds.pt#734
1BA116,0148,BridgeRefine-L1-seed123,123,0.829990,18.946885,0.128782,preds.pt#735
1BA116,0149,BridgeRefine-L1-seed123,123,0.836361,19.136005,0.119520,preds.pt#736
1BA116,0150,BridgeRefine-L1-seed123,123,0.826511,18.764818,0.104918,preds.pt#737
1BA116,0151,BridgeRefine-L1-seed123,123,0.822363,18.652956,0.112081,preds.pt#738
1BA116,0152,BridgeRefine-L1-seed123,123,0.826285,19.004521,0.103991,preds.pt#739
1BA116,0153,BridgeRefine-L1-seed123,123,0.838605,19.447212,0.115339,preds.pt#740
1BA116,0154,BridgeRefine-L1-seed123,123,0.826504,18.761668,0.124650,preds.pt#741
1BA116,0155,BridgeRefine-L1-seed123,123,0.847332,19.523266,0.100989,preds.pt#742
1BA116,0156,BridgeRefine-L1-seed123,123,0.837542,19.108094,0.105812,preds.pt#743
1BA116,0157,BridgeRefine-L1-seed123,123,0.853021,19.326794,0.103814,preds.pt#744
1BA116,0158,BridgeRefine-L1-seed123,123,0.859206,19.367668,0.102602,preds.pt#745
1BA116,0159,BridgeRefine-L1-seed123,123,0.870479,19.766703,0.092686,preds.pt#746
1BA116,0160,BridgeRefine-L1-seed123,123,0.859995,19.253314,0.088491,preds.pt#747
1BA116,0161,BridgeRefine-L1-seed123,123,0.866817,19.385021,0.095773,preds.pt#748
1BA116,0162,BridgeRefine-L1-seed123,123,0.868059,19.462706,0.087863,preds.pt#749
1BA116,0163,BridgeRefine-L1-seed123,123,0.856766,19.018029,0.089044,preds.pt#750
1BA116,0164,BridgeRefine-L1-seed123,123,0.868296,19.203232,0.100135,preds.pt#751
1BA116,0165,BridgeRefine-L1-seed123,123,0.865672,19.138115,0.103495,preds.pt#752
1BA116,0166,BridgeRefine-L1-seed123,123,0.866826,18.951071,0.105708,preds.pt#753
1BA116,0167,BridgeRefine-L1-seed123,123,0.855146,18.591761,0.110526,preds.pt#754
1BA116,0168,BridgeRefine-L1-seed123,123,0.861341,18.886370,0.126574,preds.pt#755
1BA116,0169,BridgeRefine-L1-seed123,123,0.865187,18.876424,0.110993,preds.pt#756
1BA116,0170,BridgeRefine-L1-seed123,123,0.863773,18.685667,0.108543,preds.pt#757
1BA116,0171,BridgeRefine-L1-seed123,123,0.867312,18.773128,0.099832,preds.pt#758
1BA116,0172,BridgeRefine-L1-seed123,123,0.864611,18.661796,0.104700,preds.pt#759
1BA116,0173,BridgeRefine-L1-seed123,123,0.870298,18.677577,0.090964,preds.pt#760
1BA116,0174,BridgeRefine-L1-seed123,123,0.869814,18.410441,0.103872,preds.pt#761
1BA116,0175,BridgeRefine-L1-seed123,123,0.878056,18.814221,0.098538,preds.pt#762
1BA116,0176,BridgeRefine-L1-seed123,123,0.877040,18.864491,0.104608,preds.pt#763
1BA116,0177,BridgeRefine-L1-seed123,123,0.887261,19.286731,0.086144,preds.pt#764
1BA116,0178,BridgeRefine-L1-seed123,123,0.870046,18.713733,0.133575,preds.pt#765
1BA116,0179,BridgeRefine-L1-seed123,123,0.879197,18.507898,0.118437,preds.pt#766
1BA116,0180,BridgeRefine-L1-seed123,123,0.881019,18.659053,0.095546,preds.pt#767
1BA116,0181,BridgeRefine-L1-seed123,123,0.875852,18.263647,0.107947,preds.pt#768
1BA116,0182,BridgeRefine-L1-seed123,123,0.865510,18.085467,0.121931,preds.pt#769
1BA116,0183,BridgeRefine-L1-seed123,123,0.870450,18.234439,0.112976,preds.pt#770
1BA116,0184,BridgeRefine-L1-seed123,123,0.880241,18.792899,0.106759,preds.pt#771
1BA116,0185,BridgeRefine-L1-seed123,123,0.884632,18.873472,0.135077,preds.pt#772
1BA116,0186,BridgeRefine-L1-seed123,123,0.887903,19.196520,0.139520,preds.pt#773
1BA116,0187,BridgeRefine-L1-seed123,123,0.894529,19.745467,0.158670,preds.pt#774
1BA116,0188,BridgeRefine-L1-seed123,123,0.905571,20.282262,0.128397,preds.pt#775
1BA116,0189,BridgeRefine-L1-seed123,123,0.926975,22.015493,0.117553,preds.pt#776
1BA116,0190,BridgeRefine-L1-seed123,123,0.939328,23.081132,0.117463,preds.pt#777
1BA116,0191,BridgeRefine-L1-seed123,123,0.954635,25.574240,0.094656,preds.pt#778
1BA116,0192,BridgeRefine-L1-seed123,123,0.959498,28.148615,0.105155,preds.pt#779
1BA116,0193,BridgeRefine-L1-seed123,123,0.947438,27.436493,0.099010,preds.pt#780
1BA116,0194,BridgeRefine-L1-seed123,123,0.936063,27.978000,0.106573,preds.pt#781
1BA116,0195,BridgeRefine-L1-seed123,123,0.965557,31.318052,0.112496,preds.pt#782
1BA116,0196,BridgeRefine-L1-seed123,123,0.940955,26.220419,0.153422,preds.pt#783
1BA184,0000,BridgeRefine-L1-seed123,123,0.927933,24.137574,0.143926,preds.pt#784
1BA184,0001,BridgeRefine-L1-seed123,123,0.933391,24.542558,0.093760,preds.pt#785
1BA184,0002,BridgeRefine-L1-seed123,123,0.947357,26.098519,0.113850,preds.pt#786
1BA184,0003,BridgeRefine-L1-seed123,123,0.953220,28.572438,0.073215,preds.pt#787
1BA184,0004,BridgeRefine-L1-seed123,123,0.924302,24.361735,0.103139,preds.pt#788
1BA184,0005,BridgeRefine-L1-seed123,123,0.948726,26.932923,0.105853,preds.pt#789
1BA184,0006,BridgeRefine-L1-seed123,123,0.909239,21.567846,0.142823,preds.pt#790
1BA184,0007,BridgeRefine-L1-seed123,123,0.932624,24.463820,0.116303,preds.pt#791
1BA184,0008,BridgeRefine-L1-seed123,123,0.944262,24.689336,0.110313,preds.pt#792
1BA184,0009,BridgeRefine-L1-seed123,123,0.915498,19.725240,0.165528,preds.pt#793
1BA184,0010,BridgeRefine-L1-seed123,123,0.912942,20.641702,0.187596,preds.pt#794
1BA184,0011,BridgeRefine-L1-seed123,123,0.923545,20.356205,0.188297,preds.pt#795
1BA184,0012,BridgeRefine-L1-seed123,123,0.907154,19.336980,0.204860,preds.pt#796
1BA184,0013,BridgeRefine-L1-seed123,123,0.912592,19.690232,0.167951,preds.pt#797
1BA184,0014,BridgeRefine-L1-seed123,123,0.906195,19.298120,0.179298,preds.pt#798
1BA184,0015,BridgeRefine-L1-seed123,123,0.905555,19.826976,0.190060,preds.pt#799
1BA184,0016,BridgeRefine-L1-seed123,123,0.929903,23.054616,0.122868,preds.pt#800
1BA184,0017,BridgeRefine-L1-seed123,123,0.934149,24.326424,0.105587,preds.pt#801
1BA184,0018,BridgeRefine-L1-seed123,123,0.913269,20.936898,0.129435,preds.pt#802
1BA184,0019,BridgeRefine-L1-seed123,123,0.921487,21.185838,0.111958,preds.pt#803
1BA184,0020,BridgeRefine-L1-seed123,123,0.917630,21.927648,0.111237,preds.pt#804
1BA184,0021,BridgeRefine-L1-seed123,123,0.921832,22.304358,0.092237,preds.pt#805
1BA184,0022,BridgeRefine-L1-seed123,123,0.916033,22.185834,0.111830,preds.pt#806
1BA184,0023,BridgeRefine-L1-seed123,123,0.929400,22.418599,0.092997,preds.pt#807
1BA184,0024,BridgeRefine-L1-seed123,123,0.911524,22.222287,0.103166,preds.pt#808
1BA184,0025,BridgeRefine-L1-seed123,123,0.909346,20.935386,0.113915,preds.pt#809
1BA184,0026,BridgeRefine-L1-seed123,123,0.916364,22.016202,0.131060,preds.pt#810
1BA184,0027,BridgeRefine-L1-seed123,123,0.885529,19.714439,0.161006,preds.pt#811
1BA184,0028,BridgeRefine-L1-seed123,123,0.886342,20.492989,0.146394,preds.pt#812
1BA184,0029,BridgeRefine-L1-seed123,123,0.898142,21.322267,0.135709,preds.pt#813
1BA184,0030,BridgeRefine-L1-seed123,123,0.875549,19.881099,0.152401,preds.pt#814
1BA184,0031,BridgeRefine-L1-seed123,123,0.878614,19.707158,0.143443,preds.pt#815
1BA184,0032,BridgeRefine-L1-seed123,123,0.874048,19.803992,0.146049,preds.pt#816
1BA184,0033,BridgeRefine-L1-seed123,123,0.886284,19.396740,0.144020,preds.pt#817
1BA184,0034,BridgeRefine-L1-seed123,123,0.884454,20.007550,0.140745,preds.pt#818
1BA184,0035,BridgeRefine-L1-seed123,123,0.891382,20.488160,0.140395,preds.pt#819
1BA184,0036,BridgeRefine-L1-seed123,123,0.894733,21.101523,0.128800,preds.pt#820
1BA184,0037,BridgeRefine-L1-seed123,123,0.894277,21.705517,0.128724,preds.pt#821
1BA184,0038,BridgeRefine-L1-seed123,123,0.876898,21.204055,0.122703,preds.pt#822
1BA184,0039,BridgeRefine-L1-seed123,123,0.873433,20.736769,0.110285,preds.pt#823
1BA184,0040,BridgeRefine-L1-seed123,123,0.870887,20.484466,0.115341,preds.pt#824
1BA184,0041,BridgeRefine-L1-seed123,123,0.856796,19.199949,0.143506,preds.pt#825
1BA184,0042,BridgeRefine-L1-seed123,123,0.850442,18.883907,0.144404,preds.pt#826
1BA184,0043,BridgeRefine-L1-seed123,123,0.841012,18.386921,0.149924,preds.pt#827
1BA184,0044,BridgeRefine-L1-seed123,123,0.834798,18.072878,0.170543,preds.pt#828
1BA184,0045,BridgeRefine-L1-seed123,123,0.807374,17.047826,0.172936,preds.pt#829
1BA184,0046,BridgeRefine-L1-seed123,123,0.811581,17.325960,0.184528,preds.pt#830
1BA184,0047,BridgeRefine-L1-seed123,123,0.812124,17.361938,0.181605,preds.pt#831
1BA184,0048,BridgeRefine-L1-seed123,123,0.798459,17.220461,0.208172,preds.pt#832
1BA184,0049,BridgeRefine-L1-seed123,123,0.794618,17.363726,0.199383,preds.pt#833
1BA184,0050,BridgeRefine-L1-seed123,123,0.760462,17.154025,0.195247,preds.pt#834
1BA184,0051,BridgeRefine-L1-seed123,123,0.774940,17.868299,0.195818,preds.pt#835
1BA184,0052,BridgeRefine-L1-seed123,123,0.787999,19.020443,0.178118,preds.pt#836
1BA184,0053,BridgeRefine-L1-seed123,123,0.803891,19.108354,0.182617,preds.pt#837
1BA184,0054,BridgeRefine-L1-seed123,123,0.793577,18.930694,0.189599,preds.pt#838
1BA184,0055,BridgeRefine-L1-seed123,123,0.826673,19.057165,0.163598,preds.pt#839
1BA184,0056,BridgeRefine-L1-seed123,123,0.790013,18.124183,0.187032,preds.pt#840
1BA184,0057,BridgeRefine-L1-seed123,123,0.796334,17.602096,0.197489,preds.pt#841
1BA184,0058,BridgeRefine-L1-seed123,123,0.806413,18.300571,0.178480,preds.pt#842
1BA184,0059,BridgeRefine-L1-seed123,123,0.818215,18.504619,0.180154,preds.pt#843
1BA184,0060,BridgeRefine-L1-seed123,123,0.818384,18.604628,0.177975,preds.pt#844
1BA184,0061,BridgeRefine-L1-seed123,123,0.826228,19.160121,0.193885,preds.pt#845
1BA184,0062,BridgeRefine-L1-seed123,123,0.830123,19.363572,0.193241,preds.pt#846
1BA184,0063,BridgeRefine-L1-seed123,123,0.829263,19.424973,0.204685,preds.pt#847
1BA184,0064,BridgeRefine-L1-seed123,123,0.822334,19.340902,0.207978,preds.pt#848
1BA184,0065,BridgeRefine-L1-seed123,123,0.821643,19.420830,0.208900,preds.pt#849
1BA184,0066,BridgeRefine-L1-seed123,123,0.817714,19.403582,0.201637,preds.pt#850
1BA184,0067,BridgeRefine-L1-seed123,123,0.821417,19.552617,0.189938,preds.pt#851
1BA184,0068,BridgeRefine-L1-seed123,123,0.816970,19.329826,0.178070,preds.pt#852
1BA184,0069,BridgeRefine-L1-seed123,123,0.818979,19.516111,0.180163,preds.pt#853
1BA184,0070,BridgeRefine-L1-seed123,123,0.816718,19.473363,0.163450,preds.pt#854
1BA184,0071,BridgeRefine-L1-seed123,123,0.810101,19.074270,0.183073,preds.pt#855
1BA184,0072,BridgeRefine-L1-seed123,123,0.812016,19.145759,0.171457,preds.pt#856
1BA184,0073,BridgeRefine-L1-seed123,123,0.802654,18.569323,0.180284,preds.pt#857
1BA184,0074,BridgeRefine-L1-seed123,123,0.787481,17.636883,0.186701,preds.pt#858
1BA184,0075,BridgeRefine-L1-seed123,123,0.793715,18.258293,0.178667,preds.pt#859
1BA184,0076,BridgeRefine-L1-seed123,123,0.790576,18.259223,0.160151,preds.pt#860
1BA184,0077,BridgeRefine-L1-seed123,123,0.791138,17.958109,0.149752,preds.pt#861
1BA184,0078,BridgeRefine-L1-seed123,123,0.795969,18.407302,0.138236,preds.pt#862
1BA184,0079,BridgeRefine-L1-seed123,123,0.800743,18.727761,0.174801,preds.pt#863
1BA184,0080,BridgeRefine-L1-seed123,123,0.793946,18.629155,0.140447,preds.pt#864
1BA184,0081,BridgeRefine-L1-seed123,123,0.785002,18.070101,0.151511,preds.pt#865
1BA184,0082,BridgeRefine-L1-seed123,123,0.780600,18.466892,0.159925,preds.pt#866
1BA184,0083,BridgeRefine-L1-seed123,123,0.772721,18.265019,0.150231,preds.pt#867
1BA184,0084,BridgeRefine-L1-seed123,123,0.784901,18.909522,0.153544,preds.pt#868
1BA184,0085,BridgeRefine-L1-seed123,123,0.769995,18.645161,0.162152,preds.pt#869
1BA184,0086,BridgeRefine-L1-seed123,123,0.774473,18.791721,0.167243,preds.pt#870
1BA184,0087,BridgeRefine-L1-seed123,123,0.769156,18.601336,0.169694,preds.pt#871
1BA184,0088,BridgeRefine-L1-seed123,123,0.750916,18.166096,0.181921,preds.pt#872
1BA184,0089,BridgeRefine-L1-seed123,123,0.761521,18.426000,0.177134,preds.pt#873
1BA184,0090,BridgeRefine-L1-seed123,123,0.774121,18.574014,0.184678,preds.pt#874
1BA184,0091,BridgeRefine-L1-seed123,123,0.745298,18.236024,0.184072,preds.pt#875
1BA184,0092,BridgeRefine-L1-seed123,123,0.744523,17.849770,0.166072,preds.pt#876
1BA184,0093,BridgeRefine-L1-seed123,123,0.737011,17.620315,0.149808,preds.pt#877
1BA184,0094,BridgeRefine-L1-seed123,123,0.747106,18.062721,0.122444,preds.pt#878
1BA184,0095,BridgeRefine-L1-seed123,123,0.750571,18.011810,0.136054,preds.pt#879
1BA184,0096,BridgeRefine-L1-seed123,123,0.745503,17.533134,0.147083,preds.pt#880
1BA184,0097,BridgeRefine-L1-seed123,123,0.752980,17.513876,0.148160,preds.pt#881
1BA184,0098,BridgeRefine-L1-seed123,123,0.746041,17.321240,0.155083,preds.pt#882
1BA184,0099,BridgeRefine-L1-seed123,123,0.755306,17.627581,0.164038,preds.pt#883
1BA184,0100,BridgeRefine-L1-seed123,123,0.788777,18.662790,0.144818,preds.pt#884
1BA184,0101,BridgeRefine-L1-seed123,123,0.783255,18.500974,0.143606,preds.pt#885
1BA184,0102,BridgeRefine-L1-seed123,123,0.804680,19.303679,0.131255,preds.pt#886
1BA184,0103,BridgeRefine-L1-seed123,123,0.801223,19.093992,0.126863,preds.pt#887
1BA184,0104,BridgeRefine-L1-seed123,123,0.809759,19.258252,0.132096,preds.pt#888
1BA184,0105,BridgeRefine-L1-seed123,123,0.810674,19.100304,0.130727,preds.pt#889
1BA184,0106,BridgeRefine-L1-seed123,123,0.816631,19.193683,0.138822,preds.pt#890
1BA184,0107,BridgeRefine-L1-seed123,123,0.822313,19.583042,0.122844,preds.pt#891
1BA184,0108,BridgeRefine-L1-seed123,123,0.832871,19.799293,0.137617,preds.pt#892
1BA184,0109,BridgeRefine-L1-seed123,123,0.831912,19.739244,0.136937,preds.pt#893
1BA184,0110,BridgeRefine-L1-seed123,123,0.826073,19.533182,0.119640,preds.pt#894
1BA184,0111,BridgeRefine-L1-seed123,123,0.828723,19.511557,0.128255,preds.pt#895
1BA184,0112,BridgeRefine-L1-seed123,123,0.836231,20.078283,0.125365,preds.pt#896
1BA184,0113,BridgeRefine-L1-seed123,123,0.836885,19.970789,0.124986,preds.pt#897
1BA184,0114,BridgeRefine-L1-seed123,123,0.836511,19.692519,0.142563,preds.pt#898
1BA184,0115,BridgeRefine-L1-seed123,123,0.843903,19.477979,0.139698,preds.pt#899
1BA184,0116,BridgeRefine-L1-seed123,123,0.852449,19.846309,0.137975,preds.pt#900
1BA184,0117,BridgeRefine-L1-seed123,123,0.838826,19.034007,0.138306,preds.pt#901
1BA184,0118,BridgeRefine-L1-seed123,123,0.851631,19.685081,0.123717,preds.pt#902
1BA184,0119,BridgeRefine-L1-seed123,123,0.836205,19.208120,0.095552,preds.pt#903
1BA184,0120,BridgeRefine-L1-seed123,123,0.837774,19.340028,0.101790,preds.pt#904
1BA184,0121,BridgeRefine-L1-seed123,123,0.852370,19.785279,0.108930,preds.pt#905
1BA184,0122,BridgeRefine-L1-seed123,123,0.856180,20.170532,0.107294,preds.pt#906
1BA184,0123,BridgeRefine-L1-seed123,123,0.848866,19.565378,0.095766,preds.pt#907
1BA184,0124,BridgeRefine-L1-seed123,123,0.847054,19.978584,0.086547,preds.pt#908
1BA184,0125,BridgeRefine-L1-seed123,123,0.845529,19.656311,0.090640,preds.pt#909
1BA184,0126,BridgeRefine-L1-seed123,123,0.853308,19.822209,0.095029,preds.pt#910
1BA184,0127,BridgeRefine-L1-seed123,123,0.853803,19.705306,0.084958,preds.pt#911
1BA184,0128,BridgeRefine-L1-seed123,123,0.862429,20.049045,0.097803,preds.pt#912
1BA184,0129,BridgeRefine-L1-seed123,123,0.863732,20.002732,0.081478,preds.pt#913
1BA184,0130,BridgeRefine-L1-seed123,123,0.868771,20.535958,0.083313,preds.pt#914
1BA184,0131,BridgeRefine-L1-seed123,123,0.872486,20.399798,0.070445,preds.pt#915
1BA184,0132,BridgeRefine-L1-seed123,123,0.873956,20.553243,0.075496,preds.pt#916
1BA184,0133,BridgeRefine-L1-seed123,123,0.876682,20.861978,0.090837,preds.pt#917
1BA184,0134,BridgeRefine-L1-seed123,123,0.873915,20.900398,0.094208,preds.pt#918
1BA184,0135,BridgeRefine-L1-seed123,123,0.866481,20.645761,0.093083,preds.pt#919
1BA184,0136,BridgeRefine-L1-seed123,123,0.864430,20.123694,0.080062,preds.pt#920
1BA184,0137,BridgeRefine-L1-seed123,123,0.877924,20.892457,0.083098,preds.pt#921
1BA184,0138,BridgeRefine-L1-seed123,123,0.867903,19.880656,0.080373,preds.pt#922
1BA184,0139,BridgeRefine-L1-seed123,123,0.876701,20.424845,0.079034,preds.pt#923
1BA184,0140,BridgeRefine-L1-seed123,123,0.876322,20.797574,0.067150,preds.pt#924
1BA184,0141,BridgeRefine-L1-seed123,123,0.876163,20.326976,0.059846,preds.pt#925
1BA184,0142,BridgeRefine-L1-seed123,123,0.887066,21.053973,0.062169,preds.pt#926
1BA184,0143,BridgeRefine-L1-seed123,123,0.883079,20.797626,0.064257,preds.pt#927
1BA184,0144,BridgeRefine-L1-seed123,123,0.886197,20.900500,0.076821,preds.pt#928
1BA184,0145,BridgeRefine-L1-seed123,123,0.888344,21.506681,0.066101,preds.pt#929
1BA184,0146,BridgeRefine-L1-seed123,123,0.879415,21.051858,0.064110,preds.pt#930
1BA184,0147,BridgeRefine-L1-seed123,123,0.875030,21.144909,0.060058,preds.pt#931
1BA184,0148,BridgeRefine-L1-seed123,123,0.885662,21.371167,0.060042,preds.pt#932
1BA184,0149,BridgeRefine-L1-seed123,123,0.897460,22.373820,0.064794,preds.pt#933
1BA184,0150,BridgeRefine-L1-seed123,123,0.888199,21.230557,0.061570,preds.pt#934
1BA184,0151,BridgeRefine-L1-seed123,123,0.886414,20.895543,0.057098,preds.pt#935
1BA184,0152,BridgeRefine-L1-seed123,123,0.887330,21.008431,0.062737,preds.pt#936
1BA184,0153,BridgeRefine-L1-seed123,123,0.886746,20.720777,0.055349,preds.pt#937
1BA184,0154,BridgeRefine-L1-seed123,123,0.901525,21.925232,0.058984,preds.pt#938
1BA184,0155,BridgeRefine-L1-seed123,123,0.899652,21.347804,0.047068,preds.pt#939
1BA184,0156,BridgeRefine-L1-seed123,123,0.907651,21.704183,0.053759,preds.pt#940
1BA184,0157,BridgeRefine-L1-seed123,123,0.901935,22.205572,0.058280,preds.pt#941
1BA184,0158,BridgeRefine-L1-seed123,123,0.876968,21.724464,0.070476,preds.pt#942
1BA184,0159,BridgeRefine-L1-seed123,123,0.908899,21.840868,0.066186,preds.pt#943
1BA184,0160,BridgeRefine-L1-seed123,123,0.908241,21.885116,0.058023,preds.pt#944
1BA184,0161,BridgeRefine-L1-seed123,123,0.902409,20.743433,0.057913,preds.pt#945
1BA184,0162,BridgeRefine-L1-seed123,123,0.871999,21.310320,0.050203,preds.pt#946
1BA184,0163,BridgeRefine-L1-seed123,123,0.906072,21.038781,0.048906,preds.pt#947
1BA184,0164,BridgeRefine-L1-seed123,123,0.910669,21.109998,0.049919,preds.pt#948
1BA184,0165,BridgeRefine-L1-seed123,123,0.905584,20.821137,0.047173,preds.pt#949
1BA184,0166,BridgeRefine-L1-seed123,123,0.899029,20.448482,0.047307,preds.pt#950
1BA184,0167,BridgeRefine-L1-seed123,123,0.922815,22.082186,0.041388,preds.pt#951
1BA184,0168,BridgeRefine-L1-seed123,123,0.911875,21.156757,0.046575,preds.pt#952
1BA184,0169,BridgeRefine-L1-seed123,123,0.925184,22.071135,0.045431,preds.pt#953
1BA184,0170,BridgeRefine-L1-seed123,123,0.924607,21.660293,0.051374,preds.pt#954
1BA184,0171,BridgeRefine-L1-seed123,123,0.913209,20.885936,0.051478,preds.pt#955
1BA184,0172,BridgeRefine-L1-seed123,123,0.925297,22.027732,0.046860,preds.pt#956
1BA184,0173,BridgeRefine-L1-seed123,123,0.917081,21.440961,0.050926,preds.pt#957
1BA184,0174,BridgeRefine-L1-seed123,123,0.920375,21.112569,0.043724,preds.pt#958
1BA184,0175,BridgeRefine-L1-seed123,123,0.916587,21.555084,0.044831,preds.pt#959
1BA184,0176,BridgeRefine-L1-seed123,123,0.913895,21.112287,0.042282,preds.pt#960
1BA184,0177,BridgeRefine-L1-seed123,123,0.903562,20.452558,0.051202,preds.pt#961
1BA184,0178,BridgeRefine-L1-seed123,123,0.906740,20.845828,0.050589,preds.pt#962
1BA184,0179,BridgeRefine-L1-seed123,123,0.905854,20.838374,0.052799,preds.pt#963
1BA184,0180,BridgeRefine-L1-seed123,123,0.893022,20.229987,0.064641,preds.pt#964
1BA184,0181,BridgeRefine-L1-seed123,123,0.894920,20.226398,0.054832,preds.pt#965
1BA184,0182,BridgeRefine-L1-seed123,123,0.889667,20.102130,0.065873,preds.pt#966
1BA184,0183,BridgeRefine-L1-seed123,123,0.868583,18.300663,0.071615,preds.pt#967
1BA184,0184,BridgeRefine-L1-seed123,123,0.869075,17.832452,0.078684,preds.pt#968
1BA184,0185,BridgeRefine-L1-seed123,123,0.887294,19.867680,0.073672,preds.pt#969
1BA184,0186,BridgeRefine-L1-seed123,123,0.857672,17.457388,0.093902,preds.pt#970
1BA184,0187,BridgeRefine-L1-seed123,123,0.888830,20.659704,0.070445,preds.pt#971
1BA184,0188,BridgeRefine-L1-seed123,123,0.854226,18.160607,0.093349,preds.pt#972
1BA184,0189,BridgeRefine-L1-seed123,123,0.818054,16.415626,0.114578,preds.pt#973
1BA184,0190,BridgeRefine-L1-seed123,123,0.867268,18.349568,0.106313,preds.pt#974
1BA184,0191,BridgeRefine-L1-seed123,123,0.825125,15.467423,0.144315,preds.pt#975
1BA184,0192,BridgeRefine-L1-seed123,123,0.818529,14.657017,0.155661,preds.pt#976
1BA184,0193,BridgeRefine-L1-seed123,123,0.827876,14.742512,0.162282,preds.pt#977
1BA184,0194,BridgeRefine-L1-seed123,123,0.828071,14.459480,0.165394,preds.pt#978
1BA184,0195,BridgeRefine-L1-seed123,123,0.861978,15.338202,0.187437,preds.pt#979
1BA184,0196,BridgeRefine-L1-seed123,123,0.864596,16.032452,0.180222,preds.pt#980
1BA184,0197,BridgeRefine-L1-seed123,123,0.887819,17.102394,0.193315,preds.pt#981
1BA222,0001,BridgeRefine-L1-seed123,123,0.965102,33.551447,0.210256,preds.pt#982
1BA222,0002,BridgeRefine-L1-seed123,123,0.965447,30.616283,0.148442,preds.pt#983
1BA222,0003,BridgeRefine-L1-seed123,123,0.961402,29.137376,0.131067,preds.pt#984
1BA222,0004,BridgeRefine-L1-seed123,123,0.958823,27.544848,0.153211,preds.pt#985
1BA222,0005,BridgeRefine-L1-seed123,123,0.917086,25.801182,0.205945,preds.pt#986
1BA222,0006,BridgeRefine-L1-seed123,123,0.938483,24.272092,0.101615,preds.pt#987
1BA222,0007,BridgeRefine-L1-seed123,123,0.939921,23.776037,0.133039,preds.pt#988
1BA222,0008,BridgeRefine-L1-seed123,123,0.931003,22.079825,0.113990,preds.pt#989
1BA222,0009,BridgeRefine-L1-seed123,123,0.942375,23.116341,0.136634,preds.pt#990
1BA222,0010,BridgeRefine-L1-seed123,123,0.949148,24.967810,0.091440,preds.pt#991
1BA222,0011,BridgeRefine-L1-seed123,123,0.958224,25.953877,0.115647,preds.pt#992
1BA222,0012,BridgeRefine-L1-seed123,123,0.936104,23.441566,0.097197,preds.pt#993
1BA222,0013,BridgeRefine-L1-seed123,123,0.940506,24.500132,0.099576,preds.pt#994
1BA222,0014,BridgeRefine-L1-seed123,123,0.949533,25.968886,0.128529,preds.pt#995
1BA222,0015,BridgeRefine-L1-seed123,123,0.945939,25.019102,0.148100,preds.pt#996
1BA222,0016,BridgeRefine-L1-seed123,123,0.931581,23.291223,0.143581,preds.pt#997
1BA222,0017,BridgeRefine-L1-seed123,123,0.924154,22.663003,0.133969,preds.pt#998
1BA222,0018,BridgeRefine-L1-seed123,123,0.925399,22.005256,0.159854,preds.pt#999
1BA222,0019,BridgeRefine-L1-seed123,123,0.914399,22.076462,0.121322,preds.pt#1000
1BA222,0020,BridgeRefine-L1-seed123,123,0.934243,22.515019,0.125327,preds.pt#1001
1BA222,0021,BridgeRefine-L1-seed123,123,0.917678,21.349361,0.165498,preds.pt#1002
1BA222,0022,BridgeRefine-L1-seed123,123,0.930700,22.008830,0.103496,preds.pt#1003
1BA222,0023,BridgeRefine-L1-seed123,123,0.942358,23.513088,0.080453,preds.pt#1004
1BA222,0024,BridgeRefine-L1-seed123,123,0.932496,23.342457,0.102915,preds.pt#1005
1BA222,0025,BridgeRefine-L1-seed123,123,0.923852,22.530381,0.099811,preds.pt#1006
1BA222,0026,BridgeRefine-L1-seed123,123,0.931671,23.361063,0.100763,preds.pt#1007
1BA222,0027,BridgeRefine-L1-seed123,123,0.913192,21.434445,0.110996,preds.pt#1008
1BA222,0028,BridgeRefine-L1-seed123,123,0.914308,21.621536,0.116549,preds.pt#1009
1BA222,0029,BridgeRefine-L1-seed123,123,0.915634,21.954099,0.125107,preds.pt#1010
1BA222,0030,BridgeRefine-L1-seed123,123,0.908347,22.239513,0.126333,preds.pt#1011
1BA222,0031,BridgeRefine-L1-seed123,123,0.918057,23.279784,0.094672,preds.pt#1012
1BA222,0032,BridgeRefine-L1-seed123,123,0.900190,21.923273,0.125361,preds.pt#1013
1BA222,0033,BridgeRefine-L1-seed123,123,0.906461,22.035733,0.121001,preds.pt#1014
1BA222,0034,BridgeRefine-L1-seed123,123,0.901854,21.980086,0.129030,preds.pt#1015
1BA222,0035,BridgeRefine-L1-seed123,123,0.900168,22.250110,0.123024,preds.pt#1016
1BA222,0036,BridgeRefine-L1-seed123,123,0.895922,21.992471,0.123198,preds.pt#1017
1BA222,0037,BridgeRefine-L1-seed123,123,0.898024,21.926702,0.126794,preds.pt#1018
1BA222,0038,BridgeRefine-L1-seed123,123,0.900760,22.547473,0.112403,preds.pt#1019
1BA222,0039,BridgeRefine-L1-seed123,123,0.895074,22.355525,0.129114,preds.pt#1020
1BA222,0040,BridgeRefine-L1-seed123,123,0.887855,21.914077,0.128413,preds.pt#1021
1BA222,0041,BridgeRefine-L1-seed123,123,0.894087,22.375651,0.127815,preds.pt#1022
1BA222,0042,BridgeRefine-L1-seed123,123,0.891170,22.496509,0.148497,preds.pt#1023
1BA222,0043,BridgeRefine-L1-seed123,123,0.883510,22.015630,0.147196,preds.pt#1024
1BA222,0044,BridgeRefine-L1-seed123,123,0.876927,21.596274,0.154302,preds.pt#1025
1BA222,0045,BridgeRefine-L1-seed123,123,0.867325,21.032068,0.161739,preds.pt#1026
1BA222,0046,BridgeRefine-L1-seed123,123,0.863049,20.671560,0.175263,preds.pt#1027
1BA222,0047,BridgeRefine-L1-seed123,123,0.863562,20.588610,0.165937,preds.pt#1028
1BA222,0048,BridgeRefine-L1-seed123,123,0.854954,19.981418,0.170999,preds.pt#1029
1BA222,0049,BridgeRefine-L1-seed123,123,0.844561,19.839755,0.172660,preds.pt#1030
1BA222,0050,BridgeRefine-L1-seed123,123,0.843069,19.913698,0.156996,preds.pt#1031
1BA222,0051,BridgeRefine-L1-seed123,123,0.848505,20.237687,0.162534,preds.pt#1032
1BA222,0052,BridgeRefine-L1-seed123,123,0.841678,19.658227,0.181548,preds.pt#1033
1BA222,0053,BridgeRefine-L1-seed123,123,0.831948,18.865264,0.193750,preds.pt#1034
1BA222,0054,BridgeRefine-L1-seed123,123,0.826107,18.639662,0.165665,preds.pt#1035
1BA222,0055,BridgeRefine-L1-seed123,123,0.825253,18.444425,0.170984,preds.pt#1036
1BA222,0056,BridgeRefine-L1-seed123,123,0.841186,18.936421,0.153039,preds.pt#1037
1BA222,0057,BridgeRefine-L1-seed123,123,0.836476,18.954786,0.159083,preds.pt#1038
1BA222,0058,BridgeRefine-L1-seed123,123,0.828916,18.698534,0.150137,preds.pt#1039
1BA222,0059,BridgeRefine-L1-seed123,123,0.840545,19.034751,0.136558,preds.pt#1040
1BA222,0060,BridgeRefine-L1-seed123,123,0.843692,19.516758,0.139413,preds.pt#1041
1BA222,0061,BridgeRefine-L1-seed123,123,0.834261,19.346359,0.153493,preds.pt#1042
1BA222,0062,BridgeRefine-L1-seed123,123,0.829017,19.164923,0.183968,preds.pt#1043
1BA222,0063,BridgeRefine-L1-seed123,123,0.837064,19.903787,0.177508,preds.pt#1044
1BA222,0064,BridgeRefine-L1-seed123,123,0.833241,19.817026,0.180851,preds.pt#1045
1BA222,0065,BridgeRefine-L1-seed123,123,0.854568,20.833347,0.153928,preds.pt#1046
1BA222,0066,BridgeRefine-L1-seed123,123,0.857686,20.458344,0.131791,preds.pt#1047
1BA222,0067,BridgeRefine-L1-seed123,123,0.858914,20.628623,0.140289,preds.pt#1048
1BA222,0068,BridgeRefine-L1-seed123,123,0.853799,20.197632,0.142820,preds.pt#1049
1BA222,0069,BridgeRefine-L1-seed123,123,0.856146,20.346292,0.151102,preds.pt#1050
1BA222,0070,BridgeRefine-L1-seed123,123,0.850967,20.383480,0.156018,preds.pt#1051
1BA222,0071,BridgeRefine-L1-seed123,123,0.856850,20.618649,0.152745,preds.pt#1052
1BA222,0072,BridgeRefine-L1-seed123,123,0.841061,20.175649,0.161597,preds.pt#1053
1BA222,0073,BridgeRefine-L1-seed123,123,0.835993,19.701647,0.169796,preds.pt#1054
1BA222,0074,BridgeRefine-L1-seed123,123,0.831389,20.114347,0.160900,preds.pt#1055
1BA222,0075,BridgeRefine-L1-seed123,123,0.816924,19.590363,0.187635,preds.pt#1056
1BA222,0076,BridgeRefine-L1-seed123,123,0.833622,20.013093,0.170568,preds.pt#1057
1BA222,0077,BridgeRefine-L1-seed123,123,0.832645,19.973483,0.131723,preds.pt#1058
1BA222,0078,BridgeRefine-L1-seed123,123,0.830485,20.009064,0.124336,preds.pt#1059
1BA222,0079,BridgeRefine-L1-seed123,123,0.826884,20.012992,0.150029,preds.pt#1060
1BA222,0080,BridgeRefine-L1-seed123,123,0.800493,19.221596,0.138313,preds.pt#1061
1BA222,0081,BridgeRefine-L1-seed123,123,0.797293,19.031065,0.137498,preds.pt#1062
1BA222,0082,BridgeRefine-L1-seed123,123,0.810367,19.875369,0.121787,preds.pt#1063
1BA222,0083,BridgeRefine-L1-seed123,123,0.808728,20.045571,0.135238,preds.pt#1064
1BA222,0084,BridgeRefine-L1-seed123,123,0.808205,19.909282,0.142781,preds.pt#1065
1BA222,0085,BridgeRefine-L1-seed123,123,0.823842,20.659293,0.142263,preds.pt#1066
1BA222,0086,BridgeRefine-L1-seed123,123,0.819555,20.587466,0.122500,preds.pt#1067
1BA222,0087,BridgeRefine-L1-seed123,123,0.810901,20.010710,0.143400,preds.pt#1068
1BA222,0088,BridgeRefine-L1-seed123,123,0.820254,20.426759,0.121779,preds.pt#1069
1BA222,0089,BridgeRefine-L1-seed123,123,0.807433,20.121988,0.138371,preds.pt#1070
1BA222,0090,BridgeRefine-L1-seed123,123,0.807254,20.267231,0.138337,preds.pt#1071
1BA222,0091,BridgeRefine-L1-seed123,123,0.785503,19.265370,0.139752,preds.pt#1072
1BA222,0092,BridgeRefine-L1-seed123,123,0.797878,19.365680,0.119494,preds.pt#1073
1BA222,0093,BridgeRefine-L1-seed123,123,0.792598,19.299416,0.116680,preds.pt#1074
1BA222,0094,BridgeRefine-L1-seed123,123,0.819034,20.216307,0.100535,preds.pt#1075
1BA222,0095,BridgeRefine-L1-seed123,123,0.811962,19.952424,0.104762,preds.pt#1076
1BA222,0096,BridgeRefine-L1-seed123,123,0.803304,19.734383,0.109080,preds.pt#1077
1BA222,0097,BridgeRefine-L1-seed123,123,0.806708,19.726746,0.134388,preds.pt#1078
1BA222,0098,BridgeRefine-L1-seed123,123,0.822038,19.954332,0.116899,preds.pt#1079
1BA222,0099,BridgeRefine-L1-seed123,123,0.816599,19.919242,0.124695,preds.pt#1080
1BA222,0100,BridgeRefine-L1-seed123,123,0.820241,19.989327,0.121181,preds.pt#1081
1BA222,0101,BridgeRefine-L1-seed123,123,0.823108,20.176919,0.127675,preds.pt#1082
1BA222,0102,BridgeRefine-L1-seed123,123,0.817072,20.125345,0.116716,preds.pt#1083
1BA222,0103,BridgeRefine-L1-seed123,123,0.828695,20.345036,0.135163,preds.pt#1084
1BA222,0104,BridgeRefine-L1-seed123,123,0.832563,20.304065,0.120059,preds.pt#1085
1BA222,0105,BridgeRefine-L1-seed123,123,0.825032,20.068478,0.115932,preds.pt#1086
1BA222,0106,BridgeRefine-L1-seed123,123,0.815745,19.721267,0.116713,preds.pt#1087
1BA222,0107,BridgeRefine-L1-seed123,123,0.815124,19.618739,0.120436,preds.pt#1088
1BA222,0108,BridgeRefine-L1-seed123,123,0.822049,19.700077,0.112605,preds.pt#1089
1BA222,0109,BridgeRefine-L1-seed123,123,0.833222,19.819801,0.125656,preds.pt#1090
1BA222,0110,BridgeRefine-L1-seed123,123,0.840267,20.314956,0.111591,preds.pt#1091
1BA222,0111,BridgeRefine-L1-seed123,123,0.841396,20.508704,0.107092,preds.pt#1092
1BA222,0112,BridgeRefine-L1-seed123,123,0.852523,20.981949,0.101185,preds.pt#1093
1BA222,0113,BridgeRefine-L1-seed123,123,0.846097,20.386737,0.093275,preds.pt#1094
1BA222,0114,BridgeRefine-L1-seed123,123,0.858457,21.162738,0.091632,preds.pt#1095
1BA222,0115,BridgeRefine-L1-seed123,123,0.852495,20.611263,0.099384,preds.pt#1096
1BA222,0116,BridgeRefine-L1-seed123,123,0.858484,21.184156,0.093237,preds.pt#1097
1BA222,0117,BridgeRefine-L1-seed123,123,0.859151,20.910828,0.097236,preds.pt#1098
1BA222,0118,BridgeRefine-L1-seed123,123,0.865975,21.397261,0.101151,preds.pt#1099
1BA222,0119,BridgeRefine-L1-seed123,123,0.875393,21.504943,0.084790,preds.pt#1100
1BA222,0120,BridgeRefine-L1-seed123,123,0.866980,21.182449,0.085039,preds.pt#1101
1BA222,0121,BridgeRefine-L1-seed123,123,0.878455,21.831036,0.072293,preds.pt#1102
1BA222,0122,BridgeRefine-L1-seed123,123,0.874553,21.311532,0.078925,preds.pt#1103
1BA222,0123,BridgeRefine-L1-seed123,123,0.871164,21.326237,0.075002,preds.pt#1104
1BA222,0124,BridgeRefine-L1-seed123,123,0.865895,21.350984,0.084304,preds.pt#1105
1BA222,0125,BridgeRefine-L1-seed123,123,0.863518,20.865212,0.080337,preds.pt#1106
1BA222,0126,BridgeRefine-L1-seed123,123,0.865665,20.993172,0.075490,preds.pt#1107
1BA222,0127,BridgeRefine-L1-seed123,123,0.871611,21.341625,0.069774,preds.pt#1108
1BA222,0128,BridgeRefine-L1-seed123,123,0.861729,21.023380,0.066581,preds.pt#1109
1BA222,0129,BridgeRefine-L1-seed123,123,0.849920,20.588294,0.069952,preds.pt#1110
1BA222,0130,BridgeRefine-L1-seed123,123,0.864934,21.079012,0.080453,preds.pt#1111
1BA222,0131,BridgeRefine-L1-seed123,123,0.868567,21.305039,0.071405,preds.pt#1112
1BA222,0132,BridgeRefine-L1-seed123,123,0.873297,21.378296,0.068378,preds.pt#1113
1BA222,0133,BridgeRefine-L1-seed123,123,0.887887,22.016512,0.064922,preds.pt#1114
1BA222,0134,BridgeRefine-L1-seed123,123,0.883505,21.933890,0.057921,preds.pt#1115
1BA222,0135,BridgeRefine-L1-seed123,123,0.896813,22.781184,0.049208,preds.pt#1116
1BA222,0136,BridgeRefine-L1-seed123,123,0.887183,22.202859,0.064878,preds.pt#1117
1BA222,0137,BridgeRefine-L1-seed123,123,0.891446,23.009211,0.055034,preds.pt#1118
1BA222,0138,BridgeRefine-L1-seed123,123,0.891601,23.011201,0.066721,preds.pt#1119
1BA222,0139,BridgeRefine-L1-seed123,123,0.901172,23.783812,0.069415,preds.pt#1120
1BA222,0140,BridgeRefine-L1-seed123,123,0.898655,23.764122,0.064970,preds.pt#1121
1BA222,0141,BridgeRefine-L1-seed123,123,0.902797,23.861556,0.070060,preds.pt#1122
1BA222,0142,BridgeRefine-L1-seed123,123,0.895008,23.539774,0.059581,preds.pt#1123
1BA222,0143,BridgeRefine-L1-seed123,123,0.886215,23.292417,0.061916,preds.pt#1124
1BA222,0144,BridgeRefine-L1-seed123,123,0.899792,23.877470,0.069846,preds.pt#1125
1BA222,0145,BridgeRefine-L1-seed123,123,0.885329,23.619206,0.068629,preds.pt#1126
1BA222,0146,BridgeRefine-L1-seed123,123,0.886086,23.538622,0.054681,preds.pt#1127
1BA222,0147,BridgeRefine-L1-seed123,123,0.890640,23.567402,0.045664,preds.pt#1128
1BA222,0148,BridgeRefine-L1-seed123,123,0.903738,23.856575,0.041057,preds.pt#1129
1BA222,0149,BridgeRefine-L1-seed123,123,0.902244,23.618510,0.045526,preds.pt#1130
1BA222,0150,BridgeRefine-L1-seed123,123,0.897675,23.293888,0.049509,preds.pt#1131
1BA222,0151,BridgeRefine-L1-seed123,123,0.897878,22.873552,0.045480,preds.pt#1132
1BA222,0152,BridgeRefine-L1-seed123,123,0.904201,23.413867,0.043377,preds.pt#1133
1BA222,0153,BridgeRefine-L1-seed123,123,0.894068,22.731421,0.043295,preds.pt#1134
1BA222,0154,BridgeRefine-L1-seed123,123,0.894596,22.740625,0.043442,preds.pt#1135
1BA222,0155,BridgeRefine-L1-seed123,123,0.896560,22.501082,0.053903,preds.pt#1136
1BA222,0156,BridgeRefine-L1-seed123,123,0.893922,22.748880,0.049795,preds.pt#1137
1BA222,0157,BridgeRefine-L1-seed123,123,0.895708,23.022749,0.045802,preds.pt#1138
1BA222,0158,BridgeRefine-L1-seed123,123,0.906960,23.108218,0.045857,preds.pt#1139
1BA222,0159,BridgeRefine-L1-seed123,123,0.917858,23.292026,0.044774,preds.pt#1140
1BA222,0160,BridgeRefine-L1-seed123,123,0.922278,23.663220,0.043177,preds.pt#1141
1BA222,0161,BridgeRefine-L1-seed123,123,0.925778,23.583088,0.049834,preds.pt#1142
1BA222,0162,BridgeRefine-L1-seed123,123,0.911517,22.718309,0.050676,preds.pt#1143
1BA222,0163,BridgeRefine-L1-seed123,123,0.927513,23.577046,0.041129,preds.pt#1144
1BA222,0164,BridgeRefine-L1-seed123,123,0.933073,24.009410,0.029194,preds.pt#1145
1BA222,0165,BridgeRefine-L1-seed123,123,0.933113,23.872740,0.030070,preds.pt#1146
1BA222,0166,BridgeRefine-L1-seed123,123,0.927644,23.439336,0.029957,preds.pt#1147
1BA222,0167,BridgeRefine-L1-seed123,123,0.930755,23.877036,0.034071,preds.pt#1148
1BA222,0168,BridgeRefine-L1-seed123,123,0.921569,22.942051,0.037863,preds.pt#1149
1BA222,0169,BridgeRefine-L1-seed123,123,0.917615,22.409466,0.038731,preds.pt#1150
1BA222,0170,BridgeRefine-L1-seed123,123,0.925498,23.644680,0.037251,preds.pt#1151
1BA222,0171,BridgeRefine-L1-seed123,123,0.922500,23.156019,0.043113,preds.pt#1152
1BA222,0172,BridgeRefine-L1-seed123,123,0.916285,23.317467,0.037436,preds.pt#1153
1BA222,0173,BridgeRefine-L1-seed123,123,0.918991,23.276011,0.036489,preds.pt#1154
1BA222,0174,BridgeRefine-L1-seed123,123,0.918111,23.210912,0.032003,preds.pt#1155
1BA222,0175,BridgeRefine-L1-seed123,123,0.925961,23.335805,0.038985,preds.pt#1156
1BA222,0176,BridgeRefine-L1-seed123,123,0.926809,23.569079,0.048084,preds.pt#1157
1BA222,0177,BridgeRefine-L1-seed123,123,0.925804,23.513243,0.049756,preds.pt#1158
1BA222,0178,BridgeRefine-L1-seed123,123,0.924890,23.002627,0.044242,preds.pt#1159
1BA222,0179,BridgeRefine-L1-seed123,123,0.930793,23.788445,0.047150,preds.pt#1160
1BA222,0180,BridgeRefine-L1-seed123,123,0.925177,23.921516,0.046891,preds.pt#1161
1BA222,0181,BridgeRefine-L1-seed123,123,0.929411,23.881772,0.050015,preds.pt#1162
1BA222,0182,BridgeRefine-L1-seed123,123,0.926619,24.176301,0.051136,preds.pt#1163
1BA222,0183,BridgeRefine-L1-seed123,123,0.929053,24.618144,0.043566,preds.pt#1164
1BA222,0184,BridgeRefine-L1-seed123,123,0.920744,23.992889,0.044409,preds.pt#1165
1BA222,0185,BridgeRefine-L1-seed123,123,0.920922,23.958929,0.049455,preds.pt#1166
1BA222,0186,BridgeRefine-L1-seed123,123,0.925440,24.492120,0.046175,preds.pt#1167
1BA222,0187,BridgeRefine-L1-seed123,123,0.936195,25.848922,0.037729,preds.pt#1168
1BA222,0188,BridgeRefine-L1-seed123,123,0.939072,25.905453,0.043043,preds.pt#1169
1BA222,0189,BridgeRefine-L1-seed123,123,0.940330,25.656006,0.037520,preds.pt#1170
1BA222,0190,BridgeRefine-L1-seed123,123,0.941301,25.454407,0.038257,preds.pt#1171
1BA222,0191,BridgeRefine-L1-seed123,123,0.940141,25.699106,0.043101,preds.pt#1172
1BA222,0192,BridgeRefine-L1-seed123,123,0.919241,24.680934,0.062791,preds.pt#1173
1BA222,0193,BridgeRefine-L1-seed123,123,0.935044,25.674853,0.060032,preds.pt#1174
1BA222,0194,BridgeRefine-L1-seed123,123,0.940074,26.634580,0.060332,preds.pt#1175
1BA222,0195,BridgeRefine-L1-seed123,123,0.947027,26.937472,0.057225,preds.pt#1176
1BA222,0196,BridgeRefine-L1-seed123,123,0.944554,25.985108,0.056630,preds.pt#1177
1BA222,0197,BridgeRefine-L1-seed123,123,0.942411,24.828860,0.064775,preds.pt#1178
1BA222,0198,BridgeRefine-L1-seed123,123,0.951687,26.776371,0.054719,preds.pt#1179
1BA222,0199,BridgeRefine-L1-seed123,123,0.946096,26.155357,0.094360,preds.pt#1180
1BA222,0200,BridgeRefine-L1-seed123,123,0.950122,27.389360,0.144812,preds.pt#1181
1BA222,0201,BridgeRefine-L1-seed123,123,0.953034,32.335278,0.087868,preds.pt#1182
1BA222,0202,BridgeRefine-L1-seed123,123,0.953303,30.565937,0.123416,preds.pt#1183
1BA222,0203,BridgeRefine-L1-seed123,123,0.935386,28.857561,0.105676,preds.pt#1184
1BA256,0000,BridgeRefine-L1-seed123,123,0.958420,35.546559,0.218775,preds.pt#1185
1BA256,0001,BridgeRefine-L1-seed123,123,0.965731,31.955266,0.240114,preds.pt#1186
1BA256,0002,BridgeRefine-L1-seed123,123,0.965318,29.680786,0.220399,preds.pt#1187
1BA256,0003,BridgeRefine-L1-seed123,123,0.970019,29.755153,0.120233,preds.pt#1188
1BA256,0004,BridgeRefine-L1-seed123,123,0.958559,26.851932,0.178737,preds.pt#1189
1BA256,0005,BridgeRefine-L1-seed123,123,0.954843,25.383639,0.174405,preds.pt#1190
1BA256,0006,BridgeRefine-L1-seed123,123,0.960886,26.328668,0.122081,preds.pt#1191
1BA256,0007,BridgeRefine-L1-seed123,123,0.964227,26.911284,0.133838,preds.pt#1192
1BA256,0008,BridgeRefine-L1-seed123,123,0.951029,24.468251,0.181351,preds.pt#1193
1BA256,0009,BridgeRefine-L1-seed123,123,0.958530,25.514029,0.170847,preds.pt#1194
1BA256,0010,BridgeRefine-L1-seed123,123,0.956453,25.435550,0.160799,preds.pt#1195
1BA256,0011,BridgeRefine-L1-seed123,123,0.958166,25.520957,0.086424,preds.pt#1196
1BA256,0012,BridgeRefine-L1-seed123,123,0.947808,23.896666,0.152856,preds.pt#1197
1BA256,0013,BridgeRefine-L1-seed123,123,0.949780,24.344413,0.106657,preds.pt#1198
1BA256,0014,BridgeRefine-L1-seed123,123,0.956622,25.021350,0.123413,preds.pt#1199
1BA256,0015,BridgeRefine-L1-seed123,123,0.952316,24.489549,0.089243,preds.pt#1200
1BA256,0016,BridgeRefine-L1-seed123,123,0.949923,24.442798,0.120764,preds.pt#1201
1BA256,0017,BridgeRefine-L1-seed123,123,0.948411,23.872999,0.103808,preds.pt#1202
1BA256,0018,BridgeRefine-L1-seed123,123,0.947006,23.921380,0.098389,preds.pt#1203
1BA256,0019,BridgeRefine-L1-seed123,123,0.950902,25.328117,0.091360,preds.pt#1204
1BA256,0020,BridgeRefine-L1-seed123,123,0.944508,24.395120,0.117771,preds.pt#1205
1BA256,0021,BridgeRefine-L1-seed123,123,0.946863,24.625645,0.124688,preds.pt#1206
1BA256,0022,BridgeRefine-L1-seed123,123,0.943224,24.102739,0.136356,preds.pt#1207
1BA256,0023,BridgeRefine-L1-seed123,123,0.948956,24.660027,0.137209,preds.pt#1208
1BA256,0024,BridgeRefine-L1-seed123,123,0.940225,24.289371,0.126774,preds.pt#1209
1BA256,0025,BridgeRefine-L1-seed123,123,0.926772,22.933902,0.148101,preds.pt#1210
1BA256,0026,BridgeRefine-L1-seed123,123,0.936509,23.713084,0.143687,preds.pt#1211
1BA256,0027,BridgeRefine-L1-seed123,123,0.932931,23.886121,0.143675,preds.pt#1212
1BA256,0028,BridgeRefine-L1-seed123,123,0.914074,22.295447,0.168904,preds.pt#1213
1BA256,0029,BridgeRefine-L1-seed123,123,0.935811,24.616510,0.135460,preds.pt#1214
1BA256,0030,BridgeRefine-L1-seed123,123,0.919946,23.027851,0.148281,preds.pt#1215
1BA256,0031,BridgeRefine-L1-seed123,123,0.911370,22.440191,0.124437,preds.pt#1216
1BA256,0032,BridgeRefine-L1-seed123,123,0.927800,23.751159,0.098141,preds.pt#1217
1BA256,0033,BridgeRefine-L1-seed123,123,0.903039,22.174389,0.122165,preds.pt#1218
1BA256,0034,BridgeRefine-L1-seed123,123,0.914377,23.043173,0.116309,preds.pt#1219
1BA256,0035,BridgeRefine-L1-seed123,123,0.899403,22.062609,0.126786,preds.pt#1220
1BA256,0036,BridgeRefine-L1-seed123,123,0.897071,21.879997,0.123093,preds.pt#1221
1BA256,0037,BridgeRefine-L1-seed123,123,0.896554,22.039398,0.118856,preds.pt#1222
1BA256,0038,BridgeRefine-L1-seed123,123,0.912664,23.098264,0.121227,preds.pt#1223
1BA256,0039,BridgeRefine-L1-seed123,123,0.894147,21.973456,0.142029,preds.pt#1224
1BA256,0040,BridgeRefine-L1-seed123,123,0.897592,22.259225,0.135080,preds.pt#1225
1BA256,0041,BridgeRefine-L1-seed123,123,0.898427,22.591560,0.135818,preds.pt#1226
1BA256,0042,BridgeRefine-L1-seed123,123,0.883057,21.609569,0.144867,preds.pt#1227
1BA256,0043,BridgeRefine-L1-seed123,123,0.856643,20.606886,0.162065,preds.pt#1228
1BA256,0044,BridgeRefine-L1-seed123,123,0.848758,20.131184,0.160370,preds.pt#1229
1BA256,0045,BridgeRefine-L1-seed123,123,0.859679,20.255892,0.162188,preds.pt#1230
1BA256,0046,BridgeRefine-L1-seed123,123,0.839497,18.846451,0.172298,preds.pt#1231
1BA256,0047,BridgeRefine-L1-seed123,123,0.818118,18.088158,0.189505,preds.pt#1232
1BA256,0048,BridgeRefine-L1-seed123,123,0.793784,17.603012,0.216612,preds.pt#1233
1BA256,0049,BridgeRefine-L1-seed123,123,0.793503,17.925050,0.215972,preds.pt#1234
1BA256,0050,BridgeRefine-L1-seed123,123,0.789096,17.392372,0.213705,preds.pt#1235
1BA256,0051,BridgeRefine-L1-seed123,123,0.781100,16.760155,0.205353,preds.pt#1236
1BA256,0052,BridgeRefine-L1-seed123,123,0.808861,17.026090,0.205923,preds.pt#1237
1BA256,0053,BridgeRefine-L1-seed123,123,0.802418,17.129399,0.189920,preds.pt#1238
1BA256,0054,BridgeRefine-L1-seed123,123,0.817711,18.035537,0.166543,preds.pt#1239
1BA256,0055,BridgeRefine-L1-seed123,123,0.826733,18.589894,0.153806,preds.pt#1240
1BA256,0056,BridgeRefine-L1-seed123,123,0.862383,20.094848,0.139986,preds.pt#1241
1BA256,0057,BridgeRefine-L1-seed123,123,0.855144,19.732270,0.155857,preds.pt#1242
1BA256,0058,BridgeRefine-L1-seed123,123,0.838772,18.866903,0.147001,preds.pt#1243
1BA256,0059,BridgeRefine-L1-seed123,123,0.853841,19.729673,0.125714,preds.pt#1244
1BA256,0060,BridgeRefine-L1-seed123,123,0.835848,18.981990,0.128499,preds.pt#1245
1BA256,0061,BridgeRefine-L1-seed123,123,0.829058,18.935377,0.144623,preds.pt#1246
1BA256,0062,BridgeRefine-L1-seed123,123,0.822888,18.608519,0.142565,preds.pt#1247
1BA256,0063,BridgeRefine-L1-seed123,123,0.831220,19.531402,0.137714,preds.pt#1248
1BA256,0064,BridgeRefine-L1-seed123,123,0.839827,20.132878,0.152072,preds.pt#1249
1BA256,0065,BridgeRefine-L1-seed123,123,0.829753,19.177122,0.156598,preds.pt#1250
1BA256,0066,BridgeRefine-L1-seed123,123,0.833560,19.474695,0.169325,preds.pt#1251
1BA256,0067,BridgeRefine-L1-seed123,123,0.830497,19.370576,0.179817,preds.pt#1252
1BA256,0068,BridgeRefine-L1-seed123,123,0.833745,19.528567,0.180630,preds.pt#1253
1BA256,0069,BridgeRefine-L1-seed123,123,0.836835,19.614131,0.150696,preds.pt#1254
1BA256,0070,BridgeRefine-L1-seed123,123,0.848604,20.213797,0.131140,preds.pt#1255
1BA256,0071,BridgeRefine-L1-seed123,123,0.845075,19.852029,0.136030,preds.pt#1256
1BA256,0072,BridgeRefine-L1-seed123,123,0.835852,19.263585,0.151411,preds.pt#1257
1BA256,0073,BridgeRefine-L1-seed123,123,0.842044,19.757637,0.135679,preds.pt#1258
1BA256,0074,BridgeRefine-L1-seed123,123,0.829341,19.266686,0.147605,preds.pt#1259
1BA256,0075,BridgeRefine-L1-seed123,123,0.832714,19.463179,0.138292,preds.pt#1260
1BA256,0076,BridgeRefine-L1-seed123,123,0.833010,19.898571,0.122953,preds.pt#1261
1BA256,0077,BridgeRefine-L1-seed123,123,0.820027,19.180974,0.146494,preds.pt#1262
1BA256,0078,BridgeRefine-L1-seed123,123,0.822749,19.405085,0.152782,preds.pt#1263
1BA256,0079,BridgeRefine-L1-seed123,123,0.808547,18.772546,0.140304,preds.pt#1264
1BA256,0080,BridgeRefine-L1-seed123,123,0.824109,19.778044,0.132192,preds.pt#1265
1BA256,0081,BridgeRefine-L1-seed123,123,0.813883,19.270877,0.148037,preds.pt#1266
1BA256,0082,BridgeRefine-L1-seed123,123,0.820474,19.539772,0.131720,preds.pt#1267
1BA256,0083,BridgeRefine-L1-seed123,123,0.815194,19.311710,0.147811,preds.pt#1268
1BA256,0084,BridgeRefine-L1-seed123,123,0.808856,19.332492,0.146337,preds.pt#1269
1BA256,0085,BridgeRefine-L1-seed123,123,0.812485,19.334860,0.133401,preds.pt#1270
1BA256,0086,BridgeRefine-L1-seed123,123,0.818975,20.022953,0.125219,preds.pt#1271
1BA256,0087,BridgeRefine-L1-seed123,123,0.803542,19.538821,0.129312,preds.pt#1272
1BA256,0088,BridgeRefine-L1-seed123,123,0.804846,19.584207,0.122385,preds.pt#1273
1BA256,0089,BridgeRefine-L1-seed123,123,0.800347,19.503836,0.121970,preds.pt#1274
1BA256,0090,BridgeRefine-L1-seed123,123,0.799284,19.554764,0.126390,preds.pt#1275
1BA256,0091,BridgeRefine-L1-seed123,123,0.793357,19.274645,0.135932,preds.pt#1276
1BA256,0092,BridgeRefine-L1-seed123,123,0.826169,20.142556,0.117717,preds.pt#1277
1BA256,0093,BridgeRefine-L1-seed123,123,0.805956,19.669833,0.119483,preds.pt#1278
1BA256,0094,BridgeRefine-L1-seed123,123,0.800878,19.309574,0.132200,preds.pt#1279
1BA256,0095,BridgeRefine-L1-seed123,123,0.820289,19.861305,0.121176,preds.pt#1280
1BA256,0096,BridgeRefine-L1-seed123,123,0.791960,18.418532,0.112475,preds.pt#1281
1BA256,0097,BridgeRefine-L1-seed123,123,0.795351,18.468153,0.120673,preds.pt#1282
1BA256,0098,BridgeRefine-L1-seed123,123,0.811219,19.695888,0.114609,preds.pt#1283
1BA256,0099,BridgeRefine-L1-seed123,123,0.786632,18.885977,0.125750,preds.pt#1284
1BA256,0100,BridgeRefine-L1-seed123,123,0.815631,19.952908,0.104832,preds.pt#1285
1BA256,0101,BridgeRefine-L1-seed123,123,0.826677,20.101403,0.112187,preds.pt#1286
1BA256,0102,BridgeRefine-L1-seed123,123,0.825351,20.012918,0.105011,preds.pt#1287
1BA256,0103,BridgeRefine-L1-seed123,123,0.833558,19.991209,0.096895,preds.pt#1288
1BA256,0104,BridgeRefine-L1-seed123,123,0.843209,20.410168,0.089421,preds.pt#1289
1BA256,0105,BridgeRefine-L1-seed123,123,0.844762,20.611615,0.092870,preds.pt#1290
1BA256,0106,BridgeRefine-L1-seed123,123,0.853149,20.929324,0.090300,preds.pt#1291
1BA256,0107,BridgeRefine-L1-seed123,123,0.855615,21.201368,0.089852,preds.pt#1292
1BA256,0108,BridgeRefine-L1-seed123,123,0.848073,20.818928,0.099967,preds.pt#1293
1BA256,0109,BridgeRefine-L1-seed123,123,0.858112,20.721716,0.103148,preds.pt#1294
1BA256,0110,BridgeRefine-L1-seed123,123,0.850415,20.874463,0.083635,preds.pt#1295
1BA256,0111,BridgeRefine-L1-seed123,123,0.862486,21.591348,0.098164,preds.pt#1296
1BA256,0112,BridgeRefine-L1-seed123,123,0.861734,21.347995,0.092723,preds.pt#1297
1BA256,0113,BridgeRefine-L1-seed123,123,0.855112,20.419488,0.079623,preds.pt#1298
1BA256,0114,BridgeRefine-L1-seed123,123,0.859830,20.856092,0.094457,preds.pt#1299
1BA256,0115,BridgeRefine-L1-seed123,123,0.854622,20.379173,0.090031,preds.pt#1300
1BA256,0116,BridgeRefine-L1-seed123,123,0.863410,19.983785,0.104379,preds.pt#1301
1BA256,0117,BridgeRefine-L1-seed123,123,0.865563,21.083838,0.100757,preds.pt#1302
1BA256,0118,BridgeRefine-L1-seed123,123,0.864411,20.940236,0.102087,preds.pt#1303
1BA256,0119,BridgeRefine-L1-seed123,123,0.871175,21.136581,0.088477,preds.pt#1304
1BA256,0120,BridgeRefine-L1-seed123,123,0.872412,21.395180,0.090908,preds.pt#1305
1BA256,0121,BridgeRefine-L1-seed123,123,0.860908,21.057093,0.100591,preds.pt#1306
1BA256,0122,BridgeRefine-L1-seed123,123,0.876394,21.472313,0.095776,preds.pt#1307
1BA256,0123,BridgeRefine-L1-seed123,123,0.874079,21.081060,0.086888,preds.pt#1308
1BA256,0124,BridgeRefine-L1-seed123,123,0.874695,21.473541,0.079118,preds.pt#1309
1BA256,0125,BridgeRefine-L1-seed123,123,0.878114,21.334520,0.077812,preds.pt#1310
1BA256,0126,BridgeRefine-L1-seed123,123,0.864473,21.369588,0.079075,preds.pt#1311
1BA256,0127,BridgeRefine-L1-seed123,123,0.875593,21.297401,0.071318,preds.pt#1312
1BA256,0128,BridgeRefine-L1-seed123,123,0.859499,20.574311,0.080278,preds.pt#1313
1BA256,0129,BridgeRefine-L1-seed123,123,0.856794,20.554479,0.088721,preds.pt#1314
1BA256,0130,BridgeRefine-L1-seed123,123,0.874679,21.236536,0.079314,preds.pt#1315
1BA256,0131,BridgeRefine-L1-seed123,123,0.877046,21.445546,0.071563,preds.pt#1316
1BA256,0132,BridgeRefine-L1-seed123,123,0.880039,21.733947,0.073401,preds.pt#1317
1BA256,0133,BridgeRefine-L1-seed123,123,0.869194,21.444796,0.070719,preds.pt#1318
1BA256,0134,BridgeRefine-L1-seed123,123,0.874446,21.591560,0.075524,preds.pt#1319
1BA256,0135,BridgeRefine-L1-seed123,123,0.882567,21.824618,0.063224,preds.pt#1320
1BA256,0136,BridgeRefine-L1-seed123,123,0.867617,20.419533,0.069819,preds.pt#1321
1BA256,0137,BridgeRefine-L1-seed123,123,0.881516,21.210498,0.065047,preds.pt#1322
1BA256,0138,BridgeRefine-L1-seed123,123,0.883754,21.820066,0.064495,preds.pt#1323
1BA256,0139,BridgeRefine-L1-seed123,123,0.886915,21.550959,0.060231,preds.pt#1324
1BA256,0140,BridgeRefine-L1-seed123,123,0.886323,21.511211,0.067116,preds.pt#1325
1BA256,0141,BridgeRefine-L1-seed123,123,0.880874,21.869948,0.060837,preds.pt#1326
1BA256,0142,BridgeRefine-L1-seed123,123,0.870379,21.034469,0.069944,preds.pt#1327
1BA256,0143,BridgeRefine-L1-seed123,123,0.882539,21.816577,0.062351,preds.pt#1328
1BA256,0144,BridgeRefine-L1-seed123,123,0.875524,21.382448,0.063749,preds.pt#1329
1BA256,0145,BridgeRefine-L1-seed123,123,0.868048,20.542773,0.060089,preds.pt#1330
1BA256,0146,BridgeRefine-L1-seed123,123,0.880535,22.519224,0.064545,preds.pt#1331
1BA256,0147,BridgeRefine-L1-seed123,123,0.873227,21.124428,0.064632,preds.pt#1332
1BA256,0148,BridgeRefine-L1-seed123,123,0.878051,21.676634,0.060021,preds.pt#1333
1BA256,0149,BridgeRefine-L1-seed123,123,0.885929,22.150937,0.054873,preds.pt#1334
1BA256,0150,BridgeRefine-L1-seed123,123,0.872157,21.715025,0.047923,preds.pt#1335
1BA256,0151,BridgeRefine-L1-seed123,123,0.870225,21.781253,0.058634,preds.pt#1336
1BA256,0152,BridgeRefine-L1-seed123,123,0.877144,22.220982,0.074403,preds.pt#1337
1BA256,0153,BridgeRefine-L1-seed123,123,0.876146,22.073259,0.067733,preds.pt#1338
1BA256,0154,BridgeRefine-L1-seed123,123,0.768673,19.929096,0.073892,preds.pt#1339
1BA256,0155,BridgeRefine-L1-seed123,123,0.804339,20.568415,0.065621,preds.pt#1340
1BA256,0156,BridgeRefine-L1-seed123,123,0.786404,21.072126,0.073381,preds.pt#1341
1BA256,0157,BridgeRefine-L1-seed123,123,0.875286,22.022226,0.061102,preds.pt#1342
1BA256,0158,BridgeRefine-L1-seed123,123,0.769865,20.320006,0.061407,preds.pt#1343
1BA256,0159,BridgeRefine-L1-seed123,123,0.869163,21.223439,0.066409,preds.pt#1344
1BA256,0160,BridgeRefine-L1-seed123,123,0.890015,22.294356,0.067934,preds.pt#1345
1BA256,0161,BridgeRefine-L1-seed123,123,0.886469,22.092990,0.056342,preds.pt#1346
1BA256,0162,BridgeRefine-L1-seed123,123,0.893123,22.068592,0.054090,preds.pt#1347
1BA256,0163,BridgeRefine-L1-seed123,123,0.895805,22.292481,0.057677,preds.pt#1348
1BA256,0164,BridgeRefine-L1-seed123,123,0.877515,22.132020,0.051649,preds.pt#1349
1BA256,0165,BridgeRefine-L1-seed123,123,0.798477,20.610662,0.050760,preds.pt#1350
1BA256,0166,BridgeRefine-L1-seed123,123,0.796490,19.971473,0.057297,preds.pt#1351
1BA256,0167,BridgeRefine-L1-seed123,123,0.911542,22.857636,0.048911,preds.pt#1352
1BA256,0168,BridgeRefine-L1-seed123,123,0.892671,22.553244,0.048346,preds.pt#1353
1BA256,0169,BridgeRefine-L1-seed123,123,0.915811,22.953707,0.053260,preds.pt#1354
1BA256,0170,BridgeRefine-L1-seed123,123,0.788053,19.970832,0.051227,preds.pt#1355
1BA256,0171,BridgeRefine-L1-seed123,123,0.918935,22.362791,0.051140,preds.pt#1356
1BA256,0172,BridgeRefine-L1-seed123,123,0.883107,22.324036,0.048576,preds.pt#1357
1BA256,0173,BridgeRefine-L1-seed123,123,0.908832,22.729545,0.049399,preds.pt#1358
1BA256,0174,BridgeRefine-L1-seed123,123,0.914679,22.246452,0.056928,preds.pt#1359
1BA256,0175,BridgeRefine-L1-seed123,123,0.922546,22.835896,0.041019,preds.pt#1360
1BA256,0176,BridgeRefine-L1-seed123,123,0.929334,22.917917,0.053647,preds.pt#1361
1BA256,0177,BridgeRefine-L1-seed123,123,0.931468,23.420470,0.048077,preds.pt#1362
1BA256,0178,BridgeRefine-L1-seed123,123,0.933763,23.421636,0.052669,preds.pt#1363
1BA256,0179,BridgeRefine-L1-seed123,123,0.924755,22.710254,0.049440,preds.pt#1364
1BA256,0180,BridgeRefine-L1-seed123,123,0.849738,20.673905,0.044502,preds.pt#1365
1BA256,0181,BridgeRefine-L1-seed123,123,0.931263,22.882601,0.047742,preds.pt#1366
1BA256,0182,BridgeRefine-L1-seed123,123,0.919600,21.449651,0.045356,preds.pt#1367
1BA256,0183,BridgeRefine-L1-seed123,123,0.920615,21.385480,0.065420,preds.pt#1368
1BA256,0184,BridgeRefine-L1-seed123,123,0.922846,22.168412,0.064820,preds.pt#1369
1BA256,0185,BridgeRefine-L1-seed123,123,0.928171,22.476856,0.065262,preds.pt#1370
1BA256,0186,BridgeRefine-L1-seed123,123,0.927606,22.227550,0.057616,preds.pt#1371
1BA256,0187,BridgeRefine-L1-seed123,123,0.877889,20.425338,0.063171,preds.pt#1372
1BA256,0188,BridgeRefine-L1-seed123,123,0.896978,21.106304,0.057478,preds.pt#1373
1BA256,0189,BridgeRefine-L1-seed123,123,0.937960,22.890910,0.052775,preds.pt#1374
1BA256,0190,BridgeRefine-L1-seed123,123,0.909035,21.850822,0.057440,preds.pt#1375
1BA256,0191,BridgeRefine-L1-seed123,123,0.899674,21.370548,0.067610,preds.pt#1376
1BA256,0192,BridgeRefine-L1-seed123,123,0.906913,21.504630,0.060141,preds.pt#1377
1BA256,0193,BridgeRefine-L1-seed123,123,0.927864,22.298350,0.066127,preds.pt#1378
1BA256,0194,BridgeRefine-L1-seed123,123,0.936285,22.939335,0.060198,preds.pt#1379
1BA256,0195,BridgeRefine-L1-seed123,123,0.938694,23.311642,0.079724,preds.pt#1380
1BA256,0196,BridgeRefine-L1-seed123,123,0.950383,24.830815,0.066298,preds.pt#1381
1BA256,0197,BridgeRefine-L1-seed123,123,0.949316,24.331657,0.066065,preds.pt#1382
1BA256,0198,BridgeRefine-L1-seed123,123,0.957391,24.554194,0.056638,preds.pt#1383
1BA256,0199,BridgeRefine-L1-seed123,123,0.956217,24.776096,0.064256,preds.pt#1384
1BA256,0200,BridgeRefine-L1-seed123,123,0.960954,24.920499,0.085966,preds.pt#1385
1BA256,0201,BridgeRefine-L1-seed123,123,0.956738,29.324154,0.081515,preds.pt#1386
1BA256,0202,BridgeRefine-L1-seed123,123,0.966156,33.636772,0.057119,preds.pt#1387
1BA256,0203,BridgeRefine-L1-seed123,123,0.954806,31.878968,0.072051,preds.pt#1388
1BA328,0001,BridgeRefine-L1-seed123,123,0.979083,38.883978,0.120844,preds.pt#1389
1BA328,0002,BridgeRefine-L1-seed123,123,0.966701,33.701792,0.107749,preds.pt#1390
1BA328,0003,BridgeRefine-L1-seed123,123,0.972047,33.526678,0.114274,preds.pt#1391
1BA328,0004,BridgeRefine-L1-seed123,123,0.975344,33.063608,0.087177,preds.pt#1392
1BA328,0005,BridgeRefine-L1-seed123,123,0.956567,28.474737,0.113788,preds.pt#1393
1BA328,0006,BridgeRefine-L1-seed123,123,0.949901,26.895086,0.112828,preds.pt#1394
1BA328,0007,BridgeRefine-L1-seed123,123,0.958179,26.292437,0.082410,preds.pt#1395
1BA328,0008,BridgeRefine-L1-seed123,123,0.951890,25.353792,0.102434,preds.pt#1396
1BA328,0009,BridgeRefine-L1-seed123,123,0.950758,25.050371,0.107692,preds.pt#1397
1BA328,0010,BridgeRefine-L1-seed123,123,0.946357,24.156491,0.107831,preds.pt#1398
1BA328,0011,BridgeRefine-L1-seed123,123,0.942582,24.130340,0.114113,preds.pt#1399
1BA328,0012,BridgeRefine-L1-seed123,123,0.931749,22.119632,0.123194,preds.pt#1400
1BA328,0013,BridgeRefine-L1-seed123,123,0.937014,21.549067,0.096187,preds.pt#1401
1BA328,0014,BridgeRefine-L1-seed123,123,0.934561,21.733552,0.102758,preds.pt#1402
1BA328,0015,BridgeRefine-L1-seed123,123,0.923764,20.265130,0.101891,preds.pt#1403
1BA328,0016,BridgeRefine-L1-seed123,123,0.919605,20.760249,0.112858,preds.pt#1404
1BA328,0017,BridgeRefine-L1-seed123,123,0.908605,19.781958,0.115533,preds.pt#1405
1BA328,0018,BridgeRefine-L1-seed123,123,0.906816,20.153586,0.128876,preds.pt#1406
1BA328,0019,BridgeRefine-L1-seed123,123,0.912754,20.147157,0.114952,preds.pt#1407
1BA328,0020,BridgeRefine-L1-seed123,123,0.888910,18.574321,0.155516,preds.pt#1408
1BA328,0021,BridgeRefine-L1-seed123,123,0.901631,19.288646,0.136194,preds.pt#1409
1BA328,0022,BridgeRefine-L1-seed123,123,0.896324,19.421464,0.140320,preds.pt#1410
1BA328,0023,BridgeRefine-L1-seed123,123,0.889842,18.911302,0.140125,preds.pt#1411
1BA328,0024,BridgeRefine-L1-seed123,123,0.892581,18.675699,0.137292,preds.pt#1412
1BA328,0025,BridgeRefine-L1-seed123,123,0.889519,18.628419,0.132696,preds.pt#1413
1BA328,0026,BridgeRefine-L1-seed123,123,0.893242,19.002142,0.123947,preds.pt#1414
1BA328,0027,BridgeRefine-L1-seed123,123,0.872925,18.052335,0.146704,preds.pt#1415
1BA328,0028,BridgeRefine-L1-seed123,123,0.877679,18.796809,0.136730,preds.pt#1416
1BA328,0029,BridgeRefine-L1-seed123,123,0.864811,18.212888,0.156844,preds.pt#1417
1BA328,0030,BridgeRefine-L1-seed123,123,0.855573,18.059352,0.156444,preds.pt#1418
1BA328,0031,BridgeRefine-L1-seed123,123,0.840479,17.205389,0.162388,preds.pt#1419
1BA328,0032,BridgeRefine-L1-seed123,123,0.844509,17.708453,0.147837,preds.pt#1420
1BA328,0033,BridgeRefine-L1-seed123,123,0.831826,16.784452,0.151805,preds.pt#1421
1BA328,0034,BridgeRefine-L1-seed123,123,0.838745,17.339025,0.141184,preds.pt#1422
1BA328,0035,BridgeRefine-L1-seed123,123,0.845038,18.150700,0.158444,preds.pt#1423
1BA328,0036,BridgeRefine-L1-seed123,123,0.824795,17.014099,0.177823,preds.pt#1424
1BA328,0037,BridgeRefine-L1-seed123,123,0.815784,17.057554,0.189968,preds.pt#1425
1BA328,0038,BridgeRefine-L1-seed123,123,0.817241,17.199191,0.186732,preds.pt#1426
1BA328,0039,BridgeRefine-L1-seed123,123,0.802484,16.740536,0.188201,preds.pt#1427
1BA328,0040,BridgeRefine-L1-seed123,123,0.812038,16.799316,0.187543,preds.pt#1428
1BA328,0041,BridgeRefine-L1-seed123,123,0.800057,16.005324,0.221562,preds.pt#1429
1BA328,0042,BridgeRefine-L1-seed123,123,0.747064,14.035080,0.250087,preds.pt#1430
1BA328,0043,BridgeRefine-L1-seed123,123,0.804943,16.425991,0.216401,preds.pt#1431
1BA328,0044,BridgeRefine-L1-seed123,123,0.758261,14.501124,0.234044,preds.pt#1432
1BA328,0045,BridgeRefine-L1-seed123,123,0.768432,15.517361,0.228810,preds.pt#1433
1BA328,0046,BridgeRefine-L1-seed123,123,0.745188,14.467145,0.221907,preds.pt#1434
1BA328,0047,BridgeRefine-L1-seed123,123,0.739728,14.397040,0.219137,preds.pt#1435
1BA328,0048,BridgeRefine-L1-seed123,123,0.743964,14.576043,0.226111,preds.pt#1436
1BA328,0049,BridgeRefine-L1-seed123,123,0.711036,13.569705,0.258563,preds.pt#1437
1BA328,0050,BridgeRefine-L1-seed123,123,0.709049,14.052419,0.247981,preds.pt#1438
1BA328,0051,BridgeRefine-L1-seed123,123,0.732271,14.065258,0.218265,preds.pt#1439
1BA328,0052,BridgeRefine-L1-seed123,123,0.717816,14.178127,0.189591,preds.pt#1440
1BA328,0053,BridgeRefine-L1-seed123,123,0.737475,14.758368,0.186109,preds.pt#1441
1BA328,0054,BridgeRefine-L1-seed123,123,0.743162,14.726374,0.183819,preds.pt#1442
1BA328,0055,BridgeRefine-L1-seed123,123,0.750543,15.364726,0.192919,preds.pt#1443
1BA328,0056,BridgeRefine-L1-seed123,123,0.764149,15.822230,0.158538,preds.pt#1444
1BA328,0057,BridgeRefine-L1-seed123,123,0.769352,16.606643,0.165612,preds.pt#1445
1BA328,0058,BridgeRefine-L1-seed123,123,0.778225,17.110234,0.153470,preds.pt#1446
1BA328,0059,BridgeRefine-L1-seed123,123,0.787231,17.502285,0.162838,preds.pt#1447
1BA328,0060,BridgeRefine-L1-seed123,123,0.778984,17.304319,0.161746,preds.pt#1448
1BA328,0061,BridgeRefine-L1-seed123,123,0.795778,17.948469,0.150429,preds.pt#1449
1BA328,0062,BridgeRefine-L1-seed123,123,0.801648,18.124287,0.144369,preds.pt#1450
1BA328,0063,BridgeRefine-L1-seed123,123,0.813636,18.822653,0.120813,preds.pt#1451
1BA328,0064,BridgeRefine-L1-seed123,123,0.800868,18.022322,0.138059,preds.pt#1452
1BA328,0065,BridgeRefine-L1-seed123,123,0.807320,18.568123,0.139964,preds.pt#1453
1BA328,0066,BridgeRefine-L1-seed123,123,0.806854,18.575600,0.148831,preds.pt#1454
1BA328,0067,BridgeRefine-L1-seed123,123,0.814933,19.034191,0.131162,preds.pt#1455
1BA328,0068,BridgeRefine-L1-seed123,123,0.808735,18.798843,0.144784,preds.pt#1456
1BA328,0069,BridgeRefine-L1-seed123,123,0.784830,18.422711,0.154369,preds.pt#1457
1BA328,0070,BridgeRefine-L1-seed123,123,0.787098,18.301262,0.148442,preds.pt#1458
1BA328,0071,BridgeRefine-L1-seed123,123,0.792523,18.612810,0.153558,preds.pt#1459
1BA328,0072,BridgeRefine-L1-seed123,123,0.786800,18.287287,0.146002,preds.pt#1460
1BA328,0073,BridgeRefine-L1-seed123,123,0.788166,18.807956,0.157513,preds.pt#1461
1BA328,0074,BridgeRefine-L1-seed123,123,0.789439,18.823787,0.169055,preds.pt#1462
1BA328,0075,BridgeRefine-L1-seed123,123,0.792618,18.510355,0.168175,preds.pt#1463
1BA328,0076,BridgeRefine-L1-seed123,123,0.782835,18.376563,0.169974,preds.pt#1464
1BA328,0077,BridgeRefine-L1-seed123,123,0.797766,19.183374,0.155965,preds.pt#1465
1BA328,0078,BridgeRefine-L1-seed123,123,0.795631,19.106974,0.135608,preds.pt#1466
1BA328,0079,BridgeRefine-L1-seed123,123,0.787501,18.755642,0.154918,preds.pt#1467
1BA328,0080,BridgeRefine-L1-seed123,123,0.784102,18.525634,0.141449,preds.pt#1468
1BA328,0081,BridgeRefine-L1-seed123,123,0.791435,18.912811,0.146278,preds.pt#1469
1BA328,0082,BridgeRefine-L1-seed123,123,0.804202,19.257576,0.144491,preds.pt#1470
1BA328,0083,BridgeRefine-L1-seed123,123,0.796151,19.224450,0.140805,preds.pt#1471
1BA328,0084,BridgeRefine-L1-seed123,123,0.800563,19.359277,0.142009,preds.pt#1472
1BA328,0085,BridgeRefine-L1-seed123,123,0.790978,19.162458,0.151072,preds.pt#1473
1BA328,0086,BridgeRefine-L1-seed123,123,0.797319,19.485759,0.138826,preds.pt#1474
1BA328,0087,BridgeRefine-L1-seed123,123,0.796958,19.564947,0.140931,preds.pt#1475
1BA328,0088,BridgeRefine-L1-seed123,123,0.779445,18.768748,0.152044,preds.pt#1476
1BA328,0089,BridgeRefine-L1-seed123,123,0.780665,18.915027,0.137773,preds.pt#1477
1BA328,0090,BridgeRefine-L1-seed123,123,0.795488,19.417557,0.143183,preds.pt#1478
1BA328,0091,BridgeRefine-L1-seed123,123,0.801479,19.251232,0.131649,preds.pt#1479
1BA328,0092,BridgeRefine-L1-seed123,123,0.801063,19.405692,0.133324,preds.pt#1480
1BA328,0093,BridgeRefine-L1-seed123,123,0.804847,19.505908,0.120237,preds.pt#1481
1BA328,0094,BridgeRefine-L1-seed123,123,0.808981,19.605756,0.124399,preds.pt#1482
1BA328,0095,BridgeRefine-L1-seed123,123,0.813188,19.298503,0.130647,preds.pt#1483
1BA328,0096,BridgeRefine-L1-seed123,123,0.821568,19.847395,0.129222,preds.pt#1484
1BA328,0097,BridgeRefine-L1-seed123,123,0.833383,20.176986,0.098873,preds.pt#1485
1BA328,0098,BridgeRefine-L1-seed123,123,0.838991,20.247747,0.109443,preds.pt#1486
1BA328,0099,BridgeRefine-L1-seed123,123,0.833280,20.077844,0.103598,preds.pt#1487
1BA328,0100,BridgeRefine-L1-seed123,123,0.821189,19.569274,0.109333,preds.pt#1488
1BA328,0101,BridgeRefine-L1-seed123,123,0.816228,19.220642,0.104815,preds.pt#1489
1BA328,0102,BridgeRefine-L1-seed123,123,0.834529,19.747681,0.100746,preds.pt#1490
1BA328,0103,BridgeRefine-L1-seed123,123,0.834399,19.894582,0.096435,preds.pt#1491
1BA328,0104,BridgeRefine-L1-seed123,123,0.845999,20.260760,0.077403,preds.pt#1492
1BA328,0105,BridgeRefine-L1-seed123,123,0.841194,20.089042,0.084487,preds.pt#1493
1BA328,0106,BridgeRefine-L1-seed123,123,0.838969,20.141081,0.077961,preds.pt#1494
1BA328,0107,BridgeRefine-L1-seed123,123,0.848875,20.285879,0.071660,preds.pt#1495
1BA328,0108,BridgeRefine-L1-seed123,123,0.835548,19.880661,0.094673,preds.pt#1496
1BA328,0109,BridgeRefine-L1-seed123,123,0.829183,19.456484,0.090682,preds.pt#1497
1BA328,0110,BridgeRefine-L1-seed123,123,0.836767,19.804742,0.082420,preds.pt#1498
1BA328,0111,BridgeRefine-L1-seed123,123,0.837733,19.817316,0.081539,preds.pt#1499
1BA328,0112,BridgeRefine-L1-seed123,123,0.850152,20.078408,0.085077,preds.pt#1500
1BA328,0113,BridgeRefine-L1-seed123,123,0.838216,19.853391,0.097877,preds.pt#1501
1BA328,0114,BridgeRefine-L1-seed123,123,0.836319,18.896894,0.086329,preds.pt#1502
1BA328,0115,BridgeRefine-L1-seed123,123,0.853242,19.909861,0.089503,preds.pt#1503
1BA328,0116,BridgeRefine-L1-seed123,123,0.856128,20.147518,0.081986,preds.pt#1504
1BA328,0117,BridgeRefine-L1-seed123,123,0.836825,19.221710,0.078534,preds.pt#1505
1BA328,0118,BridgeRefine-L1-seed123,123,0.840116,19.792912,0.074905,preds.pt#1506
1BA328,0119,BridgeRefine-L1-seed123,123,0.848446,19.564231,0.071503,preds.pt#1507
1BA328,0120,BridgeRefine-L1-seed123,123,0.849131,19.822890,0.076689,preds.pt#1508
1BA328,0121,BridgeRefine-L1-seed123,123,0.856762,20.056320,0.074168,preds.pt#1509
1BA328,0122,BridgeRefine-L1-seed123,123,0.869912,20.803961,0.066462,preds.pt#1510
1BA328,0123,BridgeRefine-L1-seed123,123,0.860954,20.484786,0.060591,preds.pt#1511
1BA328,0124,BridgeRefine-L1-seed123,123,0.868169,21.031734,0.055609,preds.pt#1512
1BA328,0125,BridgeRefine-L1-seed123,123,0.864705,20.767408,0.061291,preds.pt#1513
1BA328,0126,BridgeRefine-L1-seed123,123,0.871315,20.825613,0.059950,preds.pt#1514
1BA328,0127,BridgeRefine-L1-seed123,123,0.883305,21.563851,0.056173,preds.pt#1515
1BA328,0128,BridgeRefine-L1-seed123,123,0.881075,21.402224,0.062234,preds.pt#1516
1BA328,0129,BridgeRefine-L1-seed123,123,0.881151,21.440077,0.059929,preds.pt#1517
1BA328,0130,BridgeRefine-L1-seed123,123,0.878232,21.696684,0.064596,preds.pt#1518
1BA328,0131,BridgeRefine-L1-seed123,123,0.887867,21.864246,0.064184,preds.pt#1519
1BA328,0132,BridgeRefine-L1-seed123,123,0.899813,22.531295,0.058185,preds.pt#1520
1BA328,0133,BridgeRefine-L1-seed123,123,0.895081,22.418049,0.070788,preds.pt#1521
1BA328,0134,BridgeRefine-L1-seed123,123,0.895966,22.216644,0.072093,preds.pt#1522
1BA328,0135,BridgeRefine-L1-seed123,123,0.898115,22.729571,0.064934,preds.pt#1523
1BA328,0136,BridgeRefine-L1-seed123,123,0.888703,22.014482,0.062699,preds.pt#1524
1BA328,0137,BridgeRefine-L1-seed123,123,0.898749,22.403512,0.060999,preds.pt#1525
1BA328,0138,BridgeRefine-L1-seed123,123,0.901037,22.323235,0.056165,preds.pt#1526
1BA328,0139,BridgeRefine-L1-seed123,123,0.903683,22.404841,0.052312,preds.pt#1527
1BA328,0140,BridgeRefine-L1-seed123,123,0.899782,22.174003,0.052469,preds.pt#1528
1BA328,0141,BridgeRefine-L1-seed123,123,0.898722,22.008540,0.062837,preds.pt#1529
1BA328,0142,BridgeRefine-L1-seed123,123,0.907855,22.418413,0.056839,preds.pt#1530
1BA328,0143,BridgeRefine-L1-seed123,123,0.907180,22.191409,0.059414,preds.pt#1531
1BA328,0144,BridgeRefine-L1-seed123,123,0.894647,22.094271,0.058448,preds.pt#1532
1BA328,0145,BridgeRefine-L1-seed123,123,0.897111,22.284863,0.062621,preds.pt#1533
1BA328,0146,BridgeRefine-L1-seed123,123,0.895303,22.091264,0.059106,preds.pt#1534
1BA328,0147,BridgeRefine-L1-seed123,123,0.895649,22.103163,0.066522,preds.pt#1535
1BA328,0148,BridgeRefine-L1-seed123,123,0.900827,22.091214,0.062380,preds.pt#1536
1BA328,0149,BridgeRefine-L1-seed123,123,0.903105,22.105775,0.052580,preds.pt#1537
1BA328,0150,BridgeRefine-L1-seed123,123,0.903530,21.784399,0.051622,preds.pt#1538
1BA328,0151,BridgeRefine-L1-seed123,123,0.899266,21.503829,0.060132,preds.pt#1539
1BA328,0152,BridgeRefine-L1-seed123,123,0.897695,21.250959,0.065391,preds.pt#1540
1BA328,0153,BridgeRefine-L1-seed123,123,0.902133,21.171932,0.061432,preds.pt#1541
1BA328,0154,BridgeRefine-L1-seed123,123,0.908593,21.369806,0.055048,preds.pt#1542
1BA328,0155,BridgeRefine-L1-seed123,123,0.913132,21.765642,0.051833,preds.pt#1543
1BA328,0156,BridgeRefine-L1-seed123,123,0.921311,21.946386,0.049538,preds.pt#1544
1BA328,0157,BridgeRefine-L1-seed123,123,0.926458,22.124264,0.038609,preds.pt#1545
1BA328,0158,BridgeRefine-L1-seed123,123,0.929412,22.628522,0.042006,preds.pt#1546
1BA328,0159,BridgeRefine-L1-seed123,123,0.932613,22.527805,0.039635,preds.pt#1547
1BA328,0160,BridgeRefine-L1-seed123,123,0.935323,22.808566,0.036819,preds.pt#1548
1BA328,0161,BridgeRefine-L1-seed123,123,0.933027,22.394653,0.037146,preds.pt#1549
1BA328,0162,BridgeRefine-L1-seed123,123,0.941005,23.098641,0.035661,preds.pt#1550
1BA328,0163,BridgeRefine-L1-seed123,123,0.930974,21.843664,0.039008,preds.pt#1551
1BA328,0164,BridgeRefine-L1-seed123,123,0.932837,21.922015,0.040098,preds.pt#1552
1BA328,0165,BridgeRefine-L1-seed123,123,0.935897,21.961640,0.040486,preds.pt#1553
1BA328,0166,BridgeRefine-L1-seed123,123,0.938451,22.506142,0.036292,preds.pt#1554
1BA328,0167,BridgeRefine-L1-seed123,123,0.928904,21.822958,0.035782,preds.pt#1555
1BA328,0168,BridgeRefine-L1-seed123,123,0.935073,22.305365,0.035476,preds.pt#1556
1BA328,0169,BridgeRefine-L1-seed123,123,0.941970,23.137997,0.035147,preds.pt#1557
1BA328,0170,BridgeRefine-L1-seed123,123,0.939143,22.526371,0.038882,preds.pt#1558
1BA328,0171,BridgeRefine-L1-seed123,123,0.940709,22.672977,0.036408,preds.pt#1559
1BA328,0172,BridgeRefine-L1-seed123,123,0.941891,22.416013,0.032165,preds.pt#1560
1BA328,0173,BridgeRefine-L1-seed123,123,0.930362,21.605949,0.037706,preds.pt#1561
1BA328,0174,BridgeRefine-L1-seed123,123,0.944274,22.891300,0.027413,preds.pt#1562
1BA328,0175,BridgeRefine-L1-seed123,123,0.935363,22.089388,0.031252,preds.pt#1563
1BA328,0176,BridgeRefine-L1-seed123,123,0.941602,22.853474,0.035266,preds.pt#1564
1BA328,0177,BridgeRefine-L1-seed123,123,0.936142,22.676408,0.040229,preds.pt#1565
1BA328,0178,BridgeRefine-L1-seed123,123,0.942247,23.325791,0.028714,preds.pt#1566
1BA328,0179,BridgeRefine-L1-seed123,123,0.943803,23.572629,0.029876,preds.pt#1567
1BA328,0180,BridgeRefine-L1-seed123,123,0.943842,23.432450,0.034866,preds.pt#1568
1BA328,0181,BridgeRefine-L1-seed123,123,0.938548,22.958272,0.040863,preds.pt#1569
1BA328,0182,BridgeRefine-L1-seed123,123,0.934998,23.279152,0.049744,preds.pt#1570
1BA328,0183,BridgeRefine-L1-seed123,123,0.942450,23.994035,0.048548,preds.pt#1571
1BA328,0184,BridgeRefine-L1-seed123,123,0.936072,23.664757,0.045130,preds.pt#1572
1BA328,0185,BridgeRefine-L1-seed123,123,0.929064,23.655941,0.045786,preds.pt#1573
1BA328,0186,BridgeRefine-L1-seed123,123,0.917627,23.214702,0.062381,preds.pt#1574
1BA328,0187,BridgeRefine-L1-seed123,123,0.910602,22.821296,0.086203,preds.pt#1575
1BA328,0188,BridgeRefine-L1-seed123,123,0.895699,22.166646,0.076036,preds.pt#1576
1BA328,0189,BridgeRefine-L1-seed123,123,0.899572,22.720798,0.091840,preds.pt#1577
1BA328,0190,BridgeRefine-L1-seed123,123,0.889660,21.813604,0.087881,preds.pt#1578
1BA328,0191,BridgeRefine-L1-seed123,123,0.917663,24.425937,0.079467,preds.pt#1579
1BA328,0192,BridgeRefine-L1-seed123,123,0.933033,26.486030,0.076531,preds.pt#1580
1BA328,0193,BridgeRefine-L1-seed123,123,0.931836,26.084676,0.055943,preds.pt#1581
1BA328,0194,BridgeRefine-L1-seed123,123,0.942133,27.472085,0.059179,preds.pt#1582
1BA328,0195,BridgeRefine-L1-seed123,123,0.947412,29.598610,0.046039,preds.pt#1583
1BA328,0196,BridgeRefine-L1-seed123,123,0.948902,29.387532,0.093893,preds.pt#1584
1BA328,0197,BridgeRefine-L1-seed123,123,0.950592,31.186354,0.092862,preds.pt#1585
1BA328,0198,BridgeRefine-L1-seed123,123,0.954474,32.901331,0.065514,preds.pt#1586
1BB002,0000,BridgeRefine-L1-seed123,123,0.543832,11.256353,0.562284,preds.pt#1587
1BB002,0001,BridgeRefine-L1-seed123,123,0.577061,11.160394,0.498968,preds.pt#1588
1BB002,0002,BridgeRefine-L1-seed123,123,0.590907,11.335228,0.456689,preds.pt#1589
1BB002,0003,BridgeRefine-L1-seed123,123,0.604671,11.845139,0.421828,preds.pt#1590
1BB002,0004,BridgeRefine-L1-seed123,123,0.614398,12.690498,0.385901,preds.pt#1591
1BB002,0005,BridgeRefine-L1-seed123,123,0.633369,13.241964,0.368853,preds.pt#1592
1BB002,0006,BridgeRefine-L1-seed123,123,0.615693,13.322750,0.340342,preds.pt#1593
1BB002,0007,BridgeRefine-L1-seed123,123,0.672351,16.004991,0.233635,preds.pt#1594
1BB002,0008,BridgeRefine-L1-seed123,123,0.699074,17.278276,0.198828,preds.pt#1595
1BB002,0009,BridgeRefine-L1-seed123,123,0.734877,17.885006,0.169130,preds.pt#1596
1BB002,0010,BridgeRefine-L1-seed123,123,0.744652,17.690996,0.178467,preds.pt#1597
1BB002,0011,BridgeRefine-L1-seed123,123,0.753273,17.963381,0.174114,preds.pt#1598
1BB002,0012,BridgeRefine-L1-seed123,123,0.714604,16.677274,0.193361,preds.pt#1599
1BB002,0013,BridgeRefine-L1-seed123,123,0.743480,17.746201,0.216508,preds.pt#1600
1BB002,0014,BridgeRefine-L1-seed123,123,0.743589,17.813249,0.204033,preds.pt#1601
1BB002,0015,BridgeRefine-L1-seed123,123,0.740487,17.732843,0.196007,preds.pt#1602
1BB002,0016,BridgeRefine-L1-seed123,123,0.750083,17.864138,0.199292,preds.pt#1603
1BB002,0017,BridgeRefine-L1-seed123,123,0.750545,17.893522,0.205084,preds.pt#1604
1BB002,0018,BridgeRefine-L1-seed123,123,0.732542,17.437310,0.214639,preds.pt#1605
1BB002,0019,BridgeRefine-L1-seed123,123,0.728216,17.281971,0.212843,preds.pt#1606
1BB002,0020,BridgeRefine-L1-seed123,123,0.747057,17.748829,0.184010,preds.pt#1607
1BB002,0021,BridgeRefine-L1-seed123,123,0.730039,16.873880,0.197431,preds.pt#1608
1BB002,0022,BridgeRefine-L1-seed123,123,0.745629,17.677150,0.185777,preds.pt#1609
1BB002,0023,BridgeRefine-L1-seed123,123,0.758421,17.873941,0.153932,preds.pt#1610
1BB002,0024,BridgeRefine-L1-seed123,123,0.762927,17.957338,0.167335,preds.pt#1611
1BB002,0025,BridgeRefine-L1-seed123,123,0.771031,18.144622,0.160349,preds.pt#1612
1BB002,0026,BridgeRefine-L1-seed123,123,0.769210,18.117250,0.160768,preds.pt#1613
1BB002,0027,BridgeRefine-L1-seed123,123,0.763327,17.750661,0.177507,preds.pt#1614
1BB002,0028,BridgeRefine-L1-seed123,123,0.785134,18.164432,0.176068,preds.pt#1615
1BB002,0029,BridgeRefine-L1-seed123,123,0.788365,18.531428,0.161772,preds.pt#1616
1BB002,0030,BridgeRefine-L1-seed123,123,0.792064,18.733184,0.162474,preds.pt#1617
1BB002,0031,BridgeRefine-L1-seed123,123,0.783568,18.218473,0.147096,preds.pt#1618
1BB002,0032,BridgeRefine-L1-seed123,123,0.792045,18.466096,0.145973,preds.pt#1619
1BB002,0033,BridgeRefine-L1-seed123,123,0.797410,18.468129,0.151658,preds.pt#1620
1BB002,0034,BridgeRefine-L1-seed123,123,0.796369,18.709426,0.145463,preds.pt#1621
1BB002,0035,BridgeRefine-L1-seed123,123,0.796622,18.746778,0.146458,preds.pt#1622
1BB002,0036,BridgeRefine-L1-seed123,123,0.797065,18.840593,0.136448,preds.pt#1623
1BB002,0037,BridgeRefine-L1-seed123,123,0.790982,18.640854,0.132763,preds.pt#1624
1BB002,0038,BridgeRefine-L1-seed123,123,0.788012,18.430826,0.129522,preds.pt#1625
1BB002,0039,BridgeRefine-L1-seed123,123,0.782530,18.407063,0.150788,preds.pt#1626
1BB002,0040,BridgeRefine-L1-seed123,123,0.782430,18.309255,0.154715,preds.pt#1627
1BB002,0041,BridgeRefine-L1-seed123,123,0.776519,17.958030,0.160555,preds.pt#1628
1BB002,0042,BridgeRefine-L1-seed123,123,0.776944,17.857627,0.151919,preds.pt#1629
1BB002,0043,BridgeRefine-L1-seed123,123,0.780223,18.066322,0.152217,preds.pt#1630
1BB002,0044,BridgeRefine-L1-seed123,123,0.777164,18.108668,0.162904,preds.pt#1631
1BB002,0045,BridgeRefine-L1-seed123,123,0.776837,18.271604,0.168484,preds.pt#1632
1BB002,0046,BridgeRefine-L1-seed123,123,0.793064,18.768895,0.164303,preds.pt#1633
1BB002,0047,BridgeRefine-L1-seed123,123,0.792181,18.705031,0.147563,preds.pt#1634
1BB002,0048,BridgeRefine-L1-seed123,123,0.793597,18.738160,0.143289,preds.pt#1635
1BB002,0049,BridgeRefine-L1-seed123,123,0.785830,18.636799,0.123660,preds.pt#1636
1BB002,0050,BridgeRefine-L1-seed123,123,0.790826,18.678217,0.121285,preds.pt#1637
1BB002,0051,BridgeRefine-L1-seed123,123,0.784753,18.340135,0.136182,preds.pt#1638
1BB002,0052,BridgeRefine-L1-seed123,123,0.790268,18.611069,0.133648,preds.pt#1639
1BB002,0053,BridgeRefine-L1-seed123,123,0.792711,18.617255,0.138535,preds.pt#1640
1BB002,0054,BridgeRefine-L1-seed123,123,0.789309,18.498739,0.137500,preds.pt#1641
1BB002,0055,BridgeRefine-L1-seed123,123,0.775457,18.165418,0.129880,preds.pt#1642
1BB002,0056,BridgeRefine-L1-seed123,123,0.768104,18.115475,0.137230,preds.pt#1643
1BB002,0057,BridgeRefine-L1-seed123,123,0.766669,17.904195,0.143206,preds.pt#1644
1BB002,0058,BridgeRefine-L1-seed123,123,0.769387,18.266822,0.156891,preds.pt#1645
1BB002,0059,BridgeRefine-L1-seed123,123,0.772209,18.262262,0.150692,preds.pt#1646
1BB002,0060,BridgeRefine-L1-seed123,123,0.768649,18.462771,0.139110,preds.pt#1647
1BB002,0061,BridgeRefine-L1-seed123,123,0.759009,18.267301,0.142437,preds.pt#1648
1BB002,0062,BridgeRefine-L1-seed123,123,0.755888,18.236911,0.146482,preds.pt#1649
1BB002,0063,BridgeRefine-L1-seed123,123,0.760881,18.269788,0.167017,preds.pt#1650
1BB002,0064,BridgeRefine-L1-seed123,123,0.753504,18.130863,0.145750,preds.pt#1651
1BB002,0065,BridgeRefine-L1-seed123,123,0.752549,18.155016,0.151674,preds.pt#1652
1BB002,0066,BridgeRefine-L1-seed123,123,0.749623,17.854653,0.155818,preds.pt#1653
1BB002,0067,BridgeRefine-L1-seed123,123,0.757221,18.001497,0.153474,preds.pt#1654
1BB002,0068,BridgeRefine-L1-seed123,123,0.759307,18.125045,0.155442,preds.pt#1655
1BB002,0069,BridgeRefine-L1-seed123,123,0.750898,17.769803,0.146388,preds.pt#1656
1BB002,0070,BridgeRefine-L1-seed123,123,0.746354,17.674323,0.143915,preds.pt#1657
1BB002,0071,BridgeRefine-L1-seed123,123,0.747496,17.929185,0.142987,preds.pt#1658
1BB002,0072,BridgeRefine-L1-seed123,123,0.754056,18.130663,0.130209,preds.pt#1659
1BB002,0073,BridgeRefine-L1-seed123,123,0.747936,18.130463,0.144111,preds.pt#1660
1BB002,0074,BridgeRefine-L1-seed123,123,0.716894,17.701117,0.135316,preds.pt#1661
1BB002,0075,BridgeRefine-L1-seed123,123,0.719678,17.787544,0.119392,preds.pt#1662
1BB002,0076,BridgeRefine-L1-seed123,123,0.716263,17.751934,0.118918,preds.pt#1663
1BB002,0077,BridgeRefine-L1-seed123,123,0.728818,18.107283,0.124459,preds.pt#1664
1BB002,0078,BridgeRefine-L1-seed123,123,0.724865,18.217590,0.119880,preds.pt#1665
1BB002,0079,BridgeRefine-L1-seed123,123,0.738009,18.535161,0.117681,preds.pt#1666
1BB002,0080,BridgeRefine-L1-seed123,123,0.719944,17.790394,0.125470,preds.pt#1667
1BB002,0081,BridgeRefine-L1-seed123,123,0.745459,18.733846,0.108222,preds.pt#1668
1BB002,0082,BridgeRefine-L1-seed123,123,0.740742,18.492837,0.105257,preds.pt#1669
1BB002,0083,BridgeRefine-L1-seed123,123,0.748771,18.568398,0.101104,preds.pt#1670
1BB002,0084,BridgeRefine-L1-seed123,123,0.739270,18.359814,0.099925,preds.pt#1671
1BB002,0085,BridgeRefine-L1-seed123,123,0.744087,18.403526,0.096217,preds.pt#1672
1BB002,0086,BridgeRefine-L1-seed123,123,0.754692,18.673481,0.088770,preds.pt#1673
1BB002,0087,BridgeRefine-L1-seed123,123,0.767080,18.812426,0.092317,preds.pt#1674
1BB002,0088,BridgeRefine-L1-seed123,123,0.773147,19.083087,0.094736,preds.pt#1675
1BB002,0089,BridgeRefine-L1-seed123,123,0.776036,19.150814,0.111351,preds.pt#1676
1BB002,0090,BridgeRefine-L1-seed123,123,0.761883,18.663239,0.107277,preds.pt#1677
1BB002,0091,BridgeRefine-L1-seed123,123,0.775999,19.032923,0.093544,preds.pt#1678
1BB002,0092,BridgeRefine-L1-seed123,123,0.794667,19.748644,0.094575,preds.pt#1679
1BB002,0093,BridgeRefine-L1-seed123,123,0.786980,19.546489,0.093626,preds.pt#1680
1BB002,0094,BridgeRefine-L1-seed123,123,0.791875,19.729444,0.099119,preds.pt#1681
1BB002,0095,BridgeRefine-L1-seed123,123,0.792219,19.858648,0.102395,preds.pt#1682
1BB002,0096,BridgeRefine-L1-seed123,123,0.797386,19.951033,0.087929,preds.pt#1683
1BB002,0097,BridgeRefine-L1-seed123,123,0.797647,19.837731,0.084234,preds.pt#1684
1BB002,0098,BridgeRefine-L1-seed123,123,0.796432,19.643889,0.086715,preds.pt#1685
1BB002,0099,BridgeRefine-L1-seed123,123,0.815970,20.163195,0.083722,preds.pt#1686
1BB002,0100,BridgeRefine-L1-seed123,123,0.814458,20.321056,0.074871,preds.pt#1687
1BB002,0101,BridgeRefine-L1-seed123,123,0.812545,20.420252,0.075504,preds.pt#1688
1BB002,0102,BridgeRefine-L1-seed123,123,0.819113,20.794341,0.082687,preds.pt#1689
1BB002,0103,BridgeRefine-L1-seed123,123,0.833181,21.093719,0.081986,preds.pt#1690
1BB002,0104,BridgeRefine-L1-seed123,123,0.832282,20.917423,0.070519,preds.pt#1691
1BB002,0105,BridgeRefine-L1-seed123,123,0.827237,20.760476,0.068682,preds.pt#1692
1BB002,0106,BridgeRefine-L1-seed123,123,0.825028,21.075504,0.065558,preds.pt#1693
1BB002,0107,BridgeRefine-L1-seed123,123,0.822273,21.114244,0.065499,preds.pt#1694
1BB002,0108,BridgeRefine-L1-seed123,123,0.818944,20.855506,0.060736,preds.pt#1695
1BB002,0109,BridgeRefine-L1-seed123,123,0.825871,21.174192,0.072258,preds.pt#1696
1BB002,0110,BridgeRefine-L1-seed123,123,0.830512,21.148710,0.076960,preds.pt#1697
1BB002,0111,BridgeRefine-L1-seed123,123,0.820260,20.992338,0.070136,preds.pt#1698
1BB002,0112,BridgeRefine-L1-seed123,123,0.820446,20.893675,0.074929,preds.pt#1699
1BB002,0113,BridgeRefine-L1-seed123,123,0.815740,21.068052,0.087662,preds.pt#1700
1BB002,0114,BridgeRefine-L1-seed123,123,0.818320,21.091602,0.072333,preds.pt#1701
1BB002,0115,BridgeRefine-L1-seed123,123,0.807438,20.310514,0.071230,preds.pt#1702
1BB002,0116,BridgeRefine-L1-seed123,123,0.823516,20.696312,0.071074,preds.pt#1703
1BB002,0117,BridgeRefine-L1-seed123,123,0.813930,20.527675,0.070671,preds.pt#1704
1BB002,0118,BridgeRefine-L1-seed123,123,0.820906,20.457180,0.071882,preds.pt#1705
1BB002,0119,BridgeRefine-L1-seed123,123,0.818963,20.600662,0.069057,preds.pt#1706
1BB002,0120,BridgeRefine-L1-seed123,123,0.799877,19.879478,0.077141,preds.pt#1707
1BB002,0121,BridgeRefine-L1-seed123,123,0.818575,20.484819,0.065319,preds.pt#1708
1BB002,0122,BridgeRefine-L1-seed123,123,0.819602,20.730876,0.072229,preds.pt#1709
1BB002,0123,BridgeRefine-L1-seed123,123,0.823183,20.547073,0.068194,preds.pt#1710
1BB002,0124,BridgeRefine-L1-seed123,123,0.816610,20.411469,0.067326,preds.pt#1711
1BB002,0125,BridgeRefine-L1-seed123,123,0.825352,20.563803,0.066198,preds.pt#1712
1BB002,0126,BridgeRefine-L1-seed123,123,0.836285,20.864169,0.071990,preds.pt#1713
1BB002,0127,BridgeRefine-L1-seed123,123,0.849551,21.230083,0.060706,preds.pt#1714
1BB002,0128,BridgeRefine-L1-seed123,123,0.832261,20.667634,0.055204,preds.pt#1715
1BB002,0129,BridgeRefine-L1-seed123,123,0.836102,20.769856,0.063314,preds.pt#1716
1BB002,0130,BridgeRefine-L1-seed123,123,0.833810,20.803598,0.055503,preds.pt#1717
1BB002,0131,BridgeRefine-L1-seed123,123,0.834929,20.799112,0.055711,preds.pt#1718
1BB002,0132,BridgeRefine-L1-seed123,123,0.836893,20.774176,0.049997,preds.pt#1719
1BB002,0133,BridgeRefine-L1-seed123,123,0.848227,21.337604,0.061349,preds.pt#1720
1BB002,0134,BridgeRefine-L1-seed123,123,0.854140,21.474764,0.055288,preds.pt#1721
1BB002,0135,BridgeRefine-L1-seed123,123,0.855358,21.459953,0.058008,preds.pt#1722
1BB002,0136,BridgeRefine-L1-seed123,123,0.854822,21.516818,0.051850,preds.pt#1723
1BB002,0137,BridgeRefine-L1-seed123,123,0.855948,21.614922,0.047961,preds.pt#1724
1BB002,0138,BridgeRefine-L1-seed123,123,0.849417,21.261472,0.055995,preds.pt#1725
1BB002,0139,BridgeRefine-L1-seed123,123,0.862117,21.681171,0.056721,preds.pt#1726
1BB002,0140,BridgeRefine-L1-seed123,123,0.866636,22.032852,0.043895,preds.pt#1727
1BB002,0141,BridgeRefine-L1-seed123,123,0.857957,21.521718,0.051779,preds.pt#1728
1BB002,0142,BridgeRefine-L1-seed123,123,0.865511,21.774041,0.049329,preds.pt#1729
1BB002,0143,BridgeRefine-L1-seed123,123,0.867943,21.841109,0.044094,preds.pt#1730
1BB002,0144,BridgeRefine-L1-seed123,123,0.868145,21.571776,0.044068,preds.pt#1731
1BB002,0145,BridgeRefine-L1-seed123,123,0.876767,21.771626,0.038716,preds.pt#1732
1BB002,0146,BridgeRefine-L1-seed123,123,0.866466,21.302324,0.046711,preds.pt#1733
1BB002,0147,BridgeRefine-L1-seed123,123,0.873792,21.829955,0.041171,preds.pt#1734
1BB002,0148,BridgeRefine-L1-seed123,123,0.871257,21.634307,0.040155,preds.pt#1735
1BB002,0149,BridgeRefine-L1-seed123,123,0.873993,21.427777,0.043408,preds.pt#1736
1BB002,0150,BridgeRefine-L1-seed123,123,0.879943,22.137677,0.040523,preds.pt#1737
1BB002,0151,BridgeRefine-L1-seed123,123,0.871805,21.378463,0.046107,preds.pt#1738
1BB002,0152,BridgeRefine-L1-seed123,123,0.871281,21.471071,0.036997,preds.pt#1739
1BB002,0153,BridgeRefine-L1-seed123,123,0.861382,21.261517,0.041465,preds.pt#1740
1BB002,0154,BridgeRefine-L1-seed123,123,0.868549,21.606298,0.038343,preds.pt#1741
1BB002,0155,BridgeRefine-L1-seed123,123,0.865415,21.149403,0.041908,preds.pt#1742
1BB002,0156,BridgeRefine-L1-seed123,123,0.872340,21.589263,0.038275,preds.pt#1743
1BB002,0157,BridgeRefine-L1-seed123,123,0.871907,21.993128,0.035186,preds.pt#1744
1BB002,0158,BridgeRefine-L1-seed123,123,0.880070,21.875208,0.039036,preds.pt#1745
1BB002,0159,BridgeRefine-L1-seed123,123,0.865394,21.523024,0.055389,preds.pt#1746
1BB002,0160,BridgeRefine-L1-seed123,123,0.867318,21.186511,0.054492,preds.pt#1747
1BB002,0161,BridgeRefine-L1-seed123,123,0.868611,21.962670,0.051647,preds.pt#1748
1BB002,0162,BridgeRefine-L1-seed123,123,0.870529,22.536520,0.041772,preds.pt#1749
1BB002,0163,BridgeRefine-L1-seed123,123,0.871627,22.660370,0.052628,preds.pt#1750
1BB002,0164,BridgeRefine-L1-seed123,123,0.874192,23.798068,0.050175,preds.pt#1751
1BB002,0165,BridgeRefine-L1-seed123,123,0.861279,21.410043,0.070323,preds.pt#1752
1BB002,0166,BridgeRefine-L1-seed123,123,0.866574,23.094080,0.054855,preds.pt#1753
1BB002,0167,BridgeRefine-L1-seed123,123,0.848596,23.116815,0.048191,preds.pt#1754
1BB002,0168,BridgeRefine-L1-seed123,123,0.843012,23.256278,0.086154,preds.pt#1755
1BB002,0169,BridgeRefine-L1-seed123,123,0.820377,21.411437,0.068877,preds.pt#1756
1BB003,0000,BridgeRefine-L1-seed123,123,0.682958,20.657831,0.465091,preds.pt#1757
1BB003,0001,BridgeRefine-L1-seed123,123,0.733204,18.476453,0.438385,preds.pt#1758
1BB003,0002,BridgeRefine-L1-seed123,123,0.712620,19.544826,0.398303,preds.pt#1759
1BB003,0003,BridgeRefine-L1-seed123,123,0.643524,17.650321,0.458242,preds.pt#1760
1BB003,0004,BridgeRefine-L1-seed123,123,0.696287,17.662475,0.386516,preds.pt#1761
1BB003,0005,BridgeRefine-L1-seed123,123,0.666070,17.761011,0.419065,preds.pt#1762
1BB003,0006,BridgeRefine-L1-seed123,123,0.716425,18.359905,0.341231,preds.pt#1763
1BB003,0007,BridgeRefine-L1-seed123,123,0.758655,17.806913,0.303398,preds.pt#1764
1BB003,0008,BridgeRefine-L1-seed123,123,0.654932,15.061509,0.346805,preds.pt#1765
1BB003,0009,BridgeRefine-L1-seed123,123,0.724614,16.097890,0.300786,preds.pt#1766
1BB003,0010,BridgeRefine-L1-seed123,123,0.645011,14.710843,0.314646,preds.pt#1767
1BB003,0011,BridgeRefine-L1-seed123,123,0.723321,14.552146,0.320707,preds.pt#1768
1BB003,0012,BridgeRefine-L1-seed123,123,0.688837,14.770215,0.296669,preds.pt#1769
1BB003,0013,BridgeRefine-L1-seed123,123,0.710333,13.486124,0.323919,preds.pt#1770
1BB003,0014,BridgeRefine-L1-seed123,123,0.672549,15.132337,0.257239,preds.pt#1771
1BB003,0015,BridgeRefine-L1-seed123,123,0.673425,15.267764,0.233066,preds.pt#1772
1BB003,0016,BridgeRefine-L1-seed123,123,0.670361,13.341607,0.293612,preds.pt#1773
1BB003,0017,BridgeRefine-L1-seed123,123,0.684698,13.916964,0.232928,preds.pt#1774
1BB003,0018,BridgeRefine-L1-seed123,123,0.665559,12.846631,0.294080,preds.pt#1775
1BB003,0019,BridgeRefine-L1-seed123,123,0.644232,12.452283,0.317228,preds.pt#1776
1BB003,0020,BridgeRefine-L1-seed123,123,0.723049,17.176180,0.177317,preds.pt#1777
1BB003,0021,BridgeRefine-L1-seed123,123,0.699147,15.165444,0.236160,preds.pt#1778
1BB003,0022,BridgeRefine-L1-seed123,123,0.730267,17.519618,0.189394,preds.pt#1779
1BB003,0023,BridgeRefine-L1-seed123,123,0.678405,13.595532,0.296601,preds.pt#1780
1BB003,0024,BridgeRefine-L1-seed123,123,0.670501,13.349585,0.301437,preds.pt#1781
1BB003,0025,BridgeRefine-L1-seed123,123,0.693573,14.256880,0.237105,preds.pt#1782
1BB003,0026,BridgeRefine-L1-seed123,123,0.720558,15.956965,0.225437,preds.pt#1783
1BB003,0027,BridgeRefine-L1-seed123,123,0.680826,13.280017,0.275956,preds.pt#1784
1BB003,0028,BridgeRefine-L1-seed123,123,0.729239,16.417001,0.179393,preds.pt#1785
1BB003,0029,BridgeRefine-L1-seed123,123,0.664201,13.005720,0.299804,preds.pt#1786
1BB003,0030,BridgeRefine-L1-seed123,123,0.711978,15.404073,0.231494,preds.pt#1787
1BB003,0031,BridgeRefine-L1-seed123,123,0.724692,16.913592,0.223367,preds.pt#1788
1BB003,0032,BridgeRefine-L1-seed123,123,0.704364,15.451224,0.247414,preds.pt#1789
1BB003,0033,BridgeRefine-L1-seed123,123,0.728071,17.176227,0.213621,preds.pt#1790
1BB003,0034,BridgeRefine-L1-seed123,123,0.667367,13.608658,0.295412,preds.pt#1791
1BB003,0035,BridgeRefine-L1-seed123,123,0.722938,16.886850,0.192784,preds.pt#1792
1BB003,0036,BridgeRefine-L1-seed123,123,0.727373,17.183285,0.192264,preds.pt#1793
1BB003,0037,BridgeRefine-L1-seed123,123,0.657984,13.171195,0.275751,preds.pt#1794
1BB003,0038,BridgeRefine-L1-seed123,123,0.735388,17.484273,0.178343,preds.pt#1795
1BB003,0039,BridgeRefine-L1-seed123,123,0.680999,14.298972,0.255824,preds.pt#1796
1BB003,0040,BridgeRefine-L1-seed123,123,0.690850,14.683730,0.244001,preds.pt#1797
1BB003,0041,BridgeRefine-L1-seed123,123,0.733205,17.636182,0.201684,preds.pt#1798
1BB003,0042,BridgeRefine-L1-seed123,123,0.736881,17.419167,0.194457,preds.pt#1799
1BB003,0043,BridgeRefine-L1-seed123,123,0.688187,14.609169,0.232186,preds.pt#1800
1BB003,0044,BridgeRefine-L1-seed123,123,0.747470,17.748819,0.164169,preds.pt#1801
1BB003,0045,BridgeRefine-L1-seed123,123,0.758547,17.859706,0.181627,preds.pt#1802
1BB003,0046,BridgeRefine-L1-seed123,123,0.752820,17.776063,0.181827,preds.pt#1803
1BB003,0047,BridgeRefine-L1-seed123,123,0.755422,17.902848,0.167336,preds.pt#1804
1BB003,0048,BridgeRefine-L1-seed123,123,0.753596,17.578031,0.165929,preds.pt#1805
1BB003,0049,BridgeRefine-L1-seed123,123,0.750635,17.086381,0.170698,preds.pt#1806
1BB003,0050,BridgeRefine-L1-seed123,123,0.752121,16.996783,0.173779,preds.pt#1807
1BB003,0051,BridgeRefine-L1-seed123,123,0.757035,17.275932,0.156205,preds.pt#1808
1BB003,0052,BridgeRefine-L1-seed123,123,0.762836,17.742165,0.156957,preds.pt#1809
1BB003,0053,BridgeRefine-L1-seed123,123,0.762754,17.924753,0.164539,preds.pt#1810
1BB003,0054,BridgeRefine-L1-seed123,123,0.765402,17.817064,0.173019,preds.pt#1811
1BB003,0055,BridgeRefine-L1-seed123,123,0.773176,18.199097,0.172886,preds.pt#1812
1BB003,0056,BridgeRefine-L1-seed123,123,0.774164,18.202341,0.159888,preds.pt#1813
1BB003,0057,BridgeRefine-L1-seed123,123,0.763337,18.051057,0.172529,preds.pt#1814
1BB003,0058,BridgeRefine-L1-seed123,123,0.764688,18.214012,0.169155,preds.pt#1815
1BB003,0059,BridgeRefine-L1-seed123,123,0.763100,18.039950,0.149198,preds.pt#1816
1BB003,0060,BridgeRefine-L1-seed123,123,0.763246,17.929831,0.165402,preds.pt#1817
1BB003,0061,BridgeRefine-L1-seed123,123,0.765391,18.004981,0.152546,preds.pt#1818
1BB003,0062,BridgeRefine-L1-seed123,123,0.757819,17.712537,0.156556,preds.pt#1819
1BB003,0063,BridgeRefine-L1-seed123,123,0.766692,17.648703,0.158192,preds.pt#1820
1BB003,0064,BridgeRefine-L1-seed123,123,0.763162,17.533400,0.141650,preds.pt#1821
1BB003,0065,BridgeRefine-L1-seed123,123,0.764460,17.574277,0.152380,preds.pt#1822
1BB003,0066,BridgeRefine-L1-seed123,123,0.778258,17.866011,0.130053,preds.pt#1823
1BB003,0067,BridgeRefine-L1-seed123,123,0.777736,17.960685,0.142584,preds.pt#1824
1BB003,0068,BridgeRefine-L1-seed123,123,0.767688,17.790712,0.143007,preds.pt#1825
1BB003,0069,BridgeRefine-L1-seed123,123,0.762184,17.749770,0.138815,preds.pt#1826
1BB003,0070,BridgeRefine-L1-seed123,123,0.765311,18.016650,0.142226,preds.pt#1827
1BB003,0071,BridgeRefine-L1-seed123,123,0.766712,18.221426,0.133198,preds.pt#1828
1BB003,0072,BridgeRefine-L1-seed123,123,0.761251,18.092926,0.133092,preds.pt#1829
1BB003,0073,BridgeRefine-L1-seed123,123,0.761727,18.145893,0.132535,preds.pt#1830
1BB003,0074,BridgeRefine-L1-seed123,123,0.759180,18.078273,0.122148,preds.pt#1831
1BB003,0075,BridgeRefine-L1-seed123,123,0.767944,18.484200,0.123412,preds.pt#1832
1BB003,0076,BridgeRefine-L1-seed123,123,0.765739,18.570189,0.122740,preds.pt#1833
1BB003,0077,BridgeRefine-L1-seed123,123,0.757165,18.465790,0.144351,preds.pt#1834
1BB003,0078,BridgeRefine-L1-seed123,123,0.734202,17.801483,0.141439,preds.pt#1835
1BB003,0079,BridgeRefine-L1-seed123,123,0.719857,17.579027,0.130455,preds.pt#1836
1BB003,0080,BridgeRefine-L1-seed123,123,0.723220,17.792057,0.122611,preds.pt#1837
1BB003,0081,BridgeRefine-L1-seed123,123,0.731375,17.981918,0.115980,preds.pt#1838
1BB003,0082,BridgeRefine-L1-seed123,123,0.735542,17.832816,0.106234,preds.pt#1839
1BB003,0083,BridgeRefine-L1-seed123,123,0.746958,18.278292,0.118208,preds.pt#1840
1BB003,0084,BridgeRefine-L1-seed123,123,0.749781,18.135324,0.109718,preds.pt#1841
1BB003,0085,BridgeRefine-L1-seed123,123,0.761032,18.094393,0.109602,preds.pt#1842
1BB003,0086,BridgeRefine-L1-seed123,123,0.756155,17.897384,0.103485,preds.pt#1843
1BB003,0087,BridgeRefine-L1-seed123,123,0.773519,18.502191,0.096379,preds.pt#1844
1BB003,0088,BridgeRefine-L1-seed123,123,0.790090,18.691330,0.090247,preds.pt#1845
1BB003,0089,BridgeRefine-L1-seed123,123,0.787920,18.541230,0.097635,preds.pt#1846
1BB003,0090,BridgeRefine-L1-seed123,123,0.793540,18.732983,0.091427,preds.pt#1847
1BB003,0091,BridgeRefine-L1-seed123,123,0.793377,18.595123,0.087426,preds.pt#1848
1BB003,0092,BridgeRefine-L1-seed123,123,0.788489,18.605246,0.088274,preds.pt#1849
1BB003,0093,BridgeRefine-L1-seed123,123,0.791101,18.933006,0.085949,preds.pt#1850
1BB003,0094,BridgeRefine-L1-seed123,123,0.798736,18.901970,0.078651,preds.pt#1851
1BB003,0095,BridgeRefine-L1-seed123,123,0.797320,18.802152,0.086620,preds.pt#1852
1BB003,0096,BridgeRefine-L1-seed123,123,0.802427,18.991251,0.092454,preds.pt#1853
1BB003,0097,BridgeRefine-L1-seed123,123,0.794597,19.049275,0.096970,preds.pt#1854
1BB003,0098,BridgeRefine-L1-seed123,123,0.785297,18.854721,0.100649,preds.pt#1855
1BB003,0099,BridgeRefine-L1-seed123,123,0.776810,18.851489,0.091482,preds.pt#1856
1BB003,0100,BridgeRefine-L1-seed123,123,0.773691,18.815461,0.098590,preds.pt#1857
1BB003,0101,BridgeRefine-L1-seed123,123,0.776475,18.804105,0.098505,preds.pt#1858
1BB003,0102,BridgeRefine-L1-seed123,123,0.772026,18.807842,0.104220,preds.pt#1859
1BB003,0103,BridgeRefine-L1-seed123,123,0.766008,18.811955,0.096243,preds.pt#1860
1BB003,0104,BridgeRefine-L1-seed123,123,0.770387,18.596004,0.090435,preds.pt#1861
1BB003,0105,BridgeRefine-L1-seed123,123,0.785112,19.148892,0.093571,preds.pt#1862
1BB003,0106,BridgeRefine-L1-seed123,123,0.778648,18.978241,0.084350,preds.pt#1863
1BB003,0107,BridgeRefine-L1-seed123,123,0.790058,19.210089,0.084496,preds.pt#1864
1BB003,0108,BridgeRefine-L1-seed123,123,0.788702,19.307945,0.098575,preds.pt#1865
1BB003,0109,BridgeRefine-L1-seed123,123,0.771452,18.792735,0.104008,preds.pt#1866
1BB003,0110,BridgeRefine-L1-seed123,123,0.780855,19.033694,0.096856,preds.pt#1867
1BB003,0111,BridgeRefine-L1-seed123,123,0.719841,17.624018,0.107265,preds.pt#1868
1BB003,0112,BridgeRefine-L1-seed123,123,0.728008,17.712438,0.105392,preds.pt#1869
1BB003,0113,BridgeRefine-L1-seed123,123,0.722709,17.726406,0.100645,preds.pt#1870
1BB003,0114,BridgeRefine-L1-seed123,123,0.740947,17.963295,0.099084,preds.pt#1871
1BB003,0115,BridgeRefine-L1-seed123,123,0.735857,18.054501,0.098183,preds.pt#1872
1BB003,0116,BridgeRefine-L1-seed123,123,0.734067,18.142015,0.100918,preds.pt#1873
1BB003,0117,BridgeRefine-L1-seed123,123,0.734143,18.017573,0.094895,preds.pt#1874
1BB003,0118,BridgeRefine-L1-seed123,123,0.727673,17.936408,0.093135,preds.pt#1875
1BB003,0119,BridgeRefine-L1-seed123,123,0.724242,17.930210,0.085321,preds.pt#1876
1BB003,0120,BridgeRefine-L1-seed123,123,0.742664,18.286900,0.089157,preds.pt#1877
1BB003,0121,BridgeRefine-L1-seed123,123,0.739197,18.278258,0.081632,preds.pt#1878
1BB003,0122,BridgeRefine-L1-seed123,123,0.733588,18.091604,0.087141,preds.pt#1879
1BB003,0123,BridgeRefine-L1-seed123,123,0.765375,18.791623,0.086134,preds.pt#1880
1BB003,0124,BridgeRefine-L1-seed123,123,0.773995,19.055754,0.075266,preds.pt#1881
1BB003,0125,BridgeRefine-L1-seed123,123,0.782720,19.357356,0.082828,preds.pt#1882
1BB003,0126,BridgeRefine-L1-seed123,123,0.784731,19.377890,0.078038,preds.pt#1883
1BB003,0127,BridgeRefine-L1-seed123,123,0.786620,19.305660,0.083209,preds.pt#1884
1BB003,0128,BridgeRefine-L1-seed123,123,0.794266,19.446345,0.072711,preds.pt#1885
1BB003,0129,BridgeRefine-L1-seed123,123,0.805775,19.715877,0.074971,preds.pt#1886
1BB003,0130,BridgeRefine-L1-seed123,123,0.789639,19.463455,0.073769,preds.pt#1887
1BB003,0131,BridgeRefine-L1-seed123,123,0.811546,20.090379,0.071782,preds.pt#1888
1BB003,0132,BridgeRefine-L1-seed123,123,0.799261,19.808326,0.073373,preds.pt#1889
1BB003,0133,BridgeRefine-L1-seed123,123,0.802146,20.037516,0.064887,preds.pt#1890
1BB003,0134,BridgeRefine-L1-seed123,123,0.804196,19.805533,0.071387,preds.pt#1891
1BB003,0135,BridgeRefine-L1-seed123,123,0.797600,19.541780,0.074611,preds.pt#1892
1BB003,0136,BridgeRefine-L1-seed123,123,0.801973,19.585745,0.069576,preds.pt#1893
1BB003,0137,BridgeRefine-L1-seed123,123,0.802898,19.745208,0.081828,preds.pt#1894
1BB003,0138,BridgeRefine-L1-seed123,123,0.795014,19.412566,0.077301,preds.pt#1895
1BB003,0139,BridgeRefine-L1-seed123,123,0.783745,19.120741,0.065692,preds.pt#1896
1BB003,0140,BridgeRefine-L1-seed123,123,0.791036,19.385986,0.069755,preds.pt#1897
1BB003,0141,BridgeRefine-L1-seed123,123,0.813069,19.966350,0.057077,preds.pt#1898
1BB003,0142,BridgeRefine-L1-seed123,123,0.788252,19.255639,0.075055,preds.pt#1899
1BB003,0143,BridgeRefine-L1-seed123,123,0.792798,19.312922,0.074484,preds.pt#1900
1BB003,0144,BridgeRefine-L1-seed123,123,0.803351,19.587015,0.080213,preds.pt#1901
1BB003,0145,BridgeRefine-L1-seed123,123,0.804316,19.484618,0.066774,preds.pt#1902
1BB003,0146,BridgeRefine-L1-seed123,123,0.802352,19.577308,0.056847,preds.pt#1903
1BB003,0147,BridgeRefine-L1-seed123,123,0.779686,18.895382,0.075217,preds.pt#1904
1BB003,0148,BridgeRefine-L1-seed123,123,0.794063,18.867672,0.070535,preds.pt#1905
1BB003,0149,BridgeRefine-L1-seed123,123,0.797550,18.856875,0.076071,preds.pt#1906
1BB003,0150,BridgeRefine-L1-seed123,123,0.791322,18.881254,0.067222,preds.pt#1907
1BB003,0151,BridgeRefine-L1-seed123,123,0.780145,18.598886,0.066608,preds.pt#1908
1BB003,0152,BridgeRefine-L1-seed123,123,0.806458,18.879136,0.066931,preds.pt#1909
1BB003,0153,BridgeRefine-L1-seed123,123,0.802710,18.640139,0.075041,preds.pt#1910
1BB003,0154,BridgeRefine-L1-seed123,123,0.801975,18.517261,0.073860,preds.pt#1911
1BB003,0155,BridgeRefine-L1-seed123,123,0.801228,18.458562,0.080165,preds.pt#1912
1BB003,0156,BridgeRefine-L1-seed123,123,0.803394,18.564623,0.071810,preds.pt#1913
1BB003,0157,BridgeRefine-L1-seed123,123,0.784341,18.082132,0.072113,preds.pt#1914
1BB003,0158,BridgeRefine-L1-seed123,123,0.785012,17.837528,0.083370,preds.pt#1915
1BB003,0159,BridgeRefine-L1-seed123,123,0.784463,18.006427,0.080435,preds.pt#1916
1BB003,0160,BridgeRefine-L1-seed123,123,0.790528,18.002203,0.079560,preds.pt#1917
1BB003,0161,BridgeRefine-L1-seed123,123,0.786720,18.066536,0.081452,preds.pt#1918
1BB003,0162,BridgeRefine-L1-seed123,123,0.794580,17.955679,0.065332,preds.pt#1919
1BB003,0163,BridgeRefine-L1-seed123,123,0.802016,18.023609,0.072389,preds.pt#1920
1BB003,0164,BridgeRefine-L1-seed123,123,0.796171,17.934847,0.072208,preds.pt#1921
1BB003,0165,BridgeRefine-L1-seed123,123,0.787706,17.932830,0.078268,preds.pt#1922
1BB003,0166,BridgeRefine-L1-seed123,123,0.800960,18.269363,0.060166,preds.pt#1923
1BB003,0167,BridgeRefine-L1-seed123,123,0.797100,18.339824,0.072095,preds.pt#1924
1BB003,0168,BridgeRefine-L1-seed123,123,0.785860,18.518247,0.071855,preds.pt#1925
1BB003,0169,BridgeRefine-L1-seed123,123,0.815795,18.824902,0.062020,preds.pt#1926
1BB003,0170,BridgeRefine-L1-seed123,123,0.801457,18.981369,0.058891,preds.pt#1927
1BB003,0171,BridgeRefine-L1-seed123,123,0.791736,19.352060,0.055020,preds.pt#1928
1BB003,0172,BridgeRefine-L1-seed123,123,0.846415,20.318318,0.047541,preds.pt#1929
1BB003,0173,BridgeRefine-L1-seed123,123,0.807396,19.956367,0.050006,preds.pt#1930
1BB003,0174,BridgeRefine-L1-seed123,123,0.854469,20.277011,0.054826,preds.pt#1931
1BB003,0175,BridgeRefine-L1-seed123,123,0.858521,20.605479,0.053928,preds.pt#1932
1BB003,0176,BridgeRefine-L1-seed123,123,0.865623,20.135617,0.049137,preds.pt#1933
1BB003,0177,BridgeRefine-L1-seed123,123,0.861784,20.126478,0.056528,preds.pt#1934
1BB003,0178,BridgeRefine-L1-seed123,123,0.861103,20.025024,0.065923,preds.pt#1935
1BB003,0179,BridgeRefine-L1-seed123,123,0.861264,20.460912,0.067047,preds.pt#1936
1BB003,0180,BridgeRefine-L1-seed123,123,0.864958,20.980678,0.064894,preds.pt#1937
1BB003,0181,BridgeRefine-L1-seed123,123,0.874915,21.999855,0.074453,preds.pt#1938
1BB003,0182,BridgeRefine-L1-seed123,123,0.874899,20.707277,0.061015,preds.pt#1939
1BB003,0183,BridgeRefine-L1-seed123,123,0.871778,20.630883,0.057187,preds.pt#1940
1BB003,0184,BridgeRefine-L1-seed123,123,0.875321,21.560163,0.049351,preds.pt#1941
1BB003,0185,BridgeRefine-L1-seed123,123,0.890188,22.372055,0.058249,preds.pt#1942
1BB003,0186,BridgeRefine-L1-seed123,123,0.884565,22.591726,0.060645,preds.pt#1943
1BB003,0187,BridgeRefine-L1-seed123,123,0.881416,22.686757,0.065539,preds.pt#1944
1BB003,0188,BridgeRefine-L1-seed123,123,0.906518,26.091062,0.042037,preds.pt#1945
1BB003,0189,BridgeRefine-L1-seed123,123,0.894391,27.028705,0.032526,preds.pt#1946
1BB003,0190,BridgeRefine-L1-seed123,123,0.890320,27.386226,0.035947,preds.pt#1947
1BB003,0191,BridgeRefine-L1-seed123,123,0.903362,28.185169,0.035851,preds.pt#1948
1BB003,0192,BridgeRefine-L1-seed123,123,0.856179,24.931432,0.044158,preds.pt#1949
1BB003,0193,BridgeRefine-L1-seed123,123,0.863457,24.291656,0.055454,preds.pt#1950
1BB008,0000,BridgeRefine-L1-seed123,123,0.582922,11.328009,0.478906,preds.pt#1951
1BB008,0001,BridgeRefine-L1-seed123,123,0.601758,13.348156,0.347818,preds.pt#1952
1BB008,0002,BridgeRefine-L1-seed123,123,0.683596,17.134894,0.214070,preds.pt#1953
1BB008,0003,BridgeRefine-L1-seed123,123,0.708508,16.739087,0.218755,preds.pt#1954
1BB008,0004,BridgeRefine-L1-seed123,123,0.715888,17.310526,0.219460,preds.pt#1955
1BB008,0005,BridgeRefine-L1-seed123,123,0.660947,15.160044,0.236244,preds.pt#1956
1BB008,0006,BridgeRefine-L1-seed123,123,0.702576,16.824550,0.232383,preds.pt#1957
1BB008,0007,BridgeRefine-L1-seed123,123,0.703331,17.152048,0.218704,preds.pt#1958
1BB008,0008,BridgeRefine-L1-seed123,123,0.697427,16.953357,0.211743,preds.pt#1959
1BB008,0009,BridgeRefine-L1-seed123,123,0.700682,16.915692,0.227116,preds.pt#1960
1BB008,0010,BridgeRefine-L1-seed123,123,0.705300,16.924679,0.199450,preds.pt#1961
1BB008,0011,BridgeRefine-L1-seed123,123,0.697893,16.755240,0.197931,preds.pt#1962
1BB008,0012,BridgeRefine-L1-seed123,123,0.713351,17.311071,0.200349,preds.pt#1963
1BB008,0013,BridgeRefine-L1-seed123,123,0.688247,16.333711,0.221877,preds.pt#1964
1BB008,0014,BridgeRefine-L1-seed123,123,0.645378,14.837774,0.260140,preds.pt#1965
1BB008,0015,BridgeRefine-L1-seed123,123,0.670323,15.308404,0.235352,preds.pt#1966
1BB008,0016,BridgeRefine-L1-seed123,123,0.695785,16.268252,0.206772,preds.pt#1967
1BB008,0017,BridgeRefine-L1-seed123,123,0.723781,17.614454,0.177622,preds.pt#1968
1BB008,0018,BridgeRefine-L1-seed123,123,0.654322,14.283282,0.225183,preds.pt#1969
1BB008,0019,BridgeRefine-L1-seed123,123,0.734253,17.929679,0.187389,preds.pt#1970
1BB008,0020,BridgeRefine-L1-seed123,123,0.729434,17.662490,0.199645,preds.pt#1971
1BB008,0021,BridgeRefine-L1-seed123,123,0.718501,17.312829,0.198269,preds.pt#1972
1BB008,0022,BridgeRefine-L1-seed123,123,0.724554,17.367226,0.197476,preds.pt#1973
1BB008,0023,BridgeRefine-L1-seed123,123,0.726113,17.524487,0.197493,preds.pt#1974
1BB008,0024,BridgeRefine-L1-seed123,123,0.731684,17.937908,0.193060,preds.pt#1975
1BB008,0025,BridgeRefine-L1-seed123,123,0.737869,17.947034,0.187180,preds.pt#1976
1BB008,0026,BridgeRefine-L1-seed123,123,0.740282,17.866413,0.181487,preds.pt#1977
1BB008,0027,BridgeRefine-L1-seed123,123,0.747370,17.825659,0.192008,preds.pt#1978
1BB008,0028,BridgeRefine-L1-seed123,123,0.747360,17.759245,0.183936,preds.pt#1979
1BB008,0029,BridgeRefine-L1-seed123,123,0.748839,17.928498,0.176662,preds.pt#1980
1BB008,0030,BridgeRefine-L1-seed123,123,0.758026,18.098048,0.164134,preds.pt#1981
1BB008,0031,BridgeRefine-L1-seed123,123,0.757302,18.003679,0.174933,preds.pt#1982
1BB008,0032,BridgeRefine-L1-seed123,123,0.748397,17.718654,0.164686,preds.pt#1983
1BB008,0033,BridgeRefine-L1-seed123,123,0.753051,18.104786,0.170792,preds.pt#1984
1BB008,0034,BridgeRefine-L1-seed123,123,0.750355,17.847818,0.180343,preds.pt#1985
1BB008,0035,BridgeRefine-L1-seed123,123,0.754979,17.998971,0.167848,preds.pt#1986
1BB008,0036,BridgeRefine-L1-seed123,123,0.757331,17.853660,0.156534,preds.pt#1987
1BB008,0037,BridgeRefine-L1-seed123,123,0.759052,17.961934,0.143878,preds.pt#1988
1BB008,0038,BridgeRefine-L1-seed123,123,0.767237,18.411900,0.154884,preds.pt#1989
1BB008,0039,BridgeRefine-L1-seed123,123,0.773298,18.527600,0.149804,preds.pt#1990
1BB008,0040,BridgeRefine-L1-seed123,123,0.776083,18.574259,0.139938,preds.pt#1991
1BB008,0041,BridgeRefine-L1-seed123,123,0.771035,18.786000,0.160722,preds.pt#1992
1BB008,0042,BridgeRefine-L1-seed123,123,0.773726,18.842241,0.147945,preds.pt#1993
1BB008,0043,BridgeRefine-L1-seed123,123,0.774936,18.743612,0.148608,preds.pt#1994
1BB008,0044,BridgeRefine-L1-seed123,123,0.771827,18.570375,0.148847,preds.pt#1995
1BB008,0045,BridgeRefine-L1-seed123,123,0.769075,18.404498,0.132271,preds.pt#1996
1BB008,0046,BridgeRefine-L1-seed123,123,0.772382,18.405718,0.128811,preds.pt#1997
1BB008,0047,BridgeRefine-L1-seed123,123,0.782632,18.564014,0.112170,preds.pt#1998
1BB008,0048,BridgeRefine-L1-seed123,123,0.781286,18.417233,0.112116,preds.pt#1999
1BB008,0049,BridgeRefine-L1-seed123,123,0.767298,18.208478,0.134803,preds.pt#2000
1BB008,0050,BridgeRefine-L1-seed123,123,0.772806,18.112876,0.154812,preds.pt#2001
1BB008,0051,BridgeRefine-L1-seed123,123,0.772318,18.180142,0.154549,preds.pt#2002
1BB008,0052,BridgeRefine-L1-seed123,123,0.773755,18.526965,0.150001,preds.pt#2003
1BB008,0053,BridgeRefine-L1-seed123,123,0.762417,18.234567,0.161654,preds.pt#2004
1BB008,0054,BridgeRefine-L1-seed123,123,0.764507,18.513445,0.143919,preds.pt#2005
1BB008,0055,BridgeRefine-L1-seed123,123,0.756981,18.407431,0.142013,preds.pt#2006
1BB008,0056,BridgeRefine-L1-seed123,123,0.751350,18.471381,0.147394,preds.pt#2007
1BB008,0057,BridgeRefine-L1-seed123,123,0.757251,18.584918,0.140733,preds.pt#2008
1BB008,0058,BridgeRefine-L1-seed123,123,0.737198,17.991582,0.141773,preds.pt#2009
1BB008,0059,BridgeRefine-L1-seed123,123,0.737984,18.200463,0.134040,preds.pt#2010
1BB008,0060,BridgeRefine-L1-seed123,123,0.736343,18.143427,0.141400,preds.pt#2011
1BB008,0061,BridgeRefine-L1-seed123,123,0.738933,18.054856,0.149743,preds.pt#2012
1BB008,0062,BridgeRefine-L1-seed123,123,0.727578,17.811479,0.172325,preds.pt#2013
1BB008,0063,BridgeRefine-L1-seed123,123,0.729612,17.910203,0.157211,preds.pt#2014
1BB008,0064,BridgeRefine-L1-seed123,123,0.719029,17.564693,0.161642,preds.pt#2015
1BB008,0065,BridgeRefine-L1-seed123,123,0.718309,17.722117,0.175885,preds.pt#2016
1BB008,0066,BridgeRefine-L1-seed123,123,0.702060,17.633400,0.162990,preds.pt#2017
1BB008,0067,BridgeRefine-L1-seed123,123,0.704089,17.637368,0.153985,preds.pt#2018
1BB008,0068,BridgeRefine-L1-seed123,123,0.692954,17.624480,0.170268,preds.pt#2019
1BB008,0069,BridgeRefine-L1-seed123,123,0.704891,17.785680,0.151905,preds.pt#2020
1BB008,0070,BridgeRefine-L1-seed123,123,0.704643,17.666794,0.148674,preds.pt#2021
1BB008,0071,BridgeRefine-L1-seed123,123,0.715045,17.659695,0.138515,preds.pt#2022
1BB008,0072,BridgeRefine-L1-seed123,123,0.705489,17.514639,0.139450,preds.pt#2023
1BB008,0073,BridgeRefine-L1-seed123,123,0.709613,17.542132,0.145070,preds.pt#2024
1BB008,0074,BridgeRefine-L1-seed123,123,0.712372,17.491011,0.151081,preds.pt#2025
1BB008,0075,BridgeRefine-L1-seed123,123,0.709749,17.177162,0.144076,preds.pt#2026
1BB008,0076,BridgeRefine-L1-seed123,123,0.715259,17.381848,0.134116,preds.pt#2027
1BB008,0077,BridgeRefine-L1-seed123,123,0.712336,17.461102,0.130089,preds.pt#2028
1BB008,0078,BridgeRefine-L1-seed123,123,0.714157,17.610618,0.135697,preds.pt#2029
1BB008,0079,BridgeRefine-L1-seed123,123,0.716314,17.649979,0.124635,preds.pt#2030
1BB008,0080,BridgeRefine-L1-seed123,123,0.711639,17.473018,0.119092,preds.pt#2031
1BB008,0081,BridgeRefine-L1-seed123,123,0.710351,17.751937,0.122769,preds.pt#2032
1BB008,0082,BridgeRefine-L1-seed123,123,0.704498,17.682576,0.121607,preds.pt#2033
1BB008,0083,BridgeRefine-L1-seed123,123,0.708807,17.852453,0.130209,preds.pt#2034
1BB008,0084,BridgeRefine-L1-seed123,123,0.691472,17.817092,0.142798,preds.pt#2035
1BB008,0085,BridgeRefine-L1-seed123,123,0.662791,17.206678,0.126966,preds.pt#2036
1BB008,0086,BridgeRefine-L1-seed123,123,0.667105,17.103992,0.131466,preds.pt#2037
1BB008,0087,BridgeRefine-L1-seed123,123,0.658685,16.948976,0.123939,preds.pt#2038
1BB008,0088,BridgeRefine-L1-seed123,123,0.674429,17.130480,0.113675,preds.pt#2039
1BB008,0089,BridgeRefine-L1-seed123,123,0.677460,17.293920,0.121620,preds.pt#2040
1BB008,0090,BridgeRefine-L1-seed123,123,0.689090,17.409239,0.104116,preds.pt#2041
1BB008,0091,BridgeRefine-L1-seed123,123,0.674124,17.106918,0.111013,preds.pt#2042
1BB008,0092,BridgeRefine-L1-seed123,123,0.681634,17.216660,0.104676,preds.pt#2043
1BB008,0093,BridgeRefine-L1-seed123,123,0.684596,17.211075,0.121114,preds.pt#2044
1BB008,0094,BridgeRefine-L1-seed123,123,0.693010,17.226761,0.109277,preds.pt#2045
1BB008,0095,BridgeRefine-L1-seed123,123,0.715109,17.764646,0.103958,preds.pt#2046
1BB008,0096,BridgeRefine-L1-seed123,123,0.708377,17.683098,0.109501,preds.pt#2047
1BB008,0097,BridgeRefine-L1-seed123,123,0.705519,17.869970,0.111639,preds.pt#2048
1BB008,0098,BridgeRefine-L1-seed123,123,0.714113,17.950055,0.110454,preds.pt#2049
1BB008,0099,BridgeRefine-L1-seed123,123,0.710988,17.792293,0.108843,preds.pt#2050
1BB008,0100,BridgeRefine-L1-seed123,123,0.711122,17.785856,0.101724,preds.pt#2051
1BB008,0101,BridgeRefine-L1-seed123,123,0.730687,18.110529,0.097175,preds.pt#2052
1BB008,0102,BridgeRefine-L1-seed123,123,0.733819,18.210743,0.102388,preds.pt#2053
1BB008,0103,BridgeRefine-L1-seed123,123,0.732577,18.207006,0.103403,preds.pt#2054
1BB008,0104,BridgeRefine-L1-seed123,123,0.746325,18.415103,0.101976,preds.pt#2055
1BB008,0105,BridgeRefine-L1-seed123,123,0.734470,18.071865,0.094440,preds.pt#2056
1BB008,0106,BridgeRefine-L1-seed123,123,0.729919,18.118396,0.094734,preds.pt#2057
1BB008,0107,BridgeRefine-L1-seed123,123,0.729945,18.043919,0.090194,preds.pt#2058
1BB008,0108,BridgeRefine-L1-seed123,123,0.739608,18.211308,0.088734,preds.pt#2059
1BB008,0109,BridgeRefine-L1-seed123,123,0.747078,18.268125,0.080378,preds.pt#2060
1BB008,0110,BridgeRefine-L1-seed123,123,0.742875,18.255221,0.091347,preds.pt#2061
1BB008,0111,BridgeRefine-L1-seed123,123,0.765522,18.909146,0.094319,preds.pt#2062
1BB008,0112,BridgeRefine-L1-seed123,123,0.774205,19.192124,0.091056,preds.pt#2063
1BB008,0113,BridgeRefine-L1-seed123,123,0.761174,18.953111,0.078473,preds.pt#2064
1BB008,0114,BridgeRefine-L1-seed123,123,0.771405,19.260614,0.066514,preds.pt#2065
1BB008,0115,BridgeRefine-L1-seed123,123,0.758206,19.111355,0.062039,preds.pt#2066
1BB008,0116,BridgeRefine-L1-seed123,123,0.761715,19.010992,0.070267,preds.pt#2067
1BB008,0117,BridgeRefine-L1-seed123,123,0.773172,19.196158,0.072046,preds.pt#2068
1BB008,0118,BridgeRefine-L1-seed123,123,0.766433,19.170518,0.069453,preds.pt#2069
1BB008,0119,BridgeRefine-L1-seed123,123,0.777742,19.334384,0.070271,preds.pt#2070
1BB008,0120,BridgeRefine-L1-seed123,123,0.760864,18.930913,0.072318,preds.pt#2071
1BB008,0121,BridgeRefine-L1-seed123,123,0.759754,18.689155,0.082283,preds.pt#2072
1BB008,0122,BridgeRefine-L1-seed123,123,0.758274,18.534396,0.080910,preds.pt#2073
1BB008,0123,BridgeRefine-L1-seed123,123,0.762149,18.439892,0.071757,preds.pt#2074
1BB008,0124,BridgeRefine-L1-seed123,123,0.745446,18.173984,0.072279,preds.pt#2075
1BB008,0125,BridgeRefine-L1-seed123,123,0.752646,18.326742,0.077040,preds.pt#2076
1BB008,0126,BridgeRefine-L1-seed123,123,0.744497,17.977941,0.084203,preds.pt#2077
1BB008,0127,BridgeRefine-L1-seed123,123,0.766171,18.399613,0.080669,preds.pt#2078
1BB008,0128,BridgeRefine-L1-seed123,123,0.754961,18.061922,0.081589,preds.pt#2079
1BB008,0129,BridgeRefine-L1-seed123,123,0.767536,18.310186,0.078081,preds.pt#2080
1BB008,0130,BridgeRefine-L1-seed123,123,0.756491,18.244659,0.076529,preds.pt#2081
1BB008,0131,BridgeRefine-L1-seed123,123,0.764740,18.506489,0.076077,preds.pt#2082
1BB008,0132,BridgeRefine-L1-seed123,123,0.757481,18.436836,0.060979,preds.pt#2083
1BB008,0133,BridgeRefine-L1-seed123,123,0.767973,18.722103,0.063426,preds.pt#2084
1BB008,0134,BridgeRefine-L1-seed123,123,0.769555,18.733240,0.057811,preds.pt#2085
1BB008,0135,BridgeRefine-L1-seed123,123,0.771880,18.585297,0.062277,preds.pt#2086
1BB008,0136,BridgeRefine-L1-seed123,123,0.782024,18.798457,0.068383,preds.pt#2087
1BB008,0137,BridgeRefine-L1-seed123,123,0.798779,19.250282,0.062122,preds.pt#2088
1BB008,0138,BridgeRefine-L1-seed123,123,0.816549,19.627430,0.052573,preds.pt#2089
1BB008,0139,BridgeRefine-L1-seed123,123,0.821377,19.585589,0.058553,preds.pt#2090
1BB008,0140,BridgeRefine-L1-seed123,123,0.819388,19.634776,0.059841,preds.pt#2091
1BB008,0141,BridgeRefine-L1-seed123,123,0.803255,19.193044,0.060357,preds.pt#2092
1BB008,0142,BridgeRefine-L1-seed123,123,0.824142,19.535749,0.061076,preds.pt#2093
1BB008,0143,BridgeRefine-L1-seed123,123,0.823638,19.459035,0.055962,preds.pt#2094
1BB008,0144,BridgeRefine-L1-seed123,123,0.824658,19.481315,0.057320,preds.pt#2095
1BB008,0145,BridgeRefine-L1-seed123,123,0.838531,19.917389,0.052638,preds.pt#2096
1BB008,0146,BridgeRefine-L1-seed123,123,0.841434,19.891098,0.047571,preds.pt#2097
1BB008,0147,BridgeRefine-L1-seed123,123,0.840075,19.918044,0.052312,preds.pt#2098
1BB008,0148,BridgeRefine-L1-seed123,123,0.846075,20.148364,0.053073,preds.pt#2099
1BB008,0149,BridgeRefine-L1-seed123,123,0.849964,20.379505,0.058610,preds.pt#2100
1BB008,0150,BridgeRefine-L1-seed123,123,0.843038,20.236799,0.056952,preds.pt#2101
1BB008,0151,BridgeRefine-L1-seed123,123,0.846012,20.436392,0.047876,preds.pt#2102
1BB008,0152,BridgeRefine-L1-seed123,123,0.850013,20.309501,0.043815,preds.pt#2103
1BB008,0153,BridgeRefine-L1-seed123,123,0.854360,20.493373,0.046720,preds.pt#2104
1BB008,0154,BridgeRefine-L1-seed123,123,0.855184,20.504328,0.051135,preds.pt#2105
1BB008,0155,BridgeRefine-L1-seed123,123,0.845378,20.436731,0.051186,preds.pt#2106
1BB008,0156,BridgeRefine-L1-seed123,123,0.845034,20.444208,0.057072,preds.pt#2107
1BB008,0157,BridgeRefine-L1-seed123,123,0.839930,20.450369,0.052115,preds.pt#2108
1BB008,0158,BridgeRefine-L1-seed123,123,0.846731,20.629495,0.047339,preds.pt#2109
1BB008,0159,BridgeRefine-L1-seed123,123,0.846317,20.762165,0.038362,preds.pt#2110
1BB008,0160,BridgeRefine-L1-seed123,123,0.835924,20.531221,0.042491,preds.pt#2111
1BB008,0161,BridgeRefine-L1-seed123,123,0.824631,20.429290,0.050692,preds.pt#2112
1BB008,0162,BridgeRefine-L1-seed123,123,0.823067,20.391794,0.051633,preds.pt#2113
1BB008,0163,BridgeRefine-L1-seed123,123,0.813952,20.023367,0.039854,preds.pt#2114
1BB008,0164,BridgeRefine-L1-seed123,123,0.808353,20.074241,0.054402,preds.pt#2115
1BB008,0165,BridgeRefine-L1-seed123,123,0.797820,19.507236,0.068243,preds.pt#2116
1BB008,0166,BridgeRefine-L1-seed123,123,0.798506,19.976063,0.072008,preds.pt#2117
1BB008,0167,BridgeRefine-L1-seed123,123,0.788715,19.338898,0.113374,preds.pt#2118
1BB008,0168,BridgeRefine-L1-seed123,123,0.776908,18.691815,0.128228,preds.pt#2119
1BB008,0169,BridgeRefine-L1-seed123,123,0.759253,18.262303,0.124952,preds.pt#2120
1BB008,0170,BridgeRefine-L1-seed123,123,0.767229,18.374310,0.118231,preds.pt#2121
1BB008,0171,BridgeRefine-L1-seed123,123,0.800504,19.436109,0.083997,preds.pt#2122
1BB008,0172,BridgeRefine-L1-seed123,123,0.790342,18.713147,0.114377,preds.pt#2123
1BB008,0173,BridgeRefine-L1-seed123,123,0.792924,18.373742,0.114829,preds.pt#2124
1BB008,0174,BridgeRefine-L1-seed123,123,0.823396,19.987739,0.087129,preds.pt#2125
1BB008,0175,BridgeRefine-L1-seed123,123,0.799755,20.332899,0.084676,preds.pt#2126
1BB008,0176,BridgeRefine-L1-seed123,123,0.847538,23.165487,0.050526,preds.pt#2127
1BB008,0177,BridgeRefine-L1-seed123,123,0.792783,20.237090,0.084205,preds.pt#2128
1BB200,0000,BridgeRefine-L1-seed123,123,0.602386,13.429181,0.470099,preds.pt#2129
1BB200,0001,BridgeRefine-L1-seed123,123,0.616060,13.495553,0.465185,preds.pt#2130
1BB200,0002,BridgeRefine-L1-seed123,123,0.626850,13.361328,0.483863,preds.pt#2131
1BB200,0003,BridgeRefine-L1-seed123,123,0.632081,13.975267,0.463882,preds.pt#2132
1BB200,0004,BridgeRefine-L1-seed123,123,0.626511,14.696092,0.437745,preds.pt#2133
1BB200,0005,BridgeRefine-L1-seed123,123,0.619273,14.577032,0.401826,preds.pt#2134
1BB200,0006,BridgeRefine-L1-seed123,123,0.617955,14.606183,0.399244,preds.pt#2135
1BB200,0007,BridgeRefine-L1-seed123,123,0.624271,13.859959,0.393169,preds.pt#2136
1BB200,0008,BridgeRefine-L1-seed123,123,0.613453,14.102455,0.342891,preds.pt#2137
1BB200,0009,BridgeRefine-L1-seed123,123,0.618475,14.163265,0.347013,preds.pt#2138
1BB200,0010,BridgeRefine-L1-seed123,123,0.615356,14.119553,0.313523,preds.pt#2139
1BB200,0011,BridgeRefine-L1-seed123,123,0.622531,14.212692,0.305763,preds.pt#2140
1BB200,0012,BridgeRefine-L1-seed123,123,0.632951,14.129095,0.306514,preds.pt#2141
1BB200,0013,BridgeRefine-L1-seed123,123,0.647803,14.795546,0.271745,preds.pt#2142
1BB200,0014,BridgeRefine-L1-seed123,123,0.663737,15.555823,0.281357,preds.pt#2143
1BB200,0015,BridgeRefine-L1-seed123,123,0.682562,16.244944,0.269770,preds.pt#2144
1BB200,0016,BridgeRefine-L1-seed123,123,0.684302,16.556102,0.249561,preds.pt#2145
1BB200,0017,BridgeRefine-L1-seed123,123,0.694758,16.579231,0.258343,preds.pt#2146
1BB200,0018,BridgeRefine-L1-seed123,123,0.707482,17.402266,0.241468,preds.pt#2147
1BB200,0019,BridgeRefine-L1-seed123,123,0.702698,16.751606,0.224450,preds.pt#2148
1BB200,0020,BridgeRefine-L1-seed123,123,0.720829,17.420872,0.206465,preds.pt#2149
1BB200,0021,BridgeRefine-L1-seed123,123,0.721506,17.452022,0.200697,preds.pt#2150
1BB200,0022,BridgeRefine-L1-seed123,123,0.723702,17.479508,0.205783,preds.pt#2151
1BB200,0023,BridgeRefine-L1-seed123,123,0.741644,17.780990,0.192662,preds.pt#2152
1BB200,0024,BridgeRefine-L1-seed123,123,0.741311,17.503570,0.198297,preds.pt#2153
1BB200,0025,BridgeRefine-L1-seed123,123,0.747530,17.656414,0.198453,preds.pt#2154
1BB200,0026,BridgeRefine-L1-seed123,123,0.744006,17.945280,0.202634,preds.pt#2155
1BB200,0027,BridgeRefine-L1-seed123,123,0.740145,18.395400,0.177619,preds.pt#2156
1BB200,0028,BridgeRefine-L1-seed123,123,0.727450,17.944272,0.173802,preds.pt#2157
1BB200,0029,BridgeRefine-L1-seed123,123,0.732932,18.377466,0.169909,preds.pt#2158
1BB200,0030,BridgeRefine-L1-seed123,123,0.741491,18.519312,0.168891,preds.pt#2159
1BB200,0031,BridgeRefine-L1-seed123,123,0.734778,18.276007,0.181481,preds.pt#2160
1BB200,0032,BridgeRefine-L1-seed123,123,0.731745,17.861328,0.166281,preds.pt#2161
1BB200,0033,BridgeRefine-L1-seed123,123,0.742192,18.187369,0.164250,preds.pt#2162
1BB200,0034,BridgeRefine-L1-seed123,123,0.736381,17.930156,0.173567,preds.pt#2163
1BB200,0035,BridgeRefine-L1-seed123,123,0.737077,18.226386,0.167659,preds.pt#2164
1BB200,0036,BridgeRefine-L1-seed123,123,0.736294,18.104457,0.180692,preds.pt#2165
1BB200,0037,BridgeRefine-L1-seed123,123,0.746000,18.028575,0.172318,preds.pt#2166
1BB200,0038,BridgeRefine-L1-seed123,123,0.744957,18.002338,0.165453,preds.pt#2167
1BB200,0039,BridgeRefine-L1-seed123,123,0.741041,17.754228,0.160224,preds.pt#2168
1BB200,0040,BridgeRefine-L1-seed123,123,0.751835,17.943749,0.162268,preds.pt#2169
1BB200,0041,BridgeRefine-L1-seed123,123,0.744224,17.974145,0.170225,preds.pt#2170
1BB200,0042,BridgeRefine-L1-seed123,123,0.751206,17.923364,0.162919,preds.pt#2171
1BB200,0043,BridgeRefine-L1-seed123,123,0.755327,17.868803,0.165304,preds.pt#2172
1BB200,0044,BridgeRefine-L1-seed123,123,0.741492,17.375993,0.167388,preds.pt#2173
1BB200,0045,BridgeRefine-L1-seed123,123,0.751601,17.511023,0.169051,preds.pt#2174
1BB200,0046,BridgeRefine-L1-seed123,123,0.768553,18.035765,0.170290,preds.pt#2175
1BB200,0047,BridgeRefine-L1-seed123,123,0.768886,17.973081,0.167950,preds.pt#2176
1BB200,0048,BridgeRefine-L1-seed123,123,0.761723,17.961335,0.168388,preds.pt#2177
1BB200,0049,BridgeRefine-L1-seed123,123,0.747559,17.196390,0.157646,preds.pt#2178
1BB200,0050,BridgeRefine-L1-seed123,123,0.743442,17.569657,0.154606,preds.pt#2179
1BB200,0051,BridgeRefine-L1-seed123,123,0.745332,17.621537,0.177129,preds.pt#2180
1BB200,0052,BridgeRefine-L1-seed123,123,0.748835,18.026868,0.171338,preds.pt#2181
1BB200,0053,BridgeRefine-L1-seed123,123,0.755878,18.096656,0.180280,preds.pt#2182
1BB200,0054,BridgeRefine-L1-seed123,123,0.743956,17.972390,0.182535,preds.pt#2183
1BB200,0055,BridgeRefine-L1-seed123,123,0.749119,18.039455,0.173338,preds.pt#2184
1BB200,0056,BridgeRefine-L1-seed123,123,0.752081,17.853181,0.160276,preds.pt#2185
1BB200,0057,BridgeRefine-L1-seed123,123,0.751363,17.915650,0.169194,preds.pt#2186
1BB200,0058,BridgeRefine-L1-seed123,123,0.743690,17.808517,0.170749,preds.pt#2187
1BB200,0059,BridgeRefine-L1-seed123,123,0.742521,17.623923,0.176430,preds.pt#2188
1BB200,0060,BridgeRefine-L1-seed123,123,0.740761,17.716593,0.167646,preds.pt#2189
1BB200,0061,BridgeRefine-L1-seed123,123,0.752119,18.129139,0.161694,preds.pt#2190
1BB200,0062,BridgeRefine-L1-seed123,123,0.752475,18.258779,0.171927,preds.pt#2191
1BB200,0063,BridgeRefine-L1-seed123,123,0.754285,18.516731,0.181861,preds.pt#2192
1BB200,0064,BridgeRefine-L1-seed123,123,0.756704,18.400847,0.168174,preds.pt#2193
1BB200,0065,BridgeRefine-L1-seed123,123,0.756953,18.127909,0.149604,preds.pt#2194
1BB200,0066,BridgeRefine-L1-seed123,123,0.756958,18.008282,0.157419,preds.pt#2195
1BB200,0067,BridgeRefine-L1-seed123,123,0.761360,18.233129,0.153185,preds.pt#2196
1BB200,0068,BridgeRefine-L1-seed123,123,0.759579,18.236861,0.143079,preds.pt#2197
1BB200,0069,BridgeRefine-L1-seed123,123,0.754933,18.128566,0.151525,preds.pt#2198
1BB200,0070,BridgeRefine-L1-seed123,123,0.749859,18.065833,0.155606,preds.pt#2199
1BB200,0071,BridgeRefine-L1-seed123,123,0.750779,18.032083,0.149937,preds.pt#2200
1BB200,0072,BridgeRefine-L1-seed123,123,0.729213,17.558574,0.144378,preds.pt#2201
1BB200,0073,BridgeRefine-L1-seed123,123,0.726511,17.645325,0.127726,preds.pt#2202
1BB200,0074,BridgeRefine-L1-seed123,123,0.719102,17.502490,0.126682,preds.pt#2203
1BB200,0075,BridgeRefine-L1-seed123,123,0.671188,17.204012,0.130381,preds.pt#2204
1BB200,0076,BridgeRefine-L1-seed123,123,0.664371,16.917912,0.132890,preds.pt#2205
1BB200,0077,BridgeRefine-L1-seed123,123,0.665751,16.793442,0.127928,preds.pt#2206
1BB200,0078,BridgeRefine-L1-seed123,123,0.656024,16.485843,0.148375,preds.pt#2207
1BB200,0079,BridgeRefine-L1-seed123,123,0.652207,16.487373,0.143391,preds.pt#2208
1BB200,0080,BridgeRefine-L1-seed123,123,0.634228,16.027846,0.152218,preds.pt#2209
1BB200,0081,BridgeRefine-L1-seed123,123,0.641486,16.101878,0.171127,preds.pt#2210
1BB200,0082,BridgeRefine-L1-seed123,123,0.656900,16.384589,0.143735,preds.pt#2211
1BB200,0083,BridgeRefine-L1-seed123,123,0.653476,16.486324,0.130660,preds.pt#2212
1BB200,0084,BridgeRefine-L1-seed123,123,0.668112,16.790958,0.127840,preds.pt#2213
1BB200,0085,BridgeRefine-L1-seed123,123,0.693801,17.299810,0.119995,preds.pt#2214
1BB200,0086,BridgeRefine-L1-seed123,123,0.708586,17.509409,0.119452,preds.pt#2215
1BB200,0087,BridgeRefine-L1-seed123,123,0.720785,17.673537,0.122848,preds.pt#2216
1BB200,0088,BridgeRefine-L1-seed123,123,0.725124,17.636953,0.130640,preds.pt#2217
1BB200,0089,BridgeRefine-L1-seed123,123,0.748678,18.006346,0.124442,preds.pt#2218
1BB200,0090,BridgeRefine-L1-seed123,123,0.746828,18.044577,0.123383,preds.pt#2219
1BB200,0091,BridgeRefine-L1-seed123,123,0.727447,17.857985,0.114340,preds.pt#2220
1BB200,0092,BridgeRefine-L1-seed123,123,0.749626,18.468408,0.112918,preds.pt#2221
1BB200,0093,BridgeRefine-L1-seed123,123,0.750620,18.515171,0.108474,preds.pt#2222
1BB200,0094,BridgeRefine-L1-seed123,123,0.767159,18.556960,0.098599,preds.pt#2223
1BB200,0095,BridgeRefine-L1-seed123,123,0.780378,18.860930,0.098467,preds.pt#2224
1BB200,0096,BridgeRefine-L1-seed123,123,0.785150,19.041274,0.090872,preds.pt#2225
1BB200,0097,BridgeRefine-L1-seed123,123,0.777095,18.731922,0.089012,preds.pt#2226
1BB200,0098,BridgeRefine-L1-seed123,123,0.788819,18.949200,0.091818,preds.pt#2227
1BB200,0099,BridgeRefine-L1-seed123,123,0.782488,18.663892,0.081157,preds.pt#2228
1BB200,0100,BridgeRefine-L1-seed123,123,0.789472,18.827630,0.085662,preds.pt#2229
1BB200,0101,BridgeRefine-L1-seed123,123,0.795613,19.032687,0.087545,preds.pt#2230
1BB200,0102,BridgeRefine-L1-seed123,123,0.795999,19.120232,0.082153,preds.pt#2231
1BB200,0103,BridgeRefine-L1-seed123,123,0.796435,19.347381,0.084200,preds.pt#2232
1BB200,0104,BridgeRefine-L1-seed123,123,0.796654,19.239691,0.086707,preds.pt#2233
1BB200,0105,BridgeRefine-L1-seed123,123,0.797503,19.189447,0.086293,preds.pt#2234
1BB200,0106,BridgeRefine-L1-seed123,123,0.799538,19.155362,0.077085,preds.pt#2235
1BB200,0107,BridgeRefine-L1-seed123,123,0.812649,19.494344,0.071534,preds.pt#2236
1BB200,0108,BridgeRefine-L1-seed123,123,0.796978,18.906646,0.081484,preds.pt#2237
1BB200,0109,BridgeRefine-L1-seed123,123,0.801534,19.098257,0.075619,preds.pt#2238
1BB200,0110,BridgeRefine-L1-seed123,123,0.795857,19.133901,0.075001,preds.pt#2239
1BB200,0111,BridgeRefine-L1-seed123,123,0.818324,19.860864,0.066312,preds.pt#2240
1BB200,0112,BridgeRefine-L1-seed123,123,0.811099,19.555790,0.069213,preds.pt#2241
1BB200,0113,BridgeRefine-L1-seed123,123,0.805321,19.389413,0.075133,preds.pt#2242
1BB200,0114,BridgeRefine-L1-seed123,123,0.809577,19.803939,0.075535,preds.pt#2243
1BB200,0115,BridgeRefine-L1-seed123,123,0.809987,19.595295,0.072479,preds.pt#2244
1BB200,0116,BridgeRefine-L1-seed123,123,0.807636,19.754108,0.067038,preds.pt#2245
1BB200,0117,BridgeRefine-L1-seed123,123,0.814599,19.798217,0.058205,preds.pt#2246
1BB200,0118,BridgeRefine-L1-seed123,123,0.816325,19.964434,0.052447,preds.pt#2247
1BB200,0119,BridgeRefine-L1-seed123,123,0.828346,20.169648,0.053084,preds.pt#2248
1BB200,0120,BridgeRefine-L1-seed123,123,0.830470,20.320062,0.047302,preds.pt#2249
1BB200,0121,BridgeRefine-L1-seed123,123,0.832945,20.281602,0.048293,preds.pt#2250
1BB200,0122,BridgeRefine-L1-seed123,123,0.825443,20.179906,0.049984,preds.pt#2251
1BB200,0123,BridgeRefine-L1-seed123,123,0.811789,19.968004,0.059588,preds.pt#2252
1BB200,0124,BridgeRefine-L1-seed123,123,0.809590,19.952383,0.055462,preds.pt#2253
1BB200,0125,BridgeRefine-L1-seed123,123,0.794011,19.590338,0.056161,preds.pt#2254
1BB200,0126,BridgeRefine-L1-seed123,123,0.799586,19.703902,0.076398,preds.pt#2255
1BB200,0127,BridgeRefine-L1-seed123,123,0.795345,19.804705,0.069936,preds.pt#2256
1BB200,0128,BridgeRefine-L1-seed123,123,0.805064,19.795349,0.064367,preds.pt#2257
1BB200,0129,BridgeRefine-L1-seed123,123,0.809287,19.849284,0.075484,preds.pt#2258
1BB200,0130,BridgeRefine-L1-seed123,123,0.834696,20.335389,0.061766,preds.pt#2259
1BB200,0131,BridgeRefine-L1-seed123,123,0.838213,20.168609,0.060471,preds.pt#2260
1BB200,0132,BridgeRefine-L1-seed123,123,0.830059,20.099438,0.066880,preds.pt#2261
1BB200,0133,BridgeRefine-L1-seed123,123,0.826250,19.939868,0.066343,preds.pt#2262
1BB200,0134,BridgeRefine-L1-seed123,123,0.833017,20.241973,0.066514,preds.pt#2263
1BB200,0135,BridgeRefine-L1-seed123,123,0.823621,20.206094,0.074554,preds.pt#2264
1BB200,0136,BridgeRefine-L1-seed123,123,0.804806,19.694032,0.077163,preds.pt#2265
1BB200,0137,BridgeRefine-L1-seed123,123,0.813162,19.292170,0.065882,preds.pt#2266
1BB200,0138,BridgeRefine-L1-seed123,123,0.817252,19.867040,0.064005,preds.pt#2267
1BB200,0139,BridgeRefine-L1-seed123,123,0.818891,20.021313,0.076583,preds.pt#2268
1BB200,0140,BridgeRefine-L1-seed123,123,0.831422,20.335590,0.077182,preds.pt#2269
1BB200,0141,BridgeRefine-L1-seed123,123,0.839353,20.551676,0.076203,preds.pt#2270
1BB200,0142,BridgeRefine-L1-seed123,123,0.841313,20.230152,0.071742,preds.pt#2271
1BB200,0143,BridgeRefine-L1-seed123,123,0.849488,20.278624,0.079016,preds.pt#2272
1BB200,0144,BridgeRefine-L1-seed123,123,0.841024,20.127686,0.089480,preds.pt#2273
1BB200,0145,BridgeRefine-L1-seed123,123,0.842692,19.917203,0.075663,preds.pt#2274
1BB200,0146,BridgeRefine-L1-seed123,123,0.853282,20.553589,0.068294,preds.pt#2275
1BB200,0147,BridgeRefine-L1-seed123,123,0.859497,20.816026,0.059566,preds.pt#2276
1BB200,0148,BridgeRefine-L1-seed123,123,0.856569,20.562832,0.054940,preds.pt#2277
1BB200,0149,BridgeRefine-L1-seed123,123,0.858068,20.510776,0.057459,preds.pt#2278
1BB200,0150,BridgeRefine-L1-seed123,123,0.852862,20.117668,0.055307,preds.pt#2279
1BB200,0151,BridgeRefine-L1-seed123,123,0.860188,20.438849,0.054502,preds.pt#2280
1BB200,0152,BridgeRefine-L1-seed123,123,0.859641,20.665138,0.060054,preds.pt#2281
1BB200,0153,BridgeRefine-L1-seed123,123,0.859086,20.683341,0.047366,preds.pt#2282
1BB200,0154,BridgeRefine-L1-seed123,123,0.860393,20.395497,0.052523,preds.pt#2283
1BB200,0155,BridgeRefine-L1-seed123,123,0.854894,20.200992,0.057236,preds.pt#2284
1BB200,0156,BridgeRefine-L1-seed123,123,0.856413,19.976360,0.051133,preds.pt#2285
1BB200,0157,BridgeRefine-L1-seed123,123,0.856035,20.135365,0.053708,preds.pt#2286
1BB200,0158,BridgeRefine-L1-seed123,123,0.859692,20.266719,0.061949,preds.pt#2287
1BB200,0159,BridgeRefine-L1-seed123,123,0.844150,20.093872,0.065358,preds.pt#2288
1BB200,0160,BridgeRefine-L1-seed123,123,0.854175,20.148525,0.067229,preds.pt#2289
1BB200,0161,BridgeRefine-L1-seed123,123,0.837447,19.875142,0.062084,preds.pt#2290
1BB200,0162,BridgeRefine-L1-seed123,123,0.845790,20.075825,0.076872,preds.pt#2291
1BB200,0163,BridgeRefine-L1-seed123,123,0.848088,20.148763,0.071262,preds.pt#2292
1BB200,0164,BridgeRefine-L1-seed123,123,0.836954,20.121607,0.070271,preds.pt#2293
1BB200,0165,BridgeRefine-L1-seed123,123,0.824972,20.145078,0.070368,preds.pt#2294
1BB200,0166,BridgeRefine-L1-seed123,123,0.821823,19.848648,0.071066,preds.pt#2295
1BB200,0167,BridgeRefine-L1-seed123,123,0.824717,19.780888,0.081667,preds.pt#2296
1BB200,0168,BridgeRefine-L1-seed123,123,0.823759,19.746695,0.072180,preds.pt#2297
1BB200,0169,BridgeRefine-L1-seed123,123,0.835304,20.039045,0.065749,preds.pt#2298
1BB200,0170,BridgeRefine-L1-seed123,123,0.836230,20.055915,0.074379,preds.pt#2299
1BB200,0171,BridgeRefine-L1-seed123,123,0.838071,19.784299,0.076022,preds.pt#2300
1BB200,0172,BridgeRefine-L1-seed123,123,0.842317,19.709297,0.092444,preds.pt#2301
1BB200,0173,BridgeRefine-L1-seed123,123,0.852398,19.697029,0.084585,preds.pt#2302
1BB200,0174,BridgeRefine-L1-seed123,123,0.843794,19.563388,0.088612,preds.pt#2303
1BB200,0175,BridgeRefine-L1-seed123,123,0.831276,19.370459,0.080760,preds.pt#2304
1BB200,0176,BridgeRefine-L1-seed123,123,0.850283,19.516070,0.094139,preds.pt#2305
1BB200,0177,BridgeRefine-L1-seed123,123,0.854074,20.053480,0.086888,preds.pt#2306
1BB200,0178,BridgeRefine-L1-seed123,123,0.864186,20.201317,0.070711,preds.pt#2307
1BB200,0179,BridgeRefine-L1-seed123,123,0.870424,20.647505,0.071836,preds.pt#2308
1BB200,0180,BridgeRefine-L1-seed123,123,0.872658,20.517344,0.086111,preds.pt#2309
1BB200,0181,BridgeRefine-L1-seed123,123,0.877801,20.790797,0.087578,preds.pt#2310
1BB200,0182,BridgeRefine-L1-seed123,123,0.865737,19.900152,0.088524,preds.pt#2311
1BB200,0183,BridgeRefine-L1-seed123,123,0.850266,19.909452,0.106098,preds.pt#2312
1BB200,0184,BridgeRefine-L1-seed123,123,0.860788,19.838924,0.106814,preds.pt#2313
1BB200,0185,BridgeRefine-L1-seed123,123,0.863877,19.910338,0.118628,preds.pt#2314
1BB200,0186,BridgeRefine-L1-seed123,123,0.788172,21.752315,0.104842,preds.pt#2315
1BB200,0187,BridgeRefine-L1-seed123,123,0.746918,21.578891,0.138186,preds.pt#2316
1BB200,0188,BridgeRefine-L1-seed123,123,0.751119,22.508794,0.122867,preds.pt#2317
1BB205,0000,BridgeRefine-L1-seed123,123,0.665339,17.108332,0.468456,preds.pt#2318
1BB205,0001,BridgeRefine-L1-seed123,123,0.567851,15.098451,0.560589,preds.pt#2319
1BB205,0002,BridgeRefine-L1-seed123,123,0.553258,14.172520,0.516436,preds.pt#2320
1BB205,0003,BridgeRefine-L1-seed123,123,0.662397,15.808293,0.456419,preds.pt#2321
1BB205,0004,BridgeRefine-L1-seed123,123,0.676004,15.888499,0.446426,preds.pt#2322
1BB205,0005,BridgeRefine-L1-seed123,123,0.692271,16.518744,0.408781,preds.pt#2323
1BB205,0006,BridgeRefine-L1-seed123,123,0.564758,16.732467,0.504345,preds.pt#2324
1BB205,0007,BridgeRefine-L1-seed123,123,0.537307,15.180246,0.535142,preds.pt#2325
1BB205,0008,BridgeRefine-L1-seed123,123,0.558307,17.176139,0.528774,preds.pt#2326
1BB205,0009,BridgeRefine-L1-seed123,123,0.613105,18.073598,0.486836,preds.pt#2327
1BB205,0010,BridgeRefine-L1-seed123,123,0.519936,14.737928,0.534468,preds.pt#2328
1BB205,0011,BridgeRefine-L1-seed123,123,0.536346,15.834108,0.477006,preds.pt#2329
1BB205,0012,BridgeRefine-L1-seed123,123,0.514486,14.378198,0.489440,preds.pt#2330
1BB205,0013,BridgeRefine-L1-seed123,123,0.514140,15.000074,0.468178,preds.pt#2331
1BB205,0014,BridgeRefine-L1-seed123,123,0.524788,14.939186,0.481002,preds.pt#2332
1BB205,0015,BridgeRefine-L1-seed123,123,0.513609,13.782122,0.474656,preds.pt#2333
1BB205,0016,BridgeRefine-L1-seed123,123,0.517518,14.917493,0.465695,preds.pt#2334
1BB205,0017,BridgeRefine-L1-seed123,123,0.683906,19.920644,0.307911,preds.pt#2335
1BB205,0018,BridgeRefine-L1-seed123,123,0.549427,16.771531,0.428463,preds.pt#2336
1BB205,0019,BridgeRefine-L1-seed123,123,0.711048,19.399205,0.296545,preds.pt#2337
1BB205,0020,BridgeRefine-L1-seed123,123,0.658507,19.060527,0.341468,preds.pt#2338
1BB205,0021,BridgeRefine-L1-seed123,123,0.570094,16.595298,0.412126,preds.pt#2339
1BB205,0022,BridgeRefine-L1-seed123,123,0.541844,14.797958,0.437658,preds.pt#2340
1BB205,0023,BridgeRefine-L1-seed123,123,0.557445,16.323114,0.431909,preds.pt#2341
1BB205,0024,BridgeRefine-L1-seed123,123,0.668611,18.574632,0.347677,preds.pt#2342
1BB205,0025,BridgeRefine-L1-seed123,123,0.679000,16.090485,0.360023,preds.pt#2343
1BB205,0026,BridgeRefine-L1-seed123,123,0.687841,15.779915,0.348250,preds.pt#2344
1BB205,0027,BridgeRefine-L1-seed123,123,0.667025,16.214279,0.357478,preds.pt#2345
1BB205,0028,BridgeRefine-L1-seed123,123,0.689012,15.090146,0.386554,preds.pt#2346
1BB205,0029,BridgeRefine-L1-seed123,123,0.665995,14.130853,0.408571,preds.pt#2347
1BB205,0030,BridgeRefine-L1-seed123,123,0.646837,14.750843,0.370153,preds.pt#2348
1BB205,0031,BridgeRefine-L1-seed123,123,0.630705,14.218382,0.376962,preds.pt#2349
1BB205,0032,BridgeRefine-L1-seed123,123,0.620321,14.001159,0.381786,preds.pt#2350
1BB205,0033,BridgeRefine-L1-seed123,123,0.625165,14.012877,0.361534,preds.pt#2351
1BB205,0034,BridgeRefine-L1-seed123,123,0.642602,14.440822,0.331663,preds.pt#2352
1BB205,0035,BridgeRefine-L1-seed123,123,0.650880,14.086611,0.349549,preds.pt#2353
1BB205,0036,BridgeRefine-L1-seed123,123,0.653587,15.209862,0.303122,preds.pt#2354
1BB205,0037,BridgeRefine-L1-seed123,123,0.660916,15.359394,0.283252,preds.pt#2355
1BB205,0038,BridgeRefine-L1-seed123,123,0.673388,15.240902,0.278358,preds.pt#2356
1BB205,0039,BridgeRefine-L1-seed123,123,0.656409,14.363421,0.271752,preds.pt#2357
1BB205,0040,BridgeRefine-L1-seed123,123,0.669783,15.022116,0.283960,preds.pt#2358
1BB205,0041,BridgeRefine-L1-seed123,123,0.655105,14.442485,0.273224,preds.pt#2359
1BB205,0042,BridgeRefine-L1-seed123,123,0.642896,13.102111,0.278889,preds.pt#2360
1BB205,0043,BridgeRefine-L1-seed123,123,0.645224,13.198741,0.294727,preds.pt#2361
1BB205,0044,BridgeRefine-L1-seed123,123,0.638279,13.766399,0.303164,preds.pt#2362
1BB205,0045,BridgeRefine-L1-seed123,123,0.625124,13.501773,0.289659,preds.pt#2363
1BB205,0046,BridgeRefine-L1-seed123,123,0.646796,15.157811,0.226569,preds.pt#2364
1BB205,0047,BridgeRefine-L1-seed123,123,0.627403,14.012543,0.252543,preds.pt#2365
1BB205,0048,BridgeRefine-L1-seed123,123,0.610073,13.624917,0.267034,preds.pt#2366
1BB205,0049,BridgeRefine-L1-seed123,123,0.621999,13.771656,0.267938,preds.pt#2367
1BB205,0050,BridgeRefine-L1-seed123,123,0.614870,13.435176,0.282472,preds.pt#2368
1BB205,0051,BridgeRefine-L1-seed123,123,0.591499,12.593988,0.293966,preds.pt#2369
1BB205,0052,BridgeRefine-L1-seed123,123,0.592216,12.456572,0.295240,preds.pt#2370
1BB205,0053,BridgeRefine-L1-seed123,123,0.651271,14.297646,0.243474,preds.pt#2371
1BB205,0054,BridgeRefine-L1-seed123,123,0.677226,15.538766,0.223980,preds.pt#2372
1BB205,0055,BridgeRefine-L1-seed123,123,0.615040,13.254016,0.290937,preds.pt#2373
1BB205,0056,BridgeRefine-L1-seed123,123,0.626657,13.652664,0.269163,preds.pt#2374
1BB205,0057,BridgeRefine-L1-seed123,123,0.635919,13.891057,0.248072,preds.pt#2375
1BB205,0058,BridgeRefine-L1-seed123,123,0.690225,15.727728,0.188084,preds.pt#2376
1BB205,0059,BridgeRefine-L1-seed123,123,0.708848,16.117933,0.176135,preds.pt#2377
1BB205,0060,BridgeRefine-L1-seed123,123,0.721140,16.393910,0.180767,preds.pt#2378
1BB205,0061,BridgeRefine-L1-seed123,123,0.717789,16.429495,0.187325,preds.pt#2379
1BB205,0062,BridgeRefine-L1-seed123,123,0.706748,16.123822,0.185554,preds.pt#2380
1BB205,0063,BridgeRefine-L1-seed123,123,0.715045,16.436748,0.183704,preds.pt#2381
1BB205,0064,BridgeRefine-L1-seed123,123,0.701971,16.067748,0.199143,preds.pt#2382
1BB205,0065,BridgeRefine-L1-seed123,123,0.702061,16.006174,0.230445,preds.pt#2383
1BB205,0066,BridgeRefine-L1-seed123,123,0.699400,15.930020,0.229648,preds.pt#2384
1BB205,0067,BridgeRefine-L1-seed123,123,0.705994,16.034045,0.216593,preds.pt#2385
1BB205,0068,BridgeRefine-L1-seed123,123,0.710245,16.029653,0.229332,preds.pt#2386
1BB205,0069,BridgeRefine-L1-seed123,123,0.712870,16.257298,0.211154,preds.pt#2387
1BB205,0070,BridgeRefine-L1-seed123,123,0.707181,16.223838,0.199253,preds.pt#2388
1BB205,0071,BridgeRefine-L1-seed123,123,0.718074,16.692950,0.191642,preds.pt#2389
1BB205,0072,BridgeRefine-L1-seed123,123,0.727340,16.949057,0.185695,preds.pt#2390
1BB205,0073,BridgeRefine-L1-seed123,123,0.731178,16.940307,0.186452,preds.pt#2391
1BB205,0074,BridgeRefine-L1-seed123,123,0.743021,17.071379,0.177801,preds.pt#2392
1BB205,0075,BridgeRefine-L1-seed123,123,0.747475,17.052607,0.184239,preds.pt#2393
1BB205,0076,BridgeRefine-L1-seed123,123,0.745836,16.762355,0.173946,preds.pt#2394
1BB205,0077,BridgeRefine-L1-seed123,123,0.740540,16.817965,0.168668,preds.pt#2395
1BB205,0078,BridgeRefine-L1-seed123,123,0.741677,16.829034,0.149017,preds.pt#2396
1BB205,0079,BridgeRefine-L1-seed123,123,0.732189,16.663136,0.151555,preds.pt#2397
1BB205,0080,BridgeRefine-L1-seed123,123,0.730945,16.805496,0.128284,preds.pt#2398
1BB205,0081,BridgeRefine-L1-seed123,123,0.737166,16.895131,0.128238,preds.pt#2399
1BB205,0082,BridgeRefine-L1-seed123,123,0.736042,17.022693,0.148076,preds.pt#2400
1BB205,0083,BridgeRefine-L1-seed123,123,0.736102,17.127379,0.153556,preds.pt#2401
1BB205,0084,BridgeRefine-L1-seed123,123,0.747266,17.336533,0.149888,preds.pt#2402
1BB205,0085,BridgeRefine-L1-seed123,123,0.735335,17.073870,0.135182,preds.pt#2403
1BB205,0086,BridgeRefine-L1-seed123,123,0.735164,17.295298,0.136973,preds.pt#2404
1BB205,0087,BridgeRefine-L1-seed123,123,0.736745,17.340436,0.144951,preds.pt#2405
1BB205,0088,BridgeRefine-L1-seed123,123,0.730513,17.222317,0.152524,preds.pt#2406
1BB205,0089,BridgeRefine-L1-seed123,123,0.726262,17.310021,0.153331,preds.pt#2407
1BB205,0090,BridgeRefine-L1-seed123,123,0.708916,16.614992,0.156633,preds.pt#2408
1BB205,0091,BridgeRefine-L1-seed123,123,0.708738,17.003121,0.159300,preds.pt#2409
1BB205,0092,BridgeRefine-L1-seed123,123,0.705949,16.997986,0.164204,preds.pt#2410
1BB205,0093,BridgeRefine-L1-seed123,123,0.689920,16.875847,0.157694,preds.pt#2411
1BB205,0094,BridgeRefine-L1-seed123,123,0.707045,17.343994,0.160314,preds.pt#2412
1BB205,0095,BridgeRefine-L1-seed123,123,0.705714,17.257213,0.138105,preds.pt#2413
1BB205,0096,BridgeRefine-L1-seed123,123,0.699196,17.035203,0.151726,preds.pt#2414
1BB205,0097,BridgeRefine-L1-seed123,123,0.697841,16.973849,0.152229,preds.pt#2415
1BB205,0098,BridgeRefine-L1-seed123,123,0.700834,17.101268,0.141363,preds.pt#2416
1BB205,0099,BridgeRefine-L1-seed123,123,0.700766,17.246732,0.144618,preds.pt#2417
1BB205,0100,BridgeRefine-L1-seed123,123,0.701657,17.192580,0.142306,preds.pt#2418
1BB205,0101,BridgeRefine-L1-seed123,123,0.713159,17.485037,0.126142,preds.pt#2419
1BB205,0102,BridgeRefine-L1-seed123,123,0.708925,17.015107,0.133283,preds.pt#2420
1BB205,0103,BridgeRefine-L1-seed123,123,0.724892,17.351784,0.119966,preds.pt#2421
1BB205,0104,BridgeRefine-L1-seed123,123,0.735748,17.238758,0.121529,preds.pt#2422
1BB205,0105,BridgeRefine-L1-seed123,123,0.735321,17.139843,0.124328,preds.pt#2423
1BB205,0106,BridgeRefine-L1-seed123,123,0.737224,17.172670,0.123473,preds.pt#2424
1BB205,0107,BridgeRefine-L1-seed123,123,0.744208,17.233871,0.134784,preds.pt#2425
1BB205,0108,BridgeRefine-L1-seed123,123,0.733763,17.527964,0.143943,preds.pt#2426
1BB205,0109,BridgeRefine-L1-seed123,123,0.754435,18.046412,0.129332,preds.pt#2427
1BB205,0110,BridgeRefine-L1-seed123,123,0.758324,17.981621,0.139600,preds.pt#2428
1BB205,0111,BridgeRefine-L1-seed123,123,0.767763,18.299195,0.132596,preds.pt#2429
1BB205,0112,BridgeRefine-L1-seed123,123,0.775523,18.452113,0.127546,preds.pt#2430
1BB205,0113,BridgeRefine-L1-seed123,123,0.768823,18.202212,0.128575,preds.pt#2431
1BB205,0114,BridgeRefine-L1-seed123,123,0.780356,18.547466,0.126194,preds.pt#2432
1BB205,0115,BridgeRefine-L1-seed123,123,0.773373,18.430885,0.129223,preds.pt#2433
1BB205,0116,BridgeRefine-L1-seed123,123,0.760924,17.733157,0.123717,preds.pt#2434
1BB205,0117,BridgeRefine-L1-seed123,123,0.754889,17.585847,0.119200,preds.pt#2435
1BB205,0118,BridgeRefine-L1-seed123,123,0.745021,17.338157,0.122436,preds.pt#2436
1BB205,0119,BridgeRefine-L1-seed123,123,0.741137,17.157475,0.133779,preds.pt#2437
1BB205,0120,BridgeRefine-L1-seed123,123,0.738674,17.355354,0.119323,preds.pt#2438
1BB205,0121,BridgeRefine-L1-seed123,123,0.746420,17.439042,0.139821,preds.pt#2439
1BB205,0122,BridgeRefine-L1-seed123,123,0.752060,17.871235,0.127799,preds.pt#2440
1BB205,0123,BridgeRefine-L1-seed123,123,0.755076,18.182886,0.135646,preds.pt#2441
1BB205,0124,BridgeRefine-L1-seed123,123,0.763772,18.511258,0.115500,preds.pt#2442
1BB205,0125,BridgeRefine-L1-seed123,123,0.753563,18.568110,0.112535,preds.pt#2443
1BB205,0126,BridgeRefine-L1-seed123,123,0.757527,18.628282,0.117768,preds.pt#2444
1BB205,0127,BridgeRefine-L1-seed123,123,0.766916,18.932934,0.104948,preds.pt#2445
1BB205,0128,BridgeRefine-L1-seed123,123,0.767679,18.779529,0.121925,preds.pt#2446
1BB205,0129,BridgeRefine-L1-seed123,123,0.760534,18.771429,0.136809,preds.pt#2447
1BB205,0130,BridgeRefine-L1-seed123,123,0.761236,18.724640,0.128280,preds.pt#2448
1BB205,0131,BridgeRefine-L1-seed123,123,0.755651,18.760963,0.129507,preds.pt#2449
1BB205,0132,BridgeRefine-L1-seed123,123,0.714508,18.151436,0.119805,preds.pt#2450
1BB205,0133,BridgeRefine-L1-seed123,123,0.716854,18.166024,0.123819,preds.pt#2451
1BB205,0134,BridgeRefine-L1-seed123,123,0.720253,18.238580,0.131101,preds.pt#2452
1BB205,0135,BridgeRefine-L1-seed123,123,0.710834,18.231101,0.126472,preds.pt#2453
1BB205,0136,BridgeRefine-L1-seed123,123,0.716722,18.458013,0.108449,preds.pt#2454
1BB205,0137,BridgeRefine-L1-seed123,123,0.718964,18.368845,0.109691,preds.pt#2455
1BB205,0138,BridgeRefine-L1-seed123,123,0.718846,18.273947,0.110910,preds.pt#2456
1BB205,0139,BridgeRefine-L1-seed123,123,0.735727,18.789606,0.106159,preds.pt#2457
1BB205,0140,BridgeRefine-L1-seed123,123,0.742884,18.976770,0.103390,preds.pt#2458
1BB205,0141,BridgeRefine-L1-seed123,123,0.734419,18.672951,0.104788,preds.pt#2459
1BB205,0142,BridgeRefine-L1-seed123,123,0.741569,18.813397,0.113289,preds.pt#2460
1BB205,0143,BridgeRefine-L1-seed123,123,0.752947,19.030723,0.116695,preds.pt#2461
1BB205,0144,BridgeRefine-L1-seed123,123,0.770232,19.461679,0.098118,preds.pt#2462
1BB205,0145,BridgeRefine-L1-seed123,123,0.775589,19.566681,0.087945,preds.pt#2463
1BB205,0146,BridgeRefine-L1-seed123,123,0.786329,19.732400,0.092047,preds.pt#2464
1BB205,0147,BridgeRefine-L1-seed123,123,0.778769,19.647620,0.083556,preds.pt#2465
1BB205,0148,BridgeRefine-L1-seed123,123,0.778030,19.570698,0.089082,preds.pt#2466
1BB205,0149,BridgeRefine-L1-seed123,123,0.780068,19.670397,0.086138,preds.pt#2467
1BB205,0150,BridgeRefine-L1-seed123,123,0.796396,20.151346,0.082814,preds.pt#2468
1BB205,0151,BridgeRefine-L1-seed123,123,0.788392,19.880149,0.085399,preds.pt#2469
1BB205,0152,BridgeRefine-L1-seed123,123,0.789617,20.094716,0.079578,preds.pt#2470
1BB205,0153,BridgeRefine-L1-seed123,123,0.785092,19.760338,0.084492,preds.pt#2471
1BB205,0154,BridgeRefine-L1-seed123,123,0.779286,19.589126,0.084125,preds.pt#2472
1BB205,0155,BridgeRefine-L1-seed123,123,0.778228,19.588197,0.084809,preds.pt#2473
1BB205,0156,BridgeRefine-L1-seed123,123,0.765591,19.190616,0.084081,preds.pt#2474
1BB205,0157,BridgeRefine-L1-seed123,123,0.765623,19.285800,0.086475,preds.pt#2475
1BB205,0158,BridgeRefine-L1-seed123,123,0.765784,19.508592,0.083009,preds.pt#2476
1BB205,0159,BridgeRefine-L1-seed123,123,0.774120,19.766163,0.076066,preds.pt#2477
1BB205,0160,BridgeRefine-L1-seed123,123,0.776865,19.525620,0.087434,preds.pt#2478
1BB205,0161,BridgeRefine-L1-seed123,123,0.782849,19.629243,0.094626,preds.pt#2479
1BB205,0162,BridgeRefine-L1-seed123,123,0.787140,19.486453,0.090136,preds.pt#2480
1BB205,0163,BridgeRefine-L1-seed123,123,0.792955,19.504028,0.078416,preds.pt#2481
1BB205,0164,BridgeRefine-L1-seed123,123,0.793816,19.770888,0.064957,preds.pt#2482
1BB205,0165,BridgeRefine-L1-seed123,123,0.795301,19.682305,0.063786,preds.pt#2483
1BB205,0166,BridgeRefine-L1-seed123,123,0.804114,19.823027,0.059408,preds.pt#2484
1BB205,0167,BridgeRefine-L1-seed123,123,0.805447,19.736012,0.070923,preds.pt#2485
1BB205,0168,BridgeRefine-L1-seed123,123,0.815156,20.133535,0.078943,preds.pt#2486
1BB205,0169,BridgeRefine-L1-seed123,123,0.809105,20.020719,0.068840,preds.pt#2487
1BB205,0170,BridgeRefine-L1-seed123,123,0.812652,20.101801,0.077365,preds.pt#2488
1BB205,0171,BridgeRefine-L1-seed123,123,0.811648,20.144378,0.081698,preds.pt#2489
1BB205,0172,BridgeRefine-L1-seed123,123,0.802963,19.882145,0.068988,preds.pt#2490
1BB205,0173,BridgeRefine-L1-seed123,123,0.804329,19.646817,0.075147,preds.pt#2491
1BB205,0174,BridgeRefine-L1-seed123,123,0.831894,20.344607,0.068457,preds.pt#2492
1BB205,0175,BridgeRefine-L1-seed123,123,0.825330,19.965142,0.069406,preds.pt#2493
1BB205,0176,BridgeRefine-L1-seed123,123,0.819542,20.033975,0.075529,preds.pt#2494
1BB205,0177,BridgeRefine-L1-seed123,123,0.827986,19.886566,0.058968,preds.pt#2495
1BB205,0178,BridgeRefine-L1-seed123,123,0.839435,20.087124,0.063526,preds.pt#2496
1BB205,0179,BridgeRefine-L1-seed123,123,0.833465,19.877400,0.063859,preds.pt#2497
1BB205,0180,BridgeRefine-L1-seed123,123,0.832091,19.742532,0.066314,preds.pt#2498
1BB205,0181,BridgeRefine-L1-seed123,123,0.827133,19.739283,0.064912,preds.pt#2499
1BB205,0182,BridgeRefine-L1-seed123,123,0.816855,19.155443,0.065022,preds.pt#2500
1BB205,0183,BridgeRefine-L1-seed123,123,0.813584,19.037422,0.063543,preds.pt#2501
1BB205,0184,BridgeRefine-L1-seed123,123,0.822424,19.344475,0.050644,preds.pt#2502
1BB205,0185,BridgeRefine-L1-seed123,123,0.819186,19.155596,0.054339,preds.pt#2503
1BB205,0186,BridgeRefine-L1-seed123,123,0.815931,19.069138,0.062819,preds.pt#2504
1BB205,0187,BridgeRefine-L1-seed123,123,0.815417,18.900228,0.048778,preds.pt#2505
1BB205,0188,BridgeRefine-L1-seed123,123,0.814050,18.789601,0.057575,preds.pt#2506
1BB205,0189,BridgeRefine-L1-seed123,123,0.827804,19.077919,0.061709,preds.pt#2507
1BB205,0190,BridgeRefine-L1-seed123,123,0.833681,19.226718,0.062581,preds.pt#2508
1BB205,0191,BridgeRefine-L1-seed123,123,0.825107,19.152965,0.060439,preds.pt#2509
1BB205,0192,BridgeRefine-L1-seed123,123,0.815344,18.709842,0.061438,preds.pt#2510
1BB205,0193,BridgeRefine-L1-seed123,123,0.814653,18.863458,0.048417,preds.pt#2511
1BB205,0194,BridgeRefine-L1-seed123,123,0.810869,18.853709,0.051197,preds.pt#2512
1BB205,0195,BridgeRefine-L1-seed123,123,0.810011,18.890707,0.055074,preds.pt#2513
1BB205,0196,BridgeRefine-L1-seed123,123,0.797949,18.846376,0.050977,preds.pt#2514
1BB205,0197,BridgeRefine-L1-seed123,123,0.798402,19.121238,0.062752,preds.pt#2515
1BB205,0198,BridgeRefine-L1-seed123,123,0.805261,19.163664,0.054619,preds.pt#2516
1BB205,0199,BridgeRefine-L1-seed123,123,0.806025,19.517411,0.052472,preds.pt#2517
1BB205,0200,BridgeRefine-L1-seed123,123,0.814403,19.598180,0.046768,preds.pt#2518
1BB205,0201,BridgeRefine-L1-seed123,123,0.812053,19.657642,0.050278,preds.pt#2519
1BB205,0202,BridgeRefine-L1-seed123,123,0.809411,19.732852,0.081936,preds.pt#2520
1BB205,0203,BridgeRefine-L1-seed123,123,0.816622,20.169561,0.070127,preds.pt#2521
1BB205,0204,BridgeRefine-L1-seed123,123,0.824284,20.153708,0.074976,preds.pt#2522
1BB205,0205,BridgeRefine-L1-seed123,123,0.821694,19.732137,0.062502,preds.pt#2523
1BB205,0206,BridgeRefine-L1-seed123,123,0.832919,20.089001,0.059065,preds.pt#2524
1BB205,0207,BridgeRefine-L1-seed123,123,0.838037,20.361453,0.061112,preds.pt#2525
1BB205,0208,BridgeRefine-L1-seed123,123,0.851436,20.945384,0.070162,preds.pt#2526
1BB205,0209,BridgeRefine-L1-seed123,123,0.869778,20.601245,0.061169,preds.pt#2527
1BB205,0210,BridgeRefine-L1-seed123,123,0.872564,21.499165,0.067595,preds.pt#2528
1BB205,0211,BridgeRefine-L1-seed123,123,0.884576,21.406804,0.068083,preds.pt#2529
1BB205,0212,BridgeRefine-L1-seed123,123,0.883163,23.517982,0.056063,preds.pt#2530
1BB205,0213,BridgeRefine-L1-seed123,123,0.893685,25.768376,0.056417,preds.pt#2531
1BB205,0214,BridgeRefine-L1-seed123,123,0.890250,27.954877,0.050773,preds.pt#2532
1BB205,0215,BridgeRefine-L1-seed123,123,0.804827,21.613611,0.107427,preds.pt#2533
1BB205,0216,BridgeRefine-L1-seed123,123,0.814049,21.752788,0.127482,preds.pt#2534
1BB205,0217,BridgeRefine-L1-seed123,123,0.841319,24.401601,0.083322,preds.pt#2535
1BC007,0002,BridgeRefine-L1-seed123,123,0.984788,52.524145,0.027557,preds.pt#2536
1BC007,0003,BridgeRefine-L1-seed123,123,0.980679,42.202449,0.052789,preds.pt#2537
1BC007,0004,BridgeRefine-L1-seed123,123,0.971856,34.251069,0.145066,preds.pt#2538
1BC007,0005,BridgeRefine-L1-seed123,123,0.968346,32.121574,0.119005,preds.pt#2539
1BC007,0006,BridgeRefine-L1-seed123,123,0.953140,29.054321,0.195176,preds.pt#2540
1BC007,0007,BridgeRefine-L1-seed123,123,0.938328,27.456977,0.184103,preds.pt#2541
1BC007,0008,BridgeRefine-L1-seed123,123,0.924877,26.875860,0.174733,preds.pt#2542
1BC007,0009,BridgeRefine-L1-seed123,123,0.858535,23.572555,0.222500,preds.pt#2543
1BC007,0010,BridgeRefine-L1-seed123,123,0.875871,24.718054,0.188814,preds.pt#2544
1BC007,0011,BridgeRefine-L1-seed123,123,0.859052,23.672632,0.217472,preds.pt#2545
1BC007,0012,BridgeRefine-L1-seed123,123,0.837566,23.270780,0.197655,preds.pt#2546
1BC007,0013,BridgeRefine-L1-seed123,123,0.832383,23.202158,0.222109,preds.pt#2547
1BC007,0014,BridgeRefine-L1-seed123,123,0.810907,22.279327,0.224932,preds.pt#2548
1BC007,0015,BridgeRefine-L1-seed123,123,0.807359,21.700346,0.231536,preds.pt#2549
1BC007,0016,BridgeRefine-L1-seed123,123,0.797894,21.314755,0.231287,preds.pt#2550
1BC007,0017,BridgeRefine-L1-seed123,123,0.782610,20.813650,0.234536,preds.pt#2551
1BC007,0018,BridgeRefine-L1-seed123,123,0.793416,20.882588,0.216898,preds.pt#2552
1BC007,0019,BridgeRefine-L1-seed123,123,0.779722,20.767104,0.215099,preds.pt#2553
1BC007,0020,BridgeRefine-L1-seed123,123,0.760785,20.182493,0.221882,preds.pt#2554
1BC007,0021,BridgeRefine-L1-seed123,123,0.749118,19.707316,0.225056,preds.pt#2555
1BC007,0022,BridgeRefine-L1-seed123,123,0.736082,19.719988,0.229076,preds.pt#2556
1BC007,0023,BridgeRefine-L1-seed123,123,0.736819,19.755068,0.257352,preds.pt#2557
1BC007,0024,BridgeRefine-L1-seed123,123,0.736027,19.730234,0.271035,preds.pt#2558
1BC007,0025,BridgeRefine-L1-seed123,123,0.714816,18.847273,0.265294,preds.pt#2559
1BC007,0026,BridgeRefine-L1-seed123,123,0.711569,18.950363,0.277166,preds.pt#2560
1BC007,0027,BridgeRefine-L1-seed123,123,0.702999,18.502602,0.273841,preds.pt#2561
1BC007,0028,BridgeRefine-L1-seed123,123,0.703822,18.201259,0.281400,preds.pt#2562
1BC007,0029,BridgeRefine-L1-seed123,123,0.702204,18.947464,0.234741,preds.pt#2563
1BC007,0030,BridgeRefine-L1-seed123,123,0.708968,18.720085,0.236353,preds.pt#2564
1BC007,0031,BridgeRefine-L1-seed123,123,0.687510,18.299023,0.243873,preds.pt#2565
1BC007,0032,BridgeRefine-L1-seed123,123,0.717920,18.478224,0.243619,preds.pt#2566
1BC007,0033,BridgeRefine-L1-seed123,123,0.697567,18.127531,0.216594,preds.pt#2567
1BC007,0034,BridgeRefine-L1-seed123,123,0.710762,18.127518,0.207463,preds.pt#2568
1BC007,0035,BridgeRefine-L1-seed123,123,0.716293,17.999127,0.190928,preds.pt#2569
1BC007,0036,BridgeRefine-L1-seed123,123,0.742513,18.371570,0.184647,preds.pt#2570
1BC007,0037,BridgeRefine-L1-seed123,123,0.737480,18.118992,0.223798,preds.pt#2571
1BC007,0038,BridgeRefine-L1-seed123,123,0.741643,18.014418,0.229952,preds.pt#2572
1BC007,0039,BridgeRefine-L1-seed123,123,0.749769,17.929424,0.222886,preds.pt#2573
1BC007,0040,BridgeRefine-L1-seed123,123,0.760729,17.849945,0.205349,preds.pt#2574
1BC007,0041,BridgeRefine-L1-seed123,123,0.763503,17.975676,0.211844,preds.pt#2575
1BC007,0042,BridgeRefine-L1-seed123,123,0.776656,18.170518,0.177392,preds.pt#2576
1BC007,0043,BridgeRefine-L1-seed123,123,0.777830,18.080793,0.159730,preds.pt#2577
1BC007,0044,BridgeRefine-L1-seed123,123,0.781885,17.994802,0.162146,preds.pt#2578
1BC007,0045,BridgeRefine-L1-seed123,123,0.784349,18.337306,0.164299,preds.pt#2579
1BC007,0046,BridgeRefine-L1-seed123,123,0.791068,18.407243,0.172050,preds.pt#2580
1BC007,0047,BridgeRefine-L1-seed123,123,0.788066,18.175627,0.139163,preds.pt#2581
1BC007,0048,BridgeRefine-L1-seed123,123,0.783641,18.181476,0.156201,preds.pt#2582
1BC007,0049,BridgeRefine-L1-seed123,123,0.783186,18.141997,0.153652,preds.pt#2583
1BC007,0050,BridgeRefine-L1-seed123,123,0.775805,18.159510,0.155139,preds.pt#2584
1BC007,0051,BridgeRefine-L1-seed123,123,0.770698,17.817831,0.167256,preds.pt#2585
1BC007,0052,BridgeRefine-L1-seed123,123,0.770322,17.766047,0.156463,preds.pt#2586
1BC007,0053,BridgeRefine-L1-seed123,123,0.770580,17.764065,0.141168,preds.pt#2587
1BC007,0054,BridgeRefine-L1-seed123,123,0.783233,18.072592,0.164368,preds.pt#2588
1BC007,0055,BridgeRefine-L1-seed123,123,0.794057,18.403372,0.154308,preds.pt#2589
1BC007,0056,BridgeRefine-L1-seed123,123,0.797129,18.538889,0.137649,preds.pt#2590
1BC007,0057,BridgeRefine-L1-seed123,123,0.798326,18.663028,0.143461,preds.pt#2591
1BC007,0058,BridgeRefine-L1-seed123,123,0.788774,18.376755,0.156452,preds.pt#2592
1BC007,0059,BridgeRefine-L1-seed123,123,0.798387,18.827831,0.144082,preds.pt#2593
1BC007,0060,BridgeRefine-L1-seed123,123,0.800599,18.844692,0.134153,preds.pt#2594
1BC007,0061,BridgeRefine-L1-seed123,123,0.790683,18.558969,0.135389,preds.pt#2595
1BC007,0062,BridgeRefine-L1-seed123,123,0.799864,18.956013,0.141622,preds.pt#2596
1BC007,0063,BridgeRefine-L1-seed123,123,0.807011,19.157860,0.130608,preds.pt#2597
1BC007,0064,BridgeRefine-L1-seed123,123,0.809685,19.369380,0.112791,preds.pt#2598
1BC007,0065,BridgeRefine-L1-seed123,123,0.801713,19.066294,0.108697,preds.pt#2599
1BC007,0066,BridgeRefine-L1-seed123,123,0.806828,19.100140,0.114686,preds.pt#2600
1BC007,0067,BridgeRefine-L1-seed123,123,0.804264,19.239483,0.122094,preds.pt#2601
1BC007,0068,BridgeRefine-L1-seed123,123,0.798410,19.059500,0.130894,preds.pt#2602
1BC007,0069,BridgeRefine-L1-seed123,123,0.791833,18.948884,0.136689,preds.pt#2603
1BC007,0070,BridgeRefine-L1-seed123,123,0.783660,18.610433,0.130771,preds.pt#2604
1BC007,0071,BridgeRefine-L1-seed123,123,0.792251,18.897677,0.155877,preds.pt#2605
1BC007,0072,BridgeRefine-L1-seed123,123,0.783481,18.570833,0.156433,preds.pt#2606
1BC007,0073,BridgeRefine-L1-seed123,123,0.766698,18.527862,0.143110,preds.pt#2607
1BC007,0074,BridgeRefine-L1-seed123,123,0.756432,18.367191,0.150617,preds.pt#2608
1BC007,0075,BridgeRefine-L1-seed123,123,0.753077,18.179197,0.159531,preds.pt#2609
1BC007,0076,BridgeRefine-L1-seed123,123,0.763663,18.279371,0.139568,preds.pt#2610
1BC007,0077,BridgeRefine-L1-seed123,123,0.765149,18.377206,0.142374,preds.pt#2611
1BC007,0078,BridgeRefine-L1-seed123,123,0.768887,18.321120,0.156747,preds.pt#2612
1BC007,0079,BridgeRefine-L1-seed123,123,0.771161,18.409342,0.149343,preds.pt#2613
1BC007,0080,BridgeRefine-L1-seed123,123,0.784420,18.603050,0.138628,preds.pt#2614
1BC007,0081,BridgeRefine-L1-seed123,123,0.780033,18.490118,0.144185,preds.pt#2615
1BC007,0082,BridgeRefine-L1-seed123,123,0.780863,18.480616,0.130830,preds.pt#2616
1BC007,0083,BridgeRefine-L1-seed123,123,0.791375,18.715444,0.123412,preds.pt#2617
1BC007,0084,BridgeRefine-L1-seed123,123,0.778490,18.596032,0.135939,preds.pt#2618
1BC007,0085,BridgeRefine-L1-seed123,123,0.798133,18.941453,0.131382,preds.pt#2619
1BC007,0086,BridgeRefine-L1-seed123,123,0.790721,18.878404,0.113065,preds.pt#2620
1BC007,0087,BridgeRefine-L1-seed123,123,0.784741,18.946863,0.099255,preds.pt#2621
1BC007,0088,BridgeRefine-L1-seed123,123,0.772309,18.578266,0.123016,preds.pt#2622
1BC007,0089,BridgeRefine-L1-seed123,123,0.781655,18.686985,0.115592,preds.pt#2623
1BC007,0090,BridgeRefine-L1-seed123,123,0.806401,19.092350,0.093441,preds.pt#2624
1BC007,0091,BridgeRefine-L1-seed123,123,0.819783,19.373193,0.105549,preds.pt#2625
1BC007,0092,BridgeRefine-L1-seed123,123,0.819422,19.594685,0.108323,preds.pt#2626
1BC007,0093,BridgeRefine-L1-seed123,123,0.816575,19.485703,0.098825,preds.pt#2627
1BC007,0094,BridgeRefine-L1-seed123,123,0.819456,19.325946,0.097087,preds.pt#2628
1BC007,0095,BridgeRefine-L1-seed123,123,0.824852,19.721304,0.097058,preds.pt#2629
1BC007,0096,BridgeRefine-L1-seed123,123,0.823178,19.476026,0.085065,preds.pt#2630
1BC007,0097,BridgeRefine-L1-seed123,123,0.832192,19.917557,0.079956,preds.pt#2631
1BC007,0098,BridgeRefine-L1-seed123,123,0.828656,19.609175,0.082483,preds.pt#2632
1BC007,0099,BridgeRefine-L1-seed123,123,0.830199,20.078278,0.094966,preds.pt#2633
1BC007,0100,BridgeRefine-L1-seed123,123,0.812768,19.320370,0.088670,preds.pt#2634
1BC007,0101,BridgeRefine-L1-seed123,123,0.817969,19.278569,0.084125,preds.pt#2635
1BC007,0102,BridgeRefine-L1-seed123,123,0.835811,20.158395,0.078143,preds.pt#2636
1BC007,0103,BridgeRefine-L1-seed123,123,0.832571,19.928839,0.070108,preds.pt#2637
1BC007,0104,BridgeRefine-L1-seed123,123,0.844731,20.379513,0.075088,preds.pt#2638
1BC007,0105,BridgeRefine-L1-seed123,123,0.835186,20.222699,0.085121,preds.pt#2639
1BC007,0106,BridgeRefine-L1-seed123,123,0.835172,20.041745,0.080859,preds.pt#2640
1BC007,0107,BridgeRefine-L1-seed123,123,0.822469,20.506060,0.089056,preds.pt#2641
1BC007,0108,BridgeRefine-L1-seed123,123,0.856471,20.861162,0.087168,preds.pt#2642
1BC007,0109,BridgeRefine-L1-seed123,123,0.851888,21.023168,0.086374,preds.pt#2643
1BC007,0110,BridgeRefine-L1-seed123,123,0.849269,21.065264,0.081380,preds.pt#2644
1BC007,0111,BridgeRefine-L1-seed123,123,0.857274,21.404796,0.077926,preds.pt#2645
1BC007,0112,BridgeRefine-L1-seed123,123,0.780083,20.497777,0.061258,preds.pt#2646
1BC007,0113,BridgeRefine-L1-seed123,123,0.765899,20.148822,0.067456,preds.pt#2647
1BC007,0114,BridgeRefine-L1-seed123,123,0.777134,20.540520,0.072656,preds.pt#2648
1BC007,0115,BridgeRefine-L1-seed123,123,0.768510,20.493412,0.070265,preds.pt#2649
1BC007,0116,BridgeRefine-L1-seed123,123,0.781780,20.532896,0.072165,preds.pt#2650
1BC007,0117,BridgeRefine-L1-seed123,123,0.798050,20.790516,0.074183,preds.pt#2651
1BC007,0118,BridgeRefine-L1-seed123,123,0.793089,20.548474,0.077383,preds.pt#2652
1BC007,0119,BridgeRefine-L1-seed123,123,0.782137,20.696293,0.075805,preds.pt#2653
1BC007,0120,BridgeRefine-L1-seed123,123,0.763895,20.320248,0.066213,preds.pt#2654
1BC007,0121,BridgeRefine-L1-seed123,123,0.785864,20.337515,0.061022,preds.pt#2655
1BC007,0122,BridgeRefine-L1-seed123,123,0.795574,20.599358,0.061558,preds.pt#2656
1BC007,0123,BridgeRefine-L1-seed123,123,0.783352,20.616473,0.075070,preds.pt#2657
1BC007,0124,BridgeRefine-L1-seed123,123,0.785900,20.506055,0.075620,preds.pt#2658
1BC007,0125,BridgeRefine-L1-seed123,123,0.774350,20.395314,0.070966,preds.pt#2659
1BC007,0126,BridgeRefine-L1-seed123,123,0.832392,20.241457,0.062659,preds.pt#2660
1BC007,0127,BridgeRefine-L1-seed123,123,0.792341,20.097728,0.062799,preds.pt#2661
1BC007,0128,BridgeRefine-L1-seed123,123,0.805850,19.923279,0.067928,preds.pt#2662
1BC007,0129,BridgeRefine-L1-seed123,123,0.768128,19.737652,0.068178,preds.pt#2663
1BC007,0130,BridgeRefine-L1-seed123,123,0.804375,19.493110,0.071537,preds.pt#2664
1BC007,0131,BridgeRefine-L1-seed123,123,0.755574,19.153058,0.083895,preds.pt#2665
1BC007,0132,BridgeRefine-L1-seed123,123,0.774920,19.316357,0.066392,preds.pt#2666
1BC007,0133,BridgeRefine-L1-seed123,123,0.776480,18.990268,0.062736,preds.pt#2667
1BC007,0134,BridgeRefine-L1-seed123,123,0.777336,19.052157,0.059303,preds.pt#2668
1BC007,0135,BridgeRefine-L1-seed123,123,0.788247,19.461420,0.070847,preds.pt#2669
1BC007,0136,BridgeRefine-L1-seed123,123,0.814172,19.669455,0.058672,preds.pt#2670
1BC007,0137,BridgeRefine-L1-seed123,123,0.788435,19.065526,0.070919,preds.pt#2671
1BC007,0138,BridgeRefine-L1-seed123,123,0.810511,19.354188,0.052175,preds.pt#2672
1BC007,0139,BridgeRefine-L1-seed123,123,0.777981,18.951595,0.062267,preds.pt#2673
1BC007,0140,BridgeRefine-L1-seed123,123,0.840080,19.206204,0.048757,preds.pt#2674
1BC007,0141,BridgeRefine-L1-seed123,123,0.799633,19.065094,0.053282,preds.pt#2675
1BC007,0142,BridgeRefine-L1-seed123,123,0.812102,19.132348,0.054952,preds.pt#2676
1BC007,0143,BridgeRefine-L1-seed123,123,0.815432,18.913831,0.042005,preds.pt#2677
1BC007,0144,BridgeRefine-L1-seed123,123,0.827345,19.184158,0.038289,preds.pt#2678
1BC007,0145,BridgeRefine-L1-seed123,123,0.847257,19.317338,0.046194,preds.pt#2679
1BC007,0146,BridgeRefine-L1-seed123,123,0.852422,19.365949,0.040559,preds.pt#2680
1BC007,0147,BridgeRefine-L1-seed123,123,0.856483,19.385872,0.040782,preds.pt#2681
1BC007,0148,BridgeRefine-L1-seed123,123,0.815406,19.283888,0.046042,preds.pt#2682
1BC007,0149,BridgeRefine-L1-seed123,123,0.852520,19.419735,0.047712,preds.pt#2683
1BC007,0150,BridgeRefine-L1-seed123,123,0.815740,18.990764,0.052052,preds.pt#2684
1BC007,0151,BridgeRefine-L1-seed123,123,0.844584,19.373900,0.037019,preds.pt#2685
1BC007,0152,BridgeRefine-L1-seed123,123,0.822443,19.622351,0.048006,preds.pt#2686
1BC007,0153,BridgeRefine-L1-seed123,123,0.834306,19.904536,0.038550,preds.pt#2687
1BC007,0154,BridgeRefine-L1-seed123,123,0.856644,19.897129,0.039142,preds.pt#2688
1BC007,0155,BridgeRefine-L1-seed123,123,0.811697,19.896391,0.073258,preds.pt#2689
1BC007,0156,BridgeRefine-L1-seed123,123,0.856960,20.547319,0.049250,preds.pt#2690
1BC007,0157,BridgeRefine-L1-seed123,123,0.839112,20.734487,0.058402,preds.pt#2691
1BC007,0158,BridgeRefine-L1-seed123,123,0.870198,21.027583,0.046640,preds.pt#2692
1BC007,0159,BridgeRefine-L1-seed123,123,0.861793,21.002415,0.056516,preds.pt#2693
1BC007,0160,BridgeRefine-L1-seed123,123,0.885458,21.650561,0.048458,preds.pt#2694
1BC007,0161,BridgeRefine-L1-seed123,123,0.889154,21.977159,0.052868,preds.pt#2695
1BC007,0162,BridgeRefine-L1-seed123,123,0.896904,21.893454,0.038014,preds.pt#2696
1BC007,0163,BridgeRefine-L1-seed123,123,0.882512,22.164372,0.076784,preds.pt#2697
1BC007,0164,BridgeRefine-L1-seed123,123,0.904834,22.664779,0.054413,preds.pt#2698
1BC007,0165,BridgeRefine-L1-seed123,123,0.895220,22.904019,0.059253,preds.pt#2699
1BC007,0166,BridgeRefine-L1-seed123,123,0.908337,23.267941,0.059954,preds.pt#2700
1BC007,0167,BridgeRefine-L1-seed123,123,0.909203,23.897492,0.070589,preds.pt#2701
1BC007,0168,BridgeRefine-L1-seed123,123,0.905618,24.364035,0.082835,preds.pt#2702
1BC007,0169,BridgeRefine-L1-seed123,123,0.918598,25.363311,0.063257,preds.pt#2703
1BC007,0170,BridgeRefine-L1-seed123,123,0.877090,22.735212,0.106473,preds.pt#2704
1BC007,0171,BridgeRefine-L1-seed123,123,0.899063,24.416585,0.101480,preds.pt#2705
1BC007,0172,BridgeRefine-L1-seed123,123,0.906745,25.587900,0.105563,preds.pt#2706
1BC007,0173,BridgeRefine-L1-seed123,123,0.919712,26.590549,0.073452,preds.pt#2707
1BC007,0174,BridgeRefine-L1-seed123,123,0.923650,27.204291,0.069416,preds.pt#2708
1BC007,0175,BridgeRefine-L1-seed123,123,0.930497,26.695995,0.063977,preds.pt#2709
1BC007,0176,BridgeRefine-L1-seed123,123,0.931625,27.006403,0.071483,preds.pt#2710
1BC007,0177,BridgeRefine-L1-seed123,123,0.931890,27.370733,0.080052,preds.pt#2711
1BC007,0178,BridgeRefine-L1-seed123,123,0.933014,26.480907,0.063773,preds.pt#2712
1BC007,0179,BridgeRefine-L1-seed123,123,0.931230,26.934388,0.074895,preds.pt#2713
1BC007,0180,BridgeRefine-L1-seed123,123,0.932963,26.297471,0.095428,preds.pt#2714
1BC007,0181,BridgeRefine-L1-seed123,123,0.945821,28.316172,0.087142,preds.pt#2715
1BC007,0182,BridgeRefine-L1-seed123,123,0.951798,30.393028,0.078056,preds.pt#2716
1BC007,0183,BridgeRefine-L1-seed123,123,0.947202,29.934496,0.058862,preds.pt#2717
1BC007,0184,BridgeRefine-L1-seed123,123,0.961232,31.949362,0.048827,preds.pt#2718
1BC007,0185,BridgeRefine-L1-seed123,123,0.955664,27.803710,0.099592,preds.pt#2719
1BC014,0005,BridgeRefine-L1-seed123,123,0.988269,52.348086,0.031200,preds.pt#2720
1BC014,0006,BridgeRefine-L1-seed123,123,0.978805,41.671715,0.090427,preds.pt#2721
1BC014,0007,BridgeRefine-L1-seed123,123,0.964376,33.125033,0.220584,preds.pt#2722
1BC014,0008,BridgeRefine-L1-seed123,123,0.950904,28.989824,0.266860,preds.pt#2723
1BC014,0009,BridgeRefine-L1-seed123,123,0.954136,28.183725,0.204063,preds.pt#2724
1BC014,0010,BridgeRefine-L1-seed123,123,0.945785,28.440600,0.198794,preds.pt#2725
1BC014,0011,BridgeRefine-L1-seed123,123,0.923149,26.858424,0.204772,preds.pt#2726
1BC014,0012,BridgeRefine-L1-seed123,123,0.909070,25.136521,0.204588,preds.pt#2727
1BC014,0013,BridgeRefine-L1-seed123,123,0.890928,24.353104,0.214986,preds.pt#2728
1BC014,0014,BridgeRefine-L1-seed123,123,0.874544,24.400037,0.230084,preds.pt#2729
1BC014,0015,BridgeRefine-L1-seed123,123,0.846540,23.353039,0.230085,preds.pt#2730
1BC014,0016,BridgeRefine-L1-seed123,123,0.830929,21.758245,0.219214,preds.pt#2731
1BC014,0017,BridgeRefine-L1-seed123,123,0.800274,21.354601,0.247446,preds.pt#2732
1BC014,0018,BridgeRefine-L1-seed123,123,0.782239,21.166583,0.250282,preds.pt#2733
1BC014,0019,BridgeRefine-L1-seed123,123,0.775042,20.673085,0.247800,preds.pt#2734
1BC014,0020,BridgeRefine-L1-seed123,123,0.772574,20.410831,0.261884,preds.pt#2735
1BC014,0021,BridgeRefine-L1-seed123,123,0.751343,20.199514,0.255547,preds.pt#2736
1BC014,0022,BridgeRefine-L1-seed123,123,0.724943,18.851589,0.251579,preds.pt#2737
1BC014,0023,BridgeRefine-L1-seed123,123,0.732146,19.687293,0.238969,preds.pt#2738
1BC014,0024,BridgeRefine-L1-seed123,123,0.708952,18.992399,0.231581,preds.pt#2739
1BC014,0025,BridgeRefine-L1-seed123,123,0.670813,17.765904,0.265506,preds.pt#2740
1BC014,0026,BridgeRefine-L1-seed123,123,0.717833,19.371592,0.239265,preds.pt#2741
1BC014,0027,BridgeRefine-L1-seed123,123,0.682219,17.764995,0.261772,preds.pt#2742
1BC014,0028,BridgeRefine-L1-seed123,123,0.672213,17.414072,0.254607,preds.pt#2743
1BC014,0029,BridgeRefine-L1-seed123,123,0.663726,17.415000,0.241524,preds.pt#2744
1BC014,0030,BridgeRefine-L1-seed123,123,0.695320,18.641939,0.271824,preds.pt#2745
1BC014,0031,BridgeRefine-L1-seed123,123,0.689702,18.273671,0.270540,preds.pt#2746
1BC014,0032,BridgeRefine-L1-seed123,123,0.686885,18.538899,0.258790,preds.pt#2747
1BC014,0033,BridgeRefine-L1-seed123,123,0.673048,18.049163,0.252728,preds.pt#2748
1BC014,0034,BridgeRefine-L1-seed123,123,0.676441,18.080693,0.256011,preds.pt#2749
1BC014,0035,BridgeRefine-L1-seed123,123,0.676597,18.363593,0.242410,preds.pt#2750
1BC014,0036,BridgeRefine-L1-seed123,123,0.667393,18.064861,0.250597,preds.pt#2751
1BC014,0037,BridgeRefine-L1-seed123,123,0.665718,17.358921,0.246663,preds.pt#2752
1BC014,0038,BridgeRefine-L1-seed123,123,0.668538,17.614576,0.230373,preds.pt#2753
1BC014,0039,BridgeRefine-L1-seed123,123,0.676320,17.133380,0.233029,preds.pt#2754
1BC014,0040,BridgeRefine-L1-seed123,123,0.679242,16.834383,0.211663,preds.pt#2755
1BC014,0041,BridgeRefine-L1-seed123,123,0.695060,17.467448,0.222527,preds.pt#2756
1BC014,0042,BridgeRefine-L1-seed123,123,0.553355,14.005194,0.291860,preds.pt#2757
1BC014,0043,BridgeRefine-L1-seed123,123,0.685157,16.768605,0.220264,preds.pt#2758
1BC014,0044,BridgeRefine-L1-seed123,123,0.703346,16.965616,0.220442,preds.pt#2759
1BC014,0045,BridgeRefine-L1-seed123,123,0.556228,13.564242,0.311065,preds.pt#2760
1BC014,0046,BridgeRefine-L1-seed123,123,0.689570,16.458377,0.238408,preds.pt#2761
1BC014,0047,BridgeRefine-L1-seed123,123,0.681695,16.390767,0.223190,preds.pt#2762
1BC014,0048,BridgeRefine-L1-seed123,123,0.618803,14.649413,0.258766,preds.pt#2763
1BC014,0049,BridgeRefine-L1-seed123,123,0.588698,14.233303,0.274787,preds.pt#2764
1BC014,0050,BridgeRefine-L1-seed123,123,0.724675,17.249208,0.216399,preds.pt#2765
1BC014,0051,BridgeRefine-L1-seed123,123,0.579576,14.073187,0.276618,preds.pt#2766
1BC014,0052,BridgeRefine-L1-seed123,123,0.581468,13.743387,0.312501,preds.pt#2767
1BC014,0053,BridgeRefine-L1-seed123,123,0.719023,17.121150,0.209961,preds.pt#2768
1BC014,0054,BridgeRefine-L1-seed123,123,0.571391,13.706366,0.297765,preds.pt#2769
1BC014,0055,BridgeRefine-L1-seed123,123,0.578285,13.715865,0.299058,preds.pt#2770
1BC014,0056,BridgeRefine-L1-seed123,123,0.724109,17.132593,0.214630,preds.pt#2771
1BC014,0057,BridgeRefine-L1-seed123,123,0.587178,14.418959,0.253153,preds.pt#2772
1BC014,0058,BridgeRefine-L1-seed123,123,0.585893,13.763235,0.270361,preds.pt#2773
1BC014,0059,BridgeRefine-L1-seed123,123,0.625983,14.618327,0.243279,preds.pt#2774
1BC014,0060,BridgeRefine-L1-seed123,123,0.592620,13.820531,0.286149,preds.pt#2775
1BC014,0061,BridgeRefine-L1-seed123,123,0.596659,13.719843,0.302636,preds.pt#2776
1BC014,0062,BridgeRefine-L1-seed123,123,0.599766,13.689657,0.296509,preds.pt#2777
1BC014,0063,BridgeRefine-L1-seed123,123,0.596647,13.512702,0.279907,preds.pt#2778
1BC014,0064,BridgeRefine-L1-seed123,123,0.598246,13.492454,0.295515,preds.pt#2779
1BC014,0065,BridgeRefine-L1-seed123,123,0.610800,13.860311,0.286062,preds.pt#2780
1BC014,0066,BridgeRefine-L1-seed123,123,0.603994,13.525503,0.292534,preds.pt#2781
1BC014,0067,BridgeRefine-L1-seed123,123,0.613643,13.797486,0.258279,preds.pt#2782
1BC014,0068,BridgeRefine-L1-seed123,123,0.611618,13.820075,0.275198,preds.pt#2783
1BC014,0069,BridgeRefine-L1-seed123,123,0.607327,13.549475,0.281583,preds.pt#2784
1BC014,0070,BridgeRefine-L1-seed123,123,0.606912,13.758707,0.281325,preds.pt#2785
1BC014,0071,BridgeRefine-L1-seed123,123,0.632909,14.809570,0.263805,preds.pt#2786
1BC014,0072,BridgeRefine-L1-seed123,123,0.608500,13.870181,0.281011,preds.pt#2787
1BC014,0073,BridgeRefine-L1-seed123,123,0.629983,15.185187,0.221002,preds.pt#2788
1BC014,0074,BridgeRefine-L1-seed123,123,0.603523,13.821541,0.265862,preds.pt#2789
1BC014,0075,BridgeRefine-L1-seed123,123,0.620398,14.736238,0.228540,preds.pt#2790
1BC014,0076,BridgeRefine-L1-seed123,123,0.648273,15.542420,0.195900,preds.pt#2791
1BC014,0077,BridgeRefine-L1-seed123,123,0.629991,15.359723,0.211856,preds.pt#2792
1BC014,0078,BridgeRefine-L1-seed123,123,0.606854,14.599509,0.235474,preds.pt#2793
1BC014,0079,BridgeRefine-L1-seed123,123,0.606010,14.533766,0.256316,preds.pt#2794
1BC014,0080,BridgeRefine-L1-seed123,123,0.632360,15.650526,0.234669,preds.pt#2795
1BC014,0081,BridgeRefine-L1-seed123,123,0.631714,15.643365,0.229090,preds.pt#2796
1BC014,0082,BridgeRefine-L1-seed123,123,0.644513,15.809007,0.215884,preds.pt#2797
1BC014,0083,BridgeRefine-L1-seed123,123,0.634237,15.151164,0.236278,preds.pt#2798
1BC014,0084,BridgeRefine-L1-seed123,123,0.659792,16.293622,0.227348,preds.pt#2799
1BC014,0085,BridgeRefine-L1-seed123,123,0.637336,15.122388,0.249716,preds.pt#2800
1BC014,0086,BridgeRefine-L1-seed123,123,0.658424,15.806411,0.223121,preds.pt#2801
1BC014,0087,BridgeRefine-L1-seed123,123,0.639282,15.315887,0.242030,preds.pt#2802
1BC014,0088,BridgeRefine-L1-seed123,123,0.698174,17.215012,0.193244,preds.pt#2803
1BC014,0089,BridgeRefine-L1-seed123,123,0.756592,17.887074,0.169815,preds.pt#2804
1BC014,0090,BridgeRefine-L1-seed123,123,0.737422,17.469969,0.170586,preds.pt#2805
1BC014,0091,BridgeRefine-L1-seed123,123,0.726874,17.259738,0.158424,preds.pt#2806
1BC014,0092,BridgeRefine-L1-seed123,123,0.759747,18.089642,0.142965,preds.pt#2807
1BC014,0093,BridgeRefine-L1-seed123,123,0.737433,17.735275,0.164830,preds.pt#2808
1BC014,0094,BridgeRefine-L1-seed123,123,0.737440,17.698279,0.149285,preds.pt#2809
1BC014,0095,BridgeRefine-L1-seed123,123,0.766459,18.210389,0.147389,preds.pt#2810
1BC014,0096,BridgeRefine-L1-seed123,123,0.752710,17.912350,0.157886,preds.pt#2811
1BC014,0097,BridgeRefine-L1-seed123,123,0.756292,17.983313,0.165705,preds.pt#2812
1BC014,0098,BridgeRefine-L1-seed123,123,0.777726,18.473938,0.157543,preds.pt#2813
1BC014,0099,BridgeRefine-L1-seed123,123,0.775340,18.392869,0.170112,preds.pt#2814
1BC014,0100,BridgeRefine-L1-seed123,123,0.765061,18.228187,0.149805,preds.pt#2815
1BC014,0101,BridgeRefine-L1-seed123,123,0.792718,18.878036,0.140907,preds.pt#2816
1BC014,0102,BridgeRefine-L1-seed123,123,0.785879,18.768551,0.158762,preds.pt#2817
1BC014,0103,BridgeRefine-L1-seed123,123,0.788551,18.863747,0.165239,preds.pt#2818
1BC014,0104,BridgeRefine-L1-seed123,123,0.788973,18.522092,0.146282,preds.pt#2819
1BC014,0105,BridgeRefine-L1-seed123,123,0.780476,18.692560,0.141456,preds.pt#2820
1BC014,0106,BridgeRefine-L1-seed123,123,0.781913,18.434133,0.122961,preds.pt#2821
1BC014,0107,BridgeRefine-L1-seed123,123,0.785648,18.340233,0.128309,preds.pt#2822
1BC014,0108,BridgeRefine-L1-seed123,123,0.779213,18.320314,0.149446,preds.pt#2823
1BC014,0109,BridgeRefine-L1-seed123,123,0.787410,18.264074,0.140186,preds.pt#2824
1BC014,0110,BridgeRefine-L1-seed123,123,0.789464,18.428971,0.127905,preds.pt#2825
1BC014,0111,BridgeRefine-L1-seed123,123,0.717001,17.873629,0.124748,preds.pt#2826
1BC014,0112,BridgeRefine-L1-seed123,123,0.707176,17.705937,0.119324,preds.pt#2827
1BC014,0113,BridgeRefine-L1-seed123,123,0.775600,18.040429,0.114670,preds.pt#2828
1BC014,0114,BridgeRefine-L1-seed123,123,0.711582,17.600707,0.127915,preds.pt#2829
1BC014,0115,BridgeRefine-L1-seed123,123,0.700791,17.338939,0.120556,preds.pt#2830
1BC014,0116,BridgeRefine-L1-seed123,123,0.784164,18.223445,0.111529,preds.pt#2831
1BC014,0117,BridgeRefine-L1-seed123,123,0.717256,17.913844,0.129724,preds.pt#2832
1BC014,0118,BridgeRefine-L1-seed123,123,0.758804,17.923240,0.117647,preds.pt#2833
1BC014,0119,BridgeRefine-L1-seed123,123,0.799787,18.376429,0.103651,preds.pt#2834
1BC014,0120,BridgeRefine-L1-seed123,123,0.730820,17.552895,0.110113,preds.pt#2835
1BC014,0121,BridgeRefine-L1-seed123,123,0.731833,17.804969,0.106612,preds.pt#2836
1BC014,0122,BridgeRefine-L1-seed123,123,0.800535,18.287313,0.095267,preds.pt#2837
1BC014,0123,BridgeRefine-L1-seed123,123,0.724610,17.625624,0.102791,preds.pt#2838
1BC014,0124,BridgeRefine-L1-seed123,123,0.714582,17.289328,0.101886,preds.pt#2839
1BC014,0125,BridgeRefine-L1-seed123,123,0.723488,17.576245,0.092407,preds.pt#2840
1BC014,0126,BridgeRefine-L1-seed123,123,0.718745,17.229911,0.111019,preds.pt#2841
1BC014,0127,BridgeRefine-L1-seed123,123,0.718165,17.017745,0.111513,preds.pt#2842
1BC014,0128,BridgeRefine-L1-seed123,123,0.784658,18.188622,0.087906,preds.pt#2843
1BC014,0129,BridgeRefine-L1-seed123,123,0.726634,17.474743,0.108072,preds.pt#2844
1BC014,0130,BridgeRefine-L1-seed123,123,0.720302,17.471033,0.104942,preds.pt#2845
1BC014,0131,BridgeRefine-L1-seed123,123,0.780936,18.061592,0.093563,preds.pt#2846
1BC014,0132,BridgeRefine-L1-seed123,123,0.709280,17.100845,0.099427,preds.pt#2847
1BC014,0133,BridgeRefine-L1-seed123,123,0.717947,17.622519,0.104801,preds.pt#2848
1BC014,0134,BridgeRefine-L1-seed123,123,0.728635,17.826244,0.093494,preds.pt#2849
1BC014,0135,BridgeRefine-L1-seed123,123,0.731389,18.269923,0.093629,preds.pt#2850
1BC014,0136,BridgeRefine-L1-seed123,123,0.730361,18.659958,0.091359,preds.pt#2851
1BC014,0137,BridgeRefine-L1-seed123,123,0.801894,19.675869,0.081941,preds.pt#2852
1BC014,0138,BridgeRefine-L1-seed123,123,0.713854,18.479231,0.086137,preds.pt#2853
1BC014,0139,BridgeRefine-L1-seed123,123,0.717450,18.452358,0.083054,preds.pt#2854
1BC014,0140,BridgeRefine-L1-seed123,123,0.742263,19.425105,0.085798,preds.pt#2855
1BC014,0141,BridgeRefine-L1-seed123,123,0.719847,18.420796,0.079311,preds.pt#2856
1BC014,0142,BridgeRefine-L1-seed123,123,0.729503,19.025876,0.076871,preds.pt#2857
1BC014,0143,BridgeRefine-L1-seed123,123,0.735802,18.901479,0.083524,preds.pt#2858
1BC014,0144,BridgeRefine-L1-seed123,123,0.736925,18.941237,0.092920,preds.pt#2859
1BC014,0145,BridgeRefine-L1-seed123,123,0.730979,18.781691,0.087058,preds.pt#2860
1BC014,0146,BridgeRefine-L1-seed123,123,0.733465,18.832301,0.083483,preds.pt#2861
1BC014,0147,BridgeRefine-L1-seed123,123,0.738299,19.095636,0.088691,preds.pt#2862
1BC014,0148,BridgeRefine-L1-seed123,123,0.732491,18.780344,0.085705,preds.pt#2863
1BC014,0149,BridgeRefine-L1-seed123,123,0.737717,18.967207,0.079657,preds.pt#2864
1BC014,0150,BridgeRefine-L1-seed123,123,0.736735,18.867015,0.091974,preds.pt#2865
1BC014,0151,BridgeRefine-L1-seed123,123,0.735870,18.769802,0.089036,preds.pt#2866
1BC014,0152,BridgeRefine-L1-seed123,123,0.743088,18.903347,0.086521,preds.pt#2867
1BC014,0153,BridgeRefine-L1-seed123,123,0.731875,18.432301,0.108826,preds.pt#2868
1BC014,0154,BridgeRefine-L1-seed123,123,0.737530,18.646202,0.092000,preds.pt#2869
1BC014,0155,BridgeRefine-L1-seed123,123,0.719972,17.838579,0.089166,preds.pt#2870
1BC014,0156,BridgeRefine-L1-seed123,123,0.716015,17.802547,0.103104,preds.pt#2871
1BC014,0157,BridgeRefine-L1-seed123,123,0.755319,19.007352,0.091456,preds.pt#2872
1BC014,0158,BridgeRefine-L1-seed123,123,0.755822,19.007514,0.090456,preds.pt#2873
1BC014,0159,BridgeRefine-L1-seed123,123,0.736928,18.388765,0.103422,preds.pt#2874
1BC014,0160,BridgeRefine-L1-seed123,123,0.711059,17.446535,0.114443,preds.pt#2875
1BC014,0161,BridgeRefine-L1-seed123,123,0.774740,19.458521,0.095522,preds.pt#2876
1BC014,0162,BridgeRefine-L1-seed123,123,0.715606,17.503485,0.109825,preds.pt#2877
1BC014,0163,BridgeRefine-L1-seed123,123,0.735043,17.980689,0.100323,preds.pt#2878
1BC014,0164,BridgeRefine-L1-seed123,123,0.743738,18.160106,0.104100,preds.pt#2879
1BC014,0165,BridgeRefine-L1-seed123,123,0.681612,16.320119,0.153492,preds.pt#2880
1BC014,0166,BridgeRefine-L1-seed123,123,0.703158,16.734253,0.135547,preds.pt#2881
1BC014,0167,BridgeRefine-L1-seed123,123,0.725276,17.297008,0.120790,preds.pt#2882
1BC014,0168,BridgeRefine-L1-seed123,123,0.684791,16.259062,0.146644,preds.pt#2883
1BC014,0169,BridgeRefine-L1-seed123,123,0.735942,17.910527,0.140577,preds.pt#2884
1BC014,0170,BridgeRefine-L1-seed123,123,0.709340,16.880946,0.145117,preds.pt#2885
1BC014,0171,BridgeRefine-L1-seed123,123,0.696813,16.305024,0.144394,preds.pt#2886
1BC014,0172,BridgeRefine-L1-seed123,123,0.717561,16.750152,0.159971,preds.pt#2887
1BC014,0173,BridgeRefine-L1-seed123,123,0.770641,18.367808,0.149335,preds.pt#2888
1BC014,0174,BridgeRefine-L1-seed123,123,0.734764,17.432496,0.149297,preds.pt#2889
1BC014,0175,BridgeRefine-L1-seed123,123,0.745817,17.797317,0.148743,preds.pt#2890
1BC014,0176,BridgeRefine-L1-seed123,123,0.742029,17.450986,0.154032,preds.pt#2891
1BC014,0177,BridgeRefine-L1-seed123,123,0.757954,17.559616,0.143086,preds.pt#2892
1BC014,0178,BridgeRefine-L1-seed123,123,0.804575,19.519647,0.144083,preds.pt#2893
1BC014,0179,BridgeRefine-L1-seed123,123,0.764820,17.406993,0.143951,preds.pt#2894
1BC014,0180,BridgeRefine-L1-seed123,123,0.811829,19.220941,0.162220,preds.pt#2895
1BC014,0181,BridgeRefine-L1-seed123,123,0.826399,19.894539,0.149999,preds.pt#2896
1BC014,0182,BridgeRefine-L1-seed123,123,0.817209,19.117730,0.158767,preds.pt#2897
1BC014,0183,BridgeRefine-L1-seed123,123,0.846501,20.456692,0.176642,preds.pt#2898
1BC014,0184,BridgeRefine-L1-seed123,123,0.877892,22.139252,0.152864,preds.pt#2899
1BC014,0185,BridgeRefine-L1-seed123,123,0.887418,22.292462,0.168019,preds.pt#2900
1BC014,0186,BridgeRefine-L1-seed123,123,0.904495,23.799854,0.179711,preds.pt#2901
1BC014,0187,BridgeRefine-L1-seed123,123,0.903384,23.708786,0.148646,preds.pt#2902
1BC014,0188,BridgeRefine-L1-seed123,123,0.887191,20.541598,0.196796,preds.pt#2903
1BC014,0189,BridgeRefine-L1-seed123,123,0.905291,20.864997,0.203819,preds.pt#2904
1BC014,0190,BridgeRefine-L1-seed123,123,0.920253,25.300790,0.121282,preds.pt#2905
1BC050,0000,BridgeRefine-L1-seed123,123,0.941811,28.706845,0.171167,preds.pt#2906
1BC050,0001,BridgeRefine-L1-seed123,123,0.881038,24.677213,0.199670,preds.pt#2907
1BC050,0002,BridgeRefine-L1-seed123,123,0.845700,23.000486,0.237568,preds.pt#2908
1BC050,0003,BridgeRefine-L1-seed123,123,0.739354,18.647181,0.231993,preds.pt#2909
1BC050,0004,BridgeRefine-L1-seed123,123,0.751642,19.967558,0.230688,preds.pt#2910
1BC050,0005,BridgeRefine-L1-seed123,123,0.759543,20.395589,0.247797,preds.pt#2911
1BC050,0006,BridgeRefine-L1-seed123,123,0.728164,19.797952,0.214242,preds.pt#2912
1BC050,0007,BridgeRefine-L1-seed123,123,0.728132,19.521271,0.235474,preds.pt#2913
1BC050,0008,BridgeRefine-L1-seed123,123,0.699442,17.960369,0.255821,preds.pt#2914
1BC050,0009,BridgeRefine-L1-seed123,123,0.705694,18.634561,0.231431,preds.pt#2915
1BC050,0010,BridgeRefine-L1-seed123,123,0.723334,19.198247,0.237645,preds.pt#2916
1BC050,0011,BridgeRefine-L1-seed123,123,0.738098,19.682516,0.233008,preds.pt#2917
1BC050,0012,BridgeRefine-L1-seed123,123,0.748376,20.003333,0.222292,preds.pt#2918
1BC050,0013,BridgeRefine-L1-seed123,123,0.736696,19.863358,0.220010,preds.pt#2919
1BC050,0014,BridgeRefine-L1-seed123,123,0.750540,19.776519,0.216627,preds.pt#2920
1BC050,0015,BridgeRefine-L1-seed123,123,0.747059,19.840579,0.244344,preds.pt#2921
1BC050,0016,BridgeRefine-L1-seed123,123,0.753531,19.829445,0.222062,preds.pt#2922
1BC050,0017,BridgeRefine-L1-seed123,123,0.757247,19.708635,0.199795,preds.pt#2923
1BC050,0018,BridgeRefine-L1-seed123,123,0.764090,19.596186,0.189756,preds.pt#2924
1BC050,0019,BridgeRefine-L1-seed123,123,0.752345,19.304164,0.198012,preds.pt#2925
1BC050,0020,BridgeRefine-L1-seed123,123,0.762795,19.583903,0.202629,preds.pt#2926
1BC050,0021,BridgeRefine-L1-seed123,123,0.769407,19.506582,0.189104,preds.pt#2927
1BC050,0022,BridgeRefine-L1-seed123,123,0.776040,19.537277,0.194282,preds.pt#2928
1BC050,0023,BridgeRefine-L1-seed123,123,0.754271,18.815482,0.199933,preds.pt#2929
1BC050,0024,BridgeRefine-L1-seed123,123,0.768402,18.946229,0.197934,preds.pt#2930
1BC050,0025,BridgeRefine-L1-seed123,123,0.786856,19.164817,0.190704,preds.pt#2931
1BC050,0026,BridgeRefine-L1-seed123,123,0.787151,19.096000,0.190991,preds.pt#2932
1BC050,0027,BridgeRefine-L1-seed123,123,0.778786,18.864450,0.190146,preds.pt#2933
1BC050,0028,BridgeRefine-L1-seed123,123,0.772700,18.782682,0.181139,preds.pt#2934
1BC050,0029,BridgeRefine-L1-seed123,123,0.786668,18.832174,0.167179,preds.pt#2935
1BC050,0030,BridgeRefine-L1-seed123,123,0.801581,19.025511,0.152608,preds.pt#2936
1BC050,0031,BridgeRefine-L1-seed123,123,0.802659,19.087647,0.139003,preds.pt#2937
1BC050,0032,BridgeRefine-L1-seed123,123,0.797081,19.004074,0.137991,preds.pt#2938
1BC050,0033,BridgeRefine-L1-seed123,123,0.805689,18.998229,0.123077,preds.pt#2939
1BC050,0034,BridgeRefine-L1-seed123,123,0.804552,18.938206,0.132805,preds.pt#2940
1BC050,0035,BridgeRefine-L1-seed123,123,0.810822,19.050074,0.132368,preds.pt#2941
1BC050,0036,BridgeRefine-L1-seed123,123,0.810277,18.833776,0.139438,preds.pt#2942
1BC050,0037,BridgeRefine-L1-seed123,123,0.807787,18.920524,0.149742,preds.pt#2943
1BC050,0038,BridgeRefine-L1-seed123,123,0.804497,18.738651,0.168691,preds.pt#2944
1BC050,0039,BridgeRefine-L1-seed123,123,0.815525,18.918941,0.144562,preds.pt#2945
1BC050,0040,BridgeRefine-L1-seed123,123,0.807219,18.674266,0.136344,preds.pt#2946
1BC050,0041,BridgeRefine-L1-seed123,123,0.811307,19.075593,0.156519,preds.pt#2947
1BC050,0042,BridgeRefine-L1-seed123,123,0.822031,19.322404,0.151684,preds.pt#2948
1BC050,0043,BridgeRefine-L1-seed123,123,0.814333,19.098921,0.155755,preds.pt#2949
1BC050,0044,BridgeRefine-L1-seed123,123,0.816190,19.010497,0.154033,preds.pt#2950
1BC050,0045,BridgeRefine-L1-seed123,123,0.814245,19.019097,0.155280,preds.pt#2951
1BC050,0046,BridgeRefine-L1-seed123,123,0.804931,18.751094,0.156140,preds.pt#2952
1BC050,0047,BridgeRefine-L1-seed123,123,0.814285,18.875100,0.158975,preds.pt#2953
1BC050,0048,BridgeRefine-L1-seed123,123,0.811994,18.828328,0.137994,preds.pt#2954
1BC050,0049,BridgeRefine-L1-seed123,123,0.821600,19.427330,0.141521,preds.pt#2955
1BC050,0050,BridgeRefine-L1-seed123,123,0.814222,19.219449,0.147425,preds.pt#2956
1BC050,0051,BridgeRefine-L1-seed123,123,0.811561,18.930012,0.135525,preds.pt#2957
1BC050,0052,BridgeRefine-L1-seed123,123,0.815572,19.223137,0.128487,preds.pt#2958
1BC050,0053,BridgeRefine-L1-seed123,123,0.803905,18.603631,0.114879,preds.pt#2959
1BC050,0054,BridgeRefine-L1-seed123,123,0.808492,19.075796,0.112982,preds.pt#2960
1BC050,0055,BridgeRefine-L1-seed123,123,0.803355,18.709441,0.116362,preds.pt#2961
1BC050,0056,BridgeRefine-L1-seed123,123,0.801050,18.818122,0.116234,preds.pt#2962
1BC050,0057,BridgeRefine-L1-seed123,123,0.808410,19.098641,0.109414,preds.pt#2963
1BC050,0058,BridgeRefine-L1-seed123,123,0.798000,18.924818,0.109962,preds.pt#2964
1BC050,0059,BridgeRefine-L1-seed123,123,0.788631,18.692333,0.120421,preds.pt#2965
1BC050,0060,BridgeRefine-L1-seed123,123,0.780426,18.243397,0.122203,preds.pt#2966
1BC050,0061,BridgeRefine-L1-seed123,123,0.784109,18.439967,0.110335,preds.pt#2967
1BC050,0062,BridgeRefine-L1-seed123,123,0.769497,18.100868,0.124033,preds.pt#2968
1BC050,0063,BridgeRefine-L1-seed123,123,0.766073,18.118491,0.129573,preds.pt#2969
1BC050,0064,BridgeRefine-L1-seed123,123,0.775301,18.678186,0.114311,preds.pt#2970
1BC050,0065,BridgeRefine-L1-seed123,123,0.782842,18.790404,0.112060,preds.pt#2971
1BC050,0066,BridgeRefine-L1-seed123,123,0.762565,18.408928,0.119205,preds.pt#2972
1BC050,0067,BridgeRefine-L1-seed123,123,0.764634,18.291638,0.119862,preds.pt#2973
1BC050,0068,BridgeRefine-L1-seed123,123,0.775144,18.735532,0.109596,preds.pt#2974
1BC050,0069,BridgeRefine-L1-seed123,123,0.792218,19.172037,0.095338,preds.pt#2975
1BC050,0070,BridgeRefine-L1-seed123,123,0.809157,19.481353,0.095961,preds.pt#2976
1BC050,0071,BridgeRefine-L1-seed123,123,0.803586,19.195125,0.094632,preds.pt#2977
1BC050,0072,BridgeRefine-L1-seed123,123,0.795444,18.831758,0.090004,preds.pt#2978
1BC050,0073,BridgeRefine-L1-seed123,123,0.778678,18.652311,0.097685,preds.pt#2979
1BC050,0074,BridgeRefine-L1-seed123,123,0.814852,19.460779,0.089529,preds.pt#2980
1BC050,0075,BridgeRefine-L1-seed123,123,0.800906,19.298778,0.095374,preds.pt#2981
1BC050,0076,BridgeRefine-L1-seed123,123,0.784208,18.689082,0.098172,preds.pt#2982
1BC050,0077,BridgeRefine-L1-seed123,123,0.792630,19.185920,0.083094,preds.pt#2983
1BC050,0078,BridgeRefine-L1-seed123,123,0.802767,19.313678,0.097416,preds.pt#2984
1BC050,0079,BridgeRefine-L1-seed123,123,0.808495,19.595091,0.103198,preds.pt#2985
1BC050,0080,BridgeRefine-L1-seed123,123,0.812754,19.703639,0.112246,preds.pt#2986
1BC050,0081,BridgeRefine-L1-seed123,123,0.826131,20.198856,0.110447,preds.pt#2987
1BC050,0082,BridgeRefine-L1-seed123,123,0.831382,20.096562,0.106586,preds.pt#2988
1BC050,0083,BridgeRefine-L1-seed123,123,0.820290,19.586220,0.101643,preds.pt#2989
1BC050,0084,BridgeRefine-L1-seed123,123,0.841673,20.699159,0.101232,preds.pt#2990
1BC050,0085,BridgeRefine-L1-seed123,123,0.833264,20.450331,0.104639,preds.pt#2991
1BC050,0086,BridgeRefine-L1-seed123,123,0.839688,20.233070,0.077752,preds.pt#2992
1BC050,0087,BridgeRefine-L1-seed123,123,0.845883,20.804572,0.090747,preds.pt#2993
1BC050,0088,BridgeRefine-L1-seed123,123,0.824545,19.899314,0.089180,preds.pt#2994
1BC050,0089,BridgeRefine-L1-seed123,123,0.827925,20.176959,0.093841,preds.pt#2995
1BC050,0090,BridgeRefine-L1-seed123,123,0.834198,20.123727,0.074432,preds.pt#2996
1BC050,0091,BridgeRefine-L1-seed123,123,0.839654,20.248989,0.089840,preds.pt#2997
1BC050,0092,BridgeRefine-L1-seed123,123,0.833495,20.304987,0.094411,preds.pt#2998
1BC050,0093,BridgeRefine-L1-seed123,123,0.842101,20.524586,0.081164,preds.pt#2999
1BC050,0094,BridgeRefine-L1-seed123,123,0.844610,20.815561,0.077201,preds.pt#3000
1BC050,0095,BridgeRefine-L1-seed123,123,0.821851,19.874425,0.081615,preds.pt#3001
1BC050,0096,BridgeRefine-L1-seed123,123,0.800123,19.470860,0.097139,preds.pt#3002
1BC050,0097,BridgeRefine-L1-seed123,123,0.818226,19.946102,0.084276,preds.pt#3003
1BC050,0098,BridgeRefine-L1-seed123,123,0.827264,19.995097,0.082902,preds.pt#3004
1BC050,0099,BridgeRefine-L1-seed123,123,0.833326,20.339288,0.079739,preds.pt#3005
1BC050,0100,BridgeRefine-L1-seed123,123,0.781639,19.777880,0.086877,preds.pt#3006
1BC050,0101,BridgeRefine-L1-seed123,123,0.803589,19.978160,0.082803,preds.pt#3007
1BC050,0102,BridgeRefine-L1-seed123,123,0.829424,20.145239,0.082890,preds.pt#3008
1BC050,0103,BridgeRefine-L1-seed123,123,0.801682,19.843886,0.080874,preds.pt#3009
1BC050,0104,BridgeRefine-L1-seed123,123,0.831423,20.244727,0.094603,preds.pt#3010
1BC050,0105,BridgeRefine-L1-seed123,123,0.820774,20.024932,0.080066,preds.pt#3011
1BC050,0106,BridgeRefine-L1-seed123,123,0.817447,19.661909,0.087947,preds.pt#3012
1BC050,0107,BridgeRefine-L1-seed123,123,0.830686,20.048216,0.087799,preds.pt#3013
1BC050,0108,BridgeRefine-L1-seed123,123,0.830644,20.157233,0.089317,preds.pt#3014
1BC050,0109,BridgeRefine-L1-seed123,123,0.836311,20.265597,0.078306,preds.pt#3015
1BC050,0110,BridgeRefine-L1-seed123,123,0.834926,20.173493,0.072446,preds.pt#3016
1BC050,0111,BridgeRefine-L1-seed123,123,0.826529,20.233286,0.079875,preds.pt#3017
1BC050,0112,BridgeRefine-L1-seed123,123,0.827579,20.291664,0.077814,preds.pt#3018
1BC050,0113,BridgeRefine-L1-seed123,123,0.828979,20.554683,0.078689,preds.pt#3019
1BC050,0114,BridgeRefine-L1-seed123,123,0.830419,20.547858,0.072602,preds.pt#3020
1BC050,0115,BridgeRefine-L1-seed123,123,0.825474,20.239507,0.070194,preds.pt#3021
1BC050,0116,BridgeRefine-L1-seed123,123,0.825788,20.410695,0.074482,preds.pt#3022
1BC050,0117,BridgeRefine-L1-seed123,123,0.825175,20.707560,0.055028,preds.pt#3023
1BC050,0118,BridgeRefine-L1-seed123,123,0.836811,20.492204,0.051776,preds.pt#3024
1BC050,0119,BridgeRefine-L1-seed123,123,0.836915,20.604303,0.056108,preds.pt#3025
1BC050,0120,BridgeRefine-L1-seed123,123,0.845876,20.782532,0.052324,preds.pt#3026
1BC050,0121,BridgeRefine-L1-seed123,123,0.845829,20.736777,0.057314,preds.pt#3027
1BC050,0122,BridgeRefine-L1-seed123,123,0.857228,20.862972,0.055547,preds.pt#3028
1BC050,0123,BridgeRefine-L1-seed123,123,0.780811,19.764416,0.071004,preds.pt#3029
1BC050,0124,BridgeRefine-L1-seed123,123,0.866963,20.972291,0.050647,preds.pt#3030
1BC050,0125,BridgeRefine-L1-seed123,123,0.868907,20.871595,0.049191,preds.pt#3031
1BC050,0126,BridgeRefine-L1-seed123,123,0.867425,20.962285,0.050151,preds.pt#3032
1BC050,0127,BridgeRefine-L1-seed123,123,0.859406,20.530978,0.059164,preds.pt#3033
1BC050,0128,BridgeRefine-L1-seed123,123,0.872362,20.942959,0.048804,preds.pt#3034
1BC050,0129,BridgeRefine-L1-seed123,123,0.839719,20.319064,0.051724,preds.pt#3035
1BC050,0130,BridgeRefine-L1-seed123,123,0.866834,20.671107,0.046337,preds.pt#3036
1BC050,0131,BridgeRefine-L1-seed123,123,0.863056,20.562216,0.052640,preds.pt#3037
1BC050,0132,BridgeRefine-L1-seed123,123,0.830642,20.022487,0.056795,preds.pt#3038
1BC050,0133,BridgeRefine-L1-seed123,123,0.835748,20.269221,0.045825,preds.pt#3039
1BC050,0134,BridgeRefine-L1-seed123,123,0.876673,20.937472,0.042585,preds.pt#3040
1BC050,0135,BridgeRefine-L1-seed123,123,0.884763,21.052666,0.041112,preds.pt#3041
1BC050,0136,BridgeRefine-L1-seed123,123,0.862691,20.980145,0.055409,preds.pt#3042
1BC050,0137,BridgeRefine-L1-seed123,123,0.864396,21.255524,0.057942,preds.pt#3043
1BC050,0138,BridgeRefine-L1-seed123,123,0.868167,21.546029,0.050279,preds.pt#3044
1BC050,0139,BridgeRefine-L1-seed123,123,0.889824,21.879061,0.051636,preds.pt#3045
1BC050,0140,BridgeRefine-L1-seed123,123,0.902558,22.205126,0.044784,preds.pt#3046
1BC050,0141,BridgeRefine-L1-seed123,123,0.876966,21.980508,0.047271,preds.pt#3047
1BC050,0142,BridgeRefine-L1-seed123,123,0.882581,21.979808,0.050177,preds.pt#3048
1BC050,0143,BridgeRefine-L1-seed123,123,0.883323,22.220706,0.052270,preds.pt#3049
1BC050,0144,BridgeRefine-L1-seed123,123,0.892032,22.282364,0.052976,preds.pt#3050
1BC050,0145,BridgeRefine-L1-seed123,123,0.887485,21.543209,0.054002,preds.pt#3051
1BC050,0146,BridgeRefine-L1-seed123,123,0.895098,21.638217,0.057000,preds.pt#3052
1BC050,0147,BridgeRefine-L1-seed123,123,0.890944,21.924030,0.066787,preds.pt#3053
1BC050,0148,BridgeRefine-L1-seed123,123,0.888755,22.132521,0.077473,preds.pt#3054
1BC050,0149,BridgeRefine-L1-seed123,123,0.895462,22.594746,0.081302,preds.pt#3055
1BC050,0150,BridgeRefine-L1-seed123,123,0.898913,22.774591,0.076697,preds.pt#3056
1BC050,0151,BridgeRefine-L1-seed123,123,0.897902,22.948267,0.095152,preds.pt#3057
1BC050,0152,BridgeRefine-L1-seed123,123,0.898234,23.019951,0.106629,preds.pt#3058
1BC050,0153,BridgeRefine-L1-seed123,123,0.902453,23.178086,0.085526,preds.pt#3059
1BC050,0154,BridgeRefine-L1-seed123,123,0.893885,23.112258,0.105757,preds.pt#3060
1BC050,0155,BridgeRefine-L1-seed123,123,0.914813,23.958603,0.106899,preds.pt#3061
1BC050,0156,BridgeRefine-L1-seed123,123,0.902941,23.897279,0.105174,preds.pt#3062
1BC050,0157,BridgeRefine-L1-seed123,123,0.909998,24.105133,0.103998,preds.pt#3063
1BC050,0158,BridgeRefine-L1-seed123,123,0.912120,25.089981,0.097710,preds.pt#3064
1BC050,0159,BridgeRefine-L1-seed123,123,0.925320,25.907731,0.090890,preds.pt#3065
1BC050,0160,BridgeRefine-L1-seed123,123,0.922507,25.471745,0.092694,preds.pt#3066
1BC050,0161,BridgeRefine-L1-seed123,123,0.928931,25.604466,0.082409,preds.pt#3067
1BC050,0162,BridgeRefine-L1-seed123,123,0.930465,26.508569,0.107377,preds.pt#3068
1BC050,0163,BridgeRefine-L1-seed123,123,0.945670,26.877776,0.093452,preds.pt#3069
1BC050,0164,BridgeRefine-L1-seed123,123,0.956257,30.317310,0.088033,preds.pt#3070
1BC066,0000,BridgeRefine-L1-seed123,123,0.953639,32.442992,0.074395,preds.pt#3071
1BC066,0001,BridgeRefine-L1-seed123,123,0.922009,26.940485,0.229469,preds.pt#3072
1BC066,0002,BridgeRefine-L1-seed123,123,0.878688,24.485907,0.229036,preds.pt#3073
1BC066,0003,BridgeRefine-L1-seed123,123,0.843465,22.907320,0.268323,preds.pt#3074
1BC066,0004,BridgeRefine-L1-seed123,123,0.774275,20.520580,0.267690,preds.pt#3075
1BC066,0005,BridgeRefine-L1-seed123,123,0.725962,18.758344,0.269889,preds.pt#3076
1BC066,0006,BridgeRefine-L1-seed123,123,0.697791,17.692070,0.231089,preds.pt#3077
1BC066,0007,BridgeRefine-L1-seed123,123,0.642447,16.516400,0.222551,preds.pt#3078
1BC066,0008,BridgeRefine-L1-seed123,123,0.672123,16.881366,0.214033,preds.pt#3079
1BC066,0009,BridgeRefine-L1-seed123,123,0.653115,16.486670,0.222217,preds.pt#3080
1BC066,0010,BridgeRefine-L1-seed123,123,0.646514,16.441986,0.220878,preds.pt#3081
1BC066,0011,BridgeRefine-L1-seed123,123,0.663845,16.496039,0.226187,preds.pt#3082
1BC066,0012,BridgeRefine-L1-seed123,123,0.688247,16.719412,0.214358,preds.pt#3083
1BC066,0013,BridgeRefine-L1-seed123,123,0.688883,16.994924,0.208594,preds.pt#3084
1BC066,0014,BridgeRefine-L1-seed123,123,0.685695,17.069078,0.213171,preds.pt#3085
1BC066,0015,BridgeRefine-L1-seed123,123,0.696294,17.210395,0.203003,preds.pt#3086
1BC066,0016,BridgeRefine-L1-seed123,123,0.700533,17.288007,0.205947,preds.pt#3087
1BC066,0017,BridgeRefine-L1-seed123,123,0.706264,17.375824,0.219044,preds.pt#3088
1BC066,0018,BridgeRefine-L1-seed123,123,0.691685,17.256748,0.225767,preds.pt#3089
1BC066,0019,BridgeRefine-L1-seed123,123,0.700220,17.152432,0.219432,preds.pt#3090
1BC066,0020,BridgeRefine-L1-seed123,123,0.691289,16.974780,0.208033,preds.pt#3091
1BC066,0021,BridgeRefine-L1-seed123,123,0.711789,17.052346,0.202573,preds.pt#3092
1BC066,0022,BridgeRefine-L1-seed123,123,0.712929,17.001081,0.200376,preds.pt#3093
1BC066,0023,BridgeRefine-L1-seed123,123,0.725379,17.094458,0.195986,preds.pt#3094
1BC066,0024,BridgeRefine-L1-seed123,123,0.721385,16.925534,0.180580,preds.pt#3095
1BC066,0025,BridgeRefine-L1-seed123,123,0.732355,16.957473,0.191308,preds.pt#3096
1BC066,0026,BridgeRefine-L1-seed123,123,0.735869,16.694445,0.189407,preds.pt#3097
1BC066,0027,BridgeRefine-L1-seed123,123,0.729762,16.521493,0.180208,preds.pt#3098
1BC066,0028,BridgeRefine-L1-seed123,123,0.716134,16.250666,0.176248,preds.pt#3099
1BC066,0029,BridgeRefine-L1-seed123,123,0.726212,16.467478,0.160214,preds.pt#3100
1BC066,0030,BridgeRefine-L1-seed123,123,0.730412,16.389724,0.161820,preds.pt#3101
1BC066,0031,BridgeRefine-L1-seed123,123,0.738711,16.540228,0.161716,preds.pt#3102
1BC066,0032,BridgeRefine-L1-seed123,123,0.732368,16.180259,0.172883,preds.pt#3103
1BC066,0033,BridgeRefine-L1-seed123,123,0.743027,16.384741,0.169689,preds.pt#3104
1BC066,0034,BridgeRefine-L1-seed123,123,0.748623,16.489438,0.177507,preds.pt#3105
1BC066,0035,BridgeRefine-L1-seed123,123,0.746200,16.437444,0.176250,preds.pt#3106
1BC066,0036,BridgeRefine-L1-seed123,123,0.744909,16.372106,0.161819,preds.pt#3107
1BC066,0037,BridgeRefine-L1-seed123,123,0.740138,16.392558,0.150957,preds.pt#3108
1BC066,0038,BridgeRefine-L1-seed123,123,0.742292,16.333458,0.154815,preds.pt#3109
1BC066,0039,BridgeRefine-L1-seed123,123,0.750561,16.626462,0.162091,preds.pt#3110
1BC066,0040,BridgeRefine-L1-seed123,123,0.748641,16.622953,0.163442,preds.pt#3111
1BC066,0041,BridgeRefine-L1-seed123,123,0.763896,17.012972,0.160353,preds.pt#3112
1BC066,0042,BridgeRefine-L1-seed123,123,0.764845,17.161903,0.148709,preds.pt#3113
1BC066,0043,BridgeRefine-L1-seed123,123,0.769733,17.231050,0.145217,preds.pt#3114
1BC066,0044,BridgeRefine-L1-seed123,123,0.767181,16.976300,0.158244,preds.pt#3115
1BC066,0045,BridgeRefine-L1-seed123,123,0.757622,16.839477,0.175716,preds.pt#3116
1BC066,0046,BridgeRefine-L1-seed123,123,0.759886,16.884907,0.172076,preds.pt#3117
1BC066,0047,BridgeRefine-L1-seed123,123,0.765630,16.975984,0.169200,preds.pt#3118
1BC066,0048,BridgeRefine-L1-seed123,123,0.764315,16.866298,0.146236,preds.pt#3119
1BC066,0049,BridgeRefine-L1-seed123,123,0.776760,17.131563,0.143211,preds.pt#3120
1BC066,0050,BridgeRefine-L1-seed123,123,0.779030,17.276145,0.147174,preds.pt#3121
1BC066,0051,BridgeRefine-L1-seed123,123,0.770460,16.964851,0.128762,preds.pt#3122
1BC066,0052,BridgeRefine-L1-seed123,123,0.774606,17.248554,0.129350,preds.pt#3123
1BC066,0053,BridgeRefine-L1-seed123,123,0.763042,17.008286,0.144937,preds.pt#3124
1BC066,0054,BridgeRefine-L1-seed123,123,0.772826,17.032187,0.139319,preds.pt#3125
1BC066,0055,BridgeRefine-L1-seed123,123,0.775193,17.317873,0.143243,preds.pt#3126
1BC066,0056,BridgeRefine-L1-seed123,123,0.776430,17.152101,0.150860,preds.pt#3127
1BC066,0057,BridgeRefine-L1-seed123,123,0.762245,16.801394,0.142108,preds.pt#3128
1BC066,0058,BridgeRefine-L1-seed123,123,0.760120,16.812540,0.164135,preds.pt#3129
1BC066,0059,BridgeRefine-L1-seed123,123,0.759703,16.893492,0.170454,preds.pt#3130
1BC066,0060,BridgeRefine-L1-seed123,123,0.753419,16.840685,0.168471,preds.pt#3131
1BC066,0061,BridgeRefine-L1-seed123,123,0.744135,16.674601,0.168194,preds.pt#3132
1BC066,0062,BridgeRefine-L1-seed123,123,0.741057,16.452366,0.161877,preds.pt#3133
1BC066,0063,BridgeRefine-L1-seed123,123,0.736475,16.448902,0.164943,preds.pt#3134
1BC066,0064,BridgeRefine-L1-seed123,123,0.742286,16.583299,0.165584,preds.pt#3135
1BC066,0065,BridgeRefine-L1-seed123,123,0.736135,16.439418,0.170466,preds.pt#3136
1BC066,0066,BridgeRefine-L1-seed123,123,0.749632,16.529805,0.170808,preds.pt#3137
1BC066,0067,BridgeRefine-L1-seed123,123,0.755793,16.629850,0.143387,preds.pt#3138
1BC066,0068,BridgeRefine-L1-seed123,123,0.750682,16.676794,0.142160,preds.pt#3139
1BC066,0069,BridgeRefine-L1-seed123,123,0.753189,16.824885,0.136127,preds.pt#3140
1BC066,0070,BridgeRefine-L1-seed123,123,0.743503,16.634066,0.140456,preds.pt#3141
1BC066,0071,BridgeRefine-L1-seed123,123,0.753425,16.939409,0.146399,preds.pt#3142
1BC066,0072,BridgeRefine-L1-seed123,123,0.760141,17.150451,0.142184,preds.pt#3143
1BC066,0073,BridgeRefine-L1-seed123,123,0.752767,16.989041,0.125390,preds.pt#3144
1BC066,0074,BridgeRefine-L1-seed123,123,0.777093,17.319936,0.115155,preds.pt#3145
1BC066,0075,BridgeRefine-L1-seed123,123,0.787508,17.715676,0.121441,preds.pt#3146
1BC066,0076,BridgeRefine-L1-seed123,123,0.770120,17.532746,0.114601,preds.pt#3147
1BC066,0077,BridgeRefine-L1-seed123,123,0.767906,17.382094,0.120335,preds.pt#3148
1BC066,0078,BridgeRefine-L1-seed123,123,0.778215,17.511678,0.108012,preds.pt#3149
1BC066,0079,BridgeRefine-L1-seed123,123,0.772618,17.215810,0.127970,preds.pt#3150
1BC066,0080,BridgeRefine-L1-seed123,123,0.767444,17.254393,0.123684,preds.pt#3151
1BC066,0081,BridgeRefine-L1-seed123,123,0.777070,17.749641,0.124459,preds.pt#3152
1BC066,0082,BridgeRefine-L1-seed123,123,0.791043,18.095553,0.116682,preds.pt#3153
1BC066,0083,BridgeRefine-L1-seed123,123,0.805558,18.358981,0.116270,preds.pt#3154
1BC066,0084,BridgeRefine-L1-seed123,123,0.807637,18.520926,0.117034,preds.pt#3155
1BC066,0085,BridgeRefine-L1-seed123,123,0.813250,18.631319,0.124385,preds.pt#3156
1BC066,0086,BridgeRefine-L1-seed123,123,0.791758,17.974718,0.125760,preds.pt#3157
1BC066,0087,BridgeRefine-L1-seed123,123,0.788906,17.637727,0.117568,preds.pt#3158
1BC066,0088,BridgeRefine-L1-seed123,123,0.805457,18.610469,0.112512,preds.pt#3159
1BC066,0089,BridgeRefine-L1-seed123,123,0.818203,18.775129,0.107619,preds.pt#3160
1BC066,0090,BridgeRefine-L1-seed123,123,0.822032,19.032558,0.113421,preds.pt#3161
1BC066,0091,BridgeRefine-L1-seed123,123,0.844040,19.540428,0.089056,preds.pt#3162
1BC066,0092,BridgeRefine-L1-seed123,123,0.834360,19.272436,0.101203,preds.pt#3163
1BC066,0093,BridgeRefine-L1-seed123,123,0.835426,19.058086,0.099062,preds.pt#3164
1BC066,0094,BridgeRefine-L1-seed123,123,0.831063,18.972466,0.094235,preds.pt#3165
1BC066,0095,BridgeRefine-L1-seed123,123,0.835038,19.113000,0.096626,preds.pt#3166
1BC066,0096,BridgeRefine-L1-seed123,123,0.828622,19.065987,0.103110,preds.pt#3167
1BC066,0097,BridgeRefine-L1-seed123,123,0.821180,18.807489,0.102854,preds.pt#3168
1BC066,0098,BridgeRefine-L1-seed123,123,0.815440,18.520377,0.108223,preds.pt#3169
1BC066,0099,BridgeRefine-L1-seed123,123,0.815073,18.620714,0.114658,preds.pt#3170
1BC066,0100,BridgeRefine-L1-seed123,123,0.814653,18.530658,0.118881,preds.pt#3171
1BC066,0101,BridgeRefine-L1-seed123,123,0.820769,18.637975,0.099240,preds.pt#3172
1BC066,0102,BridgeRefine-L1-seed123,123,0.817188,18.552663,0.105230,preds.pt#3173
1BC066,0103,BridgeRefine-L1-seed123,123,0.826228,19.009784,0.096536,preds.pt#3174
1BC066,0104,BridgeRefine-L1-seed123,123,0.833989,19.167693,0.091899,preds.pt#3175
1BC066,0105,BridgeRefine-L1-seed123,123,0.826151,19.066449,0.096100,preds.pt#3176
1BC066,0106,BridgeRefine-L1-seed123,123,0.827368,19.047971,0.093716,preds.pt#3177
1BC066,0107,BridgeRefine-L1-seed123,123,0.832526,19.149740,0.079356,preds.pt#3178
1BC066,0108,BridgeRefine-L1-seed123,123,0.827069,19.003293,0.086294,preds.pt#3179
1BC066,0109,BridgeRefine-L1-seed123,123,0.832955,19.425092,0.085337,preds.pt#3180
1BC066,0110,BridgeRefine-L1-seed123,123,0.826026,19.190473,0.084615,preds.pt#3181
1BC066,0111,BridgeRefine-L1-seed123,123,0.818889,18.812608,0.095567,preds.pt#3182
1BC066,0112,BridgeRefine-L1-seed123,123,0.835155,19.586906,0.082740,preds.pt#3183
1BC066,0113,BridgeRefine-L1-seed123,123,0.802645,18.689995,0.087259,preds.pt#3184
1BC066,0114,BridgeRefine-L1-seed123,123,0.814126,18.910148,0.103627,preds.pt#3185
1BC066,0115,BridgeRefine-L1-seed123,123,0.808695,18.794795,0.120759,preds.pt#3186
1BC066,0116,BridgeRefine-L1-seed123,123,0.826836,19.336877,0.098087,preds.pt#3187
1BC066,0117,BridgeRefine-L1-seed123,123,0.817213,19.235631,0.103260,preds.pt#3188
1BC066,0118,BridgeRefine-L1-seed123,123,0.814094,18.394883,0.077869,preds.pt#3189
1BC066,0119,BridgeRefine-L1-seed123,123,0.815476,18.416799,0.080795,preds.pt#3190
1BC066,0120,BridgeRefine-L1-seed123,123,0.816576,18.440332,0.078374,preds.pt#3191
1BC066,0121,BridgeRefine-L1-seed123,123,0.823147,18.382170,0.073122,preds.pt#3192
1BC066,0122,BridgeRefine-L1-seed123,123,0.830740,18.784275,0.077711,preds.pt#3193
1BC066,0123,BridgeRefine-L1-seed123,123,0.832126,18.711685,0.069567,preds.pt#3194
1BC066,0124,BridgeRefine-L1-seed123,123,0.832077,18.478996,0.073500,preds.pt#3195
1BC066,0125,BridgeRefine-L1-seed123,123,0.832646,18.367287,0.068341,preds.pt#3196
1BC066,0126,BridgeRefine-L1-seed123,123,0.845162,18.692703,0.061348,preds.pt#3197
1BC066,0127,BridgeRefine-L1-seed123,123,0.836683,18.287873,0.072386,preds.pt#3198
1BC066,0128,BridgeRefine-L1-seed123,123,0.828409,18.226395,0.072356,preds.pt#3199
1BC066,0129,BridgeRefine-L1-seed123,123,0.831963,18.175296,0.073134,preds.pt#3200
1BC066,0130,BridgeRefine-L1-seed123,123,0.829647,18.125955,0.072801,preds.pt#3201
1BC066,0131,BridgeRefine-L1-seed123,123,0.832762,18.131360,0.066615,preds.pt#3202
1BC066,0132,BridgeRefine-L1-seed123,123,0.840708,18.414019,0.065746,preds.pt#3203
1BC066,0133,BridgeRefine-L1-seed123,123,0.834264,18.479020,0.070139,preds.pt#3204
1BC066,0134,BridgeRefine-L1-seed123,123,0.834751,18.182905,0.067617,preds.pt#3205
1BC066,0135,BridgeRefine-L1-seed123,123,0.824308,18.071903,0.062559,preds.pt#3206
1BC066,0136,BridgeRefine-L1-seed123,123,0.820165,18.008178,0.062205,preds.pt#3207
1BC066,0137,BridgeRefine-L1-seed123,123,0.818693,17.890082,0.076849,preds.pt#3208
1BC066,0138,BridgeRefine-L1-seed123,123,0.829607,18.151455,0.070687,preds.pt#3209
1BC066,0139,BridgeRefine-L1-seed123,123,0.820012,17.872536,0.067282,preds.pt#3210
1BC066,0140,BridgeRefine-L1-seed123,123,0.832425,18.153368,0.062838,preds.pt#3211
1BC066,0141,BridgeRefine-L1-seed123,123,0.827233,18.037155,0.067772,preds.pt#3212
1BC066,0142,BridgeRefine-L1-seed123,123,0.825922,17.990867,0.062746,preds.pt#3213
1BC066,0143,BridgeRefine-L1-seed123,123,0.844664,18.567087,0.054396,preds.pt#3214
1BC066,0144,BridgeRefine-L1-seed123,123,0.832630,18.091953,0.055266,preds.pt#3215
1BC066,0145,BridgeRefine-L1-seed123,123,0.851891,18.534556,0.051933,preds.pt#3216
1BC066,0146,BridgeRefine-L1-seed123,123,0.849311,18.579331,0.053144,preds.pt#3217
1BC066,0147,BridgeRefine-L1-seed123,123,0.854933,18.786108,0.062614,preds.pt#3218
1BC066,0148,BridgeRefine-L1-seed123,123,0.847239,18.582773,0.065795,preds.pt#3219
1BC066,0149,BridgeRefine-L1-seed123,123,0.855631,18.845520,0.060914,preds.pt#3220
1BC066,0150,BridgeRefine-L1-seed123,123,0.874743,19.456009,0.060922,preds.pt#3221
1BC066,0151,BridgeRefine-L1-seed123,123,0.840386,18.838854,0.071550,preds.pt#3222
1BC066,0152,BridgeRefine-L1-seed123,123,0.872882,19.554772,0.066563,preds.pt#3223
1BC066,0153,BridgeRefine-L1-seed123,123,0.874715,19.738292,0.077382,preds.pt#3224
1BC066,0154,BridgeRefine-L1-seed123,123,0.870840,19.769794,0.066767,preds.pt#3225
1BC066,0155,BridgeRefine-L1-seed123,123,0.867794,19.461078,0.081480,preds.pt#3226
1BC066,0156,BridgeRefine-L1-seed123,123,0.877235,19.647063,0.076775,preds.pt#3227
1BC066,0157,BridgeRefine-L1-seed123,123,0.881496,19.905455,0.074184,preds.pt#3228
1BC066,0158,BridgeRefine-L1-seed123,123,0.885603,19.696736,0.086966,preds.pt#3229
1BC066,0159,BridgeRefine-L1-seed123,123,0.872836,19.638929,0.103649,preds.pt#3230
1BC066,0160,BridgeRefine-L1-seed123,123,0.890818,20.485848,0.089052,preds.pt#3231
1BC066,0161,BridgeRefine-L1-seed123,123,0.870147,19.570250,0.098718,preds.pt#3232
1BC066,0162,BridgeRefine-L1-seed123,123,0.858483,19.245942,0.118484,preds.pt#3233
1BC066,0163,BridgeRefine-L1-seed123,123,0.861036,19.184642,0.120799,preds.pt#3234
1BC066,0164,BridgeRefine-L1-seed123,123,0.891570,20.706627,0.118835,preds.pt#3235
1BC066,0165,BridgeRefine-L1-seed123,123,0.914836,21.839994,0.101335,preds.pt#3236
1BC066,0166,BridgeRefine-L1-seed123,123,0.922542,22.338689,0.111282,preds.pt#3237
1BC066,0167,BridgeRefine-L1-seed123,123,0.934601,23.906587,0.086408,preds.pt#3238
1BC066,0168,BridgeRefine-L1-seed123,123,0.923020,23.606390,0.096570,preds.pt#3239
1BC066,0169,BridgeRefine-L1-seed123,123,0.953553,26.617509,0.060081,preds.pt#3240
1BC066,0170,BridgeRefine-L1-seed123,123,0.952581,26.943509,0.052339,preds.pt#3241
1BC066,0171,BridgeRefine-L1-seed123,123,0.964798,28.626221,0.052933,preds.pt#3242
1BC066,0172,BridgeRefine-L1-seed123,123,0.960938,27.756855,0.079394,preds.pt#3243
1BC066,0173,BridgeRefine-L1-seed123,123,0.963183,31.126940,0.096489,preds.pt#3244
1BC080,0001,BridgeRefine-L1-seed123,123,0.936339,27.553068,0.138573,preds.pt#3245
1BC080,0002,BridgeRefine-L1-seed123,123,0.928499,27.109273,0.178235,preds.pt#3246
1BC080,0003,BridgeRefine-L1-seed123,123,0.929685,28.789638,0.216285,preds.pt#3247
1BC080,0004,BridgeRefine-L1-seed123,123,0.831434,23.539455,0.311229,preds.pt#3248
1BC080,0005,BridgeRefine-L1-seed123,123,0.763303,16.464043,0.298860,preds.pt#3249
1BC080,0006,BridgeRefine-L1-seed123,123,0.752146,16.257748,0.297580,preds.pt#3250
1BC080,0007,BridgeRefine-L1-seed123,123,0.726754,17.579809,0.301055,preds.pt#3251
1BC080,0008,BridgeRefine-L1-seed123,123,0.707901,18.972817,0.307556,preds.pt#3252
1BC080,0009,BridgeRefine-L1-seed123,123,0.699625,16.955489,0.316859,preds.pt#3253
1BC080,0010,BridgeRefine-L1-seed123,123,0.588742,14.356005,0.274723,preds.pt#3254
1BC080,0011,BridgeRefine-L1-seed123,123,0.606653,14.843880,0.243765,preds.pt#3255
1BC080,0012,BridgeRefine-L1-seed123,123,0.621880,15.562777,0.207134,preds.pt#3256
1BC080,0013,BridgeRefine-L1-seed123,123,0.641909,16.130344,0.172193,preds.pt#3257
1BC080,0014,BridgeRefine-L1-seed123,123,0.671352,16.158633,0.175655,preds.pt#3258
1BC080,0015,BridgeRefine-L1-seed123,123,0.677039,15.814916,0.183501,preds.pt#3259
1BC080,0016,BridgeRefine-L1-seed123,123,0.669750,15.766983,0.183737,preds.pt#3260
1BC080,0017,BridgeRefine-L1-seed123,123,0.672787,15.334752,0.184423,preds.pt#3261
1BC080,0018,BridgeRefine-L1-seed123,123,0.677308,15.118137,0.189849,preds.pt#3262
1BC080,0019,BridgeRefine-L1-seed123,123,0.681079,15.127445,0.195387,preds.pt#3263
1BC080,0020,BridgeRefine-L1-seed123,123,0.694987,15.214029,0.186684,preds.pt#3264
1BC080,0021,BridgeRefine-L1-seed123,123,0.684158,15.238573,0.187842,preds.pt#3265
1BC080,0022,BridgeRefine-L1-seed123,123,0.691903,15.242977,0.195952,preds.pt#3266
1BC080,0023,BridgeRefine-L1-seed123,123,0.702432,15.335129,0.179835,preds.pt#3267
1BC080,0024,BridgeRefine-L1-seed123,123,0.695082,15.332933,0.174997,preds.pt#3268
1BC080,0025,BridgeRefine-L1-seed123,123,0.706187,15.528086,0.150265,preds.pt#3269
1BC080,0026,BridgeRefine-L1-seed123,123,0.708540,15.555122,0.148636,preds.pt#3270
1BC080,0027,BridgeRefine-L1-seed123,123,0.715161,15.709265,0.148622,preds.pt#3271
1BC080,0028,BridgeRefine-L1-seed123,123,0.728132,15.925627,0.156387,preds.pt#3272
1BC080,0029,BridgeRefine-L1-seed123,123,0.751842,16.413771,0.148287,preds.pt#3273
1BC080,0030,BridgeRefine-L1-seed123,123,0.735214,15.987142,0.151840,preds.pt#3274
1BC080,0031,BridgeRefine-L1-seed123,123,0.736764,16.018865,0.154250,preds.pt#3275
1BC080,0032,BridgeRefine-L1-seed123,123,0.730178,15.891228,0.138208,preds.pt#3276
1BC080,0033,BridgeRefine-L1-seed123,123,0.743811,16.193257,0.137702,preds.pt#3277
1BC080,0034,BridgeRefine-L1-seed123,123,0.748509,16.169641,0.139714,preds.pt#3278
1BC080,0035,BridgeRefine-L1-seed123,123,0.752549,16.403755,0.140363,preds.pt#3279
1BC080,0036,BridgeRefine-L1-seed123,123,0.751671,16.306319,0.126480,preds.pt#3280
1BC080,0037,BridgeRefine-L1-seed123,123,0.746302,16.026846,0.131259,preds.pt#3281
1BC080,0038,BridgeRefine-L1-seed123,123,0.749347,16.061971,0.128615,preds.pt#3282
1BC080,0039,BridgeRefine-L1-seed123,123,0.745368,16.142790,0.130358,preds.pt#3283
1BC080,0040,BridgeRefine-L1-seed123,123,0.746655,16.229554,0.128430,preds.pt#3284
1BC080,0041,BridgeRefine-L1-seed123,123,0.750981,16.182608,0.128316,preds.pt#3285
1BC080,0042,BridgeRefine-L1-seed123,123,0.755682,16.312900,0.143678,preds.pt#3286
1BC080,0043,BridgeRefine-L1-seed123,123,0.759471,16.408876,0.138688,preds.pt#3287
1BC080,0044,BridgeRefine-L1-seed123,123,0.753960,16.409805,0.141694,preds.pt#3288
1BC080,0045,BridgeRefine-L1-seed123,123,0.759016,16.519794,0.145389,preds.pt#3289
1BC080,0046,BridgeRefine-L1-seed123,123,0.754370,16.782536,0.147578,preds.pt#3290
1BC080,0047,BridgeRefine-L1-seed123,123,0.765655,16.945848,0.140932,preds.pt#3291
1BC080,0048,BridgeRefine-L1-seed123,123,0.766689,17.052539,0.139940,preds.pt#3292
1BC080,0049,BridgeRefine-L1-seed123,123,0.742957,16.617961,0.141579,preds.pt#3293
1BC080,0050,BridgeRefine-L1-seed123,123,0.739744,16.819178,0.125228,preds.pt#3294
1BC080,0051,BridgeRefine-L1-seed123,123,0.745481,17.045706,0.126274,preds.pt#3295
1BC080,0052,BridgeRefine-L1-seed123,123,0.745436,17.051641,0.110521,preds.pt#3296
1BC080,0053,BridgeRefine-L1-seed123,123,0.751578,17.239380,0.109965,preds.pt#3297
1BC080,0054,BridgeRefine-L1-seed123,123,0.748738,17.192289,0.101227,preds.pt#3298
1BC080,0055,BridgeRefine-L1-seed123,123,0.743797,16.914012,0.100888,preds.pt#3299
1BC080,0056,BridgeRefine-L1-seed123,123,0.770109,17.476227,0.107170,preds.pt#3300
1BC080,0057,BridgeRefine-L1-seed123,123,0.771134,17.346606,0.103886,preds.pt#3301
1BC080,0058,BridgeRefine-L1-seed123,123,0.770900,17.386252,0.110029,preds.pt#3302
1BC080,0059,BridgeRefine-L1-seed123,123,0.765625,17.229125,0.111507,preds.pt#3303
1BC080,0060,BridgeRefine-L1-seed123,123,0.773063,17.242644,0.120370,preds.pt#3304
1BC080,0061,BridgeRefine-L1-seed123,123,0.778349,17.430888,0.123559,preds.pt#3305
1BC080,0062,BridgeRefine-L1-seed123,123,0.778762,17.400741,0.125431,preds.pt#3306
1BC080,0063,BridgeRefine-L1-seed123,123,0.780478,17.457843,0.100613,preds.pt#3307
1BC080,0064,BridgeRefine-L1-seed123,123,0.789983,17.859158,0.092121,preds.pt#3308
1BC080,0065,BridgeRefine-L1-seed123,123,0.805716,18.438361,0.089506,preds.pt#3309
1BC080,0066,BridgeRefine-L1-seed123,123,0.789594,18.034971,0.095740,preds.pt#3310
1BC080,0067,BridgeRefine-L1-seed123,123,0.788108,17.820235,0.084669,preds.pt#3311
1BC080,0068,BridgeRefine-L1-seed123,123,0.793117,18.017552,0.085499,preds.pt#3312
1BC080,0069,BridgeRefine-L1-seed123,123,0.773798,17.499118,0.085777,preds.pt#3313
1BC080,0070,BridgeRefine-L1-seed123,123,0.792129,17.967020,0.073915,preds.pt#3314
1BC080,0071,BridgeRefine-L1-seed123,123,0.778643,17.821968,0.082169,preds.pt#3315
1BC080,0072,BridgeRefine-L1-seed123,123,0.775741,17.843597,0.097695,preds.pt#3316
1BC080,0073,BridgeRefine-L1-seed123,123,0.777876,17.942103,0.091988,preds.pt#3317
1BC080,0074,BridgeRefine-L1-seed123,123,0.781154,18.063056,0.091218,preds.pt#3318
1BC080,0075,BridgeRefine-L1-seed123,123,0.783449,18.128146,0.079608,preds.pt#3319
1BC080,0076,BridgeRefine-L1-seed123,123,0.784716,18.138494,0.088272,preds.pt#3320
1BC080,0077,BridgeRefine-L1-seed123,123,0.797848,18.405997,0.088473,preds.pt#3321
1BC080,0078,BridgeRefine-L1-seed123,123,0.790389,18.371851,0.098700,preds.pt#3322
1BC080,0079,BridgeRefine-L1-seed123,123,0.802151,18.666604,0.100625,preds.pt#3323
1BC080,0080,BridgeRefine-L1-seed123,123,0.803909,18.756531,0.099189,preds.pt#3324
1BC080,0081,BridgeRefine-L1-seed123,123,0.811442,19.087787,0.093062,preds.pt#3325
1BC080,0082,BridgeRefine-L1-seed123,123,0.825569,19.257010,0.097228,preds.pt#3326
1BC080,0083,BridgeRefine-L1-seed123,123,0.826437,19.500174,0.083037,preds.pt#3327
1BC080,0084,BridgeRefine-L1-seed123,123,0.817824,19.264623,0.089023,preds.pt#3328
1BC080,0085,BridgeRefine-L1-seed123,123,0.823011,19.599418,0.091521,preds.pt#3329
1BC080,0086,BridgeRefine-L1-seed123,123,0.825939,19.583281,0.080712,preds.pt#3330
1BC080,0087,BridgeRefine-L1-seed123,123,0.821003,19.434495,0.082761,preds.pt#3331
1BC080,0088,BridgeRefine-L1-seed123,123,0.833350,19.788638,0.079249,preds.pt#3332
1BC080,0089,BridgeRefine-L1-seed123,123,0.839068,19.884278,0.084327,preds.pt#3333
1BC080,0090,BridgeRefine-L1-seed123,123,0.835453,19.724648,0.077983,preds.pt#3334
1BC080,0091,BridgeRefine-L1-seed123,123,0.850957,20.160036,0.070215,preds.pt#3335
1BC080,0092,BridgeRefine-L1-seed123,123,0.830244,19.538582,0.071618,preds.pt#3336
1BC080,0093,BridgeRefine-L1-seed123,123,0.833626,19.718599,0.074004,preds.pt#3337
1BC080,0094,BridgeRefine-L1-seed123,123,0.838777,19.879442,0.070699,preds.pt#3338
1BC080,0095,BridgeRefine-L1-seed123,123,0.829437,20.433882,0.079343,preds.pt#3339
1BC080,0096,BridgeRefine-L1-seed123,123,0.848077,20.157907,0.077823,preds.pt#3340
1BC080,0097,BridgeRefine-L1-seed123,123,0.850342,20.302193,0.071381,preds.pt#3341
1BC080,0098,BridgeRefine-L1-seed123,123,0.856650,20.278788,0.071464,preds.pt#3342
1BC080,0099,BridgeRefine-L1-seed123,123,0.851689,20.195865,0.067795,preds.pt#3343
1BC080,0100,BridgeRefine-L1-seed123,123,0.843236,20.011720,0.069145,preds.pt#3344
1BC080,0101,BridgeRefine-L1-seed123,123,0.843685,20.226346,0.067913,preds.pt#3345
1BC080,0102,BridgeRefine-L1-seed123,123,0.851435,20.432346,0.054793,preds.pt#3346
1BC080,0103,BridgeRefine-L1-seed123,123,0.852628,20.344725,0.064007,preds.pt#3347
1BC080,0104,BridgeRefine-L1-seed123,123,0.845575,20.019299,0.064422,preds.pt#3348
1BC080,0105,BridgeRefine-L1-seed123,123,0.848295,20.051169,0.057014,preds.pt#3349
1BC080,0106,BridgeRefine-L1-seed123,123,0.842824,20.201945,0.060503,preds.pt#3350
1BC080,0107,BridgeRefine-L1-seed123,123,0.846526,20.015056,0.062651,preds.pt#3351
1BC080,0108,BridgeRefine-L1-seed123,123,0.860596,20.318880,0.063259,preds.pt#3352
1BC080,0109,BridgeRefine-L1-seed123,123,0.849770,19.805471,0.051151,preds.pt#3353
1BC080,0110,BridgeRefine-L1-seed123,123,0.851654,20.249901,0.043567,preds.pt#3354
1BC080,0111,BridgeRefine-L1-seed123,123,0.834776,20.384128,0.052760,preds.pt#3355
1BC080,0112,BridgeRefine-L1-seed123,123,0.850585,20.044650,0.060490,preds.pt#3356
1BC080,0113,BridgeRefine-L1-seed123,123,0.844728,19.763362,0.060837,preds.pt#3357
1BC080,0114,BridgeRefine-L1-seed123,123,0.853863,20.365112,0.058011,preds.pt#3358
1BC080,0115,BridgeRefine-L1-seed123,123,0.846938,19.704917,0.056603,preds.pt#3359
1BC080,0116,BridgeRefine-L1-seed123,123,0.856863,20.392436,0.047809,preds.pt#3360
1BC080,0117,BridgeRefine-L1-seed123,123,0.853224,20.102610,0.048281,preds.pt#3361
1BC080,0118,BridgeRefine-L1-seed123,123,0.854323,19.978299,0.051066,preds.pt#3362
1BC080,0119,BridgeRefine-L1-seed123,123,0.862902,20.078941,0.049040,preds.pt#3363
1BC080,0120,BridgeRefine-L1-seed123,123,0.859811,19.999693,0.046865,preds.pt#3364
1BC080,0121,BridgeRefine-L1-seed123,123,0.861412,19.912250,0.049480,preds.pt#3365
1BC080,0122,BridgeRefine-L1-seed123,123,0.862684,19.860019,0.053916,preds.pt#3366
1BC080,0123,BridgeRefine-L1-seed123,123,0.869839,20.480939,0.053432,preds.pt#3367
1BC080,0124,BridgeRefine-L1-seed123,123,0.867577,19.915899,0.065610,preds.pt#3368
1BC080,0125,BridgeRefine-L1-seed123,123,0.858615,19.522258,0.068464,preds.pt#3369
1BC080,0126,BridgeRefine-L1-seed123,123,0.875092,19.830595,0.045857,preds.pt#3370
1BC080,0127,BridgeRefine-L1-seed123,123,0.878756,19.954667,0.047585,preds.pt#3371
1BC080,0128,BridgeRefine-L1-seed123,123,0.867846,19.539282,0.051739,preds.pt#3372
1BC080,0129,BridgeRefine-L1-seed123,123,0.881979,20.198385,0.048383,preds.pt#3373
1BC080,0130,BridgeRefine-L1-seed123,123,0.878967,19.613692,0.045354,preds.pt#3374
1BC080,0131,BridgeRefine-L1-seed123,123,0.880231,19.730074,0.054362,preds.pt#3375
1BC080,0132,BridgeRefine-L1-seed123,123,0.884730,19.782746,0.052653,preds.pt#3376
1BC080,0133,BridgeRefine-L1-seed123,123,0.890604,20.120094,0.048334,preds.pt#3377
1BC080,0134,BridgeRefine-L1-seed123,123,0.881014,19.525791,0.055875,preds.pt#3378
1BC080,0135,BridgeRefine-L1-seed123,123,0.877745,19.594182,0.054226,preds.pt#3379
1BC080,0136,BridgeRefine-L1-seed123,123,0.887512,19.843037,0.049898,preds.pt#3380
1BC080,0137,BridgeRefine-L1-seed123,123,0.888578,19.866228,0.052201,preds.pt#3381
1BC080,0138,BridgeRefine-L1-seed123,123,0.890503,20.033963,0.055894,preds.pt#3382
1BC080,0139,BridgeRefine-L1-seed123,123,0.886152,19.771902,0.053099,preds.pt#3383
1BC080,0140,BridgeRefine-L1-seed123,123,0.881617,19.777557,0.055228,preds.pt#3384
1BC080,0141,BridgeRefine-L1-seed123,123,0.887987,20.046394,0.056878,preds.pt#3385
1BC080,0142,BridgeRefine-L1-seed123,123,0.873705,19.463846,0.065200,preds.pt#3386
1BC080,0143,BridgeRefine-L1-seed123,123,0.870743,19.648116,0.074608,preds.pt#3387
1BC080,0144,BridgeRefine-L1-seed123,123,0.892391,20.493000,0.066157,preds.pt#3388
1BC080,0145,BridgeRefine-L1-seed123,123,0.900382,20.972747,0.069060,preds.pt#3389
1BC080,0146,BridgeRefine-L1-seed123,123,0.899797,20.860030,0.080525,preds.pt#3390
1BC080,0147,BridgeRefine-L1-seed123,123,0.889109,20.291661,0.094603,preds.pt#3391
1BC080,0148,BridgeRefine-L1-seed123,123,0.898391,20.760625,0.094122,preds.pt#3392
1BC080,0149,BridgeRefine-L1-seed123,123,0.896952,20.657130,0.086531,preds.pt#3393
1BC080,0150,BridgeRefine-L1-seed123,123,0.883196,20.385140,0.101785,preds.pt#3394
1BC080,0151,BridgeRefine-L1-seed123,123,0.890921,20.522505,0.117866,preds.pt#3395
1BC080,0152,BridgeRefine-L1-seed123,123,0.887001,20.252496,0.118729,preds.pt#3396
1BC080,0153,BridgeRefine-L1-seed123,123,0.893103,20.698427,0.143054,preds.pt#3397
1BC080,0154,BridgeRefine-L1-seed123,123,0.903477,21.239926,0.147382,preds.pt#3398
1BC080,0155,BridgeRefine-L1-seed123,123,0.897441,21.220865,0.137937,preds.pt#3399
1BC080,0156,BridgeRefine-L1-seed123,123,0.906879,22.126148,0.173602,preds.pt#3400
1BC080,0157,BridgeRefine-L1-seed123,123,0.922692,24.224616,0.166357,preds.pt#3401
1BC080,0158,BridgeRefine-L1-seed123,123,0.925895,24.434855,0.174352,preds.pt#3402
1BC080,0159,BridgeRefine-L1-seed123,123,0.914509,23.796608,0.195372,preds.pt#3403
1BC080,0160,BridgeRefine-L1-seed123,123,0.943480,27.076059,0.114098,preds.pt#3404
1BC080,0161,BridgeRefine-L1-seed123,123,0.955172,28.366346,0.113718,preds.pt#3405
1BC080,0162,BridgeRefine-L1-seed123,123,0.944315,26.134486,0.147336,preds.pt#3406
1BC080,0163,BridgeRefine-L1-seed123,123,0.946200,26.576506,0.168921,preds.pt#3407
1BC080,0164,BridgeRefine-L1-seed123,123,0.953994,27.349754,0.152413,preds.pt#3408
1BC080,0165,BridgeRefine-L1-seed123,123,0.956710,28.258757,0.124375,preds.pt#3409
1BC080,0166,BridgeRefine-L1-seed123,123,0.910261,23.024592,0.211565,preds.pt#3410
1BC080,0167,BridgeRefine-L1-seed123,123,0.936218,26.567859,0.193164,preds.pt#3411
1BC080,0168,BridgeRefine-L1-seed123,123,0.921718,24.217902,0.203474,preds.pt#3412
1BC080,0169,BridgeRefine-L1-seed123,123,0.936882,27.553136,0.123826,preds.pt#3413
1BC080,0170,BridgeRefine-L1-seed123,123,0.941417,25.845389,0.107324,preds.pt#3414
